path,label,score
/root/New_CheckLiuliang_remote/datasets/toniot/test/abnormal/test_00000000_orig0_1_2.png,1,0.6528723029978362
/root/New_CheckLiuliang_remote/datasets/toniot/test/abnormal/test_00000002_orig6_7_8.png,1,0.5471409616890259
/root/New_CheckLiuliang_remote/datasets/toniot/test/abnormal/test_00000004_orig12_13_14.png,1,0.5461658784466097
/root/New_CheckLiuliang_remote/datasets/toniot/test/abnormal/test_00000005_orig15_16_17.png,1,0.5471409616890259
/root/New_CheckLiuliang_remote/datasets/toniot/test/abnormal/test_00000007_orig21_22_23.png,1,0.5471409616890259
/root/New_CheckLiuliang_remote/datasets/toniot/test/abnormal/test_00000009_orig27_28_29.png,1,0.5471409616890259
/root/New_CheckLiuliang_remote/datasets/toniot/test/abnormal/test_00000011_orig33_34_35.png,1,0.5401992532047716
/root/New_CheckLiuliang_remote/datasets/toniot/test/abnormal/test_00000013_orig39_40_41.png,1,0.5471409616890259
/root/New_CheckLiuliang_remote/datasets/toniot/test/abnormal/test_00000015_orig45_46_47.png,1,0.5401992532047716
/root/New_CheckLiuliang_remote/datasets/toniot/test/abnormal/test_00000016_orig48_49_50.png,1,0.5471409616890259
/root/New_CheckLiuliang_remote/datasets/toniot/test/abnormal/test_00000018_orig54_55_56.png,1,0.5471409616890259
/root/New_CheckLiuliang_remote/datasets/toniot/test/abnormal/test_00000020_orig60_61_62.png,1,0.5243448288745566
/root/New_CheckLiuliang_remote/datasets/toniot/test/abnormal/test_00000022_orig66_67_68.png,1,0.5616278560834065
/root/New_CheckLiuliang_remote/datasets/toniot/test/abnormal/test_00000024_orig72_73_74.png,1,0.5616278560834065
/root/New_CheckLiuliang_remote/datasets/toniot/test/abnormal/test_00000026_orig78_79_80.png,1,0.5471409616890259
/root/New_CheckLiuliang_remote/datasets/toniot/test/abnormal/test_00000027_orig81_82_83.png,1,0.5471409616890259
/root/New_CheckLiuliang_remote/datasets/toniot/test/abnormal/test_00000029_orig87_88_89.png,1,0.5401992532047716
/root/New_CheckLiuliang_remote/datasets/toniot/test/abnormal/test_00000031_orig93_94_95.png,1,0.7069614582291966
/root/New_CheckLiuliang_remote/datasets/toniot/test/abnormal/test_00000033_orig99_100_101.png,1,0.6786143902949914
/root/New_CheckLiuliang_remote/datasets/toniot/test/abnormal/test_00000035_orig105_106_107.png,1,0.6786143902949914
/root/New_CheckLiuliang_remote/datasets/toniot/test/abnormal/test_00000036_orig108_109_110.png,1,0.6786143902949914
/root/New_CheckLiuliang_remote/datasets/toniot/test/abnormal/test_00000038_orig114_115_116.png,1,0.6582464104825385
/root/New_CheckLiuliang_remote/datasets/toniot/test/abnormal/test_00000040_orig120_121_122.png,1,0.5231410145336417
/root/New_CheckLiuliang_remote/datasets/toniot/test/abnormal/test_00000042_orig126_127_128.png,1,0.5471409616890259
/root/New_CheckLiuliang_remote/datasets/toniot/test/abnormal/test_00000044_orig132_133_134.png,1,0.5471409616890259
/root/New_CheckLiuliang_remote/datasets/toniot/test/abnormal/test_00000046_orig138_139_140.png,1,0.5471409616890259
/root/New_CheckLiuliang_remote/datasets/toniot/test/abnormal/test_00000047_orig141_142_143.png,1,0.5471409616890259
/root/New_CheckLiuliang_remote/datasets/toniot/test/abnormal/test_00000049_orig147_148_149.png,1,0.5773450397988669
/root/New_CheckLiuliang_remote/datasets/toniot/test/abnormal/test_00000051_orig153_154_155.png,1,0.5471409616890259
/root/New_CheckLiuliang_remote/datasets/toniot/test/abnormal/test_00000053_orig159_160_161.png,1,0.5317980591487509
/root/New_CheckLiuliang_remote/datasets/toniot/test/abnormal/test_00000055_orig165_166_167.png,1,0.5471409616890259
/root/New_CheckLiuliang_remote/datasets/toniot/test/abnormal/test_00000057_orig171_172_173.png,1,0.5471409616890259
/root/New_CheckLiuliang_remote/datasets/toniot/test/abnormal/test_00000058_orig174_175_176.png,1,0.521869593485028
/root/New_CheckLiuliang_remote/datasets/toniot/test/abnormal/test_00000060_orig180_181_182.png,1,0.6839142293425099
/root/New_CheckLiuliang_remote/datasets/toniot/test/abnormal/test_00000062_orig186_187_188.png,1,0.6786143902949914
/root/New_CheckLiuliang_remote/datasets/toniot/test/abnormal/test_00000064_orig192_193_194.png,1,0.6786143902949914
/root/New_CheckLiuliang_remote/datasets/toniot/test/abnormal/test_00000066_orig198_199_200.png,1,0.6188289590266851
/root/New_CheckLiuliang_remote/datasets/toniot/test/abnormal/test_00000068_orig204_205_206.png,1,0.5865084310413421
/root/New_CheckLiuliang_remote/datasets/toniot/test/abnormal/test_00000069_orig207_208_209.png,1,0.7071625662662753
/root/New_CheckLiuliang_remote/datasets/toniot/test/abnormal/test_00000071_orig213_214_215.png,1,0.6786143902949914
/root/New_CheckLiuliang_remote/datasets/toniot/test/abnormal/test_00000073_orig219_220_221.png,1,0.6786143902949914
/root/New_CheckLiuliang_remote/datasets/toniot/test/abnormal/test_00000075_orig225_226_227.png,1,0.6743538208743215
/root/New_CheckLiuliang_remote/datasets/toniot/test/abnormal/test_00000077_orig231_232_233.png,1,0.5471409616890259
/root/New_CheckLiuliang_remote/datasets/toniot/test/abnormal/test_00000078_orig234_235_236.png,1,0.519887708885526
/root/New_CheckLiuliang_remote/datasets/toniot/test/abnormal/test_00000080_orig240_241_242.png,1,0.6711027477976379
/root/New_CheckLiuliang_remote/datasets/toniot/test/abnormal/test_00000082_orig246_247_248.png,1,0.6803211661458808
/root/New_CheckLiuliang_remote/datasets/toniot/test/abnormal/test_00000084_orig252_253_254.png,1,0.6803211661458808
/root/New_CheckLiuliang_remote/datasets/toniot/test/abnormal/test_00000086_orig258_259_260.png,1,0.6746260770234142
/root/New_CheckLiuliang_remote/datasets/toniot/test/abnormal/test_00000088_orig264_265_266.png,1,0.5471409616890259
/root/New_CheckLiuliang_remote/datasets/toniot/test/abnormal/test_00000089_orig267_268_269.png,1,0.5471409616890259
/root/New_CheckLiuliang_remote/datasets/toniot/test/abnormal/test_00000091_orig273_274_275.png,1,0.5471409616890259
/root/New_CheckLiuliang_remote/datasets/toniot/test/abnormal/test_00000093_orig279_280_281.png,1,0.5471409616890259
/root/New_CheckLiuliang_remote/datasets/toniot/test/abnormal/test_00000095_orig285_286_287.png,1,0.5471409616890259
/root/New_CheckLiuliang_remote/datasets/toniot/test/abnormal/test_00000097_orig291_292_293.png,1,0.5471409616890259
/root/New_CheckLiuliang_remote/datasets/toniot/test/abnormal/test_00000099_orig297_298_299.png,1,0.5201596783608964
/root/New_CheckLiuliang_remote/datasets/toniot/test/abnormal/test_00000100_orig300_301_302.png,1,0.5471409616890259
/root/New_CheckLiuliang_remote/datasets/toniot/test/abnormal/test_00000102_orig306_307_308.png,1,0.6882502573081748
/root/New_CheckLiuliang_remote/datasets/toniot/test/abnormal/test_00000104_orig312_313_314.png,1,0.6608100958004813
/root/New_CheckLiuliang_remote/datasets/toniot/test/abnormal/test_00000106_orig318_319_320.png,1,0.6828840638982637
/root/New_CheckLiuliang_remote/datasets/toniot/test/abnormal/test_00000108_orig324_325_326.png,1,0.6639820222747772
/root/New_CheckLiuliang_remote/datasets/toniot/test/abnormal/test_00000109_orig327_328_329.png,1,0.6545669293179717
/root/New_CheckLiuliang_remote/datasets/toniot/test/abnormal/test_00000111_orig333_334_335.png,1,0.5471409616890259
/root/New_CheckLiuliang_remote/datasets/toniot/test/abnormal/test_00000113_orig339_340_341.png,1,0.5471409616890259
/root/New_CheckLiuliang_remote/datasets/toniot/test/abnormal/test_00000115_orig345_346_347.png,1,0.5114968359195413
/root/New_CheckLiuliang_remote/datasets/toniot/test/abnormal/test_00000117_orig351_352_353.png,1,0.5471409616890259
/root/New_CheckLiuliang_remote/datasets/toniot/test/abnormal/test_00000119_orig357_358_359.png,1,0.5178705418817485
/root/New_CheckLiuliang_remote/datasets/toniot/test/abnormal/test_00000120_orig360_361_362.png,1,0.5471409616890259
/root/New_CheckLiuliang_remote/datasets/toniot/test/abnormal/test_00000122_orig366_367_368.png,1,0.6837335474040354
/root/New_CheckLiuliang_remote/datasets/toniot/test/abnormal/test_00000124_orig372_373_374.png,1,0.6862267236598357
/root/New_CheckLiuliang_remote/datasets/toniot/test/abnormal/test_00000126_orig378_379_380.png,1,0.6413211797668327
/root/New_CheckLiuliang_remote/datasets/toniot/test/abnormal/test_00000128_orig384_385_386.png,1,0.6780595492729928
/root/New_CheckLiuliang_remote/datasets/toniot/test/abnormal/test_00000130_orig390_391_392.png,1,0.5616278560834065
/root/New_CheckLiuliang_remote/datasets/toniot/test/abnormal/test_00000131_orig393_394_395.png,1,0.5593565065991299
/root/New_CheckLiuliang_remote/datasets/toniot/test/abnormal/test_00000133_orig399_400_401.png,1,0.8089761216120199
/root/New_CheckLiuliang_remote/datasets/toniot/test/abnormal/test_00000135_orig405_406_407.png,1,0.6516171213411198
/root/New_CheckLiuliang_remote/datasets/toniot/test/abnormal/test_00000137_orig411_412_413.png,1,0.5471409616890259
/root/New_CheckLiuliang_remote/datasets/toniot/test/abnormal/test_00000139_orig417_418_419.png,1,0.5114968359195413
/root/New_CheckLiuliang_remote/datasets/toniot/test/abnormal/test_00000140_orig420_421_422.png,1,0.6945494627406026
/root/New_CheckLiuliang_remote/datasets/toniot/test/abnormal/test_00000142_orig426_427_428.png,1,0.5471409616890259
/root/New_CheckLiuliang_remote/datasets/toniot/test/abnormal/test_00000144_orig432_433_434.png,1,0.5471409616890259
/root/New_CheckLiuliang_remote/datasets/toniot/test/abnormal/test_00000146_orig438_439_440.png,1,0.5471409616890259
/root/New_CheckLiuliang_remote/datasets/toniot/test/abnormal/test_00000148_orig444_445_446.png,1,0.5471409616890259
/root/New_CheckLiuliang_remote/datasets/toniot/test/abnormal/test_00000150_orig450_451_452.png,1,0.5471409616890259
/root/New_CheckLiuliang_remote/datasets/toniot/test/abnormal/test_00000151_orig453_454_455.png,1,0.5471409616890259
/root/New_CheckLiuliang_remote/datasets/toniot/test/abnormal/test_00000153_orig459_460_461.png,1,0.5471409616890259
/root/New_CheckLiuliang_remote/datasets/toniot/test/abnormal/test_00000155_orig465_466_467.png,1,0.5471409616890259
/root/New_CheckLiuliang_remote/datasets/toniot/test/abnormal/test_00000157_orig471_472_473.png,1,0.5471409616890259
/root/New_CheckLiuliang_remote/datasets/toniot/test/abnormal/test_00000159_orig477_478_479.png,1,0.5471409616890259
/root/New_CheckLiuliang_remote/datasets/toniot/test/abnormal/test_00000161_orig483_484_485.png,1,0.5471409616890259
/root/New_CheckLiuliang_remote/datasets/toniot/test/abnormal/test_00000162_orig486_487_488.png,1,0.49291289991964005
/root/New_CheckLiuliang_remote/datasets/toniot/test/abnormal/test_00000164_orig492_493_494.png,1,0.5471409616890259
/root/New_CheckLiuliang_remote/datasets/toniot/test/abnormal/test_00000166_orig498_499_500.png,1,0.5401992532047716
/root/New_CheckLiuliang_remote/datasets/toniot/test/abnormal/test_00000168_orig504_505_506.png,1,0.5316492216831047
/root/New_CheckLiuliang_remote/datasets/toniot/test/abnormal/test_00000170_orig510_511_512.png,1,0.5231410145336417
/root/New_CheckLiuliang_remote/datasets/toniot/test/abnormal/test_00000172_orig516_517_518.png,1,0.4800066349364821
/root/New_CheckLiuliang_remote/datasets/toniot/test/abnormal/test_00000173_orig519_520_521.png,1,0.5046876813201934
/root/New_CheckLiuliang_remote/datasets/toniot/test/abnormal/test_00000175_orig525_526_527.png,1,0.5471409616890259
/root/New_CheckLiuliang_remote/datasets/toniot/test/abnormal/test_00000177_orig531_532_533.png,1,0.5471409616890259
/root/New_CheckLiuliang_remote/datasets/toniot/test/abnormal/test_00000179_orig537_538_539.png,1,0.5135397258475152
/root/New_CheckLiuliang_remote/datasets/toniot/test/abnormal/test_00000181_orig543_544_545.png,1,0.5267078335177869
/root/New_CheckLiuliang_remote/datasets/toniot/test/abnormal/test_00000182_orig546_547_548.png,1,0.5178705418817485
/root/New_CheckLiuliang_remote/datasets/toniot/test/abnormal/test_00000184_orig552_553_554.png,1,0.5269615248707407
/root/New_CheckLiuliang_remote/datasets/toniot/test/abnormal/test_00000186_orig558_559_560.png,1,0.5616278560834065
/root/New_CheckLiuliang_remote/datasets/toniot/test/abnormal/test_00000188_orig564_565_566.png,1,0.498745026438148
/root/New_CheckLiuliang_remote/datasets/toniot/test/abnormal/test_00000190_orig570_571_572.png,1,0.49180239683601357
/root/New_CheckLiuliang_remote/datasets/toniot/test/abnormal/test_00000192_orig576_577_578.png,1,0.5012186088671077
/root/New_CheckLiuliang_remote/datasets/toniot/test/abnormal/test_00000193_orig579_580_581.png,1,0.5401992532047716
/root/New_CheckLiuliang_remote/datasets/toniot/test/abnormal/test_00000195_orig585_586_587.png,1,0.5471409616890259
/root/New_CheckLiuliang_remote/datasets/toniot/test/abnormal/test_00000197_orig591_592_593.png,1,0.504438894758688
/root/New_CheckLiuliang_remote/datasets/toniot/test/abnormal/test_00000199_orig597_598_599.png,1,0.5080559584339992
/root/New_CheckLiuliang_remote/datasets/toniot/test/abnormal/test_00000201_orig603_604_605.png,1,0.5281952520096322
/root/New_CheckLiuliang_remote/datasets/toniot/test/abnormal/test_00000203_orig609_610_611.png,1,0.5471409616890259
/root/New_CheckLiuliang_remote/datasets/toniot/test/abnormal/test_00000204_orig612_613_614.png,1,0.5616278560834065
/root/New_CheckLiuliang_remote/datasets/toniot/test/abnormal/test_00000206_orig618_619_620.png,1,0.48841300257802023
/root/New_CheckLiuliang_remote/datasets/toniot/test/abnormal/test_00000208_orig624_625_626.png,1,0.4910446407603188
/root/New_CheckLiuliang_remote/datasets/toniot/test/abnormal/test_00000210_orig630_631_632.png,1,0.5385366341111312
/root/New_CheckLiuliang_remote/datasets/toniot/test/abnormal/test_00000212_orig636_637_638.png,1,0.5015790974730828
/root/New_CheckLiuliang_remote/datasets/toniot/test/abnormal/test_00000213_orig639_640_641.png,1,0.4678792614804827
/root/New_CheckLiuliang_remote/datasets/toniot/test/abnormal/test_00000215_orig645_646_647.png,1,0.53730900083204
/root/New_CheckLiuliang_remote/datasets/toniot/test/abnormal/test_00000217_orig651_652_653.png,1,0.5423256250736821
/root/New_CheckLiuliang_remote/datasets/toniot/test/abnormal/test_00000219_orig657_658_659.png,1,0.6699183261742413
/root/New_CheckLiuliang_remote/datasets/toniot/test/abnormal/test_00000221_orig663_664_665.png,1,0.6768582329844619
/root/New_CheckLiuliang_remote/datasets/toniot/test/abnormal/test_00000223_orig669_670_671.png,1,0.6828840638982637
/root/New_CheckLiuliang_remote/datasets/toniot/test/abnormal/test_00000224_orig672_673_674.png,1,0.6786143902949914
/root/New_CheckLiuliang_remote/datasets/toniot/test/abnormal/test_00000226_orig678_679_680.png,1,0.4942469321074617
/root/New_CheckLiuliang_remote/datasets/toniot/test/abnormal/test_00000228_orig684_685_686.png,1,0.504827582046913
/root/New_CheckLiuliang_remote/datasets/toniot/test/abnormal/test_00000230_orig690_691_692.png,1,0.5401992532047716
/root/New_CheckLiuliang_remote/datasets/toniot/test/abnormal/test_00000232_orig696_697_698.png,1,0.759461334836056
/root/New_CheckLiuliang_remote/datasets/toniot/test/abnormal/test_00000234_orig702_703_704.png,1,0.4754334963801056
/root/New_CheckLiuliang_remote/datasets/toniot/test/abnormal/test_00000235_orig705_706_707.png,1,0.5178705418817485
/root/New_CheckLiuliang_remote/datasets/toniot/test/abnormal/test_00000237_orig711_712_713.png,1,0.4934874641302843
/root/New_CheckLiuliang_remote/datasets/toniot/test/abnormal/test_00000239_orig717_718_719.png,1,0.5012186088671077
/root/New_CheckLiuliang_remote/datasets/toniot/test/abnormal/test_00000241_orig723_724_725.png,1,0.5130473501877361
/root/New_CheckLiuliang_remote/datasets/toniot/test/abnormal/test_00000243_orig729_730_731.png,1,0.5269615248707407
/root/New_CheckLiuliang_remote/datasets/toniot/test/abnormal/test_00000244_orig732_733_734.png,1,0.48046338680535083
/root/New_CheckLiuliang_remote/datasets/toniot/test/abnormal/test_00000246_orig738_739_740.png,1,0.4727948345521882
/root/New_CheckLiuliang_remote/datasets/toniot/test/abnormal/test_00000248_orig744_745_746.png,1,0.5557373972813552
/root/New_CheckLiuliang_remote/datasets/toniot/test/abnormal/test_00000250_orig750_751_752.png,1,0.5090325891176103
/root/New_CheckLiuliang_remote/datasets/toniot/test/abnormal/test_00000252_orig756_757_758.png,1,0.4950119741505832
/root/New_CheckLiuliang_remote/datasets/toniot/test/abnormal/test_00000254_orig762_763_764.png,1,0.4894857534403413
/root/New_CheckLiuliang_remote/datasets/toniot/test/abnormal/test_00000255_orig765_766_767.png,1,0.5078484558480041
/root/New_CheckLiuliang_remote/datasets/toniot/test/abnormal/test_00000257_orig771_772_773.png,1,0.4731105829832482
/root/New_CheckLiuliang_remote/datasets/toniot/test/abnormal/test_00000259_orig777_778_779.png,1,0.5341630928633091
/root/New_CheckLiuliang_remote/datasets/toniot/test/abnormal/test_00000261_orig783_784_785.png,1,0.5231410145336417
/root/New_CheckLiuliang_remote/datasets/toniot/test/abnormal/test_00000263_orig789_790_791.png,1,0.46849085156366765
/root/New_CheckLiuliang_remote/datasets/toniot/test/abnormal/test_00000265_orig795_796_797.png,1,0.4688282602161132
/root/New_CheckLiuliang_remote/datasets/toniot/test/abnormal/test_00000266_orig798_799_800.png,1,0.519887708885526
/root/New_CheckLiuliang_remote/datasets/toniot/test/abnormal/test_00000268_orig804_805_806.png,1,0.4915426365379956
/root/New_CheckLiuliang_remote/datasets/toniot/test/abnormal/test_00000270_orig810_811_812.png,1,0.5196782549295463
/root/New_CheckLiuliang_remote/datasets/toniot/test/abnormal/test_00000272_orig816_817_818.png,1,0.47154987253882286
/root/New_CheckLiuliang_remote/datasets/toniot/test/abnormal/test_00000274_orig822_823_824.png,1,0.5317980591487509
/root/New_CheckLiuliang_remote/datasets/toniot/test/abnormal/test_00000276_orig828_829_830.png,1,0.48829053404634687
/root/New_CheckLiuliang_remote/datasets/toniot/test/abnormal/test_00000277_orig831_832_833.png,1,0.5079953796717414
/root/New_CheckLiuliang_remote/datasets/toniot/test/abnormal/test_00000279_orig837_838_839.png,1,0.5115600511611782
/root/New_CheckLiuliang_remote/datasets/toniot/test/abnormal/test_00000281_orig843_844_845.png,1,0.5222450014599384
/root/New_CheckLiuliang_remote/datasets/toniot/test/abnormal/test_00000283_orig849_850_851.png,1,0.5050743434231522
/root/New_CheckLiuliang_remote/datasets/toniot/test/abnormal/test_00000285_orig855_856_857.png,1,0.5471409616890259
/root/New_CheckLiuliang_remote/datasets/toniot/test/abnormal/test_00000286_orig858_859_860.png,1,0.5031135999998051
/root/New_CheckLiuliang_remote/datasets/toniot/test/abnormal/test_00000288_orig864_865_866.png,1,0.4932364835294192
/root/New_CheckLiuliang_remote/datasets/toniot/test/abnormal/test_00000290_orig870_871_872.png,1,0.48534966922873846
/root/New_CheckLiuliang_remote/datasets/toniot/test/abnormal/test_00000292_orig876_877_878.png,1,0.4956698154571117
/root/New_CheckLiuliang_remote/datasets/toniot/test/abnormal/test_00000294_orig882_883_884.png,1,0.4932364835294192
/root/New_CheckLiuliang_remote/datasets/toniot/test/abnormal/test_00000296_orig888_889_890.png,1,0.47648258691367457
/root/New_CheckLiuliang_remote/datasets/toniot/test/abnormal/test_00000297_orig891_892_893.png,1,0.4573051228245573
/root/New_CheckLiuliang_remote/datasets/toniot/test/abnormal/test_00000299_orig897_898_899.png,1,0.49741492406599214
/root/New_CheckLiuliang_remote/datasets/toniot/test/abnormal/test_00000301_orig903_904_905.png,1,0.4677659385562032
/root/New_CheckLiuliang_remote/datasets/toniot/test/abnormal/test_00000303_orig909_910_911.png,1,0.46314404065371567
/root/New_CheckLiuliang_remote/datasets/toniot/test/abnormal/test_00000305_orig915_916_917.png,1,0.4894511783295215
/root/New_CheckLiuliang_remote/datasets/toniot/test/abnormal/test_00000307_orig921_922_923.png,1,0.5040278702012619
/root/New_CheckLiuliang_remote/datasets/toniot/test/abnormal/test_00000308_orig924_925_926.png,1,0.4962381638717573
/root/New_CheckLiuliang_remote/datasets/toniot/test/abnormal/test_00000310_orig930_931_932.png,1,0.4775766466062157
/root/New_CheckLiuliang_remote/datasets/toniot/test/abnormal/test_00000312_orig936_937_938.png,1,0.4800082771107448
/root/New_CheckLiuliang_remote/datasets/toniot/test/abnormal/test_00000314_orig942_943_944.png,1,0.4811599349999991
/root/New_CheckLiuliang_remote/datasets/toniot/test/abnormal/test_00000316_orig948_949_950.png,1,0.47109099697336626
/root/New_CheckLiuliang_remote/datasets/toniot/test/abnormal/test_00000317_orig951_952_953.png,1,0.4894857534403413
/root/New_CheckLiuliang_remote/datasets/toniot/test/abnormal/test_00000319_orig957_958_959.png,1,0.47887738844932304
/root/New_CheckLiuliang_remote/datasets/toniot/test/abnormal/test_00000321_orig963_964_965.png,1,0.49612519237634345
/root/New_CheckLiuliang_remote/datasets/toniot/test/abnormal/test_00000323_orig969_970_971.png,1,0.5200948599648528
/root/New_CheckLiuliang_remote/datasets/toniot/test/abnormal/test_00000325_orig975_976_977.png,1,0.4980075339437043
/root/New_CheckLiuliang_remote/datasets/toniot/test/abnormal/test_00000327_orig981_982_983.png,1,0.5281952520096322
/root/New_CheckLiuliang_remote/datasets/toniot/test/abnormal/test_00000328_orig984_985_986.png,1,0.4962381638717573
/root/New_CheckLiuliang_remote/datasets/toniot/test/abnormal/test_00000330_orig990_991_992.png,1,0.4962381638717573
/root/New_CheckLiuliang_remote/datasets/toniot/test/abnormal/test_00000332_orig996_997_998.png,1,0.49724649129849274
/root/New_CheckLiuliang_remote/datasets/toniot/test/abnormal/test_00000334_orig1002_1003_1004.png,1,0.48237138316272365
/root/New_CheckLiuliang_remote/datasets/toniot/test/abnormal/test_00000336_orig1008_1009_1010.png,1,0.49291289991964005
/root/New_CheckLiuliang_remote/datasets/toniot/test/abnormal/test_00000338_orig1014_1015_1016.png,1,0.47326118069440104
/root/New_CheckLiuliang_remote/datasets/toniot/test/abnormal/test_00000339_orig1017_1018_1019.png,1,0.46488986351852796
/root/New_CheckLiuliang_remote/datasets/toniot/test/abnormal/test_00000341_orig1023_1024_1025.png,1,0.46314404065371567
/root/New_CheckLiuliang_remote/datasets/toniot/test/abnormal/test_00000343_orig1029_1030_1031.png,1,0.5130473501877361
/root/New_CheckLiuliang_remote/datasets/toniot/test/abnormal/test_00000345_orig1035_1036_1037.png,1,0.5010752233863637
/root/New_CheckLiuliang_remote/datasets/toniot/test/abnormal/test_00000347_orig1041_1042_1043.png,1,0.45589549392516293
/root/New_CheckLiuliang_remote/datasets/toniot/test/abnormal/test_00000348_orig1044_1045_1046.png,1,0.48143615695286
/root/New_CheckLiuliang_remote/datasets/toniot/test/abnormal/test_00000350_orig1050_1051_1052.png,1,0.4806361089322119
/root/New_CheckLiuliang_remote/datasets/toniot/test/abnormal/test_00000352_orig1056_1057_1058.png,1,0.4626612995945829
/root/New_CheckLiuliang_remote/datasets/toniot/test/abnormal/test_00000354_orig1062_1063_1064.png,1,0.47887738844932304
/root/New_CheckLiuliang_remote/datasets/toniot/test/abnormal/test_00000356_orig1068_1069_1070.png,1,0.4588518998208819
/root/New_CheckLiuliang_remote/datasets/toniot/test/abnormal/test_00000358_orig1074_1075_1076.png,1,0.4894857534403413
/root/New_CheckLiuliang_remote/datasets/toniot/test/abnormal/test_00000359_orig1077_1078_1079.png,1,0.49056098496945966
/root/New_CheckLiuliang_remote/datasets/toniot/test/abnormal/test_00000361_orig1083_1084_1085.png,1,0.4983701969062416
/root/New_CheckLiuliang_remote/datasets/toniot/test/abnormal/test_00000363_orig1089_1090_1091.png,1,0.48480768790081213
/root/New_CheckLiuliang_remote/datasets/toniot/test/abnormal/test_00000365_orig1095_1096_1097.png,1,0.4800066349364821
/root/New_CheckLiuliang_remote/datasets/toniot/test/abnormal/test_00000367_orig1101_1102_1103.png,1,0.47109099697336626
/root/New_CheckLiuliang_remote/datasets/toniot/test/abnormal/test_00000369_orig1107_1108_1109.png,1,0.5040278702012619
/root/New_CheckLiuliang_remote/datasets/toniot/test/abnormal/test_00000370_orig1110_1111_1112.png,1,0.4894511783295215
/root/New_CheckLiuliang_remote/datasets/toniot/test/abnormal/test_00000372_orig1116_1117_1118.png,1,0.48272400743704796
/root/New_CheckLiuliang_remote/datasets/toniot/test/abnormal/test_00000374_orig1122_1123_1124.png,1,0.48058863515274064
/root/New_CheckLiuliang_remote/datasets/toniot/test/abnormal/test_00000376_orig1128_1129_1130.png,1,0.5281952520096322
/root/New_CheckLiuliang_remote/datasets/toniot/test/abnormal/test_00000378_orig1134_1135_1136.png,1,0.5094011366887159
/root/New_CheckLiuliang_remote/datasets/toniot/test/abnormal/test_00000379_orig1137_1138_1139.png,1,0.49724649129849274
/root/New_CheckLiuliang_remote/datasets/toniot/test/abnormal/test_00000381_orig1143_1144_1145.png,1,0.4677659385562032
/root/New_CheckLiuliang_remote/datasets/toniot/test/abnormal/test_00000383_orig1149_1150_1151.png,1,0.4980075339437043
/root/New_CheckLiuliang_remote/datasets/toniot/test/abnormal/test_00000385_orig1155_1156_1157.png,1,0.47234545497588565
/root/New_CheckLiuliang_remote/datasets/toniot/test/abnormal/test_00000387_orig1161_1162_1163.png,1,0.4910446407603188
/root/New_CheckLiuliang_remote/datasets/toniot/test/abnormal/test_00000389_orig1167_1168_1169.png,1,0.5078133825968069
/root/New_CheckLiuliang_remote/datasets/toniot/test/abnormal/test_00000390_orig1170_1171_1172.png,1,0.46314404065371567
/root/New_CheckLiuliang_remote/datasets/toniot/test/abnormal/test_00000392_orig1176_1177_1178.png,1,0.4748292685729461
/root/New_CheckLiuliang_remote/datasets/toniot/test/abnormal/test_00000394_orig1182_1183_1184.png,1,0.47787121161048784
/root/New_CheckLiuliang_remote/datasets/toniot/test/abnormal/test_00000396_orig1188_1189_1190.png,1,0.49009409827521566
/root/New_CheckLiuliang_remote/datasets/toniot/test/abnormal/test_00000398_orig1194_1195_1196.png,1,0.48153561722375093
/root/New_CheckLiuliang_remote/datasets/toniot/test/abnormal/test_00000400_orig1200_1201_1202.png,1,0.46999549762607673
/root/New_CheckLiuliang_remote/datasets/toniot/test/abnormal/test_00000401_orig1203_1204_1205.png,1,0.4894511783295215
/root/New_CheckLiuliang_remote/datasets/toniot/test/abnormal/test_00000403_orig1209_1210_1211.png,1,0.4857098064647878
/root/New_CheckLiuliang_remote/datasets/toniot/test/abnormal/test_00000405_orig1215_1216_1217.png,1,0.5130473501877361
/root/New_CheckLiuliang_remote/datasets/toniot/test/abnormal/test_00000407_orig1221_1222_1223.png,1,0.46488986351852796
/root/New_CheckLiuliang_remote/datasets/toniot/test/abnormal/test_00000409_orig1227_1228_1229.png,1,0.46420339138828587
/root/New_CheckLiuliang_remote/datasets/toniot/test/abnormal/test_00000411_orig1233_1234_1235.png,1,0.4865788380145099
/root/New_CheckLiuliang_remote/datasets/toniot/test/abnormal/test_00000412_orig1236_1237_1238.png,1,0.5225625813744068
/root/New_CheckLiuliang_remote/datasets/toniot/test/abnormal/test_00000414_orig1242_1243_1244.png,1,0.4962381638717573
/root/New_CheckLiuliang_remote/datasets/toniot/test/abnormal/test_00000416_orig1248_1249_1250.png,1,0.4760170413299096
/root/New_CheckLiuliang_remote/datasets/toniot/test/abnormal/test_00000418_orig1254_1255_1256.png,1,0.4677659385562032
/root/New_CheckLiuliang_remote/datasets/toniot/test/abnormal/test_00000420_orig1260_1261_1262.png,1,0.4584189738103293
/root/New_CheckLiuliang_remote/datasets/toniot/test/abnormal/test_00000421_orig1263_1264_1265.png,1,0.48272400743704796
/root/New_CheckLiuliang_remote/datasets/toniot/test/abnormal/test_00000423_orig1269_1270_1271.png,1,0.47109099697336626
/root/New_CheckLiuliang_remote/datasets/toniot/test/abnormal/test_00000425_orig1275_1276_1277.png,1,0.4916398417391154
/root/New_CheckLiuliang_remote/datasets/toniot/test/abnormal/test_00000427_orig1281_1282_1283.png,1,0.49553963177713267
/root/New_CheckLiuliang_remote/datasets/toniot/test/abnormal/test_00000429_orig1287_1288_1289.png,1,0.46108537809682143
/root/New_CheckLiuliang_remote/datasets/toniot/test/abnormal/test_00000431_orig1293_1294_1295.png,1,0.4855197412285096
/root/New_CheckLiuliang_remote/datasets/toniot/test/abnormal/test_00000432_orig1296_1297_1298.png,1,0.4678792614804827
/root/New_CheckLiuliang_remote/datasets/toniot/test/abnormal/test_00000434_orig1302_1303_1304.png,1,0.5002548117292226
/root/New_CheckLiuliang_remote/datasets/toniot/test/abnormal/test_00000436_orig1308_1309_1310.png,1,0.47109099697336626
/root/New_CheckLiuliang_remote/datasets/toniot/test/abnormal/test_00000438_orig1314_1315_1316.png,1,0.48153561722375093
/root/New_CheckLiuliang_remote/datasets/toniot/test/abnormal/test_00000440_orig1320_1321_1322.png,1,0.4625007294642846
/root/New_CheckLiuliang_remote/datasets/toniot/test/abnormal/test_00000442_orig1326_1327_1328.png,1,0.4894857534403413
/root/New_CheckLiuliang_remote/datasets/toniot/test/abnormal/test_00000443_orig1329_1330_1331.png,1,0.4678792614804827
/root/New_CheckLiuliang_remote/datasets/toniot/test/abnormal/test_00000445_orig1335_1336_1337.png,1,0.4820306743561953
/root/New_CheckLiuliang_remote/datasets/toniot/test/abnormal/test_00000447_orig1341_1342_1343.png,1,0.46708414879690785
/root/New_CheckLiuliang_remote/datasets/toniot/test/abnormal/test_00000449_orig1347_1348_1349.png,1,0.5012186088671077
/root/New_CheckLiuliang_remote/datasets/toniot/test/abnormal/test_00000451_orig1353_1354_1355.png,1,0.4717906102364192
/root/New_CheckLiuliang_remote/datasets/toniot/test/abnormal/test_00000452_orig1356_1357_1358.png,1,0.48009396208279304
/root/New_CheckLiuliang_remote/datasets/toniot/test/abnormal/test_00000454_orig1362_1363_1364.png,1,0.48480768790081213
/root/New_CheckLiuliang_remote/datasets/toniot/test/abnormal/test_00000456_orig1368_1369_1370.png,1,0.4894511783295215
/root/New_CheckLiuliang_remote/datasets/toniot/test/abnormal/test_00000458_orig1374_1375_1376.png,1,0.49056098496945966
/root/New_CheckLiuliang_remote/datasets/toniot/test/abnormal/test_00000460_orig1380_1381_1382.png,1,0.49407767921118123
/root/New_CheckLiuliang_remote/datasets/toniot/test/abnormal/test_00000462_orig1386_1387_1388.png,1,0.4747682037225405
/root/New_CheckLiuliang_remote/datasets/toniot/test/abnormal/test_00000463_orig1389_1390_1391.png,1,0.4932364835294192
/root/New_CheckLiuliang_remote/datasets/toniot/test/abnormal/test_00000465_orig1395_1396_1397.png,1,0.4573051228245573
/root/New_CheckLiuliang_remote/datasets/toniot/test/abnormal/test_00000467_orig1401_1402_1403.png,1,0.44270003322557666
/root/New_CheckLiuliang_remote/datasets/toniot/test/abnormal/test_00000469_orig1407_1408_1409.png,1,0.4778090973156068
/root/New_CheckLiuliang_remote/datasets/toniot/test/abnormal/test_00000471_orig1413_1414_1415.png,1,0.4699457789129842
/root/New_CheckLiuliang_remote/datasets/toniot/test/abnormal/test_00000473_orig1419_1420_1421.png,1,0.4580526023344562
/root/New_CheckLiuliang_remote/datasets/toniot/test/abnormal/test_00000474_orig1422_1423_1424.png,1,0.4631865463135516
/root/New_CheckLiuliang_remote/datasets/toniot/test/abnormal/test_00000476_orig1428_1429_1430.png,1,0.4825444536102023
/root/New_CheckLiuliang_remote/datasets/toniot/test/abnormal/test_00000478_orig1434_1435_1436.png,1,0.48969372371731895
/root/New_CheckLiuliang_remote/datasets/toniot/test/abnormal/test_00000480_orig1440_1441_1442.png,1,0.48775780163296606
/root/New_CheckLiuliang_remote/datasets/toniot/test/abnormal/test_00000482_orig1446_1447_1448.png,1,0.4740779313087207
/root/New_CheckLiuliang_remote/datasets/toniot/test/abnormal/test_00000483_orig1449_1450_1451.png,1,0.46488986351852796
/root/New_CheckLiuliang_remote/datasets/toniot/test/abnormal/test_00000485_orig1455_1456_1457.png,1,0.4827853430489249
/root/New_CheckLiuliang_remote/datasets/toniot/test/abnormal/test_00000487_orig1461_1462_1463.png,1,0.4986525766062718
/root/New_CheckLiuliang_remote/datasets/toniot/test/abnormal/test_00000489_orig1467_1468_1469.png,1,0.4930518976163295
/root/New_CheckLiuliang_remote/datasets/toniot/test/abnormal/test_00000491_orig1473_1474_1475.png,1,0.5080632170544926
/root/New_CheckLiuliang_remote/datasets/toniot/test/abnormal/test_00000493_orig1479_1480_1481.png,1,0.4631865463135516
/root/New_CheckLiuliang_remote/datasets/toniot/test/abnormal/test_00000494_orig1482_1483_1484.png,1,0.4549188957801963
/root/New_CheckLiuliang_remote/datasets/toniot/test/abnormal/test_00000496_orig1488_1489_1490.png,1,0.47543349062665746
/root/New_CheckLiuliang_remote/datasets/toniot/test/abnormal/test_00000498_orig1494_1495_1496.png,1,0.4532250964932459
/root/New_CheckLiuliang_remote/datasets/toniot/test/abnormal/test_00000500_orig1500_1501_1502.png,1,0.4631865463135516
/root/New_CheckLiuliang_remote/datasets/toniot/test/abnormal/test_00000502_orig1506_1507_1508.png,1,0.49291289991964005
/root/New_CheckLiuliang_remote/datasets/toniot/test/abnormal/test_00000504_orig1512_1513_1514.png,1,0.5011992463379866
/root/New_CheckLiuliang_remote/datasets/toniot/test/abnormal/test_00000505_orig1515_1516_1517.png,1,0.5010528688966671
/root/New_CheckLiuliang_remote/datasets/toniot/test/abnormal/test_00000507_orig1521_1522_1523.png,1,0.46840960943731297
/root/New_CheckLiuliang_remote/datasets/toniot/test/abnormal/test_00000509_orig1527_1528_1529.png,1,0.47887738844932304
/root/New_CheckLiuliang_remote/datasets/toniot/test/abnormal/test_00000511_orig1533_1534_1535.png,1,0.46314404065371567
/root/New_CheckLiuliang_remote/datasets/toniot/test/abnormal/test_00000513_orig1539_1540_1541.png,1,0.4778090973156068
/root/New_CheckLiuliang_remote/datasets/toniot/test/abnormal/test_00000515_orig1545_1546_1547.png,1,0.4717906102364192
/root/New_CheckLiuliang_remote/datasets/toniot/test/abnormal/test_00000516_orig1548_1549_1550.png,1,0.46707835997482583
/root/New_CheckLiuliang_remote/datasets/toniot/test/abnormal/test_00000518_orig1554_1555_1556.png,1,0.5000028942941959
/root/New_CheckLiuliang_remote/datasets/toniot/test/abnormal/test_00000520_orig1560_1561_1562.png,1,0.4532250964932459
/root/New_CheckLiuliang_remote/datasets/toniot/test/abnormal/test_00000522_orig1566_1567_1568.png,1,0.46488986351852796
/root/New_CheckLiuliang_remote/datasets/toniot/test/abnormal/test_00000524_orig1572_1573_1574.png,1,0.47648258691367457
/root/New_CheckLiuliang_remote/datasets/toniot/test/abnormal/test_00000525_orig1575_1576_1577.png,1,0.48534483590372196
/root/New_CheckLiuliang_remote/datasets/toniot/test/abnormal/test_00000527_orig1581_1582_1583.png,1,0.4699457789129842
/root/New_CheckLiuliang_remote/datasets/toniot/test/abnormal/test_00000529_orig1587_1588_1589.png,1,0.47171960232767535
/root/New_CheckLiuliang_remote/datasets/toniot/test/abnormal/test_00000531_orig1593_1594_1595.png,1,0.48272400743704796
/root/New_CheckLiuliang_remote/datasets/toniot/test/abnormal/test_00000533_orig1599_1600_1601.png,1,0.47648258691367457
/root/New_CheckLiuliang_remote/datasets/toniot/test/abnormal/test_00000535_orig1605_1606_1607.png,1,0.47887738844932304
/root/New_CheckLiuliang_remote/datasets/toniot/test/abnormal/test_00000536_orig1608_1609_1610.png,1,0.46488986351852796
/root/New_CheckLiuliang_remote/datasets/toniot/test/abnormal/test_00000538_orig1614_1615_1616.png,1,0.4800066349364821
/root/New_CheckLiuliang_remote/datasets/toniot/test/abnormal/test_00000540_orig1620_1621_1622.png,1,0.49818169714630306
/root/New_CheckLiuliang_remote/datasets/toniot/test/abnormal/test_00000542_orig1626_1627_1628.png,1,0.47109099697336626
/root/New_CheckLiuliang_remote/datasets/toniot/test/abnormal/test_00000544_orig1632_1633_1634.png,1,0.47109099697336626
/root/New_CheckLiuliang_remote/datasets/toniot/test/abnormal/test_00000546_orig1638_1639_1640.png,1,0.4757916549616986
/root/New_CheckLiuliang_remote/datasets/toniot/test/abnormal/test_00000547_orig1641_1642_1643.png,1,0.5042818090744003
/root/New_CheckLiuliang_remote/datasets/toniot/test/abnormal/test_00000549_orig1647_1648_1649.png,1,0.4625007294642846
/root/New_CheckLiuliang_remote/datasets/toniot/test/abnormal/test_00000551_orig1653_1654_1655.png,1,0.4623328263489552
/root/New_CheckLiuliang_remote/datasets/toniot/test/abnormal/test_00000553_orig1659_1660_1661.png,1,0.45789158936984453
/root/New_CheckLiuliang_remote/datasets/toniot/test/abnormal/test_00000555_orig1665_1666_1667.png,1,0.49478586996384233
/root/New_CheckLiuliang_remote/datasets/toniot/test/abnormal/test_00000556_orig1668_1669_1670.png,1,0.48324180713210085
/root/New_CheckLiuliang_remote/datasets/toniot/test/abnormal/test_00000558_orig1674_1675_1676.png,1,0.48186348235197946
/root/New_CheckLiuliang_remote/datasets/toniot/test/abnormal/test_00000560_orig1680_1681_1682.png,1,0.46314404065371567
/root/New_CheckLiuliang_remote/datasets/toniot/test/abnormal/test_00000562_orig1686_1687_1688.png,1,0.4731612277140531
/root/New_CheckLiuliang_remote/datasets/toniot/test/abnormal/test_00000564_orig1692_1693_1694.png,1,0.47109099697336626
/root/New_CheckLiuliang_remote/datasets/toniot/test/abnormal/test_00000566_orig1698_1699_1700.png,1,0.48324180713210085
/root/New_CheckLiuliang_remote/datasets/toniot/test/abnormal/test_00000567_orig1701_1702_1703.png,1,0.4699457789129842
/root/New_CheckLiuliang_remote/datasets/toniot/test/abnormal/test_00000569_orig1707_1708_1709.png,1,0.4895482712748125
/root/New_CheckLiuliang_remote/datasets/toniot/test/abnormal/test_00000571_orig1713_1714_1715.png,1,0.4532250964932459
/root/New_CheckLiuliang_remote/datasets/toniot/test/abnormal/test_00000573_orig1719_1720_1721.png,1,0.4778090973156068
/root/New_CheckLiuliang_remote/datasets/toniot/test/abnormal/test_00000575_orig1725_1726_1727.png,1,0.4626612995945829
/root/New_CheckLiuliang_remote/datasets/toniot/test/abnormal/test_00000577_orig1731_1732_1733.png,1,0.4731612277140531
/root/New_CheckLiuliang_remote/datasets/toniot/test/abnormal/test_00000578_orig1734_1735_1736.png,1,0.4938636031879772
/root/New_CheckLiuliang_remote/datasets/toniot/test/abnormal/test_00000580_orig1740_1741_1742.png,1,0.46488986351852796
/root/New_CheckLiuliang_remote/datasets/toniot/test/abnormal/test_00000582_orig1746_1747_1748.png,1,0.46999386458913583
/root/New_CheckLiuliang_remote/datasets/toniot/test/abnormal/test_00000584_orig1752_1753_1754.png,1,0.4846722527197658
/root/New_CheckLiuliang_remote/datasets/toniot/test/abnormal/test_00000586_orig1758_1759_1760.png,1,0.46108537809682143
/root/New_CheckLiuliang_remote/datasets/toniot/test/abnormal/test_00000587_orig1761_1762_1763.png,1,0.48272400743704796
/root/New_CheckLiuliang_remote/datasets/toniot/test/abnormal/test_00000589_orig1767_1768_1769.png,1,0.46245824015674675
/root/New_CheckLiuliang_remote/datasets/toniot/test/abnormal/test_00000591_orig1773_1774_1775.png,1,0.4778090973156068
/root/New_CheckLiuliang_remote/datasets/toniot/test/abnormal/test_00000593_orig1779_1780_1781.png,1,0.49056098496945966
/root/New_CheckLiuliang_remote/datasets/toniot/test/abnormal/test_00000595_orig1785_1786_1787.png,1,0.5222450014599384
/root/New_CheckLiuliang_remote/datasets/toniot/test/abnormal/test_00000597_orig1791_1792_1793.png,1,0.46238742884741196
/root/New_CheckLiuliang_remote/datasets/toniot/test/abnormal/test_00000598_orig1794_1795_1796.png,1,0.47003803579219117
/root/New_CheckLiuliang_remote/datasets/toniot/test/abnormal/test_00000600_orig1800_1801_1802.png,1,0.47109099697336626
/root/New_CheckLiuliang_remote/datasets/toniot/test/abnormal/test_00000602_orig1806_1807_1808.png,1,0.4894857534403413
/root/New_CheckLiuliang_remote/datasets/toniot/test/abnormal/test_00000604_orig1812_1813_1814.png,1,0.4717036860177437
/root/New_CheckLiuliang_remote/datasets/toniot/test/abnormal/test_00000606_orig1818_1819_1820.png,1,0.48841300257802023
/root/New_CheckLiuliang_remote/datasets/toniot/test/abnormal/test_00000608_orig1824_1825_1826.png,1,0.49971287342639753
/root/New_CheckLiuliang_remote/datasets/toniot/test/abnormal/test_00000609_orig1827_1828_1829.png,1,0.5162885573962591
/root/New_CheckLiuliang_remote/datasets/toniot/test/abnormal/test_00000611_orig1833_1834_1835.png,1,0.47887738844932304
/root/New_CheckLiuliang_remote/datasets/toniot/test/abnormal/test_00000613_orig1839_1840_1841.png,1,0.4717036860177437
/root/New_CheckLiuliang_remote/datasets/toniot/test/abnormal/test_00000615_orig1845_1846_1847.png,1,0.46999386458913583
/root/New_CheckLiuliang_remote/datasets/toniot/test/abnormal/test_00000617_orig1851_1852_1853.png,1,0.48153561722375093
/root/New_CheckLiuliang_remote/datasets/toniot/test/abnormal/test_00000619_orig1857_1858_1859.png,1,0.46488986351852796
/root/New_CheckLiuliang_remote/datasets/toniot/test/abnormal/test_00000620_orig1860_1861_1862.png,1,0.4716465971338952
/root/New_CheckLiuliang_remote/datasets/toniot/test/abnormal/test_00000622_orig1866_1867_1868.png,1,0.4769483747004073
/root/New_CheckLiuliang_remote/datasets/toniot/test/abnormal/test_00000624_orig1872_1873_1874.png,1,0.4894511783295215
/root/New_CheckLiuliang_remote/datasets/toniot/test/abnormal/test_00000626_orig1878_1879_1880.png,1,0.4573051228245573
/root/New_CheckLiuliang_remote/datasets/toniot/test/abnormal/test_00000628_orig1884_1885_1886.png,1,0.46488986351852796
/root/New_CheckLiuliang_remote/datasets/toniot/test/abnormal/test_00000629_orig1887_1888_1889.png,1,0.47711765504351705
/root/New_CheckLiuliang_remote/datasets/toniot/test/abnormal/test_00000631_orig1893_1894_1895.png,1,0.4665850696770828
/root/New_CheckLiuliang_remote/datasets/toniot/test/abnormal/test_00000633_orig1899_1900_1901.png,1,0.4894857534403413
/root/New_CheckLiuliang_remote/datasets/toniot/test/abnormal/test_00000635_orig1905_1906_1907.png,1,0.4502528424007282
/root/New_CheckLiuliang_remote/datasets/toniot/test/abnormal/test_00000637_orig1911_1912_1913.png,1,0.48574462319021167
/root/New_CheckLiuliang_remote/datasets/toniot/test/abnormal/test_00000639_orig1917_1918_1919.png,1,0.46782770576437277
/root/New_CheckLiuliang_remote/datasets/toniot/test/abnormal/test_00000640_orig1920_1921_1922.png,1,0.48583222879108884
/root/New_CheckLiuliang_remote/datasets/toniot/test/abnormal/test_00000642_orig1926_1927_1928.png,1,0.47109099697336626
/root/New_CheckLiuliang_remote/datasets/toniot/test/abnormal/test_00000644_orig1932_1933_1934.png,1,0.4759115395358522
/root/New_CheckLiuliang_remote/datasets/toniot/test/abnormal/test_00000646_orig1938_1939_1940.png,1,0.47109099697336626
/root/New_CheckLiuliang_remote/datasets/toniot/test/abnormal/test_00000648_orig1944_1945_1946.png,1,0.4766215928136727
/root/New_CheckLiuliang_remote/datasets/toniot/test/abnormal/test_00000650_orig1950_1951_1952.png,1,0.47787121161048784
/root/New_CheckLiuliang_remote/datasets/toniot/test/abnormal/test_00000651_orig1953_1954_1955.png,1,0.4790943390113053
/root/New_CheckLiuliang_remote/datasets/toniot/test/abnormal/test_00000653_orig1959_1960_1961.png,1,0.4800066349364821
/root/New_CheckLiuliang_remote/datasets/toniot/test/abnormal/test_00000655_orig1965_1966_1967.png,1,0.6066511177038221
/root/New_CheckLiuliang_remote/datasets/toniot/test/abnormal/test_00000657_orig1971_1972_1973.png,1,0.5982023574378693
/root/New_CheckLiuliang_remote/datasets/toniot/test/abnormal/test_00000665_orig1995_1996_1997.png,1,0.4841854200628487
/root/New_CheckLiuliang_remote/datasets/toniot/test/abnormal/test_00000672_orig2016_2017_2018.png,1,0.38058848640494986
/root/New_CheckLiuliang_remote/datasets/toniot/test/abnormal/test_00000680_orig2040_2041_2042.png,1,0.5206666977309072
/root/New_CheckLiuliang_remote/datasets/toniot/test/abnormal/test_00000688_orig2064_2065_2066.png,1,0.5249322018033177
/root/New_CheckLiuliang_remote/datasets/toniot/test/abnormal/test_00000695_orig2085_2086_2087.png,1,0.39896707007310284
/root/New_CheckLiuliang_remote/datasets/toniot/test/abnormal/test_00000703_orig2109_2110_2111.png,1,0.3949759029228103
/root/New_CheckLiuliang_remote/datasets/toniot/test/abnormal/test_00000711_orig2133_2134_2135.png,1,0.49521868770272254
/root/New_CheckLiuliang_remote/datasets/toniot/test/abnormal/test_00000718_orig2154_2155_2156.png,1,0.38159899134767383
/root/New_CheckLiuliang_remote/datasets/toniot/test/abnormal/test_00000726_orig2178_2179_2180.png,1,0.7185835726530025
/root/New_CheckLiuliang_remote/datasets/toniot/test/abnormal/test_00000734_orig2202_2203_2204.png,1,0.3989703700356611
/root/New_CheckLiuliang_remote/datasets/toniot/test/abnormal/test_00000741_orig2223_2224_2225.png,1,0.4211224497472169
/root/New_CheckLiuliang_remote/datasets/toniot/test/abnormal/test_00000749_orig2247_2248_2249.png,1,0.39896707007310284
/root/New_CheckLiuliang_remote/datasets/toniot/test/abnormal/test_00000757_orig2271_2272_2273.png,1,0.5303267382381494
/root/New_CheckLiuliang_remote/datasets/toniot/test/abnormal/test_00000764_orig2292_2293_2294.png,1,0.3989703700356611
/root/New_CheckLiuliang_remote/datasets/toniot/test/abnormal/test_00000772_orig2316_2317_2318.png,1,0.3989703700356611
/root/New_CheckLiuliang_remote/datasets/toniot/test/abnormal/test_00000780_orig2340_2341_2342.png,1,0.4453090731144644
/root/New_CheckLiuliang_remote/datasets/toniot/test/abnormal/test_00000787_orig2361_2362_2363.png,1,0.41999947387701114
/root/New_CheckLiuliang_remote/datasets/toniot/test/abnormal/test_00000795_orig2385_2386_2387.png,1,0.559156127534717
/root/New_CheckLiuliang_remote/datasets/toniot/test/abnormal/test_00000803_orig2409_2410_2411.png,1,0.3926279487584019
/root/New_CheckLiuliang_remote/datasets/toniot/test/abnormal/test_00000811_orig2433_2434_2435.png,1,0.47410345101400453
/root/New_CheckLiuliang_remote/datasets/toniot/test/abnormal/test_00000818_orig2454_2455_2456.png,1,0.6110297754954614
/root/New_CheckLiuliang_remote/datasets/toniot/test/abnormal/test_00000826_orig2478_2479_2480.png,1,0.5133847009738215
/root/New_CheckLiuliang_remote/datasets/toniot/test/abnormal/test_00000834_orig2502_2503_2504.png,1,0.8117676723655823
/root/New_CheckLiuliang_remote/datasets/toniot/test/abnormal/test_00000841_orig2523_2524_2525.png,1,0.4224958722637484
/root/New_CheckLiuliang_remote/datasets/toniot/test/abnormal/test_00000849_orig2547_2548_2549.png,1,0.37670764247569216
/root/New_CheckLiuliang_remote/datasets/toniot/test/abnormal/test_00000857_orig2571_2572_2573.png,1,0.39797792743597327
/root/New_CheckLiuliang_remote/datasets/toniot/test/abnormal/test_00000864_orig2592_2593_2594.png,1,0.49155411509488267
/root/New_CheckLiuliang_remote/datasets/toniot/test/abnormal/test_00000872_orig2616_2617_2618.png,1,0.5390625962256471
/root/New_CheckLiuliang_remote/datasets/toniot/test/abnormal/test_00000880_orig2640_2641_2642.png,1,0.4383976157022523
/root/New_CheckLiuliang_remote/datasets/toniot/test/abnormal/test_00000887_orig2661_2662_2663.png,1,0.5725652380810693
/root/New_CheckLiuliang_remote/datasets/toniot/test/abnormal/test_00000895_orig2685_2686_2687.png,1,0.42085669833982037
/root/New_CheckLiuliang_remote/datasets/toniot/test/abnormal/test_00000903_orig2709_2710_2711.png,1,0.4304820756173137
/root/New_CheckLiuliang_remote/datasets/toniot/test/abnormal/test_00000910_orig2730_2731_2732.png,1,0.3901807287596434
/root/New_CheckLiuliang_remote/datasets/toniot/test/abnormal/test_00000918_orig2754_2755_2756.png,1,0.4913107986427665
/root/New_CheckLiuliang_remote/datasets/toniot/test/abnormal/test_00000926_orig2778_2779_2780.png,1,0.5249286599580906
/root/New_CheckLiuliang_remote/datasets/toniot/test/abnormal/test_00000933_orig2799_2800_2801.png,1,0.42085669833982037
/root/New_CheckLiuliang_remote/datasets/toniot/test/abnormal/test_00000941_orig2823_2824_2825.png,1,0.42965669766581704
/root/New_CheckLiuliang_remote/datasets/toniot/test/abnormal/test_00000949_orig2847_2848_2849.png,1,0.5658950892423331
/root/New_CheckLiuliang_remote/datasets/toniot/test/abnormal/test_00000956_orig2868_2869_2870.png,1,0.5325141112709343
/root/New_CheckLiuliang_remote/datasets/toniot/test/abnormal/test_00000964_orig2892_2893_2894.png,1,0.3976532279159665
/root/New_CheckLiuliang_remote/datasets/toniot/test/abnormal/test_00000972_orig2916_2917_2918.png,1,0.5760047328321152
/root/New_CheckLiuliang_remote/datasets/toniot/test/abnormal/test_00000979_orig2937_2938_2939.png,1,0.5443349149218485
/root/New_CheckLiuliang_remote/datasets/toniot/test/abnormal/test_00000987_orig2961_2962_2963.png,1,0.54387485502224
/root/New_CheckLiuliang_remote/datasets/toniot/test/abnormal/test_00000995_orig2985_2986_2987.png,1,0.5192953044526346
/root/New_CheckLiuliang_remote/datasets/toniot/test/abnormal/test_00001002_orig3006_3007_3008.png,1,0.5192953044526346
/root/New_CheckLiuliang_remote/datasets/toniot/test/abnormal/test_00001010_orig3030_3031_3032.png,1,0.5249286599580906
/root/New_CheckLiuliang_remote/datasets/toniot/test/abnormal/test_00001018_orig3054_3055_3056.png,1,0.3836504962344577
/root/New_CheckLiuliang_remote/datasets/toniot/test/abnormal/test_00001025_orig3075_3076_3077.png,1,0.6667378626525092
/root/New_CheckLiuliang_remote/datasets/toniot/test/abnormal/test_00001033_orig3099_3100_3101.png,1,0.5349598491591359
/root/New_CheckLiuliang_remote/datasets/toniot/test/abnormal/test_00001041_orig3123_3124_3125.png,1,0.392725475170608
/root/New_CheckLiuliang_remote/datasets/toniot/test/abnormal/test_00001048_orig3144_3145_3146.png,1,0.631436733178502
/root/New_CheckLiuliang_remote/datasets/toniot/test/abnormal/test_00001056_orig3168_3169_3170.png,1,0.576814123814149
/root/New_CheckLiuliang_remote/datasets/toniot/test/abnormal/test_00001064_orig3192_3193_3194.png,1,0.5603945163547694
/root/New_CheckLiuliang_remote/datasets/toniot/test/abnormal/test_00001072_orig3216_3217_3218.png,1,0.42476191189481904
/root/New_CheckLiuliang_remote/datasets/toniot/test/abnormal/test_00001079_orig3237_3238_3239.png,1,0.6221265488409554
/root/New_CheckLiuliang_remote/datasets/toniot/test/abnormal/test_00001087_orig3261_3262_3263.png,1,0.3916378412075825
/root/New_CheckLiuliang_remote/datasets/toniot/test/abnormal/test_00001095_orig3285_3286_3287.png,1,0.5436918321214088
/root/New_CheckLiuliang_remote/datasets/toniot/test/abnormal/test_00001102_orig3306_3307_3308.png,1,0.4308626416447486
/root/New_CheckLiuliang_remote/datasets/toniot/test/abnormal/test_00001110_orig3330_3331_3332.png,1,0.5581765226546952
/root/New_CheckLiuliang_remote/datasets/toniot/test/abnormal/test_00001118_orig3354_3355_3356.png,1,0.43287800579209085
/root/New_CheckLiuliang_remote/datasets/toniot/test/abnormal/test_00001125_orig3375_3376_3377.png,1,0.45504682125425805
/root/New_CheckLiuliang_remote/datasets/toniot/test/abnormal/test_00001133_orig3399_3400_3401.png,1,0.5044373419495027
/root/New_CheckLiuliang_remote/datasets/toniot/test/abnormal/test_00001141_orig3423_3424_3425.png,1,0.4715093819161385
/root/New_CheckLiuliang_remote/datasets/toniot/test/abnormal/test_00001148_orig3444_3445_3446.png,1,0.5086104246657608
/root/New_CheckLiuliang_remote/datasets/toniot/test/abnormal/test_00001156_orig3468_3469_3470.png,1,0.45504682125425805
/root/New_CheckLiuliang_remote/datasets/toniot/test/abnormal/test_00001164_orig3492_3493_3494.png,1,0.6077396060216627
/root/New_CheckLiuliang_remote/datasets/toniot/test/abnormal/test_00001171_orig3513_3514_3515.png,1,0.5581765226546952
/root/New_CheckLiuliang_remote/datasets/toniot/test/abnormal/test_00001179_orig3537_3538_3539.png,1,0.7125326190955527
/root/New_CheckLiuliang_remote/datasets/toniot/test/abnormal/test_00001187_orig3561_3562_3563.png,1,0.6077396060216627
/root/New_CheckLiuliang_remote/datasets/toniot/test/abnormal/test_00001194_orig3582_3583_3584.png,1,0.5086104246657608
/root/New_CheckLiuliang_remote/datasets/toniot/test/abnormal/test_00001202_orig3606_3607_3608.png,1,0.3989703700356611
/root/New_CheckLiuliang_remote/datasets/toniot/test/abnormal/test_00001210_orig3630_3631_3632.png,1,0.4217556914560448
/root/New_CheckLiuliang_remote/datasets/toniot/test/abnormal/test_00001217_orig3651_3652_3653.png,1,0.4211224497472169
/root/New_CheckLiuliang_remote/datasets/toniot/test/abnormal/test_00001225_orig3675_3676_3677.png,1,0.5653089302314209
/root/New_CheckLiuliang_remote/datasets/toniot/test/abnormal/test_00001233_orig3699_3700_3701.png,1,0.3901807287596434
/root/New_CheckLiuliang_remote/datasets/toniot/test/abnormal/test_00001240_orig3720_3721_3722.png,1,0.5581765226546952
/root/New_CheckLiuliang_remote/datasets/toniot/test/abnormal/test_00001248_orig3744_3745_3746.png,1,0.4211224497472169
/root/New_CheckLiuliang_remote/datasets/toniot/test/abnormal/test_00001256_orig3768_3769_3770.png,1,0.39896707007310284
/root/New_CheckLiuliang_remote/datasets/toniot/test/abnormal/test_00001263_orig3789_3790_3791.png,1,0.42111910724634305
/root/New_CheckLiuliang_remote/datasets/toniot/test/abnormal/test_00001271_orig3813_3814_3815.png,1,0.3987080007118205
/root/New_CheckLiuliang_remote/datasets/toniot/test/abnormal/test_00001279_orig3837_3838_3839.png,1,0.42011721402161184
/root/New_CheckLiuliang_remote/datasets/toniot/test/abnormal/test_00001286_orig3858_3859_3860.png,1,0.3989703700356611
/root/New_CheckLiuliang_remote/datasets/toniot/test/abnormal/test_00001294_orig3882_3883_3884.png,1,0.3989703700356611
/root/New_CheckLiuliang_remote/datasets/toniot/test/abnormal/test_00001302_orig3906_3907_3908.png,1,0.4211224497472169
/root/New_CheckLiuliang_remote/datasets/toniot/test/abnormal/test_00001309_orig3927_3928_3929.png,1,0.3989703700356611
/root/New_CheckLiuliang_remote/datasets/toniot/test/abnormal/test_00001317_orig3951_3952_3953.png,1,0.6897520825149409
/root/New_CheckLiuliang_remote/datasets/toniot/test/abnormal/test_00001325_orig3975_3976_3977.png,1,0.3989703700356611
/root/New_CheckLiuliang_remote/datasets/toniot/test/abnormal/test_00001333_orig3999_4000_4001.png,1,0.3989703700356611
/root/New_CheckLiuliang_remote/datasets/toniot/test/abnormal/test_00001340_orig4020_4021_4022.png,1,0.5086104246657608
/root/New_CheckLiuliang_remote/datasets/toniot/test/abnormal/test_00001348_orig4044_4045_4046.png,1,0.3989703700356611
/root/New_CheckLiuliang_remote/datasets/toniot/test/abnormal/test_00001356_orig4068_4069_4070.png,1,0.3989703700356611
/root/New_CheckLiuliang_remote/datasets/toniot/test/abnormal/test_00001363_orig4089_4090_4091.png,1,0.5434947726234032
/root/New_CheckLiuliang_remote/datasets/toniot/test/abnormal/test_00001371_orig4113_4114_4115.png,1,0.3708868214733888
/root/New_CheckLiuliang_remote/datasets/toniot/test/abnormal/test_00001379_orig4137_4138_4139.png,1,0.36791357502584104
/root/New_CheckLiuliang_remote/datasets/toniot/test/abnormal/test_00001386_orig4158_4159_4160.png,1,0.5977131289339643
/root/New_CheckLiuliang_remote/datasets/toniot/test/abnormal/test_00001394_orig4182_4183_4184.png,1,0.41337940029711057
/root/New_CheckLiuliang_remote/datasets/toniot/test/abnormal/test_00001402_orig4206_4207_4208.png,1,0.4863571215874824
/root/New_CheckLiuliang_remote/datasets/toniot/test/abnormal/test_00001409_orig4227_4228_4229.png,1,0.5653089302314209
/root/New_CheckLiuliang_remote/datasets/toniot/test/abnormal/test_00001417_orig4251_4252_4253.png,1,0.6371084838681075
/root/New_CheckLiuliang_remote/datasets/toniot/test/abnormal/test_00001425_orig4275_4276_4277.png,1,0.7568279917395516
/root/New_CheckLiuliang_remote/datasets/toniot/test/abnormal/test_00001432_orig4296_4297_4298.png,1,0.5665508352766788
/root/New_CheckLiuliang_remote/datasets/toniot/test/abnormal/test_00001440_orig4320_4321_4322.png,1,0.3989703700356611
/root/New_CheckLiuliang_remote/datasets/toniot/test/abnormal/test_00001448_orig4344_4345_4346.png,1,0.5543015465031557
/root/New_CheckLiuliang_remote/datasets/toniot/test/abnormal/test_00001455_orig4365_4366_4367.png,1,0.4305314413633961
/root/New_CheckLiuliang_remote/datasets/toniot/test/abnormal/test_00001463_orig4389_4390_4391.png,1,0.398779207974484
/root/New_CheckLiuliang_remote/datasets/toniot/test/abnormal/test_00001471_orig4413_4414_4415.png,1,0.3916378412075825
/root/New_CheckLiuliang_remote/datasets/toniot/test/abnormal/test_00001478_orig4434_4435_4436.png,1,0.37155909705888823
/root/New_CheckLiuliang_remote/datasets/toniot/test/abnormal/test_00001486_orig4458_4459_4460.png,1,0.45070999949794927
/root/New_CheckLiuliang_remote/datasets/toniot/test/abnormal/test_00001494_orig4482_4483_4484.png,1,0.3926755998004363
/root/New_CheckLiuliang_remote/datasets/toniot/test/abnormal/test_00001501_orig4503_4504_4505.png,1,0.5637835133458512
/root/New_CheckLiuliang_remote/datasets/toniot/test/abnormal/test_00001509_orig4527_4528_4529.png,1,0.42085669833982037
/root/New_CheckLiuliang_remote/datasets/toniot/test/abnormal/test_00001517_orig4551_4552_4553.png,1,0.42085669833982037
/root/New_CheckLiuliang_remote/datasets/toniot/test/abnormal/test_00001524_orig4572_4573_4574.png,1,0.3864439778752835
/root/New_CheckLiuliang_remote/datasets/toniot/test/abnormal/test_00001532_orig4596_4597_4598.png,1,0.424356398727151
/root/New_CheckLiuliang_remote/datasets/toniot/test/abnormal/test_00001540_orig4620_4621_4622.png,1,0.399595552798004
/root/New_CheckLiuliang_remote/datasets/toniot/test/abnormal/test_00001547_orig4641_4642_4643.png,1,0.5075511549748769
/root/New_CheckLiuliang_remote/datasets/toniot/test/abnormal/test_00001555_orig4665_4666_4667.png,1,0.3916378412075825
/root/New_CheckLiuliang_remote/datasets/toniot/test/abnormal/test_00001563_orig4689_4690_4691.png,1,0.3766639964312436
/root/New_CheckLiuliang_remote/datasets/toniot/test/abnormal/test_00001570_orig4710_4711_4712.png,1,0.4048907463245889
/root/New_CheckLiuliang_remote/datasets/toniot/test/abnormal/test_00001578_orig4734_4735_4736.png,1,0.4373962298500159
/root/New_CheckLiuliang_remote/datasets/toniot/test/abnormal/test_00001586_orig4758_4759_4760.png,1,0.54387485502224
/root/New_CheckLiuliang_remote/datasets/toniot/test/abnormal/test_00001594_orig4782_4783_4784.png,1,0.7454597610614232
/root/New_CheckLiuliang_remote/datasets/toniot/test/abnormal/test_00001601_orig4803_4804_4805.png,1,0.5012350121550634
/root/New_CheckLiuliang_remote/datasets/toniot/test/abnormal/test_00001609_orig4827_4828_4829.png,1,0.5012350121550634
/root/New_CheckLiuliang_remote/datasets/toniot/test/abnormal/test_00001617_orig4851_4852_4853.png,1,0.4243342674198297
/root/New_CheckLiuliang_remote/datasets/toniot/test/abnormal/test_00001624_orig4872_4873_4874.png,1,0.5086104246657608
/root/New_CheckLiuliang_remote/datasets/toniot/test/abnormal/test_00001632_orig4896_4897_4898.png,1,0.5725652380810693
/root/New_CheckLiuliang_remote/datasets/toniot/test/abnormal/test_00001640_orig4920_4921_4922.png,1,0.6489764090268823
/root/New_CheckLiuliang_remote/datasets/toniot/test/abnormal/test_00001647_orig4941_4942_4943.png,1,0.4720040320967835
/root/New_CheckLiuliang_remote/datasets/toniot/test/abnormal/test_00001655_orig4965_4966_4967.png,1,0.5044373419495027
/root/New_CheckLiuliang_remote/datasets/toniot/test/abnormal/test_00001663_orig4989_4990_4991.png,1,0.5665508352766788
/root/New_CheckLiuliang_remote/datasets/toniot/test/abnormal/test_00001670_orig5010_5011_5012.png,1,0.6112295453353189
/root/New_CheckLiuliang_remote/datasets/toniot/test/abnormal/test_00001678_orig5034_5035_5036.png,1,0.5255901164947444
/root/New_CheckLiuliang_remote/datasets/toniot/test/abnormal/test_00001686_orig5058_5059_5060.png,1,0.5581765226546952
/root/New_CheckLiuliang_remote/datasets/toniot/test/abnormal/test_00001693_orig5079_5080_5081.png,1,0.6371084838681075
/root/New_CheckLiuliang_remote/datasets/toniot/test/abnormal/test_00001701_orig5103_5104_5105.png,1,0.6077396060216627
/root/New_CheckLiuliang_remote/datasets/toniot/test/abnormal/test_00001709_orig5127_5128_5129.png,1,0.5117399501997596
/root/New_CheckLiuliang_remote/datasets/toniot/test/abnormal/test_00001716_orig5148_5149_5150.png,1,0.5249252851161971
/root/New_CheckLiuliang_remote/datasets/toniot/test/abnormal/test_00001724_orig5172_5173_5174.png,1,0.6063524111413366
/root/New_CheckLiuliang_remote/datasets/toniot/test/abnormal/test_00001732_orig5196_5197_5198.png,1,0.4170689636760407
/root/New_CheckLiuliang_remote/datasets/toniot/test/abnormal/test_00001739_orig5217_5218_5219.png,1,0.400953723922248
/root/New_CheckLiuliang_remote/datasets/toniot/test/abnormal/test_00001747_orig5241_5242_5243.png,1,0.495181017461003
/root/New_CheckLiuliang_remote/datasets/toniot/test/abnormal/test_00001755_orig5265_5266_5267.png,1,0.4308626416447486
/root/New_CheckLiuliang_remote/datasets/toniot/test/abnormal/test_00001762_orig5286_5287_5288.png,1,0.4136225386003839
/root/New_CheckLiuliang_remote/datasets/toniot/test/abnormal/test_00001770_orig5310_5311_5312.png,1,0.4359601217491703
/root/New_CheckLiuliang_remote/datasets/toniot/test/abnormal/test_00001778_orig5334_5335_5336.png,1,0.572402273313341
/root/New_CheckLiuliang_remote/datasets/toniot/test/abnormal/test_00001785_orig5355_5356_5357.png,1,0.6451515153333804
/root/New_CheckLiuliang_remote/datasets/toniot/test/abnormal/test_00001793_orig5379_5380_5381.png,1,0.7331354411075035
/root/New_CheckLiuliang_remote/datasets/toniot/test/abnormal/test_00001801_orig5403_5404_5405.png,1,0.5533010526308184
/root/New_CheckLiuliang_remote/datasets/toniot/test/abnormal/test_00001808_orig5424_5425_5426.png,1,0.4112583583909794
/root/New_CheckLiuliang_remote/datasets/toniot/test/abnormal/test_00001816_orig5448_5449_5450.png,1,0.4112583583909794
/root/New_CheckLiuliang_remote/datasets/toniot/test/abnormal/test_00001824_orig5472_5473_5474.png,1,0.4112583583909794
/root/New_CheckLiuliang_remote/datasets/toniot/test/abnormal/test_00001831_orig5493_5494_5495.png,1,0.4027820081851762
/root/New_CheckLiuliang_remote/datasets/toniot/test/abnormal/test_00001839_orig5517_5518_5519.png,1,0.4367682248168781
/root/New_CheckLiuliang_remote/datasets/toniot/test/abnormal/test_00001847_orig5541_5542_5543.png,1,0.40855497113728145
/root/New_CheckLiuliang_remote/datasets/toniot/test/abnormal/test_00001855_orig5565_5566_5567.png,1,0.40855828951138196
/root/New_CheckLiuliang_remote/datasets/toniot/test/abnormal/test_00001862_orig5586_5587_5588.png,1,0.6859879268241487
/root/New_CheckLiuliang_remote/datasets/toniot/test/abnormal/test_00001870_orig5610_5611_5612.png,1,0.4112583583909794
/root/New_CheckLiuliang_remote/datasets/toniot/test/abnormal/test_00001878_orig5634_5635_5636.png,1,0.38107035746804657
/root/New_CheckLiuliang_remote/datasets/toniot/test/abnormal/test_00001885_orig5655_5656_5657.png,1,0.38107035746804657
/root/New_CheckLiuliang_remote/datasets/toniot/test/abnormal/test_00001893_orig5679_5680_5681.png,1,0.40614423287129137
/root/New_CheckLiuliang_remote/datasets/toniot/test/abnormal/test_00001901_orig5703_5704_5705.png,1,0.38107035746804657
/root/New_CheckLiuliang_remote/datasets/toniot/test/abnormal/test_00001908_orig5724_5725_5726.png,1,0.3773167784323519
/root/New_CheckLiuliang_remote/datasets/toniot/test/abnormal/test_00001916_orig5748_5749_5750.png,1,0.38670909290429895
/root/New_CheckLiuliang_remote/datasets/toniot/test/abnormal/test_00001924_orig5772_5773_5774.png,1,0.3766639964312436
/root/New_CheckLiuliang_remote/datasets/toniot/test/abnormal/test_00001931_orig5793_5794_5795.png,1,0.41912436064730696
/root/New_CheckLiuliang_remote/datasets/toniot/test/abnormal/test_00001939_orig5817_5818_5819.png,1,0.3943357103790294
/root/New_CheckLiuliang_remote/datasets/toniot/test/abnormal/test_00001947_orig5841_5842_5843.png,1,0.3836504962344577
/root/New_CheckLiuliang_remote/datasets/toniot/test/abnormal/test_00001954_orig5862_5863_5864.png,1,0.38107035746804657
/root/New_CheckLiuliang_remote/datasets/toniot/test/abnormal/test_00001962_orig5886_5887_5888.png,1,0.3708868214733888
/root/New_CheckLiuliang_remote/datasets/toniot/test/abnormal/test_00001970_orig5910_5911_5912.png,1,0.3708868214733888
/root/New_CheckLiuliang_remote/datasets/toniot/test/abnormal/test_00001977_orig5931_5932_5933.png,1,0.38107035746804657
/root/New_CheckLiuliang_remote/datasets/toniot/test/abnormal/test_00001985_orig5955_5956_5957.png,1,0.39868833504554896
/root/New_CheckLiuliang_remote/datasets/toniot/test/abnormal/test_00001993_orig5979_5980_5981.png,1,0.40390768982449143
/root/New_CheckLiuliang_remote/datasets/toniot/test/abnormal/test_00002000_orig6000_6001_6002.png,1,0.3508374985371376
/root/New_CheckLiuliang_remote/datasets/toniot/test/abnormal/test_00002008_orig6024_6025_6026.png,1,0.35609546341488263
/root/New_CheckLiuliang_remote/datasets/toniot/test/abnormal/test_00002016_orig6048_6049_6050.png,1,0.3766639964312436
/root/New_CheckLiuliang_remote/datasets/toniot/test/abnormal/test_00002023_orig6069_6070_6071.png,1,0.4657985488487321
/root/New_CheckLiuliang_remote/datasets/toniot/test/abnormal/test_00002031_orig6093_6094_6095.png,1,0.42275540070925927
/root/New_CheckLiuliang_remote/datasets/toniot/test/abnormal/test_00002039_orig6117_6118_6119.png,1,0.4570214292229374
/root/New_CheckLiuliang_remote/datasets/toniot/test/abnormal/test_00002046_orig6138_6139_6140.png,1,0.41195279401028395
/root/New_CheckLiuliang_remote/datasets/toniot/test/abnormal/test_00002054_orig6162_6163_6164.png,1,0.41155217271707484
/root/New_CheckLiuliang_remote/datasets/toniot/test/abnormal/test_00002062_orig6186_6187_6188.png,1,0.44968339774375277
/root/New_CheckLiuliang_remote/datasets/toniot/test/abnormal/test_00002069_orig6207_6208_6209.png,1,0.44485725057268904
/root/New_CheckLiuliang_remote/datasets/toniot/test/abnormal/test_00002077_orig6231_6232_6233.png,1,0.46038938182018085
/root/New_CheckLiuliang_remote/datasets/toniot/test/abnormal/test_00002085_orig6255_6256_6257.png,1,0.40740485801635046
/root/New_CheckLiuliang_remote/datasets/toniot/test/abnormal/test_00002092_orig6276_6277_6278.png,1,0.4396582538551956
/root/New_CheckLiuliang_remote/datasets/toniot/test/abnormal/test_00002100_orig6300_6301_6302.png,1,0.41564771805732276
/root/New_CheckLiuliang_remote/datasets/toniot/test/abnormal/test_00002108_orig6324_6325_6326.png,1,0.45193013510832136
/root/New_CheckLiuliang_remote/datasets/toniot/test/abnormal/test_00002115_orig6345_6346_6347.png,1,0.398779207974484
/root/New_CheckLiuliang_remote/datasets/toniot/test/abnormal/test_00002123_orig6369_6370_6371.png,1,0.4076182670933447
/root/New_CheckLiuliang_remote/datasets/toniot/test/abnormal/test_00002131_orig6393_6394_6395.png,1,0.36782850951248924
/root/New_CheckLiuliang_remote/datasets/toniot/test/abnormal/test_00002139_orig6417_6418_6419.png,1,0.3776721687273707
/root/New_CheckLiuliang_remote/datasets/toniot/test/abnormal/test_00002146_orig6438_6439_6440.png,1,0.4758525365346407
/root/New_CheckLiuliang_remote/datasets/toniot/test/abnormal/test_00002154_orig6462_6463_6464.png,1,0.3836504962344577
/root/New_CheckLiuliang_remote/datasets/toniot/test/abnormal/test_00002162_orig6486_6487_6488.png,1,0.8496907301258305
/root/New_CheckLiuliang_remote/datasets/toniot/test/abnormal/test_00002169_orig6507_6508_6509.png,1,0.7030354923221218
/root/New_CheckLiuliang_remote/datasets/toniot/test/abnormal/test_00002177_orig6531_6532_6533.png,1,0.7967220209317425
/root/New_CheckLiuliang_remote/datasets/toniot/test/abnormal/test_00002185_orig6555_6556_6557.png,1,0.8040477497440697
/root/New_CheckLiuliang_remote/datasets/toniot/test/abnormal/test_00002192_orig6576_6577_6578.png,1,0.79491590134584
/root/New_CheckLiuliang_remote/datasets/toniot/test/abnormal/test_00002200_orig6600_6601_6602.png,1,0.7967220209317425
/root/New_CheckLiuliang_remote/datasets/toniot/test/abnormal/test_00002208_orig6624_6625_6626.png,1,0.79491590134584
/root/New_CheckLiuliang_remote/datasets/toniot/test/abnormal/test_00002215_orig6645_6646_6647.png,1,0.8002368657227982
/root/New_CheckLiuliang_remote/datasets/toniot/test/abnormal/test_00002223_orig6669_6670_6671.png,1,0.3766639964312436
/root/New_CheckLiuliang_remote/datasets/toniot/test/abnormal/test_00002231_orig6693_6694_6695.png,1,0.3708868214733888
/root/New_CheckLiuliang_remote/datasets/toniot/test/abnormal/test_00002238_orig6714_6715_6716.png,1,0.3843136727294398
/root/New_CheckLiuliang_remote/datasets/toniot/test/abnormal/test_00002246_orig6738_6739_6740.png,1,0.7967220209317425
/root/New_CheckLiuliang_remote/datasets/toniot/test/abnormal/test_00002254_orig6762_6763_6764.png,1,0.8226699848897795
/root/New_CheckLiuliang_remote/datasets/toniot/test/abnormal/test_00002261_orig6783_6784_6785.png,1,0.79491590134584
/root/New_CheckLiuliang_remote/datasets/toniot/test/abnormal/test_00002269_orig6807_6808_6809.png,1,0.7679006510323655
/root/New_CheckLiuliang_remote/datasets/toniot/test/abnormal/test_00002277_orig6831_6832_6833.png,1,0.37227768897215446
/root/New_CheckLiuliang_remote/datasets/toniot/test/abnormal/test_00002284_orig6852_6853_6854.png,1,0.3724363392272253
/root/New_CheckLiuliang_remote/datasets/toniot/test/abnormal/test_00002292_orig6876_6877_6878.png,1,0.7967220209317425
/root/New_CheckLiuliang_remote/datasets/toniot/test/abnormal/test_00002300_orig6900_6901_6902.png,1,0.7967220209317425
/root/New_CheckLiuliang_remote/datasets/toniot/test/abnormal/test_00002307_orig6921_6922_6923.png,1,0.7926006920839949
/root/New_CheckLiuliang_remote/datasets/toniot/test/abnormal/test_00002315_orig6945_6946_6947.png,1,0.7967220209317425
/root/New_CheckLiuliang_remote/datasets/toniot/test/abnormal/test_00002323_orig6969_6970_6971.png,1,0.7967220209317425
/root/New_CheckLiuliang_remote/datasets/toniot/test/abnormal/test_00002330_orig6990_6991_6992.png,1,0.37292878287312486
/root/New_CheckLiuliang_remote/datasets/toniot/test/abnormal/test_00002338_orig7014_7015_7016.png,1,0.7967220209317425
/root/New_CheckLiuliang_remote/datasets/toniot/test/abnormal/test_00002346_orig7038_7039_7040.png,1,0.8785313696119575
/root/New_CheckLiuliang_remote/datasets/toniot/test/abnormal/test_00002353_orig7059_7060_7061.png,1,0.7871471354651176
/root/New_CheckLiuliang_remote/datasets/toniot/test/abnormal/test_00002361_orig7083_7084_7085.png,1,0.7967220209317425
/root/New_CheckLiuliang_remote/datasets/toniot/test/abnormal/test_00002369_orig7107_7108_7109.png,1,0.37227768897215446
/root/New_CheckLiuliang_remote/datasets/toniot/test/abnormal/test_00002376_orig7128_7129_7130.png,1,0.3634650507022029
/root/New_CheckLiuliang_remote/datasets/toniot/test/abnormal/test_00002384_orig7152_7153_7154.png,1,0.79491590134584
/root/New_CheckLiuliang_remote/datasets/toniot/test/abnormal/test_00002392_orig7176_7177_7178.png,1,0.7926006920839949
/root/New_CheckLiuliang_remote/datasets/toniot/test/abnormal/test_00002400_orig7200_7201_7202.png,1,0.895510340522549
/root/New_CheckLiuliang_remote/datasets/toniot/test/abnormal/test_00002407_orig7221_7222_7223.png,1,0.7967220209317425
/root/New_CheckLiuliang_remote/datasets/toniot/test/abnormal/test_00002415_orig7245_7246_7247.png,1,0.36651545384080825
/root/New_CheckLiuliang_remote/datasets/toniot/test/abnormal/test_00002423_orig7269_7270_7271.png,1,0.7967220209317425
/root/New_CheckLiuliang_remote/datasets/toniot/test/abnormal/test_00002430_orig7290_7291_7292.png,1,0.7967220209317425
/root/New_CheckLiuliang_remote/datasets/toniot/test/abnormal/test_00002438_orig7314_7315_7316.png,1,0.7967220209317425
/root/New_CheckLiuliang_remote/datasets/toniot/test/abnormal/test_00002446_orig7338_7339_7340.png,1,0.8205203938944164
/root/New_CheckLiuliang_remote/datasets/toniot/test/abnormal/test_00002453_orig7359_7360_7361.png,1,0.5844646866656722
/root/New_CheckLiuliang_remote/datasets/toniot/test/abnormal/test_00002461_orig7383_7384_7385.png,1,0.44017172550114947
/root/New_CheckLiuliang_remote/datasets/toniot/test/abnormal/test_00002469_orig7407_7408_7409.png,1,0.8474871915243204
/root/New_CheckLiuliang_remote/datasets/toniot/test/abnormal/test_00002476_orig7428_7429_7430.png,1,0.7226527133636447
/root/New_CheckLiuliang_remote/datasets/toniot/test/abnormal/test_00002484_orig7452_7453_7454.png,1,0.8145713161361361
/root/New_CheckLiuliang_remote/datasets/toniot/test/abnormal/test_00002492_orig7476_7477_7478.png,1,0.4758506289744024
/root/New_CheckLiuliang_remote/datasets/toniot/test/abnormal/test_00002499_orig7497_7498_7499.png,1,0.5170162897163181
/root/New_CheckLiuliang_remote/datasets/toniot/test/abnormal/test_00002507_orig7521_7522_7523.png,1,0.443375585412401
/root/New_CheckLiuliang_remote/datasets/toniot/test/abnormal/test_00002515_orig7545_7546_7547.png,1,0.8022215749692342
/root/New_CheckLiuliang_remote/datasets/toniot/test/abnormal/test_00002522_orig7566_7567_7568.png,1,0.7957922609445491
/root/New_CheckLiuliang_remote/datasets/toniot/test/abnormal/test_00002530_orig7590_7591_7592.png,1,0.8991801402666728
/root/New_CheckLiuliang_remote/datasets/toniot/test/abnormal/test_00002538_orig7614_7615_7616.png,1,0.8954432895559326
/root/New_CheckLiuliang_remote/datasets/toniot/test/abnormal/test_00002545_orig7635_7636_7637.png,1,0.3926346654667745
/root/New_CheckLiuliang_remote/datasets/toniot/test/abnormal/test_00002553_orig7659_7660_7661.png,1,0.6979536600573332
/root/New_CheckLiuliang_remote/datasets/toniot/test/abnormal/test_00002561_orig7683_7684_7685.png,1,0.7862937031100207
/root/New_CheckLiuliang_remote/datasets/toniot/test/abnormal/test_00002568_orig7704_7705_7706.png,1,0.8160942372756979
/root/New_CheckLiuliang_remote/datasets/toniot/test/abnormal/test_00002576_orig7728_7729_7730.png,1,0.7674346999784677
/root/New_CheckLiuliang_remote/datasets/toniot/test/abnormal/test_00002584_orig7752_7753_7754.png,1,0.7994617741043827
/root/New_CheckLiuliang_remote/datasets/toniot/test/abnormal/test_00002591_orig7773_7774_7775.png,1,0.79491590134584
/root/New_CheckLiuliang_remote/datasets/toniot/test/abnormal/test_00002599_orig7797_7798_7799.png,1,0.8881879542899889
/root/New_CheckLiuliang_remote/datasets/toniot/test/abnormal/test_00002607_orig7821_7822_7823.png,1,0.41256932662778223
/root/New_CheckLiuliang_remote/datasets/toniot/test/abnormal/test_00002614_orig7842_7843_7844.png,1,0.36651545384080825
/root/New_CheckLiuliang_remote/datasets/toniot/test/abnormal/test_00002622_orig7866_7867_7868.png,1,0.7997015853748699
/root/New_CheckLiuliang_remote/datasets/toniot/test/abnormal/test_00002630_orig7890_7891_7892.png,1,0.8770276382412695
/root/New_CheckLiuliang_remote/datasets/toniot/test/abnormal/test_00002637_orig7911_7912_7913.png,1,0.7268567868266593
/root/New_CheckLiuliang_remote/datasets/toniot/test/abnormal/test_00002645_orig7935_7936_7937.png,1,0.8783507811780156
/root/New_CheckLiuliang_remote/datasets/toniot/test/abnormal/test_00002653_orig7959_7960_7961.png,1,0.40537280200135056
/root/New_CheckLiuliang_remote/datasets/toniot/test/abnormal/test_00002661_orig7983_7984_7985.png,1,0.5189819813026829
/root/New_CheckLiuliang_remote/datasets/toniot/test/abnormal/test_00002668_orig8004_8005_8006.png,1,0.783348782300916
/root/New_CheckLiuliang_remote/datasets/toniot/test/abnormal/test_00002676_orig8028_8029_8030.png,1,0.8798307125310607
/root/New_CheckLiuliang_remote/datasets/toniot/test/abnormal/test_00002684_orig8052_8053_8054.png,1,0.8130587725330336
/root/New_CheckLiuliang_remote/datasets/toniot/test/abnormal/test_00002691_orig8073_8074_8075.png,1,0.5293478056090944
/root/New_CheckLiuliang_remote/datasets/toniot/test/abnormal/test_00002699_orig8097_8098_8099.png,1,0.7857847198362045
/root/New_CheckLiuliang_remote/datasets/toniot/test/abnormal/test_00002707_orig8121_8122_8123.png,1,0.8060349459456022
/root/New_CheckLiuliang_remote/datasets/toniot/test/abnormal/test_00002714_orig8142_8143_8144.png,1,0.7778440529523993
/root/New_CheckLiuliang_remote/datasets/toniot/test/abnormal/test_00002722_orig8166_8167_8168.png,1,0.779579164111689
/root/New_CheckLiuliang_remote/datasets/toniot/test/abnormal/test_00002730_orig8190_8191_8192.png,1,0.32592293877430045
/root/New_CheckLiuliang_remote/datasets/toniot/test/abnormal/test_00002737_orig8211_8212_8213.png,1,0.8082477113787389
/root/New_CheckLiuliang_remote/datasets/toniot/test/abnormal/test_00002745_orig8235_8236_8237.png,1,0.8802281701095876
/root/New_CheckLiuliang_remote/datasets/toniot/test/abnormal/test_00002753_orig8259_8260_8261.png,1,0.7994617741043827
/root/New_CheckLiuliang_remote/datasets/toniot/test/abnormal/test_00002760_orig8280_8281_8282.png,1,0.4413481733811769
/root/New_CheckLiuliang_remote/datasets/toniot/test/abnormal/test_00002768_orig8304_8305_8306.png,1,0.6456401607236477
/root/New_CheckLiuliang_remote/datasets/toniot/test/abnormal/test_00002776_orig8328_8329_8330.png,1,0.7994617741043827
/root/New_CheckLiuliang_remote/datasets/toniot/test/abnormal/test_00002783_orig8349_8350_8351.png,1,0.872488389565688
/root/New_CheckLiuliang_remote/datasets/toniot/test/abnormal/test_00002791_orig8373_8374_8375.png,1,0.8100652188803376
/root/New_CheckLiuliang_remote/datasets/toniot/test/abnormal/test_00002799_orig8397_8398_8399.png,1,0.36651545384080825
/root/New_CheckLiuliang_remote/datasets/toniot/test/abnormal/test_00002806_orig8418_8419_8420.png,1,0.46594649399060745
/root/New_CheckLiuliang_remote/datasets/toniot/test/abnormal/test_00002814_orig8442_8443_8444.png,1,0.7967220209317425
/root/New_CheckLiuliang_remote/datasets/toniot/test/abnormal/test_00002822_orig8466_8467_8468.png,1,0.80971182010211
/root/New_CheckLiuliang_remote/datasets/toniot/test/abnormal/test_00002829_orig8487_8488_8489.png,1,0.9115231264107989
/root/New_CheckLiuliang_remote/datasets/toniot/test/abnormal/test_00002837_orig8511_8512_8513.png,1,0.8734904068120711
/root/New_CheckLiuliang_remote/datasets/toniot/test/abnormal/test_00002845_orig8535_8536_8537.png,1,0.4100145897035618
/root/New_CheckLiuliang_remote/datasets/toniot/test/abnormal/test_00002852_orig8556_8557_8558.png,1,0.8100652188803376
/root/New_CheckLiuliang_remote/datasets/toniot/test/abnormal/test_00002860_orig8580_8581_8582.png,1,0.7997015853748699
/root/New_CheckLiuliang_remote/datasets/toniot/test/abnormal/test_00002868_orig8604_8605_8606.png,1,0.7862937031100207
/root/New_CheckLiuliang_remote/datasets/toniot/test/abnormal/test_00002875_orig8625_8626_8627.png,1,0.4895812094378735
/root/New_CheckLiuliang_remote/datasets/toniot/test/abnormal/test_00002883_orig8649_8650_8651.png,1,0.34220769097679304
/root/New_CheckLiuliang_remote/datasets/toniot/test/abnormal/test_00002891_orig8673_8674_8675.png,1,0.8960963318919903
/root/New_CheckLiuliang_remote/datasets/toniot/test/abnormal/test_00002898_orig8694_8695_8696.png,1,0.8097116962736463
/root/New_CheckLiuliang_remote/datasets/toniot/test/abnormal/test_00002906_orig8718_8719_8720.png,1,0.9158399407679458
/root/New_CheckLiuliang_remote/datasets/toniot/test/abnormal/test_00002914_orig8742_8743_8744.png,1,0.6064829026290507
/root/New_CheckLiuliang_remote/datasets/toniot/test/abnormal/test_00002922_orig8766_8767_8768.png,1,0.3326977057485123
/root/New_CheckLiuliang_remote/datasets/toniot/test/abnormal/test_00002929_orig8787_8788_8789.png,1,0.79491590134584
/root/New_CheckLiuliang_remote/datasets/toniot/test/abnormal/test_00002937_orig8811_8812_8813.png,1,0.8818102423220778
/root/New_CheckLiuliang_remote/datasets/toniot/test/abnormal/test_00002945_orig8835_8836_8837.png,1,0.5151768032275141
/root/New_CheckLiuliang_remote/datasets/toniot/test/abnormal/test_00002952_orig8856_8857_8858.png,1,0.855493832788631
/root/New_CheckLiuliang_remote/datasets/toniot/test/abnormal/test_00002960_orig8880_8881_8882.png,1,0.7994617741043827
/root/New_CheckLiuliang_remote/datasets/toniot/test/abnormal/test_00002968_orig8904_8905_8906.png,1,0.8954432895559326
/root/New_CheckLiuliang_remote/datasets/toniot/test/abnormal/test_00002975_orig8925_8926_8927.png,1,0.8796237345207828
/root/New_CheckLiuliang_remote/datasets/toniot/test/abnormal/test_00002983_orig8949_8950_8951.png,1,0.4306853770089644
/root/New_CheckLiuliang_remote/datasets/toniot/test/abnormal/test_00002991_orig8973_8974_8975.png,1,0.9321053941685461
/root/New_CheckLiuliang_remote/datasets/toniot/test/abnormal/test_00002998_orig8994_8995_8996.png,1,0.7694095742181324
/root/New_CheckLiuliang_remote/datasets/toniot/test/abnormal/test_00003006_orig9018_9019_9020.png,1,0.8963890822285592
/root/New_CheckLiuliang_remote/datasets/toniot/test/abnormal/test_00003014_orig9042_9043_9044.png,1,0.31432982112125296
/root/New_CheckLiuliang_remote/datasets/toniot/test/abnormal/test_00003021_orig9063_9064_9065.png,1,0.8178291764291921
/root/New_CheckLiuliang_remote/datasets/toniot/test/abnormal/test_00003029_orig9087_9088_9089.png,1,0.79491590134584
/root/New_CheckLiuliang_remote/datasets/toniot/test/abnormal/test_00003037_orig9111_9112_9113.png,1,0.8734904068120711
/root/New_CheckLiuliang_remote/datasets/toniot/test/abnormal/test_00003044_orig9132_9133_9134.png,1,0.31432982112125296
/root/New_CheckLiuliang_remote/datasets/toniot/test/abnormal/test_00003052_orig9156_9157_9158.png,1,0.804246052027261
/root/New_CheckLiuliang_remote/datasets/toniot/test/abnormal/test_00003060_orig9180_9181_9182.png,1,0.806326734935569
/root/New_CheckLiuliang_remote/datasets/toniot/test/abnormal/test_00003067_orig9201_9202_9203.png,1,0.41625783099921737
/root/New_CheckLiuliang_remote/datasets/toniot/test/abnormal/test_00003075_orig9225_9226_9227.png,1,0.970038897213634
/root/New_CheckLiuliang_remote/datasets/toniot/test/abnormal/test_00003083_orig9249_9250_9251.png,1,0.845178505273968
/root/New_CheckLiuliang_remote/datasets/toniot/test/abnormal/test_00003090_orig9270_9271_9272.png,1,0.9378809274110562
/root/New_CheckLiuliang_remote/datasets/toniot/test/abnormal/test_00003098_orig9294_9295_9296.png,1,0.8185549476933549
/root/New_CheckLiuliang_remote/datasets/toniot/test/abnormal/test_00003106_orig9318_9319_9320.png,1,0.7913163246122066
/root/New_CheckLiuliang_remote/datasets/toniot/test/abnormal/test_00003113_orig9339_9340_9341.png,1,0.4787395395527224
/root/New_CheckLiuliang_remote/datasets/toniot/test/abnormal/test_00003121_orig9363_9364_9365.png,1,0.8839986178012664
/root/New_CheckLiuliang_remote/datasets/toniot/test/abnormal/test_00003129_orig9387_9388_9389.png,1,0.7997015853748699
/root/New_CheckLiuliang_remote/datasets/toniot/test/abnormal/test_00003136_orig9408_9409_9410.png,1,0.7458550034737639
/root/New_CheckLiuliang_remote/datasets/toniot/test/abnormal/test_00003144_orig9432_9433_9434.png,1,0.8898140725717613
/root/New_CheckLiuliang_remote/datasets/toniot/test/abnormal/test_00003152_orig9456_9457_9458.png,1,0.7971948367125857
/root/New_CheckLiuliang_remote/datasets/toniot/test/abnormal/test_00003159_orig9477_9478_9479.png,1,0.7967220209317425
/root/New_CheckLiuliang_remote/datasets/toniot/test/abnormal/test_00003167_orig9501_9502_9503.png,1,0.736728779767154
/root/New_CheckLiuliang_remote/datasets/toniot/test/abnormal/test_00003175_orig9525_9526_9527.png,1,0.8092942130533561
/root/New_CheckLiuliang_remote/datasets/toniot/test/abnormal/test_00003183_orig9549_9550_9551.png,1,0.32609592304954754
/root/New_CheckLiuliang_remote/datasets/toniot/test/abnormal/test_00003190_orig9570_9571_9572.png,1,0.7912227113092941
/root/New_CheckLiuliang_remote/datasets/toniot/test/abnormal/test_00003198_orig9594_9595_9596.png,1,0.7248703304993833
/root/New_CheckLiuliang_remote/datasets/toniot/test/abnormal/test_00003206_orig9618_9619_9620.png,1,0.416431071110293
/root/New_CheckLiuliang_remote/datasets/toniot/test/abnormal/test_00003213_orig9639_9640_9641.png,1,0.48068796784417495
/root/New_CheckLiuliang_remote/datasets/toniot/test/abnormal/test_00003221_orig9663_9664_9665.png,1,0.8084798206610637
/root/New_CheckLiuliang_remote/datasets/toniot/test/abnormal/test_00003229_orig9687_9688_9689.png,1,0.9025506470463165
/root/New_CheckLiuliang_remote/datasets/toniot/test/abnormal/test_00003236_orig9708_9709_9710.png,1,0.8060989970422995
/root/New_CheckLiuliang_remote/datasets/toniot/test/abnormal/test_00003244_orig9732_9733_9734.png,1,0.8838817104168992
/root/New_CheckLiuliang_remote/datasets/toniot/test/abnormal/test_00003252_orig9756_9757_9758.png,1,0.8968003405944753
/root/New_CheckLiuliang_remote/datasets/toniot/test/abnormal/test_00003259_orig9777_9778_9779.png,1,0.9313865474708803
/root/New_CheckLiuliang_remote/datasets/toniot/test/abnormal/test_00003267_orig9801_9802_9803.png,1,0.5165808504378175
/root/New_CheckLiuliang_remote/datasets/toniot/test/abnormal/test_00003275_orig9825_9826_9827.png,1,0.4483396224294834
/root/New_CheckLiuliang_remote/datasets/toniot/test/abnormal/test_00003282_orig9846_9847_9848.png,1,0.7792247830432169
/root/New_CheckLiuliang_remote/datasets/toniot/test/abnormal/test_00003290_orig9870_9871_9872.png,1,0.8760916830799647
/root/New_CheckLiuliang_remote/datasets/toniot/test/abnormal/test_00003298_orig9894_9895_9896.png,1,0.43123834093416524
/root/New_CheckLiuliang_remote/datasets/toniot/test/abnormal/test_00003305_orig9915_9916_9917.png,1,0.42688451755018997
/root/New_CheckLiuliang_remote/datasets/toniot/test/abnormal/test_00003313_orig9939_9940_9941.png,1,0.42444933527381806
/root/New_CheckLiuliang_remote/datasets/toniot/test/abnormal/test_00003321_orig9963_9964_9965.png,1,0.8739421342876839
/root/New_CheckLiuliang_remote/datasets/toniot/test/abnormal/test_00003328_orig9984_9985_9986.png,1,0.7679930699116981
/root/New_CheckLiuliang_remote/datasets/toniot/test/abnormal/test_00003336_orig10008_10009_10010.png,1,0.4027853154735189
/root/New_CheckLiuliang_remote/datasets/toniot/test/abnormal/test_00003344_orig10032_10033_10034.png,1,0.6210005345606321
/root/New_CheckLiuliang_remote/datasets/toniot/test/abnormal/test_00003351_orig10053_10054_10055.png,1,0.7744585806713364
/root/New_CheckLiuliang_remote/datasets/toniot/test/abnormal/test_00003359_orig10077_10078_10079.png,1,0.79491590134584
/root/New_CheckLiuliang_remote/datasets/toniot/test/abnormal/test_00003367_orig10101_10102_10103.png,1,0.7416912012678272
/root/New_CheckLiuliang_remote/datasets/toniot/test/abnormal/test_00003374_orig10122_10123_10124.png,1,0.5578010449420013
/root/New_CheckLiuliang_remote/datasets/toniot/test/abnormal/test_00003382_orig10146_10147_10148.png,1,0.4618289672226217
/root/New_CheckLiuliang_remote/datasets/toniot/test/abnormal/test_00003390_orig10170_10171_10172.png,1,0.5313840373913996
/root/New_CheckLiuliang_remote/datasets/toniot/test/abnormal/test_00003397_orig10191_10192_10193.png,1,0.5611103674698453
/root/New_CheckLiuliang_remote/datasets/toniot/test/abnormal/test_00003405_orig10215_10216_10217.png,1,0.41057709975668777
/root/New_CheckLiuliang_remote/datasets/toniot/test/abnormal/test_00003413_orig10239_10240_10241.png,1,0.8408040508159038
/root/New_CheckLiuliang_remote/datasets/toniot/test/abnormal/test_00003420_orig10260_10261_10262.png,1,0.4016554579547276
/root/New_CheckLiuliang_remote/datasets/toniot/test/abnormal/test_00003428_orig10284_10285_10286.png,1,0.3989703700356611
/root/New_CheckLiuliang_remote/datasets/toniot/test/abnormal/test_00003436_orig10308_10309_10310.png,1,0.3989703700356611
/root/New_CheckLiuliang_remote/datasets/toniot/test/abnormal/test_00003443_orig10329_10330_10331.png,1,0.8843573182231436
/root/New_CheckLiuliang_remote/datasets/toniot/test/abnormal/test_00003451_orig10353_10354_10355.png,1,0.8454217577867718
/root/New_CheckLiuliang_remote/datasets/toniot/test/abnormal/test_00003459_orig10377_10378_10379.png,1,0.9009213698520492
/root/New_CheckLiuliang_remote/datasets/toniot/test/abnormal/test_00003467_orig10401_10402_10403.png,1,0.598574552410657
/root/New_CheckLiuliang_remote/datasets/toniot/test/abnormal/test_00003474_orig10422_10423_10424.png,1,0.3989703700356611
/root/New_CheckLiuliang_remote/datasets/toniot/test/abnormal/test_00003482_orig10446_10447_10448.png,1,0.8771567105357648
/root/New_CheckLiuliang_remote/datasets/toniot/test/abnormal/test_00003490_orig10470_10471_10472.png,1,0.8747369403784606
/root/New_CheckLiuliang_remote/datasets/toniot/test/abnormal/test_00003497_orig10491_10492_10493.png,1,0.42085669833982037
/root/New_CheckLiuliang_remote/datasets/toniot/test/abnormal/test_00003505_orig10515_10516_10517.png,1,0.6623455808990305
/root/New_CheckLiuliang_remote/datasets/toniot/test/abnormal/test_00003513_orig10539_10540_10541.png,1,0.4016554579547276
/root/New_CheckLiuliang_remote/datasets/toniot/test/abnormal/test_00003520_orig10560_10561_10562.png,1,0.45504682125425805
/root/New_CheckLiuliang_remote/datasets/toniot/test/abnormal/test_00003528_orig10584_10585_10586.png,1,0.815069066124765
/root/New_CheckLiuliang_remote/datasets/toniot/test/abnormal/test_00003536_orig10608_10609_10610.png,1,0.5256719990734717
/root/New_CheckLiuliang_remote/datasets/toniot/test/abnormal/test_00003543_orig10629_10630_10631.png,1,0.8226536868622837
/root/New_CheckLiuliang_remote/datasets/toniot/test/abnormal/test_00003551_orig10653_10654_10655.png,1,0.4913628506554123
/root/New_CheckLiuliang_remote/datasets/toniot/test/abnormal/test_00003559_orig10677_10678_10679.png,1,0.3989703700356611
/root/New_CheckLiuliang_remote/datasets/toniot/test/abnormal/test_00003566_orig10698_10699_10700.png,1,0.4496052309120242
/root/New_CheckLiuliang_remote/datasets/toniot/test/abnormal/test_00003574_orig10722_10723_10724.png,1,0.42085669833982037
/root/New_CheckLiuliang_remote/datasets/toniot/test/abnormal/test_00003582_orig10746_10747_10748.png,1,0.4720040320967835
/root/New_CheckLiuliang_remote/datasets/toniot/test/abnormal/test_00003589_orig10767_10768_10769.png,1,0.564111706177292
/root/New_CheckLiuliang_remote/datasets/toniot/test/abnormal/test_00003597_orig10791_10792_10793.png,1,0.6685793899999052
/root/New_CheckLiuliang_remote/datasets/toniot/test/abnormal/test_00003605_orig10815_10816_10817.png,1,0.329424736515541
/root/New_CheckLiuliang_remote/datasets/toniot/test/abnormal/test_00003612_orig10836_10837_10838.png,1,0.42011721402161184
/root/New_CheckLiuliang_remote/datasets/toniot/test/abnormal/test_00003620_orig10860_10861_10862.png,1,0.5381969258896855
/root/New_CheckLiuliang_remote/datasets/toniot/test/abnormal/test_00003628_orig10884_10885_10886.png,1,0.6371084838681075
/root/New_CheckLiuliang_remote/datasets/toniot/test/abnormal/test_00003635_orig10905_10906_10907.png,1,0.5135253547367907
/root/New_CheckLiuliang_remote/datasets/toniot/test/abnormal/test_00003643_orig10929_10930_10931.png,1,0.8850661755181563
/root/New_CheckLiuliang_remote/datasets/toniot/test/abnormal/test_00003651_orig10953_10954_10955.png,1,0.600236258865907
/root/New_CheckLiuliang_remote/datasets/toniot/test/abnormal/test_00003658_orig10974_10975_10976.png,1,0.3989703700356611
/root/New_CheckLiuliang_remote/datasets/toniot/test/abnormal/test_00003666_orig10998_10999_11000.png,1,0.486750974661847
/root/New_CheckLiuliang_remote/datasets/toniot/test/abnormal/test_00003674_orig11022_11023_11024.png,1,0.4853411527874702
/root/New_CheckLiuliang_remote/datasets/toniot/test/abnormal/test_00003681_orig11043_11044_11045.png,1,0.42085669833982037
/root/New_CheckLiuliang_remote/datasets/toniot/test/abnormal/test_00003689_orig11067_11068_11069.png,1,0.3461858313453637
/root/New_CheckLiuliang_remote/datasets/toniot/test/abnormal/test_00003697_orig11091_11092_11093.png,1,0.5136930527292126
/root/New_CheckLiuliang_remote/datasets/toniot/test/abnormal/test_00003704_orig11112_11113_11114.png,1,0.7970269409080954
/root/New_CheckLiuliang_remote/datasets/toniot/test/abnormal/test_00003712_orig11136_11137_11138.png,1,0.4642796010726562
/root/New_CheckLiuliang_remote/datasets/toniot/test/abnormal/test_00003720_orig11160_11161_11162.png,1,0.42085669833982037
/root/New_CheckLiuliang_remote/datasets/toniot/test/abnormal/test_00003728_orig11184_11185_11186.png,1,0.42085669833982037
/root/New_CheckLiuliang_remote/datasets/toniot/test/abnormal/test_00003735_orig11205_11206_11207.png,1,0.42085669833982037
/root/New_CheckLiuliang_remote/datasets/toniot/test/abnormal/test_00003743_orig11229_11230_11231.png,1,0.3989703700356611
/root/New_CheckLiuliang_remote/datasets/toniot/test/abnormal/test_00003751_orig11253_11254_11255.png,1,0.7518572426789559
/root/New_CheckLiuliang_remote/datasets/toniot/test/abnormal/test_00003758_orig11274_11275_11276.png,1,0.4211224497472169
/root/New_CheckLiuliang_remote/datasets/toniot/test/abnormal/test_00003766_orig11298_11299_11300.png,1,0.7502267804148876
/root/New_CheckLiuliang_remote/datasets/toniot/test/abnormal/test_00003774_orig11322_11323_11324.png,1,0.41310408445353924
/root/New_CheckLiuliang_remote/datasets/toniot/test/abnormal/test_00003781_orig11343_11344_11345.png,1,0.8866954129297183
/root/New_CheckLiuliang_remote/datasets/toniot/test/abnormal/test_00003789_orig11367_11368_11369.png,1,0.41433402240923045
/root/New_CheckLiuliang_remote/datasets/toniot/test/abnormal/test_00003797_orig11391_11392_11393.png,1,0.4088074565397887
/root/New_CheckLiuliang_remote/datasets/toniot/test/abnormal/test_00003804_orig11412_11413_11414.png,1,0.41327337633538463
/root/New_CheckLiuliang_remote/datasets/toniot/test/abnormal/test_00003812_orig11436_11437_11438.png,1,0.33295334107545277
/root/New_CheckLiuliang_remote/datasets/toniot/test/abnormal/test_00003820_orig11460_11461_11462.png,1,1.0
/root/New_CheckLiuliang_remote/datasets/toniot/test/abnormal/test_00003827_orig11481_11482_11483.png,1,0.7933273384355617
/root/New_CheckLiuliang_remote/datasets/toniot/test/abnormal/test_00003835_orig11505_11506_11507.png,1,0.5493675260791004
/root/New_CheckLiuliang_remote/datasets/toniot/test/abnormal/test_00003843_orig11529_11530_11531.png,1,0.39442095182205267
/root/New_CheckLiuliang_remote/datasets/toniot/test/abnormal/test_00003850_orig11550_11551_11552.png,1,0.7181799857117318
/root/New_CheckLiuliang_remote/datasets/toniot/test/abnormal/test_00003858_orig11574_11575_11576.png,1,0.4580139271468233
/root/New_CheckLiuliang_remote/datasets/toniot/test/abnormal/test_00003866_orig11598_11599_11600.png,1,0.6077396060216627
/root/New_CheckLiuliang_remote/datasets/toniot/test/abnormal/test_00003873_orig11619_11620_11621.png,1,0.5581765226546952
/root/New_CheckLiuliang_remote/datasets/toniot/test/abnormal/test_00003881_orig11643_11644_11645.png,1,0.6820866278839222
/root/New_CheckLiuliang_remote/datasets/toniot/test/abnormal/test_00003889_orig11667_11668_11669.png,1,0.3611421094613657
/root/New_CheckLiuliang_remote/datasets/toniot/test/abnormal/test_00003896_orig11688_11689_11690.png,1,0.7387054565106699
/root/New_CheckLiuliang_remote/datasets/toniot/test/abnormal/test_00003904_orig11712_11713_11714.png,1,0.9421839325253939
/root/New_CheckLiuliang_remote/datasets/toniot/test/abnormal/test_00003912_orig11736_11737_11738.png,1,0.4408789332454358
/root/New_CheckLiuliang_remote/datasets/toniot/test/abnormal/test_00003919_orig11757_11758_11759.png,1,0.38748765090246484
/root/New_CheckLiuliang_remote/datasets/toniot/test/abnormal/test_00003927_orig11781_11782_11783.png,1,0.6077396060216627
/root/New_CheckLiuliang_remote/datasets/toniot/test/abnormal/test_00003935_orig11805_11806_11807.png,1,0.6731146544238026
/root/New_CheckLiuliang_remote/datasets/toniot/test/abnormal/test_00003942_orig11826_11827_11828.png,1,0.4890931985432822
/root/New_CheckLiuliang_remote/datasets/toniot/test/abnormal/test_00003950_orig11850_11851_11852.png,1,0.816596321622554
/root/New_CheckLiuliang_remote/datasets/toniot/test/abnormal/test_00003958_orig11874_11875_11876.png,1,0.6009282561151861
/root/New_CheckLiuliang_remote/datasets/toniot/test/abnormal/test_00003965_orig11895_11896_11897.png,1,0.5296967045316849
/root/New_CheckLiuliang_remote/datasets/toniot/test/abnormal/test_00003973_orig11919_11920_11921.png,1,0.6371084838681075
/root/New_CheckLiuliang_remote/datasets/toniot/test/abnormal/test_00003981_orig11943_11944_11945.png,1,0.8196677117291794
/root/New_CheckLiuliang_remote/datasets/toniot/test/abnormal/test_00003989_orig11967_11968_11969.png,1,0.44476100958106823
/root/New_CheckLiuliang_remote/datasets/toniot/test/abnormal/test_00003996_orig11988_11989_11990.png,1,0.9429085041160262
/root/New_CheckLiuliang_remote/datasets/toniot/test/abnormal/test_00004004_orig12012_12013_12014.png,1,0.70550966275362
/root/New_CheckLiuliang_remote/datasets/toniot/test/abnormal/test_00004012_orig12036_12037_12038.png,1,0.5279590020081539
/root/New_CheckLiuliang_remote/datasets/toniot/test/abnormal/test_00004019_orig12057_12058_12059.png,1,0.9820001792060584
/root/New_CheckLiuliang_remote/datasets/toniot/test/abnormal/test_00004027_orig12081_12082_12083.png,1,0.7389887969451265
/root/New_CheckLiuliang_remote/datasets/toniot/test/abnormal/test_00004035_orig12105_12106_12107.png,1,0.4172640945564489
/root/New_CheckLiuliang_remote/datasets/toniot/test/abnormal/test_00004042_orig12126_12127_12128.png,1,0.3741859845171073
/root/New_CheckLiuliang_remote/datasets/toniot/test/abnormal/test_00004050_orig12150_12151_12152.png,1,0.47253722392645897
/root/New_CheckLiuliang_remote/datasets/toniot/test/abnormal/test_00004058_orig12174_12175_12176.png,1,0.7101051215307657
/root/New_CheckLiuliang_remote/datasets/toniot/test/abnormal/test_00004065_orig12195_12196_12197.png,1,0.39797792743597327
/root/New_CheckLiuliang_remote/datasets/toniot/test/abnormal/test_00004073_orig12219_12220_12221.png,1,0.49779893214765714
/root/New_CheckLiuliang_remote/datasets/toniot/test/abnormal/test_00004081_orig12243_12244_12245.png,1,0.9102405868735677
/root/New_CheckLiuliang_remote/datasets/toniot/test/abnormal/test_00004088_orig12264_12265_12266.png,1,0.48513183492272144
/root/New_CheckLiuliang_remote/datasets/toniot/test/abnormal/test_00004096_orig12288_12289_12290.png,1,0.42011721402161184
/root/New_CheckLiuliang_remote/datasets/toniot/test/abnormal/test_00004104_orig12312_12313_12314.png,1,0.7883797377331673
/root/New_CheckLiuliang_remote/datasets/toniot/test/abnormal/test_00004111_orig12333_12334_12335.png,1,0.7694722401670684
/root/New_CheckLiuliang_remote/datasets/toniot/test/abnormal/test_00004119_orig12357_12358_12359.png,1,0.4364985062263607
/root/New_CheckLiuliang_remote/datasets/toniot/test/abnormal/test_00004127_orig12381_12382_12383.png,1,0.5630963736480714
/root/New_CheckLiuliang_remote/datasets/toniot/test/abnormal/test_00004134_orig12402_12403_12404.png,1,0.3989703700356611
/root/New_CheckLiuliang_remote/datasets/toniot/test/abnormal/test_00004142_orig12426_12427_12428.png,1,0.8074685292663941
/root/New_CheckLiuliang_remote/datasets/toniot/test/abnormal/test_00004150_orig12450_12451_12452.png,1,0.4510330262368835
/root/New_CheckLiuliang_remote/datasets/toniot/test/abnormal/test_00004157_orig12471_12472_12473.png,1,0.6050421814787863
/root/New_CheckLiuliang_remote/datasets/toniot/test/abnormal/test_00004165_orig12495_12496_12497.png,1,0.7988940815675674
/root/New_CheckLiuliang_remote/datasets/toniot/test/abnormal/test_00004173_orig12519_12520_12521.png,1,0.43303624012991637
/root/New_CheckLiuliang_remote/datasets/toniot/test/abnormal/test_00004180_orig12540_12541_12542.png,1,0.5416933591075873
/root/New_CheckLiuliang_remote/datasets/toniot/test/abnormal/test_00004188_orig12564_12565_12566.png,1,0.7865759748453088
/root/New_CheckLiuliang_remote/datasets/toniot/test/abnormal/test_00004196_orig12588_12589_12590.png,1,0.5344948693732138
/root/New_CheckLiuliang_remote/datasets/toniot/test/abnormal/test_00004203_orig12609_12610_12611.png,1,0.39797792743597327
/root/New_CheckLiuliang_remote/datasets/toniot/test/abnormal/test_00004211_orig12633_12634_12635.png,1,0.3987080007118205
/root/New_CheckLiuliang_remote/datasets/toniot/test/abnormal/test_00004219_orig12657_12658_12659.png,1,0.7058694241479213
/root/New_CheckLiuliang_remote/datasets/toniot/test/abnormal/test_00004226_orig12678_12679_12680.png,1,0.45771755009199805
/root/New_CheckLiuliang_remote/datasets/toniot/test/abnormal/test_00004234_orig12702_12703_12704.png,1,0.7732396937525278
/root/New_CheckLiuliang_remote/datasets/toniot/test/abnormal/test_00004242_orig12726_12727_12728.png,1,0.9032967592782523
/root/New_CheckLiuliang_remote/datasets/toniot/test/abnormal/test_00004250_orig12750_12751_12752.png,1,0.7523356805692447
/root/New_CheckLiuliang_remote/datasets/toniot/test/abnormal/test_00004257_orig12771_12772_12773.png,1,0.6043551286754949
/root/New_CheckLiuliang_remote/datasets/toniot/test/abnormal/test_00004265_orig12795_12796_12797.png,1,0.7253690544461727
/root/New_CheckLiuliang_remote/datasets/toniot/test/abnormal/test_00004273_orig12819_12820_12821.png,1,0.6839058116862542
/root/New_CheckLiuliang_remote/datasets/toniot/test/abnormal/test_00004280_orig12840_12841_12842.png,1,0.43390520276799266
/root/New_CheckLiuliang_remote/datasets/toniot/test/abnormal/test_00004288_orig12864_12865_12866.png,1,0.7722251154156099
/root/New_CheckLiuliang_remote/datasets/toniot/test/abnormal/test_00004296_orig12888_12889_12890.png,1,0.7121694206866122
/root/New_CheckLiuliang_remote/datasets/toniot/test/abnormal/test_00004303_orig12909_12910_12911.png,1,0.5176040887906382
/root/New_CheckLiuliang_remote/datasets/toniot/test/abnormal/test_00004311_orig12933_12934_12935.png,1,0.4105196302869233
/root/New_CheckLiuliang_remote/datasets/toniot/test/abnormal/test_00004319_orig12957_12958_12959.png,1,0.4632578827560309
/root/New_CheckLiuliang_remote/datasets/toniot/test/abnormal/test_00004326_orig12978_12979_12980.png,1,0.46539454147570813
/root/New_CheckLiuliang_remote/datasets/toniot/test/abnormal/test_00004334_orig13002_13003_13004.png,1,0.8788427234277089
/root/New_CheckLiuliang_remote/datasets/toniot/test/abnormal/test_00004342_orig13026_13027_13028.png,1,0.6181297071736478
/root/New_CheckLiuliang_remote/datasets/toniot/test/abnormal/test_00004349_orig13047_13048_13049.png,1,0.45858371841761464
/root/New_CheckLiuliang_remote/datasets/toniot/test/abnormal/test_00004357_orig13071_13072_13073.png,1,0.7457763554651281
/root/New_CheckLiuliang_remote/datasets/toniot/test/abnormal/test_00004365_orig13095_13096_13097.png,1,0.3989703700356611
/root/New_CheckLiuliang_remote/datasets/toniot/test/abnormal/test_00004372_orig13116_13117_13118.png,1,0.3989703700356611
/root/New_CheckLiuliang_remote/datasets/toniot/test/abnormal/test_00004380_orig13140_13141_13142.png,1,0.8081324703544627
/root/New_CheckLiuliang_remote/datasets/toniot/test/abnormal/test_00004388_orig13164_13165_13166.png,1,0.4681872452551332
/root/New_CheckLiuliang_remote/datasets/toniot/test/abnormal/test_00004395_orig13185_13186_13187.png,1,0.5475527858702579
/root/New_CheckLiuliang_remote/datasets/toniot/test/abnormal/test_00004403_orig13209_13210_13211.png,1,0.7426780477474145
/root/New_CheckLiuliang_remote/datasets/toniot/test/abnormal/test_00004411_orig13233_13234_13235.png,1,0.49454625308162065
/root/New_CheckLiuliang_remote/datasets/toniot/test/abnormal/test_00004418_orig13254_13255_13256.png,1,0.37478921084219086
/root/New_CheckLiuliang_remote/datasets/toniot/test/abnormal/test_00004426_orig13278_13279_13280.png,1,0.7776720207836973
/root/New_CheckLiuliang_remote/datasets/toniot/test/abnormal/test_00004434_orig13302_13303_13304.png,1,0.3989703700356611
/root/New_CheckLiuliang_remote/datasets/toniot/test/abnormal/test_00004441_orig13323_13324_13325.png,1,0.7926006920839949
/root/New_CheckLiuliang_remote/datasets/toniot/test/abnormal/test_00004449_orig13347_13348_13349.png,1,0.8002368657227982
/root/New_CheckLiuliang_remote/datasets/toniot/test/abnormal/test_00004457_orig13371_13372_13373.png,1,0.5097465812912317
/root/New_CheckLiuliang_remote/datasets/toniot/test/abnormal/test_00004464_orig13392_13393_13394.png,1,0.7933672265087228
/root/New_CheckLiuliang_remote/datasets/toniot/test/abnormal/test_00004472_orig13416_13417_13418.png,1,0.516589295702807
/root/New_CheckLiuliang_remote/datasets/toniot/test/abnormal/test_00004480_orig13440_13441_13442.png,1,0.46685851738709777
/root/New_CheckLiuliang_remote/datasets/toniot/test/abnormal/test_00004487_orig13461_13462_13463.png,1,0.5383391204754789
/root/New_CheckLiuliang_remote/datasets/toniot/test/abnormal/test_00004495_orig13485_13486_13487.png,1,0.719260672101407
/root/New_CheckLiuliang_remote/datasets/toniot/test/abnormal/test_00004503_orig13509_13510_13511.png,1,0.4870946802987227
/root/New_CheckLiuliang_remote/datasets/toniot/test/abnormal/test_00004511_orig13533_13534_13535.png,1,0.41847529725022076
/root/New_CheckLiuliang_remote/datasets/toniot/test/abnormal/test_00004518_orig13554_13555_13556.png,1,0.7927739527301688
/root/New_CheckLiuliang_remote/datasets/toniot/test/abnormal/test_00004526_orig13578_13579_13580.png,1,0.6058193583426471
/root/New_CheckLiuliang_remote/datasets/toniot/test/abnormal/test_00004534_orig13602_13603_13604.png,1,0.6324038238112741
/root/New_CheckLiuliang_remote/datasets/toniot/test/abnormal/test_00004541_orig13623_13624_13625.png,1,0.6402348670266156
/root/New_CheckLiuliang_remote/datasets/toniot/test/abnormal/test_00004549_orig13647_13648_13649.png,1,0.7931321289569155
/root/New_CheckLiuliang_remote/datasets/toniot/test/abnormal/test_00004557_orig13671_13672_13673.png,1,0.6371084838681075
/root/New_CheckLiuliang_remote/datasets/toniot/test/abnormal/test_00004564_orig13692_13693_13694.png,1,0.4969301673364467
/root/New_CheckLiuliang_remote/datasets/toniot/test/abnormal/test_00004572_orig13716_13717_13718.png,1,0.7618683614684928
/root/New_CheckLiuliang_remote/datasets/toniot/test/abnormal/test_00004580_orig13740_13741_13742.png,1,0.7967220209317425
/root/New_CheckLiuliang_remote/datasets/toniot/test/abnormal/test_00004587_orig13761_13762_13763.png,1,0.5305171190870014
/root/New_CheckLiuliang_remote/datasets/toniot/test/abnormal/test_00004595_orig13785_13786_13787.png,1,0.5867572604128656
/root/New_CheckLiuliang_remote/datasets/toniot/test/abnormal/test_00004603_orig13809_13810_13811.png,1,0.3989703700356611
/root/New_CheckLiuliang_remote/datasets/toniot/test/abnormal/test_00004610_orig13830_13831_13832.png,1,0.8258133434322954
/root/New_CheckLiuliang_remote/datasets/toniot/test/abnormal/test_00004618_orig13854_13855_13856.png,1,0.5249322018033177
/root/New_CheckLiuliang_remote/datasets/toniot/test/abnormal/test_00004626_orig13878_13879_13880.png,1,0.43183193134220854
/root/New_CheckLiuliang_remote/datasets/toniot/test/abnormal/test_00004633_orig13899_13900_13901.png,1,0.6217006248078244
/root/New_CheckLiuliang_remote/datasets/toniot/test/abnormal/test_00004641_orig13923_13924_13925.png,1,0.4356954754755393
/root/New_CheckLiuliang_remote/datasets/toniot/test/abnormal/test_00004643_orig13929_13930_13931.png,1,0.11828535821379073
/root/New_CheckLiuliang_remote/datasets/toniot/test/abnormal/test_00004648_orig13944_13945_13946.png,1,0.5773450397988669
/root/New_CheckLiuliang_remote/datasets/toniot/test/abnormal/test_00004653_orig13959_13960_13961.png,1,0.5471409616890259
/root/New_CheckLiuliang_remote/datasets/toniot/test/abnormal/test_00004658_orig13974_13975_13976.png,1,0.5471409616890259
/root/New_CheckLiuliang_remote/datasets/toniot/test/abnormal/test_00004663_orig13989_13990_13991.png,1,0.5507476090961376
/root/New_CheckLiuliang_remote/datasets/toniot/test/abnormal/test_00004668_orig14004_14005_14006.png,1,0.5423890654649646
/root/New_CheckLiuliang_remote/datasets/toniot/test/abnormal/test_00004673_orig14019_14020_14021.png,1,0.48303335316014456
/root/New_CheckLiuliang_remote/datasets/toniot/test/abnormal/test_00004678_orig14034_14035_14036.png,1,0.5471409616890259
/root/New_CheckLiuliang_remote/datasets/toniot/test/abnormal/test_00004683_orig14049_14050_14051.png,1,0.5178705418817485
/root/New_CheckLiuliang_remote/datasets/toniot/test/abnormal/test_00004688_orig14064_14065_14066.png,1,0.458379531967507
/root/New_CheckLiuliang_remote/datasets/toniot/test/abnormal/test_00004693_orig14079_14080_14081.png,1,0.5495331809550936
/root/New_CheckLiuliang_remote/datasets/toniot/test/abnormal/test_00004698_orig14094_14095_14096.png,1,0.5471409616890259
/root/New_CheckLiuliang_remote/datasets/toniot/test/abnormal/test_00004703_orig14109_14110_14111.png,1,0.5337222621047041
/root/New_CheckLiuliang_remote/datasets/toniot/test/abnormal/test_00004708_orig14124_14125_14126.png,1,0.5049742629847391
/root/New_CheckLiuliang_remote/datasets/toniot/test/abnormal/test_00004713_orig14139_14140_14141.png,1,0.5471409616890259
/root/New_CheckLiuliang_remote/datasets/toniot/test/abnormal/test_00004718_orig14154_14155_14156.png,1,0.5341409125970199
/root/New_CheckLiuliang_remote/datasets/toniot/test/abnormal/test_00004723_orig14169_14170_14171.png,1,0.13553656688002794
/root/New_CheckLiuliang_remote/datasets/toniot/test/abnormal/test_00004728_orig14184_14185_14186.png,1,0.5471409616890259
/root/New_CheckLiuliang_remote/datasets/toniot/test/abnormal/test_00004733_orig14199_14200_14201.png,1,0.4887898190568647
/root/New_CheckLiuliang_remote/datasets/toniot/test/abnormal/test_00004738_orig14214_14215_14216.png,1,0.5616278560834065
/root/New_CheckLiuliang_remote/datasets/toniot/test/abnormal/test_00004743_orig14229_14230_14231.png,1,0.5200948599648528
/root/New_CheckLiuliang_remote/datasets/toniot/test/abnormal/test_00004748_orig14244_14245_14246.png,1,0.5320435735762034
/root/New_CheckLiuliang_remote/datasets/toniot/test/abnormal/test_00004753_orig14259_14260_14261.png,1,0.48570623038390404
/root/New_CheckLiuliang_remote/datasets/toniot/test/abnormal/test_00004758_orig14274_14275_14276.png,1,0.5954290106961506
/root/New_CheckLiuliang_remote/datasets/toniot/test/abnormal/test_00004763_orig14289_14290_14291.png,1,0.5471409616890259
/root/New_CheckLiuliang_remote/datasets/toniot/test/abnormal/test_00004768_orig14304_14305_14306.png,1,0.4894857534403413
/root/New_CheckLiuliang_remote/datasets/toniot/test/abnormal/test_00004773_orig14319_14320_14321.png,1,0.40299870863399645
/root/New_CheckLiuliang_remote/datasets/toniot/test/abnormal/test_00004778_orig14334_14335_14336.png,1,0.4969173051894671
/root/New_CheckLiuliang_remote/datasets/toniot/test/abnormal/test_00004783_orig14349_14350_14351.png,1,0.44635955041449915
/root/New_CheckLiuliang_remote/datasets/toniot/test/abnormal/test_00004788_orig14364_14365_14366.png,1,0.1477936663002448
/root/New_CheckLiuliang_remote/datasets/toniot/test/abnormal/test_00004793_orig14379_14380_14381.png,1,0.5471409616890259
/root/New_CheckLiuliang_remote/datasets/toniot/test/abnormal/test_00004798_orig14394_14395_14396.png,1,0.5471409616890259
/root/New_CheckLiuliang_remote/datasets/toniot/test/abnormal/test_00004803_orig14409_14410_14411.png,1,0.4934874641302843
/root/New_CheckLiuliang_remote/datasets/toniot/test/abnormal/test_00004808_orig14424_14425_14426.png,1,0.3985466676768022
/root/New_CheckLiuliang_remote/datasets/toniot/test/abnormal/test_00004813_orig14439_14440_14441.png,1,0.4437960488558795
/root/New_CheckLiuliang_remote/datasets/toniot/test/abnormal/test_00004818_orig14454_14455_14456.png,1,0.44635955041449915
/root/New_CheckLiuliang_remote/datasets/toniot/test/abnormal/test_00004823_orig14469_14470_14471.png,1,0.4968977757490507
/root/New_CheckLiuliang_remote/datasets/toniot/test/abnormal/test_00004828_orig14484_14485_14486.png,1,0.3023947803878192
/root/New_CheckLiuliang_remote/datasets/toniot/test/abnormal/test_00004833_orig14499_14500_14501.png,1,0.5301170225151898
/root/New_CheckLiuliang_remote/datasets/toniot/test/abnormal/test_00004838_orig14514_14515_14516.png,1,0.4800066349364821
/root/New_CheckLiuliang_remote/datasets/toniot/test/abnormal/test_00004843_orig14529_14530_14531.png,1,0.47695868743314934
/root/New_CheckLiuliang_remote/datasets/toniot/test/abnormal/test_00004848_orig14544_14545_14546.png,1,0.5200948599648528
/root/New_CheckLiuliang_remote/datasets/toniot/test/abnormal/test_00004853_orig14559_14560_14561.png,1,0.4887898190568647
/root/New_CheckLiuliang_remote/datasets/toniot/test/abnormal/test_00004858_orig14574_14575_14576.png,1,0.5711268663499777
/root/New_CheckLiuliang_remote/datasets/toniot/test/abnormal/test_00004863_orig14589_14590_14591.png,1,0.4079345148036376
/root/New_CheckLiuliang_remote/datasets/toniot/test/abnormal/test_00004868_orig14604_14605_14606.png,1,0.626082383921569
/root/New_CheckLiuliang_remote/datasets/toniot/test/abnormal/test_00004873_orig14619_14620_14621.png,1,0.5352508101072483
/root/New_CheckLiuliang_remote/datasets/toniot/test/abnormal/test_00004878_orig14634_14635_14636.png,1,0.5471409616890259
/root/New_CheckLiuliang_remote/datasets/toniot/test/abnormal/test_00004883_orig14649_14650_14651.png,1,0.7151014025556506
/root/New_CheckLiuliang_remote/datasets/toniot/test/abnormal/test_00004888_orig14664_14665_14666.png,1,0.5406665490541027
/root/New_CheckLiuliang_remote/datasets/toniot/test/abnormal/test_00004893_orig14679_14680_14681.png,1,0.592529508180928
/root/New_CheckLiuliang_remote/datasets/toniot/test/abnormal/test_00004898_orig14694_14695_14696.png,1,0.4994990917694638
/root/New_CheckLiuliang_remote/datasets/toniot/test/abnormal/test_00004903_orig14709_14710_14711.png,1,0.5795324846067251
/root/New_CheckLiuliang_remote/datasets/toniot/test/abnormal/test_00004908_orig14724_14725_14726.png,1,0.4894857534403413
/root/New_CheckLiuliang_remote/datasets/toniot/test/abnormal/test_00004913_orig14739_14740_14741.png,1,0.3923938865318952
/root/New_CheckLiuliang_remote/datasets/toniot/test/abnormal/test_00004918_orig14754_14755_14756.png,1,0.1472703212210703
/root/New_CheckLiuliang_remote/datasets/toniot/test/abnormal/test_00004923_orig14769_14770_14771.png,1,0.5019371923321594
/root/New_CheckLiuliang_remote/datasets/toniot/test/abnormal/test_00004928_orig14784_14785_14786.png,1,0.5471409616890259
/root/New_CheckLiuliang_remote/datasets/toniot/test/abnormal/test_00004933_orig14799_14800_14801.png,1,0.6221459657982864
/root/New_CheckLiuliang_remote/datasets/toniot/test/abnormal/test_00004938_orig14814_14815_14816.png,1,0.1441495992934623
/root/New_CheckLiuliang_remote/datasets/toniot/test/abnormal/test_00004943_orig14829_14830_14831.png,1,0.5471409616890259
/root/New_CheckLiuliang_remote/datasets/toniot/test/abnormal/test_00004948_orig14844_14845_14846.png,1,0.5341409125970199
/root/New_CheckLiuliang_remote/datasets/toniot/test/abnormal/test_00004953_orig14859_14860_14861.png,1,0.5471409616890259
/root/New_CheckLiuliang_remote/datasets/toniot/test/abnormal/test_00004958_orig14874_14875_14876.png,1,0.44270760844341905
/root/New_CheckLiuliang_remote/datasets/toniot/test/abnormal/test_00004963_orig14889_14890_14891.png,1,0.542738483525566
/root/New_CheckLiuliang_remote/datasets/toniot/test/abnormal/test_00004968_orig14904_14905_14906.png,1,0.4734672399235927
/root/New_CheckLiuliang_remote/datasets/toniot/test/abnormal/test_00004973_orig14919_14920_14921.png,1,0.5362310821173422
/root/New_CheckLiuliang_remote/datasets/toniot/test/abnormal/test_00004978_orig14934_14935_14936.png,1,0.5053783398741597
/root/New_CheckLiuliang_remote/datasets/toniot/test/abnormal/test_00004983_orig14949_14950_14951.png,1,0.5053783398741597
/root/New_CheckLiuliang_remote/datasets/toniot/test/abnormal/test_00004988_orig14964_14965_14966.png,1,0.47893734288893597
/root/New_CheckLiuliang_remote/datasets/toniot/test/abnormal/test_00004993_orig14979_14980_14981.png,1,0.45361393449854576
/root/New_CheckLiuliang_remote/datasets/toniot/test/abnormal/test_00004998_orig14994_14995_14996.png,1,0.5320435735762034
/root/New_CheckLiuliang_remote/datasets/toniot/test/abnormal/test_00005004_orig15012_15013_15014.png,1,0.5053783398741597
/root/New_CheckLiuliang_remote/datasets/toniot/test/abnormal/test_00005009_orig15027_15028_15029.png,1,0.4617558210954367
/root/New_CheckLiuliang_remote/datasets/toniot/test/abnormal/test_00005014_orig15042_15043_15044.png,1,0.5101714533364355
/root/New_CheckLiuliang_remote/datasets/toniot/test/abnormal/test_00005019_orig15057_15058_15059.png,1,0.4771278318470698
/root/New_CheckLiuliang_remote/datasets/toniot/test/abnormal/test_00005024_orig15072_15073_15074.png,1,0.5208545662063471
/root/New_CheckLiuliang_remote/datasets/toniot/test/abnormal/test_00005029_orig15087_15088_15089.png,1,0.5053783398741597
/root/New_CheckLiuliang_remote/datasets/toniot/test/abnormal/test_00005034_orig15102_15103_15104.png,1,0.43769553267490907
/root/New_CheckLiuliang_remote/datasets/toniot/test/abnormal/test_00005039_orig15117_15118_15119.png,1,0.5053783398741597
/root/New_CheckLiuliang_remote/datasets/toniot/test/abnormal/test_00005044_orig15132_15133_15134.png,1,0.46544905641270856
/root/New_CheckLiuliang_remote/datasets/toniot/test/abnormal/test_00005049_orig15147_15148_15149.png,1,0.5362310821173422
/root/New_CheckLiuliang_remote/datasets/toniot/test/abnormal/test_00005054_orig15162_15163_15164.png,1,0.5053783398741597
/root/New_CheckLiuliang_remote/datasets/toniot/test/abnormal/test_00005059_orig15177_15178_15179.png,1,0.5053783398741597
/root/New_CheckLiuliang_remote/datasets/toniot/test/abnormal/test_00005064_orig15192_15193_15194.png,1,0.44568020705722167
/root/New_CheckLiuliang_remote/datasets/toniot/test/abnormal/test_00005069_orig15207_15208_15209.png,1,0.5053783398741597
/root/New_CheckLiuliang_remote/datasets/toniot/test/abnormal/test_00005074_orig15222_15223_15224.png,1,0.4601673817576651
/root/New_CheckLiuliang_remote/datasets/toniot/test/abnormal/test_00005079_orig15237_15238_15239.png,1,0.43990244019039976
/root/New_CheckLiuliang_remote/datasets/toniot/test/abnormal/test_00005084_orig15252_15253_15254.png,1,0.11828535821379073
/root/New_CheckLiuliang_remote/datasets/toniot/test/abnormal/test_00005089_orig15267_15268_15269.png,1,0.5511929704602033
/root/New_CheckLiuliang_remote/datasets/toniot/test/abnormal/test_00005094_orig15282_15283_15284.png,1,0.5053783398741597
/root/New_CheckLiuliang_remote/datasets/toniot/test/abnormal/test_00005099_orig15297_15298_15299.png,1,0.47893734288893597
/root/New_CheckLiuliang_remote/datasets/toniot/test/abnormal/test_00005104_orig15312_15313_15314.png,1,0.4278235224896749
/root/New_CheckLiuliang_remote/datasets/toniot/test/abnormal/test_00005109_orig15327_15328_15329.png,1,0.4995424375533714
/root/New_CheckLiuliang_remote/datasets/toniot/test/abnormal/test_00005114_orig15342_15343_15344.png,1,0.49982510881854125
/root/New_CheckLiuliang_remote/datasets/toniot/test/abnormal/test_00005119_orig15357_15358_15359.png,1,0.5279230192732489
/root/New_CheckLiuliang_remote/datasets/toniot/test/abnormal/test_00005124_orig15372_15373_15374.png,1,0.73506117083135
/root/New_CheckLiuliang_remote/datasets/toniot/test/abnormal/test_00005129_orig15387_15388_15389.png,1,0.5341409125970199
/root/New_CheckLiuliang_remote/datasets/toniot/test/abnormal/test_00005134_orig15402_15403_15404.png,1,0.45123292062955334
/root/New_CheckLiuliang_remote/datasets/toniot/test/abnormal/test_00005139_orig15417_15418_15419.png,1,0.414586154099836
/root/New_CheckLiuliang_remote/datasets/toniot/test/abnormal/test_00005144_orig15432_15433_15434.png,1,0.6131763385582547
/root/New_CheckLiuliang_remote/datasets/toniot/test/abnormal/test_00005149_orig15447_15448_15449.png,1,0.5053783398741597
/root/New_CheckLiuliang_remote/datasets/toniot/test/abnormal/test_00005154_orig15462_15463_15464.png,1,0.44568020705722167
/root/New_CheckLiuliang_remote/datasets/toniot/test/abnormal/test_00005159_orig15477_15478_15479.png,1,0.4382028884723438
/root/New_CheckLiuliang_remote/datasets/toniot/test/abnormal/test_00005164_orig15492_15493_15494.png,1,0.7937156594943808
/root/New_CheckLiuliang_remote/datasets/toniot/test/abnormal/test_00005169_orig15507_15508_15509.png,1,0.5053783398741597
/root/New_CheckLiuliang_remote/datasets/toniot/test/abnormal/test_00005174_orig15522_15523_15524.png,1,0.4617558210954367
/root/New_CheckLiuliang_remote/datasets/toniot/test/abnormal/test_00005179_orig15537_15538_15539.png,1,0.6034214593592486
/root/New_CheckLiuliang_remote/datasets/toniot/test/abnormal/test_00005184_orig15552_15553_15554.png,1,0.48480768790081213
/root/New_CheckLiuliang_remote/datasets/toniot/test/abnormal/test_00005189_orig15567_15568_15569.png,1,0.8039134776278549
/root/New_CheckLiuliang_remote/datasets/toniot/test/abnormal/test_00005194_orig15582_15583_15584.png,1,0.48591102038382145
/root/New_CheckLiuliang_remote/datasets/toniot/test/abnormal/test_00005199_orig15597_15598_15599.png,1,0.504250330504853
/root/New_CheckLiuliang_remote/datasets/toniot/test/abnormal/test_00005204_orig15612_15613_15614.png,1,0.7092147509503159
/root/New_CheckLiuliang_remote/datasets/toniot/test/abnormal/test_00005209_orig15627_15628_15629.png,1,0.6402122510990824
/root/New_CheckLiuliang_remote/datasets/toniot/test/abnormal/test_00005214_orig15642_15643_15644.png,1,0.48465539283239545
/root/New_CheckLiuliang_remote/datasets/toniot/test/abnormal/test_00005219_orig15657_15658_15659.png,1,0.7198074393264084
/root/New_CheckLiuliang_remote/datasets/toniot/test/abnormal/test_00005224_orig15672_15673_15674.png,1,0.4811880819841997
/root/New_CheckLiuliang_remote/datasets/toniot/test/abnormal/test_00005229_orig15687_15688_15689.png,1,0.40376545094368066
/root/New_CheckLiuliang_remote/datasets/toniot/test/abnormal/test_00005234_orig15702_15703_15704.png,1,0.6596613698955893
/root/New_CheckLiuliang_remote/datasets/toniot/test/abnormal/test_00005239_orig15717_15718_15719.png,1,0.6408252823718898
/root/New_CheckLiuliang_remote/datasets/toniot/test/abnormal/test_00005244_orig15732_15733_15734.png,1,0.5554585444497862
/root/New_CheckLiuliang_remote/datasets/toniot/test/abnormal/test_00005249_orig15747_15748_15749.png,1,0.7322374963658455
/root/New_CheckLiuliang_remote/datasets/toniot/test/abnormal/test_00005254_orig15762_15763_15764.png,1,0.5788331309347841
/root/New_CheckLiuliang_remote/datasets/toniot/test/abnormal/test_00005259_orig15777_15778_15779.png,1,0.5447136360340714
/root/New_CheckLiuliang_remote/datasets/toniot/test/abnormal/test_00005264_orig15792_15793_15794.png,1,0.47684179612692607
/root/New_CheckLiuliang_remote/datasets/toniot/test/abnormal/test_00005269_orig15807_15808_15809.png,1,0.5940386057659847
/root/New_CheckLiuliang_remote/datasets/toniot/test/abnormal/test_00005274_orig15822_15823_15824.png,1,0.570872742236469
/root/New_CheckLiuliang_remote/datasets/toniot/test/abnormal/test_00005279_orig15837_15838_15839.png,1,0.8408944099821032
/root/New_CheckLiuliang_remote/datasets/toniot/test/abnormal/test_00005284_orig15852_15853_15854.png,1,0.6430444282298795
/root/New_CheckLiuliang_remote/datasets/toniot/test/abnormal/test_00005289_orig15867_15868_15869.png,1,0.652865966980773
/root/New_CheckLiuliang_remote/datasets/toniot/test/abnormal/test_00005294_orig15882_15883_15884.png,1,0.5806464602628058
/root/New_CheckLiuliang_remote/datasets/toniot/test/abnormal/test_00005299_orig15897_15898_15899.png,1,0.6368788102610409
/root/New_CheckLiuliang_remote/datasets/toniot/test/abnormal/test_00005304_orig15912_15913_15914.png,1,0.7443974759889493
/root/New_CheckLiuliang_remote/datasets/toniot/test/abnormal/test_00005309_orig15927_15928_15929.png,1,0.7164897050667679
/root/New_CheckLiuliang_remote/datasets/toniot/test/abnormal/test_00005314_orig15942_15943_15944.png,1,0.504827582046913
/root/New_CheckLiuliang_remote/datasets/toniot/test/abnormal/test_00005319_orig15957_15958_15959.png,1,0.5888210581868557
/root/New_CheckLiuliang_remote/datasets/toniot/test/abnormal/test_00005324_orig15972_15973_15974.png,1,0.5807218488701783
/root/New_CheckLiuliang_remote/datasets/toniot/test/abnormal/test_00005329_orig15987_15988_15989.png,1,0.41155301419486157
/root/New_CheckLiuliang_remote/datasets/toniot/test/abnormal/test_00005334_orig16002_16003_16004.png,1,0.7429381352362733
/root/New_CheckLiuliang_remote/datasets/toniot/test/abnormal/test_00005339_orig16017_16018_16019.png,1,0.9263156397159127
/root/New_CheckLiuliang_remote/datasets/toniot/test/abnormal/test_00005344_orig16032_16033_16034.png,1,0.7786330226193384
/root/New_CheckLiuliang_remote/datasets/toniot/test/abnormal/test_00005349_orig16047_16048_16049.png,1,0.809854823944068
/root/New_CheckLiuliang_remote/datasets/toniot/test/abnormal/test_00005354_orig16062_16063_16064.png,1,0.8438223605617629
/root/New_CheckLiuliang_remote/datasets/toniot/test/abnormal/test_00005359_orig16077_16078_16079.png,1,0.653462454347902
/root/New_CheckLiuliang_remote/datasets/toniot/test/abnormal/test_00005364_orig16092_16093_16094.png,1,0.47518281625566294
/root/New_CheckLiuliang_remote/datasets/toniot/test/abnormal/test_00005369_orig16107_16108_16109.png,1,0.441660803208709
/root/New_CheckLiuliang_remote/datasets/toniot/test/abnormal/test_00005374_orig16122_16123_16124.png,1,0.5975313843137422
/root/New_CheckLiuliang_remote/datasets/toniot/test/abnormal/test_00005379_orig16137_16138_16139.png,1,0.8680852274754011
/root/New_CheckLiuliang_remote/datasets/toniot/test/abnormal/test_00005384_orig16152_16153_16154.png,1,0.46725234451837006
/root/New_CheckLiuliang_remote/datasets/toniot/test/abnormal/test_00005389_orig16167_16168_16169.png,1,0.1332426406793249
/root/New_CheckLiuliang_remote/datasets/toniot/test/abnormal/test_00005394_orig16182_16183_16184.png,1,0.429192777265175
/root/New_CheckLiuliang_remote/datasets/toniot/test/abnormal/test_00005399_orig16197_16198_16199.png,1,0.4428490581729829
/root/New_CheckLiuliang_remote/datasets/toniot/test/abnormal/test_00005404_orig16212_16213_16214.png,1,0.5172399541649604
/root/New_CheckLiuliang_remote/datasets/toniot/test/abnormal/test_00005409_orig16227_16228_16229.png,1,0.4591104368490941
/root/New_CheckLiuliang_remote/datasets/toniot/test/abnormal/test_00005414_orig16242_16243_16244.png,1,0.47576298267403827
/root/New_CheckLiuliang_remote/datasets/toniot/test/abnormal/test_00005419_orig16257_16258_16259.png,1,0.5032674967254045
/root/New_CheckLiuliang_remote/datasets/toniot/test/abnormal/test_00005424_orig16272_16273_16274.png,1,0.5535514932238045
/root/New_CheckLiuliang_remote/datasets/toniot/test/abnormal/test_00005429_orig16287_16288_16289.png,1,0.4894857534403413
/root/New_CheckLiuliang_remote/datasets/toniot/test/abnormal/test_00005434_orig16302_16303_16304.png,1,0.6935262705477752
/root/New_CheckLiuliang_remote/datasets/toniot/test/abnormal/test_00005439_orig16317_16318_16319.png,1,0.8155394293054279
/root/New_CheckLiuliang_remote/datasets/toniot/test/abnormal/test_00005444_orig16332_16333_16334.png,1,0.5118321156984419
/root/New_CheckLiuliang_remote/datasets/toniot/test/abnormal/test_00005449_orig16347_16348_16349.png,1,0.437146849775928
/root/New_CheckLiuliang_remote/datasets/toniot/test/abnormal/test_00005454_orig16362_16363_16364.png,1,0.32538389488883657
/root/New_CheckLiuliang_remote/datasets/toniot/test/abnormal/test_00005459_orig16377_16378_16379.png,1,0.49122171565146877
/root/New_CheckLiuliang_remote/datasets/toniot/test/abnormal/test_00005464_orig16392_16393_16394.png,1,0.8411340148098594
/root/New_CheckLiuliang_remote/datasets/toniot/test/abnormal/test_00005469_orig16407_16408_16409.png,1,0.3824211793632678
/root/New_CheckLiuliang_remote/datasets/toniot/test/abnormal/test_00005474_orig16422_16423_16424.png,1,0.5690202607697512
/root/New_CheckLiuliang_remote/datasets/toniot/test/abnormal/test_00005479_orig16437_16438_16439.png,1,0.4934874641302843
/root/New_CheckLiuliang_remote/datasets/toniot/test/abnormal/test_00005484_orig16452_16453_16454.png,1,0.48127466098037347
/root/New_CheckLiuliang_remote/datasets/toniot/test/abnormal/test_00005489_orig16467_16468_16469.png,1,0.43187666814435344
/root/New_CheckLiuliang_remote/datasets/toniot/test/abnormal/test_00005494_orig16482_16483_16484.png,1,0.7964625723823736
/root/New_CheckLiuliang_remote/datasets/toniot/test/abnormal/test_00005499_orig16497_16498_16499.png,1,0.4556343647663508
/root/New_CheckLiuliang_remote/datasets/toniot/test/abnormal/test_00005504_orig16512_16513_16514.png,1,0.4934874641302843
/root/New_CheckLiuliang_remote/datasets/toniot/test/abnormal/test_00005509_orig16527_16528_16529.png,1,0.3219598498063745
/root/New_CheckLiuliang_remote/datasets/toniot/test/abnormal/test_00005514_orig16542_16543_16544.png,1,0.6824962389031599
/root/New_CheckLiuliang_remote/datasets/toniot/test/abnormal/test_00005519_orig16557_16558_16559.png,1,0.5657923444478857
/root/New_CheckLiuliang_remote/datasets/toniot/test/abnormal/test_00005524_orig16572_16573_16574.png,1,0.4395891986803789
/root/New_CheckLiuliang_remote/datasets/toniot/test/abnormal/test_00005529_orig16587_16588_16589.png,1,0.47997773338348937
/root/New_CheckLiuliang_remote/datasets/toniot/test/abnormal/test_00005534_orig16602_16603_16604.png,1,0.49004035860284245
/root/New_CheckLiuliang_remote/datasets/toniot/test/abnormal/test_00005539_orig16617_16618_16619.png,1,0.5716861611365095
/root/New_CheckLiuliang_remote/datasets/toniot/test/abnormal/test_00005544_orig16632_16633_16634.png,1,0.3492111251756412
/root/New_CheckLiuliang_remote/datasets/toniot/test/abnormal/test_00005549_orig16647_16648_16649.png,1,0.4073376106120077
/root/New_CheckLiuliang_remote/datasets/toniot/test/abnormal/test_00005554_orig16662_16663_16664.png,1,0.46637632178606164
/root/New_CheckLiuliang_remote/datasets/toniot/test/abnormal/test_00005559_orig16677_16678_16679.png,1,0.850393321379898
/root/New_CheckLiuliang_remote/datasets/toniot/test/abnormal/test_00005564_orig16692_16693_16694.png,1,0.8790184365317975
/root/New_CheckLiuliang_remote/datasets/toniot/test/abnormal/test_00005569_orig16707_16708_16709.png,1,0.5044942339377242
/root/New_CheckLiuliang_remote/datasets/toniot/test/abnormal/test_00005574_orig16722_16723_16724.png,1,0.5871329270268517
/root/New_CheckLiuliang_remote/datasets/toniot/test/abnormal/test_00005579_orig16737_16738_16739.png,1,0.6099211612630888
/root/New_CheckLiuliang_remote/datasets/toniot/test/abnormal/test_00005584_orig16752_16753_16754.png,1,0.43417292237378263
/root/New_CheckLiuliang_remote/datasets/toniot/test/abnormal/test_00005589_orig16767_16768_16769.png,1,0.5044631480830433
/root/New_CheckLiuliang_remote/datasets/toniot/test/abnormal/test_00005594_orig16782_16783_16784.png,1,0.5653531425433761
/root/New_CheckLiuliang_remote/datasets/toniot/test/abnormal/test_00005599_orig16797_16798_16799.png,1,0.54488538639045
/root/New_CheckLiuliang_remote/datasets/toniot/test/abnormal/test_00005604_orig16812_16813_16814.png,1,0.5716079486591338
/root/New_CheckLiuliang_remote/datasets/toniot/test/abnormal/test_00005609_orig16827_16828_16829.png,1,0.5255087527872695
/root/New_CheckLiuliang_remote/datasets/toniot/test/abnormal/test_00005614_orig16842_16843_16844.png,1,0.4100126165088433
/root/New_CheckLiuliang_remote/datasets/toniot/test/abnormal/test_00005619_orig16857_16858_16859.png,1,0.5560691289798659
/root/New_CheckLiuliang_remote/datasets/toniot/test/abnormal/test_00005624_orig16872_16873_16874.png,1,0.6438614425328477
/root/New_CheckLiuliang_remote/datasets/toniot/test/abnormal/test_00005629_orig16887_16888_16889.png,1,0.42634509383297137
/root/New_CheckLiuliang_remote/datasets/toniot/test/abnormal/test_00005634_orig16902_16903_16904.png,1,0.4574877043838617
/root/New_CheckLiuliang_remote/datasets/toniot/test/abnormal/test_00005639_orig16917_16918_16919.png,1,0.5079953796717414
/root/New_CheckLiuliang_remote/datasets/toniot/test/abnormal/test_00005644_orig16932_16933_16934.png,1,0.6205494439790066
/root/New_CheckLiuliang_remote/datasets/toniot/test/abnormal/test_00005649_orig16947_16948_16949.png,1,0.6012515370947322
/root/New_CheckLiuliang_remote/datasets/toniot/test/abnormal/test_00005654_orig16962_16963_16964.png,1,0.45757485717810165
/root/New_CheckLiuliang_remote/datasets/toniot/test/abnormal/test_00005659_orig16977_16978_16979.png,1,0.5091644241601551
/root/New_CheckLiuliang_remote/datasets/toniot/test/abnormal/test_00005664_orig16992_16993_16994.png,1,0.8819410974128589
/root/New_CheckLiuliang_remote/datasets/toniot/test/abnormal/test_00005669_orig17007_17008_17009.png,1,0.9263615063008223
/root/New_CheckLiuliang_remote/datasets/toniot/test/abnormal/test_00005674_orig17022_17023_17024.png,1,0.5254128905691162
/root/New_CheckLiuliang_remote/datasets/toniot/test/abnormal/test_00005679_orig17037_17038_17039.png,1,0.5325556028175552
/root/New_CheckLiuliang_remote/datasets/toniot/test/abnormal/test_00005684_orig17052_17053_17054.png,1,0.5152235139993079
/root/New_CheckLiuliang_remote/datasets/toniot/test/abnormal/test_00005689_orig17067_17068_17069.png,1,0.4533550022361462
/root/New_CheckLiuliang_remote/datasets/toniot/test/abnormal/test_00005694_orig17082_17083_17084.png,1,0.45866255395433336
/root/New_CheckLiuliang_remote/datasets/toniot/test/abnormal/test_00005699_orig17097_17098_17099.png,1,0.5951213345285565
/root/New_CheckLiuliang_remote/datasets/toniot/test/abnormal/test_00005704_orig17112_17113_17114.png,1,0.7987920677605835
/root/New_CheckLiuliang_remote/datasets/toniot/test/abnormal/test_00005709_orig17127_17128_17129.png,1,0.43928053954542373
/root/New_CheckLiuliang_remote/datasets/toniot/test/abnormal/test_00005714_orig17142_17143_17144.png,1,0.4769540491893564
/root/New_CheckLiuliang_remote/datasets/toniot/test/abnormal/test_00005720_orig17160_17161_17162.png,1,0.440961606421466
/root/New_CheckLiuliang_remote/datasets/toniot/test/abnormal/test_00005725_orig17175_17176_17177.png,1,0.4278235224896749
/root/New_CheckLiuliang_remote/datasets/toniot/test/abnormal/test_00005730_orig17190_17191_17192.png,1,0.46343707248268473
/root/New_CheckLiuliang_remote/datasets/toniot/test/abnormal/test_00005735_orig17205_17206_17207.png,1,0.4894857534403413
/root/New_CheckLiuliang_remote/datasets/toniot/test/abnormal/test_00005740_orig17220_17221_17222.png,1,0.4107825401639375
/root/New_CheckLiuliang_remote/datasets/toniot/test/abnormal/test_00005745_orig17235_17236_17237.png,1,0.4568803584155423
/root/New_CheckLiuliang_remote/datasets/toniot/test/abnormal/test_00005750_orig17250_17251_17252.png,1,0.6040209743125903
/root/New_CheckLiuliang_remote/datasets/toniot/test/abnormal/test_00005755_orig17265_17266_17267.png,1,0.45682792617722373
/root/New_CheckLiuliang_remote/datasets/toniot/test/abnormal/test_00005760_orig17280_17281_17282.png,1,0.43327153244993644
/root/New_CheckLiuliang_remote/datasets/toniot/test/abnormal/test_00005765_orig17295_17296_17297.png,1,0.8133336831595313
/root/New_CheckLiuliang_remote/datasets/toniot/test/abnormal/test_00005770_orig17310_17311_17312.png,1,0.5935556972326852
/root/New_CheckLiuliang_remote/datasets/toniot/test/abnormal/test_00005775_orig17325_17326_17327.png,1,0.443026608261865
/root/New_CheckLiuliang_remote/datasets/toniot/test/abnormal/test_00005780_orig17340_17341_17342.png,1,0.4760122140125452
/root/New_CheckLiuliang_remote/datasets/toniot/test/abnormal/test_00005785_orig17355_17356_17357.png,1,0.4326160117112773
/root/New_CheckLiuliang_remote/datasets/toniot/test/abnormal/test_00005790_orig17370_17371_17372.png,1,0.4894857534403413
/root/New_CheckLiuliang_remote/datasets/toniot/test/abnormal/test_00005795_orig17385_17386_17387.png,1,0.5971937151222958
/root/New_CheckLiuliang_remote/datasets/toniot/test/abnormal/test_00005800_orig17400_17401_17402.png,1,0.6142124102611218
/root/New_CheckLiuliang_remote/datasets/toniot/test/abnormal/test_00005805_orig17415_17416_17417.png,1,0.621605151623945
/root/New_CheckLiuliang_remote/datasets/toniot/test/abnormal/test_00005810_orig17430_17431_17432.png,1,0.2596470790283144
/root/New_CheckLiuliang_remote/datasets/toniot/test/abnormal/test_00005815_orig17445_17446_17447.png,1,0.5563152670241637
/root/New_CheckLiuliang_remote/datasets/toniot/test/abnormal/test_00005820_orig17460_17461_17462.png,1,0.6355105866450788
/root/New_CheckLiuliang_remote/datasets/toniot/test/abnormal/test_00005825_orig17475_17476_17477.png,1,0.34088469576241226
/root/New_CheckLiuliang_remote/datasets/toniot/test/abnormal/test_00005830_orig17490_17491_17492.png,1,0.3691686564324262
/root/New_CheckLiuliang_remote/datasets/toniot/test/abnormal/test_00005835_orig17505_17506_17507.png,1,0.6038961162667152
/root/New_CheckLiuliang_remote/datasets/toniot/test/abnormal/test_00005840_orig17520_17521_17522.png,1,0.40563778581777415
/root/New_CheckLiuliang_remote/datasets/toniot/test/abnormal/test_00005845_orig17535_17536_17537.png,1,0.44341754272843953
/root/New_CheckLiuliang_remote/datasets/toniot/test/abnormal/test_00005850_orig17550_17551_17552.png,1,0.5660222944601873
/root/New_CheckLiuliang_remote/datasets/toniot/test/abnormal/test_00005855_orig17565_17566_17567.png,1,0.6490604507285715
/root/New_CheckLiuliang_remote/datasets/toniot/test/abnormal/test_00005860_orig17580_17581_17582.png,1,0.4478588458669498
/root/New_CheckLiuliang_remote/datasets/toniot/test/abnormal/test_00005865_orig17595_17596_17597.png,1,0.4383049689957072
/root/New_CheckLiuliang_remote/datasets/toniot/test/abnormal/test_00005870_orig17610_17611_17612.png,1,0.3882488233690612
/root/New_CheckLiuliang_remote/datasets/toniot/test/abnormal/test_00005875_orig17625_17626_17627.png,1,0.4293893324207626
/root/New_CheckLiuliang_remote/datasets/toniot/test/abnormal/test_00005880_orig17640_17641_17642.png,1,0.4278614567120763
/root/New_CheckLiuliang_remote/datasets/toniot/test/abnormal/test_00005885_orig17655_17656_17657.png,1,0.5107368465928064
/root/New_CheckLiuliang_remote/datasets/toniot/test/abnormal/test_00005890_orig17670_17671_17672.png,1,0.40756334577933473
/root/New_CheckLiuliang_remote/datasets/toniot/test/abnormal/test_00005895_orig17685_17686_17687.png,1,0.5841789502229193
/root/New_CheckLiuliang_remote/datasets/toniot/test/abnormal/test_00005900_orig17700_17701_17702.png,1,0.6095337240817215
/root/New_CheckLiuliang_remote/datasets/toniot/test/abnormal/test_00005905_orig17715_17716_17717.png,1,0.5876248626912245
/root/New_CheckLiuliang_remote/datasets/toniot/test/abnormal/test_00005910_orig17730_17731_17732.png,1,0.4570052676995521
/root/New_CheckLiuliang_remote/datasets/toniot/test/abnormal/test_00005915_orig17745_17746_17747.png,1,0.3200788271780263
/root/New_CheckLiuliang_remote/datasets/toniot/test/abnormal/test_00005920_orig17760_17761_17762.png,1,0.47761924219626806
/root/New_CheckLiuliang_remote/datasets/toniot/test/abnormal/test_00005925_orig17775_17776_17777.png,1,0.41209703046393886
/root/New_CheckLiuliang_remote/datasets/toniot/test/abnormal/test_00005930_orig17790_17791_17792.png,1,0.4954705457940129
/root/New_CheckLiuliang_remote/datasets/toniot/test/abnormal/test_00005935_orig17805_17806_17807.png,1,0.5336489208854788
/root/New_CheckLiuliang_remote/datasets/toniot/test/abnormal/test_00005940_orig17820_17821_17822.png,1,0.6746754646491633
/root/New_CheckLiuliang_remote/datasets/toniot/test/abnormal/test_00005945_orig17835_17836_17837.png,1,0.4269728647983268
/root/New_CheckLiuliang_remote/datasets/toniot/test/abnormal/test_00005950_orig17850_17851_17852.png,1,0.3714581166868839
/root/New_CheckLiuliang_remote/datasets/toniot/test/abnormal/test_00005955_orig17865_17866_17867.png,1,0.7696764351988544
/root/New_CheckLiuliang_remote/datasets/toniot/test/abnormal/test_00005960_orig17880_17881_17882.png,1,0.45669097187126667
/root/New_CheckLiuliang_remote/datasets/toniot/test/abnormal/test_00005965_orig17895_17896_17897.png,1,0.45121545634047333
/root/New_CheckLiuliang_remote/datasets/toniot/test/abnormal/test_00005970_orig17910_17911_17912.png,1,0.4998188868971813
/root/New_CheckLiuliang_remote/datasets/toniot/test/abnormal/test_00005975_orig17925_17926_17927.png,1,0.8316570007012584
/root/New_CheckLiuliang_remote/datasets/toniot/test/abnormal/test_00005980_orig17940_17941_17942.png,1,0.5968859671676953
/root/New_CheckLiuliang_remote/datasets/toniot/test/abnormal/test_00005985_orig17955_17956_17957.png,1,0.4521068318669605
/root/New_CheckLiuliang_remote/datasets/toniot/test/abnormal/test_00005990_orig17970_17971_17972.png,1,0.7073001714448357
/root/New_CheckLiuliang_remote/datasets/toniot/test/abnormal/test_00005995_orig17985_17986_17987.png,1,0.4228058395689491
/root/New_CheckLiuliang_remote/datasets/toniot/test/abnormal/test_00006000_orig18000_18001_18002.png,1,0.12741385005889477
/root/New_CheckLiuliang_remote/datasets/toniot/test/abnormal/test_00006005_orig18015_18016_18017.png,1,0.5145978969477203
/root/New_CheckLiuliang_remote/datasets/toniot/test/abnormal/test_00006010_orig18030_18031_18032.png,1,0.41543982544005653
/root/New_CheckLiuliang_remote/datasets/toniot/test/abnormal/test_00006015_orig18045_18046_18047.png,1,0.440395369534558
/root/New_CheckLiuliang_remote/datasets/toniot/test/abnormal/test_00006020_orig18060_18061_18062.png,1,0.43789694782164496
/root/New_CheckLiuliang_remote/datasets/toniot/test/abnormal/test_00006025_orig18075_18076_18077.png,1,0.6362334536845403
/root/New_CheckLiuliang_remote/datasets/toniot/test/abnormal/test_00006030_orig18090_18091_18092.png,1,0.4894857534403413
/root/New_CheckLiuliang_remote/datasets/toniot/test/abnormal/test_00006035_orig18105_18106_18107.png,1,0.7046686790289245
/root/New_CheckLiuliang_remote/datasets/toniot/test/abnormal/test_00006040_orig18120_18121_18122.png,1,0.5739068400978081
/root/New_CheckLiuliang_remote/datasets/toniot/test/abnormal/test_00006045_orig18135_18136_18137.png,1,0.556240390154703
/root/New_CheckLiuliang_remote/datasets/toniot/test/abnormal/test_00006050_orig18150_18151_18152.png,1,0.4894857534403413
/root/New_CheckLiuliang_remote/datasets/toniot/test/abnormal/test_00006055_orig18165_18166_18167.png,1,0.44568020705722167
/root/New_CheckLiuliang_remote/datasets/toniot/test/abnormal/test_00006060_orig18180_18181_18182.png,1,0.5933524436757149
/root/New_CheckLiuliang_remote/datasets/toniot/test/abnormal/test_00006065_orig18195_18196_18197.png,1,0.5757888412052516
/root/New_CheckLiuliang_remote/datasets/toniot/test/abnormal/test_00006070_orig18210_18211_18212.png,1,0.4628748935307509
/root/New_CheckLiuliang_remote/datasets/toniot/test/abnormal/test_00006075_orig18225_18226_18227.png,1,0.5911826256914997
/root/New_CheckLiuliang_remote/datasets/toniot/test/abnormal/test_00006080_orig18240_18241_18242.png,1,0.7769003997881669
/root/New_CheckLiuliang_remote/datasets/toniot/test/abnormal/test_00006085_orig18255_18256_18257.png,1,0.4377420609870274
/root/New_CheckLiuliang_remote/datasets/toniot/test/abnormal/test_00006090_orig18270_18271_18272.png,1,0.49346488082677986
/root/New_CheckLiuliang_remote/datasets/toniot/test/abnormal/test_00006095_orig18285_18286_18287.png,1,0.43970430691802465
/root/New_CheckLiuliang_remote/datasets/toniot/test/abnormal/test_00006100_orig18300_18301_18302.png,1,0.5980528842885825
/root/New_CheckLiuliang_remote/datasets/toniot/test/abnormal/test_00006105_orig18315_18316_18317.png,1,0.43483768025117003
/root/New_CheckLiuliang_remote/datasets/toniot/test/abnormal/test_00006110_orig18330_18331_18332.png,1,0.4442624374247903
/root/New_CheckLiuliang_remote/datasets/toniot/test/abnormal/test_00006115_orig18345_18346_18347.png,1,0.5890674006931135
/root/New_CheckLiuliang_remote/datasets/toniot/test/abnormal/test_00006120_orig18360_18361_18362.png,1,0.6030910271106081
/root/New_CheckLiuliang_remote/datasets/toniot/test/abnormal/test_00006125_orig18375_18376_18377.png,1,0.5501954158622382
/root/New_CheckLiuliang_remote/datasets/toniot/test/abnormal/test_00006130_orig18390_18391_18392.png,1,0.4934874641302843
/root/New_CheckLiuliang_remote/datasets/toniot/test/abnormal/test_00006135_orig18405_18406_18407.png,1,0.4806098990459402
/root/New_CheckLiuliang_remote/datasets/toniot/test/abnormal/test_00006140_orig18420_18421_18422.png,1,0.5742744042415504
/root/New_CheckLiuliang_remote/datasets/toniot/test/abnormal/test_00006145_orig18435_18436_18437.png,1,0.49131184804733474
/root/New_CheckLiuliang_remote/datasets/toniot/test/abnormal/test_00006150_orig18450_18451_18452.png,1,0.46637632178606164
/root/New_CheckLiuliang_remote/datasets/toniot/test/abnormal/test_00006155_orig18465_18466_18467.png,1,0.4160166814402723
/root/New_CheckLiuliang_remote/datasets/toniot/test/abnormal/test_00006160_orig18480_18481_18482.png,1,0.36421017166838565
/root/New_CheckLiuliang_remote/datasets/toniot/test/abnormal/test_00006165_orig18495_18496_18497.png,1,0.5203147748162308
/root/New_CheckLiuliang_remote/datasets/toniot/test/abnormal/test_00006170_orig18510_18511_18512.png,1,0.3611166830751736
/root/New_CheckLiuliang_remote/datasets/toniot/test/abnormal/test_00006175_orig18525_18526_18527.png,1,0.5686473009550297
/root/New_CheckLiuliang_remote/datasets/toniot/test/abnormal/test_00006180_orig18540_18541_18542.png,1,0.4024963035831081
/root/New_CheckLiuliang_remote/datasets/toniot/test/abnormal/test_00006185_orig18555_18556_18557.png,1,0.1400641187798005
/root/New_CheckLiuliang_remote/datasets/toniot/test/abnormal/test_00006190_orig18570_18571_18572.png,1,0.46329271677214856
/root/New_CheckLiuliang_remote/datasets/toniot/test/abnormal/test_00006195_orig18585_18586_18587.png,1,0.4332916434518061
/root/New_CheckLiuliang_remote/datasets/toniot/test/abnormal/test_00006200_orig18600_18601_18602.png,1,0.5867402636092455
/root/New_CheckLiuliang_remote/datasets/toniot/test/abnormal/test_00006205_orig18615_18616_18617.png,1,0.4894857534403413
/root/New_CheckLiuliang_remote/datasets/toniot/test/abnormal/test_00006210_orig18630_18631_18632.png,1,0.3477676663056774
/root/New_CheckLiuliang_remote/datasets/toniot/test/abnormal/test_00006215_orig18645_18646_18647.png,1,0.46467943048941523
/root/New_CheckLiuliang_remote/datasets/toniot/test/abnormal/test_00006220_orig18660_18661_18662.png,1,0.4311706401555761
/root/New_CheckLiuliang_remote/datasets/toniot/test/abnormal/test_00006225_orig18675_18676_18677.png,1,0.6037714903093885
/root/New_CheckLiuliang_remote/datasets/toniot/test/abnormal/test_00006230_orig18690_18691_18692.png,1,0.6134200792475274
/root/New_CheckLiuliang_remote/datasets/toniot/test/abnormal/test_00006235_orig18705_18706_18707.png,1,0.439539083901687
/root/New_CheckLiuliang_remote/datasets/toniot/test/abnormal/test_00006240_orig18720_18721_18722.png,1,0.45655125801678853
/root/New_CheckLiuliang_remote/datasets/toniot/test/abnormal/test_00006245_orig18735_18736_18737.png,1,0.596692243420279
/root/New_CheckLiuliang_remote/datasets/toniot/test/abnormal/test_00006250_orig18750_18751_18752.png,1,0.4900997450279929
/root/New_CheckLiuliang_remote/datasets/toniot/test/abnormal/test_00006255_orig18765_18766_18767.png,1,0.4766458833600918
/root/New_CheckLiuliang_remote/datasets/toniot/test/abnormal/test_00006260_orig18780_18781_18782.png,1,0.5053783398741597
/root/New_CheckLiuliang_remote/datasets/toniot/test/abnormal/test_00006265_orig18795_18796_18797.png,1,0.1400641187798005
/root/New_CheckLiuliang_remote/datasets/toniot/test/abnormal/test_00006270_orig18810_18811_18812.png,1,0.4969173051894671
/root/New_CheckLiuliang_remote/datasets/toniot/test/abnormal/test_00006275_orig18825_18826_18827.png,1,0.484328135926584
/root/New_CheckLiuliang_remote/datasets/toniot/test/abnormal/test_00006280_orig18840_18841_18842.png,1,0.45754479523348446
/root/New_CheckLiuliang_remote/datasets/toniot/test/abnormal/test_00006285_orig18855_18856_18857.png,1,0.42979292568751315
/root/New_CheckLiuliang_remote/datasets/toniot/test/abnormal/test_00006290_orig18870_18871_18872.png,1,0.14241742864675955
/root/New_CheckLiuliang_remote/datasets/toniot/test/abnormal/test_00006295_orig18885_18886_18887.png,1,0.43248322590299426
/root/New_CheckLiuliang_remote/datasets/toniot/test/abnormal/test_00006300_orig18900_18901_18902.png,1,0.44078287851123965
/root/New_CheckLiuliang_remote/datasets/toniot/test/abnormal/test_00006305_orig18915_18916_18917.png,1,0.585292045794175
/root/New_CheckLiuliang_remote/datasets/toniot/test/abnormal/test_00006310_orig18930_18931_18932.png,1,0.4540865114777496
/root/New_CheckLiuliang_remote/datasets/toniot/test/abnormal/test_00006315_orig18945_18946_18947.png,1,0.5934369480982238
/root/New_CheckLiuliang_remote/datasets/toniot/test/abnormal/test_00006320_orig18960_18961_18962.png,1,0.547674001854864
/root/New_CheckLiuliang_remote/datasets/toniot/test/abnormal/test_00006325_orig18975_18976_18977.png,1,0.5172399541649604
/root/New_CheckLiuliang_remote/datasets/toniot/test/abnormal/test_00006330_orig18990_18991_18992.png,1,0.4493736716034809
/root/New_CheckLiuliang_remote/datasets/toniot/test/abnormal/test_00006335_orig19005_19006_19007.png,1,0.4545737378670632
/root/New_CheckLiuliang_remote/datasets/toniot/test/abnormal/test_00006340_orig19020_19021_19022.png,1,0.4347735727052701
/root/New_CheckLiuliang_remote/datasets/toniot/test/abnormal/test_00006345_orig19035_19036_19037.png,1,0.2482528531105886
/root/New_CheckLiuliang_remote/datasets/toniot/test/abnormal/test_00006350_orig19050_19051_19052.png,1,0.4934874641302843
/root/New_CheckLiuliang_remote/datasets/toniot/test/abnormal/test_00006355_orig19065_19066_19067.png,1,0.40255082998510333
/root/New_CheckLiuliang_remote/datasets/toniot/test/abnormal/test_00006360_orig19080_19081_19082.png,1,0.43093462988636444
/root/New_CheckLiuliang_remote/datasets/toniot/test/abnormal/test_00006365_orig19095_19096_19097.png,1,0.13553656688002794
/root/New_CheckLiuliang_remote/datasets/toniot/test/abnormal/test_00006370_orig19110_19111_19112.png,1,0.46290672386436965
/root/New_CheckLiuliang_remote/datasets/toniot/test/abnormal/test_00006375_orig19125_19126_19127.png,1,0.4742611378948812
/root/New_CheckLiuliang_remote/datasets/toniot/test/abnormal/test_00006380_orig19140_19141_19142.png,1,0.6869486662576858
/root/New_CheckLiuliang_remote/datasets/toniot/test/abnormal/test_00006385_orig19155_19156_19157.png,1,0.8326758266742752
/root/New_CheckLiuliang_remote/datasets/toniot/test/abnormal/test_00006390_orig19170_19171_19172.png,1,0.4483568544145313
/root/New_CheckLiuliang_remote/datasets/toniot/test/abnormal/test_00006395_orig19185_19186_19187.png,1,0.5494092882953682
/root/New_CheckLiuliang_remote/datasets/toniot/test/abnormal/test_00006400_orig19200_19201_19202.png,1,0.12974676348930198
/root/New_CheckLiuliang_remote/datasets/toniot/test/abnormal/test_00006405_orig19215_19216_19217.png,1,0.4887898190568647
/root/New_CheckLiuliang_remote/datasets/toniot/test/abnormal/test_00006410_orig19230_19231_19232.png,1,0.5669498206770505
/root/New_CheckLiuliang_remote/datasets/toniot/test/abnormal/test_00006415_orig19245_19246_19247.png,1,0.43859430581150316
/root/New_CheckLiuliang_remote/datasets/toniot/test/abnormal/test_00006420_orig19260_19261_19262.png,1,0.13642378723647372
/root/New_CheckLiuliang_remote/datasets/toniot/test/abnormal/test_00006425_orig19275_19276_19277.png,1,0.4784607097163667
/root/New_CheckLiuliang_remote/datasets/toniot/test/abnormal/test_00006430_orig19290_19291_19292.png,1,0.4136727698000224
/root/New_CheckLiuliang_remote/datasets/toniot/test/abnormal/test_00006436_orig19308_19309_19310.png,1,0.5638855952203579
/root/New_CheckLiuliang_remote/datasets/toniot/test/abnormal/test_00006441_orig19323_19324_19325.png,1,0.5053783398741597
/root/New_CheckLiuliang_remote/datasets/toniot/test/abnormal/test_00006446_orig19338_19339_19340.png,1,0.47893734288893597
/root/New_CheckLiuliang_remote/datasets/toniot/test/abnormal/test_00006451_orig19353_19354_19355.png,1,0.32991150416095627
/root/New_CheckLiuliang_remote/datasets/toniot/test/abnormal/test_00006456_orig19368_19369_19370.png,1,0.49551883130521274
/root/New_CheckLiuliang_remote/datasets/toniot/test/abnormal/test_00006461_orig19383_19384_19385.png,1,0.4601673817576651
/root/New_CheckLiuliang_remote/datasets/toniot/test/abnormal/test_00006466_orig19398_19399_19400.png,1,0.43051778302631855
/root/New_CheckLiuliang_remote/datasets/toniot/test/abnormal/test_00006471_orig19413_19414_19415.png,1,0.4632773582504635
/root/New_CheckLiuliang_remote/datasets/toniot/test/abnormal/test_00006476_orig19428_19429_19430.png,1,0.4632773582504635
/root/New_CheckLiuliang_remote/datasets/toniot/test/abnormal/test_00006481_orig19443_19444_19445.png,1,0.3722747965410034
/root/New_CheckLiuliang_remote/datasets/toniot/test/abnormal/test_00006486_orig19458_19459_19460.png,1,0.4601673817576651
/root/New_CheckLiuliang_remote/datasets/toniot/test/abnormal/test_00006491_orig19473_19474_19475.png,1,0.4181890921588401
/root/New_CheckLiuliang_remote/datasets/toniot/test/abnormal/test_00006496_orig19488_19489_19490.png,1,0.8143389186955955
/root/New_CheckLiuliang_remote/datasets/toniot/test/abnormal/test_00006501_orig19503_19504_19505.png,1,0.5559060876129426
/root/New_CheckLiuliang_remote/datasets/toniot/test/abnormal/test_00006506_orig19518_19519_19520.png,1,0.5621703622122259
/root/New_CheckLiuliang_remote/datasets/toniot/test/abnormal/test_00006511_orig19533_19534_19535.png,1,0.4328953129093905
/root/New_CheckLiuliang_remote/datasets/toniot/test/abnormal/test_00006516_orig19548_19549_19550.png,1,0.8307993821587878
/root/New_CheckLiuliang_remote/datasets/toniot/test/abnormal/test_00006521_orig19563_19564_19565.png,1,0.6919603249526052
/root/New_CheckLiuliang_remote/datasets/toniot/test/abnormal/test_00006526_orig19578_19579_19580.png,1,0.7089188428392489
/root/New_CheckLiuliang_remote/datasets/toniot/test/abnormal/test_00006531_orig19593_19594_19595.png,1,0.450441987446512
/root/New_CheckLiuliang_remote/datasets/toniot/test/abnormal/test_00006536_orig19608_19609_19610.png,1,0.25340756123235747
/root/New_CheckLiuliang_remote/datasets/toniot/test/abnormal/test_00006541_orig19623_19624_19625.png,1,0.4247176104148855
/root/New_CheckLiuliang_remote/datasets/toniot/test/abnormal/test_00006546_orig19638_19639_19640.png,1,0.42683357895551893
/root/New_CheckLiuliang_remote/datasets/toniot/test/abnormal/test_00006551_orig19653_19654_19655.png,1,0.4548208250470022
/root/New_CheckLiuliang_remote/datasets/toniot/test/abnormal/test_00006556_orig19668_19669_19670.png,1,0.4453672066083323
/root/New_CheckLiuliang_remote/datasets/toniot/test/abnormal/test_00006561_orig19683_19684_19685.png,1,0.5821274158093316
/root/New_CheckLiuliang_remote/datasets/toniot/test/abnormal/test_00006566_orig19698_19699_19700.png,1,0.5344819595761815
/root/New_CheckLiuliang_remote/datasets/toniot/test/abnormal/test_00006571_orig19713_19714_19715.png,1,0.6031873466468443
/root/New_CheckLiuliang_remote/datasets/toniot/test/abnormal/test_00006576_orig19728_19729_19730.png,1,0.5840803182551693
/root/New_CheckLiuliang_remote/datasets/toniot/test/abnormal/test_00006581_orig19743_19744_19745.png,1,0.5944331401148982
/root/New_CheckLiuliang_remote/datasets/toniot/test/abnormal/test_00006586_orig19758_19759_19760.png,1,0.4800066349364821
/root/New_CheckLiuliang_remote/datasets/toniot/test/abnormal/test_00006591_orig19773_19774_19775.png,1,0.1400641187798005
/root/New_CheckLiuliang_remote/datasets/toniot/test/abnormal/test_00006596_orig19788_19789_19790.png,1,0.26374096995750473
/root/New_CheckLiuliang_remote/datasets/toniot/test/abnormal/test_00006601_orig19803_19804_19805.png,1,0.6130225037885301
/root/New_CheckLiuliang_remote/datasets/toniot/test/abnormal/test_00006606_orig19818_19819_19820.png,1,0.4851926799472033
/root/New_CheckLiuliang_remote/datasets/toniot/test/abnormal/test_00006611_orig19833_19834_19835.png,1,0.3247510919206831
/root/New_CheckLiuliang_remote/datasets/toniot/test/abnormal/test_00006616_orig19848_19849_19850.png,1,0.6133749226983702
/root/New_CheckLiuliang_remote/datasets/toniot/test/abnormal/test_00006621_orig19863_19864_19865.png,1,0.4667714224691241
/root/New_CheckLiuliang_remote/datasets/toniot/test/abnormal/test_00006626_orig19878_19879_19880.png,1,0.3191835502646324
/root/New_CheckLiuliang_remote/datasets/toniot/test/abnormal/test_00006631_orig19893_19894_19895.png,1,0.3727170334924155
/root/New_CheckLiuliang_remote/datasets/toniot/test/abnormal/test_00006636_orig19908_19909_19910.png,1,0.5084259330480922
/root/New_CheckLiuliang_remote/datasets/toniot/test/abnormal/test_00006641_orig19923_19924_19925.png,1,0.5193635408874432
/root/New_CheckLiuliang_remote/datasets/toniot/test/abnormal/test_00006646_orig19938_19939_19940.png,1,0.40850219388895836
/root/New_CheckLiuliang_remote/datasets/toniot/test/abnormal/test_00006651_orig19953_19954_19955.png,1,0.44119439978711567
/root/New_CheckLiuliang_remote/datasets/toniot/test/abnormal/test_00006656_orig19968_19969_19970.png,1,0.6223205064158692
/root/New_CheckLiuliang_remote/datasets/toniot/test/abnormal/test_00006661_orig19983_19984_19985.png,1,0.3999056125791218
/root/New_CheckLiuliang_remote/datasets/toniot/test/abnormal/test_00006666_orig19998_19999_20000.png,1,0.48921486644253664
/root/New_CheckLiuliang_remote/datasets/toniot/test/abnormal/test_00006671_orig20013_20014_20015.png,1,0.6166283500309744
/root/New_CheckLiuliang_remote/datasets/toniot/test/abnormal/test_00006676_orig20028_20029_20030.png,1,0.5925166230909923
/root/New_CheckLiuliang_remote/datasets/toniot/test/abnormal/test_00006681_orig20043_20044_20045.png,1,0.4485618598758772
/root/New_CheckLiuliang_remote/datasets/toniot/test/abnormal/test_00006686_orig20058_20059_20060.png,1,0.8839267909939453
/root/New_CheckLiuliang_remote/datasets/toniot/test/abnormal/test_00006691_orig20073_20074_20075.png,1,0.9006520254228109
/root/New_CheckLiuliang_remote/datasets/toniot/test/abnormal/test_00006696_orig20088_20089_20090.png,1,0.7176730314908596
/root/New_CheckLiuliang_remote/datasets/toniot/test/abnormal/test_00006701_orig20103_20104_20105.png,1,0.8253411014869598
/root/New_CheckLiuliang_remote/datasets/toniot/test/abnormal/test_00006706_orig20118_20119_20120.png,1,0.29193394713246634
/root/New_CheckLiuliang_remote/datasets/toniot/test/abnormal/test_00006711_orig20133_20134_20135.png,1,0.1409360631883748
/root/New_CheckLiuliang_remote/datasets/toniot/test/abnormal/test_00006716_orig20148_20149_20150.png,1,0.4894857534403413
/root/New_CheckLiuliang_remote/datasets/toniot/test/abnormal/test_00006721_orig20163_20164_20165.png,1,0.4778393030588695
/root/New_CheckLiuliang_remote/datasets/toniot/test/abnormal/test_00006726_orig20178_20179_20180.png,1,0.48574462319021167
/root/New_CheckLiuliang_remote/datasets/toniot/test/abnormal/test_00006731_orig20193_20194_20195.png,1,0.6033486556107975
/root/New_CheckLiuliang_remote/datasets/toniot/test/abnormal/test_00006736_orig20208_20209_20210.png,1,0.4534943264923448
/root/New_CheckLiuliang_remote/datasets/toniot/test/abnormal/test_00006741_orig20223_20224_20225.png,1,0.44668986086412715
/root/New_CheckLiuliang_remote/datasets/toniot/test/abnormal/test_00006746_orig20238_20239_20240.png,1,0.6251078634369923
/root/New_CheckLiuliang_remote/datasets/toniot/test/abnormal/test_00006751_orig20253_20254_20255.png,1,0.7976350453772196
/root/New_CheckLiuliang_remote/datasets/toniot/test/abnormal/test_00006756_orig20268_20269_20270.png,1,0.47621874074031784
/root/New_CheckLiuliang_remote/datasets/toniot/test/abnormal/test_00006761_orig20283_20284_20285.png,1,0.3995778983370822
/root/New_CheckLiuliang_remote/datasets/toniot/test/abnormal/test_00006766_orig20298_20299_20300.png,1,0.9545776038333269
/root/New_CheckLiuliang_remote/datasets/toniot/test/abnormal/test_00006771_orig20313_20314_20315.png,1,0.8140455809831635
/root/New_CheckLiuliang_remote/datasets/toniot/test/abnormal/test_00006776_orig20328_20329_20330.png,1,0.557583954949203
/root/New_CheckLiuliang_remote/datasets/toniot/test/abnormal/test_00006781_orig20343_20344_20345.png,1,0.47580754167195405
/root/New_CheckLiuliang_remote/datasets/toniot/test/abnormal/test_00006786_orig20358_20359_20360.png,1,0.5354289616310751
/root/New_CheckLiuliang_remote/datasets/toniot/test/abnormal/test_00006791_orig20373_20374_20375.png,1,0.1409360631883748
/root/New_CheckLiuliang_remote/datasets/toniot/test/abnormal/test_00006793_orig20379_20380_20381.png,1,0.8155394293054279
/root/New_CheckLiuliang_remote/datasets/toniot/test/abnormal/test_00006805_orig20415_20416_20417.png,1,0.4100353388475384
/root/New_CheckLiuliang_remote/datasets/toniot/test/abnormal/test_00006817_orig20451_20452_20453.png,1,0.47178357771604107
/root/New_CheckLiuliang_remote/datasets/toniot/test/abnormal/test_00006829_orig20487_20488_20489.png,1,0.42075821601849056
/root/New_CheckLiuliang_remote/datasets/toniot/test/abnormal/test_00006840_orig20520_20521_20522.png,1,0.40698967907377853
/root/New_CheckLiuliang_remote/datasets/toniot/test/abnormal/test_00006852_orig20556_20557_20558.png,1,0.47801103052365723
/root/New_CheckLiuliang_remote/datasets/toniot/test/abnormal/test_00006864_orig20592_20593_20594.png,1,0.4311175284959505
/root/New_CheckLiuliang_remote/datasets/toniot/test/abnormal/test_00006876_orig20628_20629_20630.png,1,0.4181846313038838
/root/New_CheckLiuliang_remote/datasets/toniot/test/abnormal/test_00006888_orig20664_20665_20666.png,1,0.40397417885019554
/root/New_CheckLiuliang_remote/datasets/toniot/test/abnormal/test_00006900_orig20700_20701_20702.png,1,0.40482958179044104
/root/New_CheckLiuliang_remote/datasets/toniot/test/abnormal/test_00006911_orig20733_20734_20735.png,1,0.40937910156161433
/root/New_CheckLiuliang_remote/datasets/toniot/test/abnormal/test_00006923_orig20769_20770_20771.png,1,0.40051959407015697
/root/New_CheckLiuliang_remote/datasets/toniot/test/abnormal/test_00006935_orig20805_20806_20807.png,1,0.4306979444877801
/root/New_CheckLiuliang_remote/datasets/toniot/test/abnormal/test_00006947_orig20841_20842_20843.png,1,0.39628236644470427
/root/New_CheckLiuliang_remote/datasets/toniot/test/abnormal/test_00006959_orig20877_20878_20879.png,1,0.43205839988750766
/root/New_CheckLiuliang_remote/datasets/toniot/test/abnormal/test_00006971_orig20913_20914_20915.png,1,0.4315291924894036
/root/New_CheckLiuliang_remote/datasets/toniot/test/abnormal/test_00006982_orig20946_20947_20948.png,1,0.42266281995659954
/root/New_CheckLiuliang_remote/datasets/toniot/test/abnormal/test_00006994_orig20982_20983_20984.png,1,0.39762783812177244
/root/New_CheckLiuliang_remote/datasets/toniot/test/abnormal/test_00007006_orig21018_21019_21020.png,1,0.4019092970861973
/root/New_CheckLiuliang_remote/datasets/toniot/test/abnormal/test_00007018_orig21054_21055_21056.png,1,0.40061189226491434
/root/New_CheckLiuliang_remote/datasets/toniot/test/abnormal/test_00007030_orig21090_21091_21092.png,1,0.45374518547624765
/root/New_CheckLiuliang_remote/datasets/toniot/test/abnormal/test_00007042_orig21126_21127_21128.png,1,0.40790356453382054
/root/New_CheckLiuliang_remote/datasets/toniot/test/abnormal/test_00007053_orig21159_21160_21161.png,1,0.4161539982339199
/root/New_CheckLiuliang_remote/datasets/toniot/test/abnormal/test_00007065_orig21195_21196_21197.png,1,0.4181846313038838
/root/New_CheckLiuliang_remote/datasets/toniot/test/abnormal/test_00007077_orig21231_21232_21233.png,1,0.4181846313038838
/root/New_CheckLiuliang_remote/datasets/toniot/test/abnormal/test_00007089_orig21267_21268_21269.png,1,0.41069851976393074
/root/New_CheckLiuliang_remote/datasets/toniot/test/abnormal/test_00007101_orig21303_21304_21305.png,1,0.40397417885019554
/root/New_CheckLiuliang_remote/datasets/toniot/test/abnormal/test_00007113_orig21339_21340_21341.png,1,0.4219183557931508
/root/New_CheckLiuliang_remote/datasets/toniot/test/abnormal/test_00007124_orig21372_21373_21374.png,1,0.40911722579609877
/root/New_CheckLiuliang_remote/datasets/toniot/test/abnormal/test_00007136_orig21408_21409_21410.png,1,0.4036982565452712
/root/New_CheckLiuliang_remote/datasets/toniot/test/abnormal/test_00007148_orig21444_21445_21446.png,1,0.40783410903735057
/root/New_CheckLiuliang_remote/datasets/toniot/test/abnormal/test_00007160_orig21480_21481_21482.png,1,0.41104139731469624
/root/New_CheckLiuliang_remote/datasets/toniot/test/abnormal/test_00007172_orig21516_21517_21518.png,1,0.40435471234725584
/root/New_CheckLiuliang_remote/datasets/toniot/test/abnormal/test_00007184_orig21552_21553_21554.png,1,0.39705394206551586
/root/New_CheckLiuliang_remote/datasets/toniot/test/abnormal/test_00007195_orig21585_21586_21587.png,1,0.4137969998111632
/root/New_CheckLiuliang_remote/datasets/toniot/test/abnormal/test_00007207_orig21621_21622_21623.png,1,0.40556588021837325
/root/New_CheckLiuliang_remote/datasets/toniot/test/abnormal/test_00007219_orig21657_21658_21659.png,1,0.40435471234725584
/root/New_CheckLiuliang_remote/datasets/toniot/test/abnormal/test_00007231_orig21693_21694_21695.png,1,0.3936210190176066
/root/New_CheckLiuliang_remote/datasets/toniot/test/abnormal/test_00007243_orig21729_21730_21731.png,1,0.8336183373203168
/root/New_CheckLiuliang_remote/datasets/toniot/test/abnormal/test_00007255_orig21765_21766_21767.png,1,0.38877205459258757
/root/New_CheckLiuliang_remote/datasets/toniot/test/abnormal/test_00007266_orig21798_21799_21800.png,1,0.3892380440916476
/root/New_CheckLiuliang_remote/datasets/toniot/test/abnormal/test_00007278_orig21834_21835_21836.png,1,0.4151323878652751
/root/New_CheckLiuliang_remote/datasets/toniot/test/abnormal/test_00007290_orig21870_21871_21872.png,1,0.39447600906013774
/root/New_CheckLiuliang_remote/datasets/toniot/test/abnormal/test_00007302_orig21906_21907_21908.png,1,0.38847763070878916
/root/New_CheckLiuliang_remote/datasets/toniot/test/abnormal/test_00007314_orig21942_21943_21944.png,1,0.3931472879738577
/root/New_CheckLiuliang_remote/datasets/toniot/test/abnormal/test_00007326_orig21978_21979_21980.png,1,0.3837770173572681
/root/New_CheckLiuliang_remote/datasets/toniot/test/abnormal/test_00007337_orig22011_22012_22013.png,1,0.3934756008183941
/root/New_CheckLiuliang_remote/datasets/toniot/test/abnormal/test_00007349_orig22047_22048_22049.png,1,0.38678335014591336
/root/New_CheckLiuliang_remote/datasets/toniot/test/abnormal/test_00007361_orig22083_22084_22085.png,1,0.42464205559327883
/root/New_CheckLiuliang_remote/datasets/toniot/test/abnormal/test_00007373_orig22119_22120_22121.png,1,0.41069851976393074
/root/New_CheckLiuliang_remote/datasets/toniot/test/abnormal/test_00007385_orig22155_22156_22157.png,1,0.4036982565452712
/root/New_CheckLiuliang_remote/datasets/toniot/test/abnormal/test_00007397_orig22191_22192_22193.png,1,0.4036799976899089
/root/New_CheckLiuliang_remote/datasets/toniot/test/abnormal/test_00007408_orig22224_22225_22226.png,1,0.41053237834043416
/root/New_CheckLiuliang_remote/datasets/toniot/test/abnormal/test_00007420_orig22260_22261_22262.png,1,0.3895383323226717
/root/New_CheckLiuliang_remote/datasets/toniot/test/abnormal/test_00007432_orig22296_22297_22298.png,1,0.37961839862456087
/root/New_CheckLiuliang_remote/datasets/toniot/test/abnormal/test_00007444_orig22332_22333_22334.png,1,0.39129509857713973
/root/New_CheckLiuliang_remote/datasets/toniot/test/abnormal/test_00007456_orig22368_22369_22370.png,1,0.3895383323226717
/root/New_CheckLiuliang_remote/datasets/toniot/test/abnormal/test_00007468_orig22404_22405_22406.png,1,0.4084755125822413
/root/New_CheckLiuliang_remote/datasets/toniot/test/abnormal/test_00007479_orig22437_22438_22439.png,1,0.38904624152876943
/root/New_CheckLiuliang_remote/datasets/toniot/test/abnormal/test_00007491_orig22473_22474_22475.png,1,0.38599524999536583
/root/New_CheckLiuliang_remote/datasets/toniot/test/abnormal/test_00007503_orig22509_22510_22511.png,1,0.40599196599916065
/root/New_CheckLiuliang_remote/datasets/toniot/test/abnormal/test_00007515_orig22545_22546_22547.png,1,0.40491512430323356
/root/New_CheckLiuliang_remote/datasets/toniot/test/abnormal/test_00007527_orig22581_22582_22583.png,1,0.4053469128525246
/root/New_CheckLiuliang_remote/datasets/toniot/test/abnormal/test_00007539_orig22617_22618_22619.png,1,0.4323098458738317
/root/New_CheckLiuliang_remote/datasets/toniot/test/abnormal/test_00007550_orig22650_22651_22652.png,1,0.3971807113949434
/root/New_CheckLiuliang_remote/datasets/toniot/test/abnormal/test_00007562_orig22686_22687_22688.png,1,0.4050150030210691
/root/New_CheckLiuliang_remote/datasets/toniot/test/abnormal/test_00007574_orig22722_22723_22724.png,1,0.5908646094965178
/root/New_CheckLiuliang_remote/datasets/toniot/test/abnormal/test_00007586_orig22758_22759_22760.png,1,0.39962325616956085
/root/New_CheckLiuliang_remote/datasets/toniot/test/abnormal/test_00007598_orig22794_22795_22796.png,1,0.38904624152876943
/root/New_CheckLiuliang_remote/datasets/toniot/test/abnormal/test_00007610_orig22830_22831_22832.png,1,0.3923634350287827
/root/New_CheckLiuliang_remote/datasets/toniot/test/abnormal/test_00007621_orig22863_22864_22865.png,1,0.3732835158494952
/root/New_CheckLiuliang_remote/datasets/toniot/test/abnormal/test_00007633_orig22899_22900_22901.png,1,0.3787722344414618
/root/New_CheckLiuliang_remote/datasets/toniot/test/abnormal/test_00007645_orig22935_22936_22937.png,1,0.40599196599916065
/root/New_CheckLiuliang_remote/datasets/toniot/test/abnormal/test_00007657_orig22971_22972_22973.png,1,0.37758749788765583
/root/New_CheckLiuliang_remote/datasets/toniot/test/abnormal/test_00007669_orig23007_23008_23009.png,1,0.38795813376310484
/root/New_CheckLiuliang_remote/datasets/toniot/test/abnormal/test_00007681_orig23043_23044_23045.png,1,0.3807306520237619
/root/New_CheckLiuliang_remote/datasets/toniot/test/abnormal/test_00007692_orig23076_23077_23078.png,1,0.38268747669189085
/root/New_CheckLiuliang_remote/datasets/toniot/test/abnormal/test_00007704_orig23112_23113_23114.png,1,0.4310309631982964
/root/New_CheckLiuliang_remote/datasets/toniot/test/abnormal/test_00007716_orig23148_23149_23150.png,1,0.4627251292790621
/root/New_CheckLiuliang_remote/datasets/toniot/test/abnormal/test_00007728_orig23184_23185_23186.png,1,0.3895383323226717
/root/New_CheckLiuliang_remote/datasets/toniot/test/abnormal/test_00007740_orig23220_23221_23222.png,1,0.394380864230179
/root/New_CheckLiuliang_remote/datasets/toniot/test/abnormal/test_00007752_orig23256_23257_23258.png,1,0.394380864230179
/root/New_CheckLiuliang_remote/datasets/toniot/test/abnormal/test_00007763_orig23289_23290_23291.png,1,0.3823003113510284
/root/New_CheckLiuliang_remote/datasets/toniot/test/abnormal/test_00007775_orig23325_23326_23327.png,1,0.40813654163569124
/root/New_CheckLiuliang_remote/datasets/toniot/test/abnormal/test_00007787_orig23361_23362_23363.png,1,0.40749068676899786
/root/New_CheckLiuliang_remote/datasets/toniot/test/abnormal/test_00007799_orig23397_23398_23399.png,1,0.4084755125822413
/root/New_CheckLiuliang_remote/datasets/toniot/test/abnormal/test_00007811_orig23433_23434_23435.png,1,0.3803439317646671
/root/New_CheckLiuliang_remote/datasets/toniot/test/abnormal/test_00007823_orig23469_23470_23471.png,1,0.384543604229655
/root/New_CheckLiuliang_remote/datasets/toniot/test/abnormal/test_00007834_orig23502_23503_23504.png,1,0.6161949576730746
/root/New_CheckLiuliang_remote/datasets/toniot/test/abnormal/test_00007846_orig23538_23539_23540.png,1,0.44434505762155846
/root/New_CheckLiuliang_remote/datasets/toniot/test/abnormal/test_00007858_orig23574_23575_23576.png,1,0.40158460814483676
/root/New_CheckLiuliang_remote/datasets/toniot/test/abnormal/test_00007870_orig23610_23611_23612.png,1,0.4057174696822829
/root/New_CheckLiuliang_remote/datasets/toniot/test/abnormal/test_00007882_orig23646_23647_23648.png,1,0.40043336119507894
/root/New_CheckLiuliang_remote/datasets/toniot/test/abnormal/test_00007894_orig23682_23683_23684.png,1,0.38904624152876943
/root/New_CheckLiuliang_remote/datasets/toniot/test/abnormal/test_00007905_orig23715_23716_23717.png,1,0.3787722344414618
/root/New_CheckLiuliang_remote/datasets/toniot/test/abnormal/test_00007917_orig23751_23752_23753.png,1,0.3803439317646671
/root/New_CheckLiuliang_remote/datasets/toniot/test/abnormal/test_00007929_orig23787_23788_23789.png,1,0.4038503349883809
/root/New_CheckLiuliang_remote/datasets/toniot/test/abnormal/test_00007941_orig23823_23824_23825.png,1,0.3787722344414618
/root/New_CheckLiuliang_remote/datasets/toniot/test/abnormal/test_00007953_orig23859_23860_23861.png,1,0.38904624152876943
/root/New_CheckLiuliang_remote/datasets/toniot/test/abnormal/test_00007965_orig23895_23896_23897.png,1,0.3980993876599622
/root/New_CheckLiuliang_remote/datasets/toniot/test/abnormal/test_00007976_orig23928_23929_23930.png,1,0.3971807113949434
/root/New_CheckLiuliang_remote/datasets/toniot/test/abnormal/test_00007988_orig23964_23965_23966.png,1,0.5100223808597023
/root/New_CheckLiuliang_remote/datasets/toniot/test/abnormal/test_00008000_orig24000_24001_24002.png,1,0.4758637180734215
/root/New_CheckLiuliang_remote/datasets/toniot/test/abnormal/test_00008012_orig24036_24037_24038.png,1,0.40790356453382054
/root/New_CheckLiuliang_remote/datasets/toniot/test/abnormal/test_00008024_orig24072_24073_24074.png,1,0.40400649472257105
/root/New_CheckLiuliang_remote/datasets/toniot/test/abnormal/test_00008036_orig24108_24109_24110.png,1,0.3975268003744097
/root/New_CheckLiuliang_remote/datasets/toniot/test/abnormal/test_00008047_orig24141_24142_24143.png,1,0.42116898072185116
/root/New_CheckLiuliang_remote/datasets/toniot/test/abnormal/test_00008059_orig24177_24178_24179.png,1,0.586058286693912
/root/New_CheckLiuliang_remote/datasets/toniot/test/abnormal/test_00008071_orig24213_24214_24215.png,1,0.6173178616005259
/root/New_CheckLiuliang_remote/datasets/toniot/test/abnormal/test_00008083_orig24249_24250_24251.png,1,0.39762783812177244
/root/New_CheckLiuliang_remote/datasets/toniot/test/abnormal/test_00008095_orig24285_24286_24287.png,1,0.6267537039467092
/root/New_CheckLiuliang_remote/datasets/toniot/test/abnormal/test_00008107_orig24321_24322_24323.png,1,0.5175465590080689
/root/New_CheckLiuliang_remote/datasets/toniot/test/abnormal/test_00008118_orig24354_24355_24356.png,1,0.4100264005748067
/root/New_CheckLiuliang_remote/datasets/toniot/test/abnormal/test_00008130_orig24390_24391_24392.png,1,0.5318287006082082
/root/New_CheckLiuliang_remote/datasets/toniot/test/abnormal/test_00008142_orig24426_24427_24428.png,1,0.3833661588075179
/root/New_CheckLiuliang_remote/datasets/toniot/test/abnormal/test_00008154_orig24462_24463_24464.png,1,0.41181009166578714
/root/New_CheckLiuliang_remote/datasets/toniot/test/abnormal/test_00008166_orig24498_24499_24500.png,1,0.39262928300440975
/root/New_CheckLiuliang_remote/datasets/toniot/test/abnormal/test_00008178_orig24534_24535_24536.png,1,0.41181009166578714
/root/New_CheckLiuliang_remote/datasets/toniot/test/abnormal/test_00008189_orig24567_24568_24569.png,1,0.44731021351134753
/root/New_CheckLiuliang_remote/datasets/toniot/test/abnormal/test_00008201_orig24603_24604_24605.png,1,0.3912482543946186
/root/New_CheckLiuliang_remote/datasets/toniot/test/abnormal/test_00008213_orig24639_24640_24641.png,1,0.45555526605239616
/root/New_CheckLiuliang_remote/datasets/toniot/test/abnormal/test_00008225_orig24675_24676_24677.png,1,0.3903528324627122
/root/New_CheckLiuliang_remote/datasets/toniot/test/abnormal/test_00008237_orig24711_24712_24713.png,1,0.5094601257741589
/root/New_CheckLiuliang_remote/datasets/toniot/test/abnormal/test_00008249_orig24747_24748_24749.png,1,0.37028394183505065
/root/New_CheckLiuliang_remote/datasets/toniot/test/abnormal/test_00008260_orig24780_24781_24782.png,1,0.39133893903488126
/root/New_CheckLiuliang_remote/datasets/toniot/test/abnormal/test_00008272_orig24816_24817_24818.png,1,0.43427675511105157
/root/New_CheckLiuliang_remote/datasets/toniot/test/abnormal/test_00008284_orig24852_24853_24854.png,1,0.41645522122141515
/root/New_CheckLiuliang_remote/datasets/toniot/test/abnormal/test_00008296_orig24888_24889_24890.png,1,0.5192152075755821
/root/New_CheckLiuliang_remote/datasets/toniot/test/abnormal/test_00008308_orig24924_24925_24926.png,1,0.3944555924043272
/root/New_CheckLiuliang_remote/datasets/toniot/test/abnormal/test_00008320_orig24960_24961_24962.png,1,0.5144359222411897
/root/New_CheckLiuliang_remote/datasets/toniot/test/abnormal/test_00008331_orig24993_24994_24995.png,1,0.5414045697766797
/root/New_CheckLiuliang_remote/datasets/toniot/test/abnormal/test_00008343_orig25029_25030_25031.png,1,0.47000217902882113
/root/New_CheckLiuliang_remote/datasets/toniot/test/abnormal/test_00008355_orig25065_25066_25067.png,1,0.4210394252026933
/root/New_CheckLiuliang_remote/datasets/toniot/test/abnormal/test_00008367_orig25101_25102_25103.png,1,0.4675327627969516
/root/New_CheckLiuliang_remote/datasets/toniot/test/abnormal/test_00008379_orig25137_25138_25139.png,1,0.44991149520690915
/root/New_CheckLiuliang_remote/datasets/toniot/test/abnormal/test_00008391_orig25173_25174_25175.png,1,0.3837770173572681
/root/New_CheckLiuliang_remote/datasets/toniot/test/abnormal/test_00008402_orig25206_25207_25208.png,1,0.4324436785331657
/root/New_CheckLiuliang_remote/datasets/toniot/test/abnormal/test_00008414_orig25242_25243_25244.png,1,0.38947516642511393
/root/New_CheckLiuliang_remote/datasets/toniot/test/abnormal/test_00008426_orig25278_25279_25280.png,1,0.39249932388808834
/root/New_CheckLiuliang_remote/datasets/toniot/test/abnormal/test_00008438_orig25314_25315_25316.png,1,0.420312495409145
/root/New_CheckLiuliang_remote/datasets/toniot/test/abnormal/test_00008450_orig25350_25351_25352.png,1,0.41431462439768607
/root/New_CheckLiuliang_remote/datasets/toniot/test/abnormal/test_00008462_orig25386_25387_25388.png,1,0.4800956016504506
/root/New_CheckLiuliang_remote/datasets/toniot/test/abnormal/test_00008473_orig25419_25420_25421.png,1,0.38784905802483627
/root/New_CheckLiuliang_remote/datasets/toniot/test/abnormal/test_00008485_orig25455_25456_25457.png,1,0.3779393772176633
/root/New_CheckLiuliang_remote/datasets/toniot/test/abnormal/test_00008497_orig25491_25492_25493.png,1,0.5251311310033853
/root/New_CheckLiuliang_remote/datasets/toniot/test/abnormal/test_00008509_orig25527_25528_25529.png,1,0.5521115835338878
/root/New_CheckLiuliang_remote/datasets/toniot/test/abnormal/test_00008521_orig25563_25564_25565.png,1,0.38974783061723367
/root/New_CheckLiuliang_remote/datasets/toniot/test/abnormal/test_00008533_orig25599_25600_25601.png,1,0.3827397974855897
/root/New_CheckLiuliang_remote/datasets/toniot/test/abnormal/test_00008544_orig25632_25633_25634.png,1,0.4181846313038838
/root/New_CheckLiuliang_remote/datasets/toniot/test/abnormal/test_00008556_orig25668_25669_25670.png,1,0.5859291816147536
/root/New_CheckLiuliang_remote/datasets/toniot/test/abnormal/test_00008568_orig25704_25705_25706.png,1,0.40567962171215316
/root/New_CheckLiuliang_remote/datasets/toniot/test/abnormal/test_00008580_orig25740_25741_25742.png,1,0.3973063388668476
/root/New_CheckLiuliang_remote/datasets/toniot/test/abnormal/test_00008592_orig25776_25777_25778.png,1,0.3911488267321043
/root/New_CheckLiuliang_remote/datasets/toniot/test/abnormal/test_00008604_orig25812_25813_25814.png,1,0.3959357794246641
/root/New_CheckLiuliang_remote/datasets/toniot/test/abnormal/test_00008615_orig25845_25846_25847.png,1,0.38810201973225245
/root/New_CheckLiuliang_remote/datasets/toniot/test/abnormal/test_00008627_orig25881_25882_25883.png,1,0.4013201731903108
/root/New_CheckLiuliang_remote/datasets/toniot/test/abnormal/test_00008639_orig25917_25918_25919.png,1,0.4181607135135883
/root/New_CheckLiuliang_remote/datasets/toniot/test/abnormal/test_00008651_orig25953_25954_25955.png,1,0.3957742623279116
/root/New_CheckLiuliang_remote/datasets/toniot/test/abnormal/test_00008663_orig25989_25990_25991.png,1,0.4110089495377415
/root/New_CheckLiuliang_remote/datasets/toniot/test/abnormal/test_00008675_orig26025_26026_26027.png,1,0.4137969998111632
/root/New_CheckLiuliang_remote/datasets/toniot/test/abnormal/test_00008686_orig26058_26059_26060.png,1,0.40444894346828236
/root/New_CheckLiuliang_remote/datasets/toniot/test/abnormal/test_00008698_orig26094_26095_26096.png,1,0.4119001371527341
/root/New_CheckLiuliang_remote/datasets/toniot/test/abnormal/test_00008710_orig26130_26131_26132.png,1,0.408768046149142
/root/New_CheckLiuliang_remote/datasets/toniot/test/abnormal/test_00008722_orig26166_26167_26168.png,1,0.4072598377363958
/root/New_CheckLiuliang_remote/datasets/toniot/test/abnormal/test_00008734_orig26202_26203_26204.png,1,0.41154032146071645
/root/New_CheckLiuliang_remote/datasets/toniot/test/abnormal/test_00008746_orig26238_26239_26240.png,1,0.39050817887919226
/root/New_CheckLiuliang_remote/datasets/toniot/test/abnormal/test_00008757_orig26271_26272_26273.png,1,0.4069781254203092
/root/New_CheckLiuliang_remote/datasets/toniot/test/abnormal/test_00008769_orig26307_26308_26309.png,1,0.40435471234725584
/root/New_CheckLiuliang_remote/datasets/toniot/test/abnormal/test_00008781_orig26343_26344_26345.png,1,0.4001398225572831
/root/New_CheckLiuliang_remote/datasets/toniot/test/abnormal/test_00008793_orig26379_26380_26381.png,1,0.4030801890325501
/root/New_CheckLiuliang_remote/datasets/toniot/test/abnormal/test_00008805_orig26415_26416_26417.png,1,0.4076866332967701
/root/New_CheckLiuliang_remote/datasets/toniot/test/abnormal/test_00008817_orig26451_26452_26453.png,1,0.3903916182149354
/root/New_CheckLiuliang_remote/datasets/toniot/test/abnormal/test_00008828_orig26484_26485_26486.png,1,0.3895383323226717
/root/New_CheckLiuliang_remote/datasets/toniot/test/abnormal/test_00008840_orig26520_26521_26522.png,1,0.5132471245808813
/root/New_CheckLiuliang_remote/datasets/toniot/test/abnormal/test_00008852_orig26556_26557_26558.png,1,0.38402224040378174
/root/New_CheckLiuliang_remote/datasets/toniot/test/abnormal/test_00008864_orig26592_26593_26594.png,1,0.4045129633574197
/root/New_CheckLiuliang_remote/datasets/toniot/test/abnormal/test_00008876_orig26628_26629_26630.png,1,0.385982853407122
/root/New_CheckLiuliang_remote/datasets/toniot/test/abnormal/test_00008888_orig26664_26665_26666.png,1,0.391821246664465
/root/New_CheckLiuliang_remote/datasets/toniot/test/abnormal/test_00008899_orig26697_26698_26699.png,1,0.3985605997742814
/root/New_CheckLiuliang_remote/datasets/toniot/test/abnormal/test_00008911_orig26733_26734_26735.png,1,0.3967739117940614
/root/New_CheckLiuliang_remote/datasets/toniot/test/abnormal/test_00008923_orig26769_26770_26771.png,1,0.3985605997742814
/root/New_CheckLiuliang_remote/datasets/toniot/test/abnormal/test_00008935_orig26805_26806_26807.png,1,0.3787722344414618
/root/New_CheckLiuliang_remote/datasets/toniot/test/abnormal/test_00008947_orig26841_26842_26843.png,1,0.40293274693282227
/root/New_CheckLiuliang_remote/datasets/toniot/test/abnormal/test_00008959_orig26877_26878_26879.png,1,0.3985605997742814
/root/New_CheckLiuliang_remote/datasets/toniot/test/abnormal/test_00008970_orig26910_26911_26912.png,1,0.4013645503843564
/root/New_CheckLiuliang_remote/datasets/toniot/test/abnormal/test_00008982_orig26946_26947_26948.png,1,0.3929553816908718
/root/New_CheckLiuliang_remote/datasets/toniot/test/abnormal/test_00008994_orig26982_26983_26984.png,1,0.39688250838341543
/root/New_CheckLiuliang_remote/datasets/toniot/test/abnormal/test_00009006_orig27018_27019_27020.png,1,0.3953355374299197
/root/New_CheckLiuliang_remote/datasets/toniot/test/abnormal/test_00009018_orig27054_27055_27056.png,1,0.4031786747355287
/root/New_CheckLiuliang_remote/datasets/toniot/test/abnormal/test_00009030_orig27090_27091_27092.png,1,0.4043924632762225
/root/New_CheckLiuliang_remote/datasets/toniot/test/abnormal/test_00009041_orig27123_27124_27125.png,1,0.4044700329796598
/root/New_CheckLiuliang_remote/datasets/toniot/test/abnormal/test_00009053_orig27159_27160_27161.png,1,0.3943586427088237
/root/New_CheckLiuliang_remote/datasets/toniot/test/abnormal/test_00009065_orig27195_27196_27197.png,1,0.4146350163218534
/root/New_CheckLiuliang_remote/datasets/toniot/test/abnormal/test_00009077_orig27231_27232_27233.png,1,0.39095442234530087
/root/New_CheckLiuliang_remote/datasets/toniot/test/abnormal/test_00009089_orig27267_27268_27269.png,1,0.4105586152805393
/root/New_CheckLiuliang_remote/datasets/toniot/test/abnormal/test_00009101_orig27303_27304_27305.png,1,0.40599196599916065
/root/New_CheckLiuliang_remote/datasets/toniot/test/abnormal/test_00009112_orig27336_27337_27338.png,1,0.44434505762155846
/root/New_CheckLiuliang_remote/datasets/toniot/test/abnormal/test_00009124_orig27372_27373_27374.png,1,0.3850905975275273
/root/New_CheckLiuliang_remote/datasets/toniot/test/abnormal/test_00009136_orig27408_27409_27410.png,1,0.40813654163569124
/root/New_CheckLiuliang_remote/datasets/toniot/test/abnormal/test_00009148_orig27444_27445_27446.png,1,0.3867090357601951
/root/New_CheckLiuliang_remote/datasets/toniot/test/abnormal/test_00009160_orig27480_27481_27482.png,1,0.37961839862456087
/root/New_CheckLiuliang_remote/datasets/toniot/test/abnormal/test_00009172_orig27516_27517_27518.png,1,0.4242773688716462
/root/New_CheckLiuliang_remote/datasets/toniot/test/abnormal/test_00009183_orig27549_27550_27551.png,1,0.4095169741733218
/root/New_CheckLiuliang_remote/datasets/toniot/test/abnormal/test_00009195_orig27585_27586_27587.png,1,0.42500115938992133
/root/New_CheckLiuliang_remote/datasets/toniot/test/abnormal/test_00009207_orig27621_27622_27623.png,1,0.6105974570761598
/root/New_CheckLiuliang_remote/datasets/toniot/test/abnormal/test_00009219_orig27657_27658_27659.png,1,0.3513595126580791
/root/New_CheckLiuliang_remote/datasets/toniot/test/abnormal/test_00009231_orig27693_27694_27695.png,1,0.580211480045481
/root/New_CheckLiuliang_remote/datasets/toniot/test/abnormal/test_00009243_orig27729_27730_27731.png,1,0.4071572975475647
/root/New_CheckLiuliang_remote/datasets/toniot/test/abnormal/test_00009254_orig27762_27763_27764.png,1,0.7145767922742947
/root/New_CheckLiuliang_remote/datasets/toniot/test/abnormal/test_00009266_orig27798_27799_27800.png,1,0.40754558547696934
/root/New_CheckLiuliang_remote/datasets/toniot/test/abnormal/test_00009278_orig27834_27835_27836.png,1,0.404411523864906
/root/New_CheckLiuliang_remote/datasets/toniot/test/abnormal/test_00009290_orig27870_27871_27872.png,1,0.4099430666425623
/root/New_CheckLiuliang_remote/datasets/toniot/test/abnormal/test_00009302_orig27906_27907_27908.png,1,0.3850521686791216
/root/New_CheckLiuliang_remote/datasets/toniot/test/abnormal/test_00009314_orig27942_27943_27944.png,1,0.41412645390509967
/root/New_CheckLiuliang_remote/datasets/toniot/test/abnormal/test_00009325_orig27975_27976_27977.png,1,0.4057229974760421
/root/New_CheckLiuliang_remote/datasets/toniot/test/abnormal/test_00009337_orig28011_28012_28013.png,1,0.48017423353700706
/root/New_CheckLiuliang_remote/datasets/toniot/test/abnormal/test_00009349_orig28047_28048_28049.png,1,0.4148667221389517
/root/New_CheckLiuliang_remote/datasets/toniot/test/abnormal/test_00009361_orig28083_28084_28085.png,1,0.3910930582260988
/root/New_CheckLiuliang_remote/datasets/toniot/test/abnormal/test_00009373_orig28119_28120_28121.png,1,0.5465722628707986
/root/New_CheckLiuliang_remote/datasets/toniot/test/abnormal/test_00009385_orig28155_28156_28157.png,1,0.38738150055106635
/root/New_CheckLiuliang_remote/datasets/toniot/test/abnormal/test_00009396_orig28188_28189_28190.png,1,0.392066710959227
/root/New_CheckLiuliang_remote/datasets/toniot/test/abnormal/test_00009408_orig28224_28225_28226.png,1,0.40511966728408627
/root/New_CheckLiuliang_remote/datasets/toniot/test/abnormal/test_00009420_orig28260_28261_28262.png,1,0.3899763047617482
/root/New_CheckLiuliang_remote/datasets/toniot/test/abnormal/test_00009432_orig28296_28297_28298.png,1,0.39705964361420054
/root/New_CheckLiuliang_remote/datasets/toniot/test/abnormal/test_00009444_orig28332_28333_28334.png,1,0.37933758541570534
/root/New_CheckLiuliang_remote/datasets/toniot/test/abnormal/test_00009456_orig28368_28369_28370.png,1,0.5816542491840149
/root/New_CheckLiuliang_remote/datasets/toniot/test/abnormal/test_00009467_orig28401_28402_28403.png,1,0.3960675467341125
/root/New_CheckLiuliang_remote/datasets/toniot/test/abnormal/test_00009479_orig28437_28438_28439.png,1,0.38689444462938377
/root/New_CheckLiuliang_remote/datasets/toniot/test/abnormal/test_00009491_orig28473_28474_28475.png,1,0.5820963853102951
/root/New_CheckLiuliang_remote/datasets/toniot/test/abnormal/test_00009503_orig28509_28510_28511.png,1,0.38971020371116605
/root/New_CheckLiuliang_remote/datasets/toniot/test/abnormal/test_00009515_orig28545_28546_28547.png,1,0.4757653264645669
/root/New_CheckLiuliang_remote/datasets/toniot/test/abnormal/test_00009527_orig28581_28582_28583.png,1,0.39350491465671333
/root/New_CheckLiuliang_remote/datasets/toniot/test/abnormal/test_00009538_orig28614_28615_28616.png,1,0.39509498867106807
/root/New_CheckLiuliang_remote/datasets/toniot/test/abnormal/test_00009550_orig28650_28651_28652.png,1,0.5282059778704158
/root/New_CheckLiuliang_remote/datasets/toniot/test/abnormal/test_00009562_orig28686_28687_28688.png,1,0.5006073491244916
/root/New_CheckLiuliang_remote/datasets/toniot/test/abnormal/test_00009574_orig28722_28723_28724.png,1,0.6261618713294245
/root/New_CheckLiuliang_remote/datasets/toniot/test/abnormal/test_00009586_orig28758_28759_28760.png,1,0.5620942450481754
/root/New_CheckLiuliang_remote/datasets/toniot/test/abnormal/test_00009598_orig28794_28795_28796.png,1,0.4745268108971476
/root/New_CheckLiuliang_remote/datasets/toniot/test/abnormal/test_00009609_orig28827_28828_28829.png,1,0.5583607742602024
/root/New_CheckLiuliang_remote/datasets/toniot/test/abnormal/test_00009621_orig28863_28864_28865.png,1,0.4444887647931188
/root/New_CheckLiuliang_remote/datasets/toniot/test/abnormal/test_00009633_orig28899_28900_28901.png,1,0.46164066139963833
/root/New_CheckLiuliang_remote/datasets/toniot/test/abnormal/test_00009645_orig28935_28936_28937.png,1,0.3696092139487031
/root/New_CheckLiuliang_remote/datasets/toniot/test/abnormal/test_00009657_orig28971_28972_28973.png,1,0.49971935702454723
/root/New_CheckLiuliang_remote/datasets/toniot/test/abnormal/test_00009669_orig29007_29008_29009.png,1,0.5028040625321514
/root/New_CheckLiuliang_remote/datasets/toniot/test/abnormal/test_00009680_orig29040_29041_29042.png,1,0.49443185671218703
/root/New_CheckLiuliang_remote/datasets/toniot/test/abnormal/test_00009692_orig29076_29077_29078.png,1,0.6099358469718043
/root/New_CheckLiuliang_remote/datasets/toniot/test/abnormal/test_00009704_orig29112_29113_29114.png,1,0.48918827489368677
/root/New_CheckLiuliang_remote/datasets/toniot/test/abnormal/test_00009716_orig29148_29149_29150.png,1,0.4625747652973639
/root/New_CheckLiuliang_remote/datasets/toniot/test/abnormal/test_00009728_orig29184_29185_29186.png,1,0.44443215058679925
/root/New_CheckLiuliang_remote/datasets/toniot/test/abnormal/test_00009740_orig29220_29221_29222.png,1,0.4382033334800688
/root/New_CheckLiuliang_remote/datasets/toniot/test/abnormal/test_00009751_orig29253_29254_29255.png,1,0.42307350749415895
/root/New_CheckLiuliang_remote/datasets/toniot/test/abnormal/test_00009763_orig29289_29290_29291.png,1,0.556646622257518
/root/New_CheckLiuliang_remote/datasets/toniot/test/abnormal/test_00009775_orig29325_29326_29327.png,1,0.4558991165266175
/root/New_CheckLiuliang_remote/datasets/toniot/test/abnormal/test_00009787_orig29361_29362_29363.png,1,0.40322774574062514
/root/New_CheckLiuliang_remote/datasets/toniot/test/abnormal/test_00009799_orig29397_29398_29399.png,1,0.3840932922579629
/root/New_CheckLiuliang_remote/datasets/toniot/test/abnormal/test_00009811_orig29433_29434_29435.png,1,0.47951326076844814
/root/New_CheckLiuliang_remote/datasets/toniot/test/abnormal/test_00009822_orig29466_29467_29468.png,1,0.3907096451116793
/root/New_CheckLiuliang_remote/datasets/toniot/test/abnormal/test_00009834_orig29502_29503_29504.png,1,0.48129772981054986
/root/New_CheckLiuliang_remote/datasets/toniot/test/abnormal/test_00009846_orig29538_29539_29540.png,1,0.44129141972640346
/root/New_CheckLiuliang_remote/datasets/toniot/test/abnormal/test_00009858_orig29574_29575_29576.png,1,0.523618616388709
/root/New_CheckLiuliang_remote/datasets/toniot/test/abnormal/test_00009870_orig29610_29611_29612.png,1,0.38971775355666655
/root/New_CheckLiuliang_remote/datasets/toniot/test/abnormal/test_00009882_orig29646_29647_29648.png,1,0.38563659885103324
/root/New_CheckLiuliang_remote/datasets/toniot/test/abnormal/test_00009893_orig29679_29680_29681.png,1,0.38881504002848216
/root/New_CheckLiuliang_remote/datasets/toniot/test/abnormal/test_00009905_orig29715_29716_29717.png,1,0.3633489490862483
/root/New_CheckLiuliang_remote/datasets/toniot/test/abnormal/test_00009917_orig29751_29752_29753.png,1,0.39996970760670714
/root/New_CheckLiuliang_remote/datasets/toniot/test/abnormal/test_00009929_orig29787_29788_29789.png,1,0.5737447224044809
/root/New_CheckLiuliang_remote/datasets/toniot/test/abnormal/test_00009941_orig29823_29824_29825.png,1,0.3945216036802756
/root/New_CheckLiuliang_remote/datasets/toniot/test/abnormal/test_00009953_orig29859_29860_29861.png,1,0.4870207491256874
/root/New_CheckLiuliang_remote/datasets/toniot/test/abnormal/test_00009964_orig29892_29893_29894.png,1,0.3910136129198266
/root/New_CheckLiuliang_remote/datasets/toniot/test/abnormal/test_00009976_orig29928_29929_29930.png,1,0.39108230388348675
/root/New_CheckLiuliang_remote/datasets/toniot/test/abnormal/test_00009988_orig29964_29965_29966.png,1,0.41920711141795874
/root/New_CheckLiuliang_remote/datasets/toniot/test/abnormal/test_00010000_orig30000_30001_30002.png,1,0.48195982863375153
/root/New_CheckLiuliang_remote/datasets/toniot/test/abnormal/test_00010012_orig30036_30037_30038.png,1,0.4181846313038838
/root/New_CheckLiuliang_remote/datasets/toniot/test/abnormal/test_00010024_orig30072_30073_30074.png,1,0.40898742573956576
/root/New_CheckLiuliang_remote/datasets/toniot/test/abnormal/test_00010035_orig30105_30106_30107.png,1,0.41447671616298387
/root/New_CheckLiuliang_remote/datasets/toniot/test/abnormal/test_00010047_orig30141_30142_30143.png,1,0.4072264248409421
/root/New_CheckLiuliang_remote/datasets/toniot/test/abnormal/test_00010059_orig30177_30178_30179.png,1,0.40790356453382054
/root/New_CheckLiuliang_remote/datasets/toniot/test/abnormal/test_00010071_orig30213_30214_30215.png,1,0.41053237834043416
/root/New_CheckLiuliang_remote/datasets/toniot/test/abnormal/test_00010083_orig30249_30250_30251.png,1,0.4137969998111632
/root/New_CheckLiuliang_remote/datasets/toniot/test/abnormal/test_00010095_orig30285_30286_30287.png,1,0.40444894346828236
/root/New_CheckLiuliang_remote/datasets/toniot/test/abnormal/test_00010106_orig30318_30319_30320.png,1,0.3895383323226717
/root/New_CheckLiuliang_remote/datasets/toniot/test/abnormal/test_00010118_orig30354_30355_30356.png,1,0.41521713396038473
/root/New_CheckLiuliang_remote/datasets/toniot/test/abnormal/test_00010130_orig30390_30391_30392.png,1,0.39779446930939794
/root/New_CheckLiuliang_remote/datasets/toniot/test/abnormal/test_00010142_orig30426_30427_30428.png,1,0.41202789018011465
/root/New_CheckLiuliang_remote/datasets/toniot/test/abnormal/test_00010154_orig30462_30463_30464.png,1,0.6001632273679451
/root/New_CheckLiuliang_remote/datasets/toniot/test/abnormal/test_00010166_orig30498_30499_30500.png,1,0.40290942347854514
/root/New_CheckLiuliang_remote/datasets/toniot/test/abnormal/test_00010177_orig30531_30532_30533.png,1,0.40799717389447193
/root/New_CheckLiuliang_remote/datasets/toniot/test/abnormal/test_00010189_orig30567_30568_30569.png,1,0.6026637815829231
/root/New_CheckLiuliang_remote/datasets/toniot/test/abnormal/test_00010201_orig30603_30604_30605.png,1,0.4817000975153007
/root/New_CheckLiuliang_remote/datasets/toniot/test/abnormal/test_00010213_orig30639_30640_30641.png,1,0.40435471234725584
/root/New_CheckLiuliang_remote/datasets/toniot/test/abnormal/test_00010225_orig30675_30676_30677.png,1,0.38455416151370503
/root/New_CheckLiuliang_remote/datasets/toniot/test/abnormal/test_00010237_orig30711_30712_30713.png,1,0.41447671616298387
/root/New_CheckLiuliang_remote/datasets/toniot/test/abnormal/test_00010248_orig30744_30745_30746.png,1,0.39304615682358557
/root/New_CheckLiuliang_remote/datasets/toniot/test/abnormal/test_00010260_orig30780_30781_30782.png,1,0.40320544483404436
/root/New_CheckLiuliang_remote/datasets/toniot/test/abnormal/test_00010272_orig30816_30817_30818.png,1,0.39133156345402065
/root/New_CheckLiuliang_remote/datasets/toniot/test/abnormal/test_00010284_orig30852_30853_30854.png,1,0.40479643624573725
/root/New_CheckLiuliang_remote/datasets/toniot/test/abnormal/test_00010296_orig30888_30889_30890.png,1,0.41011453675698883
/root/New_CheckLiuliang_remote/datasets/toniot/test/abnormal/test_00010308_orig30924_30925_30926.png,1,0.40323774629236997
/root/New_CheckLiuliang_remote/datasets/toniot/test/abnormal/test_00010319_orig30957_30958_30959.png,1,0.39022436041213654
/root/New_CheckLiuliang_remote/datasets/toniot/test/abnormal/test_00010331_orig30993_30994_30995.png,1,0.3973511711907308
/root/New_CheckLiuliang_remote/datasets/toniot/test/abnormal/test_00010343_orig31029_31030_31031.png,1,0.418243494754618
/root/New_CheckLiuliang_remote/datasets/toniot/test/abnormal/test_00010355_orig31065_31066_31067.png,1,0.4159154084555405
/root/New_CheckLiuliang_remote/datasets/toniot/test/abnormal/test_00010367_orig31101_31102_31103.png,1,0.38442754581125804
/root/New_CheckLiuliang_remote/datasets/toniot/test/abnormal/test_00010379_orig31137_31138_31139.png,1,0.39390126651267987
/root/New_CheckLiuliang_remote/datasets/toniot/test/abnormal/test_00010390_orig31170_31171_31172.png,1,0.40998969671071966
/root/New_CheckLiuliang_remote/datasets/toniot/test/abnormal/test_00010402_orig31206_31207_31208.png,1,0.4035858085993765
/root/New_CheckLiuliang_remote/datasets/toniot/test/abnormal/test_00010414_orig31242_31243_31244.png,1,0.41281648905464047
/root/New_CheckLiuliang_remote/datasets/toniot/test/abnormal/test_00010426_orig31278_31279_31280.png,1,0.3849317367344082
/root/New_CheckLiuliang_remote/datasets/toniot/test/abnormal/test_00010438_orig31314_31315_31316.png,1,0.4076866332967701
/root/New_CheckLiuliang_remote/datasets/toniot/test/abnormal/test_00010450_orig31350_31351_31352.png,1,0.4085743645206896
/root/New_CheckLiuliang_remote/datasets/toniot/test/abnormal/test_00010461_orig31383_31384_31385.png,1,0.3770156526604765
/root/New_CheckLiuliang_remote/datasets/toniot/test/abnormal/test_00010473_orig31419_31420_31421.png,1,0.40113675443629493
/root/New_CheckLiuliang_remote/datasets/toniot/test/abnormal/test_00010485_orig31455_31456_31457.png,1,0.40070046762762507
/root/New_CheckLiuliang_remote/datasets/toniot/test/abnormal/test_00010497_orig31491_31492_31493.png,1,0.40158460814483676
/root/New_CheckLiuliang_remote/datasets/toniot/test/abnormal/test_00010509_orig31527_31528_31529.png,1,0.38539545531295466
/root/New_CheckLiuliang_remote/datasets/toniot/test/abnormal/test_00010521_orig31563_31564_31565.png,1,0.4004315579571731
/root/New_CheckLiuliang_remote/datasets/toniot/test/abnormal/test_00010532_orig31596_31597_31598.png,1,0.41298192881220525
/root/New_CheckLiuliang_remote/datasets/toniot/test/abnormal/test_00010544_orig31632_31633_31634.png,1,0.40735841216863633
/root/New_CheckLiuliang_remote/datasets/toniot/test/abnormal/test_00010556_orig31668_31669_31670.png,1,0.4181846313038838
/root/New_CheckLiuliang_remote/datasets/toniot/test/abnormal/test_00010568_orig31704_31705_31706.png,1,0.4110089495377415
/root/New_CheckLiuliang_remote/datasets/toniot/test/abnormal/test_00010580_orig31740_31741_31742.png,1,0.4104900516153769
/root/New_CheckLiuliang_remote/datasets/toniot/test/abnormal/test_00010592_orig31776_31777_31778.png,1,0.43644109465780173
/root/New_CheckLiuliang_remote/datasets/toniot/test/abnormal/test_00010603_orig31809_31810_31811.png,1,0.4295981030031501
/root/New_CheckLiuliang_remote/datasets/toniot/test/abnormal/test_00010615_orig31845_31846_31847.png,1,0.5824552533885562
/root/New_CheckLiuliang_remote/datasets/toniot/test/abnormal/test_00010627_orig31881_31882_31883.png,1,0.38670819141355484
/root/New_CheckLiuliang_remote/datasets/toniot/test/abnormal/test_00010639_orig31917_31918_31919.png,1,0.3993598360765786
/root/New_CheckLiuliang_remote/datasets/toniot/test/abnormal/test_00010651_orig31953_31954_31955.png,1,0.3863001277071121
/root/New_CheckLiuliang_remote/datasets/toniot/test/abnormal/test_00010663_orig31989_31990_31991.png,1,0.3865031929756681
/root/New_CheckLiuliang_remote/datasets/toniot/test/abnormal/test_00010674_orig32022_32023_32024.png,1,0.3865031929756681
/root/New_CheckLiuliang_remote/datasets/toniot/test/abnormal/test_00010686_orig32058_32059_32060.png,1,0.39361225024001073
/root/New_CheckLiuliang_remote/datasets/toniot/test/abnormal/test_00010698_orig32094_32095_32096.png,1,0.3918598908163107
/root/New_CheckLiuliang_remote/datasets/toniot/test/abnormal/test_00010710_orig32130_32131_32132.png,1,0.40833696748336806
/root/New_CheckLiuliang_remote/datasets/toniot/test/abnormal/test_00010722_orig32166_32167_32168.png,1,0.3931811873278564
/root/New_CheckLiuliang_remote/datasets/toniot/test/abnormal/test_00010734_orig32202_32203_32204.png,1,0.3933744502814299
/root/New_CheckLiuliang_remote/datasets/toniot/test/abnormal/test_00010745_orig32235_32236_32237.png,1,0.3862720497463655
/root/New_CheckLiuliang_remote/datasets/toniot/test/abnormal/test_00010757_orig32271_32272_32273.png,1,0.3922147653268912
/root/New_CheckLiuliang_remote/datasets/toniot/test/abnormal/test_00010769_orig32307_32308_32309.png,1,0.39327991770092385
/root/New_CheckLiuliang_remote/datasets/toniot/test/abnormal/test_00010781_orig32343_32344_32345.png,1,0.3907096451116793
/root/New_CheckLiuliang_remote/datasets/toniot/test/abnormal/test_00010793_orig32379_32380_32381.png,1,0.379456026129323
/root/New_CheckLiuliang_remote/datasets/toniot/test/abnormal/test_00010805_orig32415_32416_32417.png,1,0.3970496656821901
/root/New_CheckLiuliang_remote/datasets/toniot/test/abnormal/test_00010816_orig32448_32449_32450.png,1,0.3906089115638784
/root/New_CheckLiuliang_remote/datasets/toniot/test/abnormal/test_00010828_orig32484_32485_32486.png,1,0.39070859679888975
/root/New_CheckLiuliang_remote/datasets/toniot/test/abnormal/test_00010840_orig32520_32521_32522.png,1,0.3887911223193192
/root/New_CheckLiuliang_remote/datasets/toniot/test/abnormal/test_00010852_orig32556_32557_32558.png,1,0.40158460814483676
/root/New_CheckLiuliang_remote/datasets/toniot/test/abnormal/test_00010864_orig32592_32593_32594.png,1,0.4024467527738368
/root/New_CheckLiuliang_remote/datasets/toniot/test/abnormal/test_00010876_orig32628_32629_32630.png,1,0.4085743645206896
/root/New_CheckLiuliang_remote/datasets/toniot/test/abnormal/test_00010887_orig32661_32662_32663.png,1,0.39678886831726884
/root/New_CheckLiuliang_remote/datasets/toniot/test/abnormal/test_00010899_orig32697_32698_32699.png,1,0.37663617269814625
/root/New_CheckLiuliang_remote/datasets/toniot/test/abnormal/test_00010911_orig32733_32734_32735.png,1,0.4041779335678899
/root/New_CheckLiuliang_remote/datasets/toniot/test/abnormal/test_00010923_orig32769_32770_32771.png,1,0.39965546412965014
/root/New_CheckLiuliang_remote/datasets/toniot/test/abnormal/test_00010935_orig32805_32806_32807.png,1,0.4189969601558106
/root/New_CheckLiuliang_remote/datasets/toniot/test/abnormal/test_00010947_orig32841_32842_32843.png,1,0.41235716226480523
/root/New_CheckLiuliang_remote/datasets/toniot/test/abnormal/test_00010958_orig32874_32875_32876.png,1,0.5980850018946693
/root/New_CheckLiuliang_remote/datasets/toniot/test/abnormal/test_00010970_orig32910_32911_32912.png,1,0.42956343420617604
/root/New_CheckLiuliang_remote/datasets/toniot/test/abnormal/test_00010982_orig32946_32947_32948.png,1,0.4033957024108596
/root/New_CheckLiuliang_remote/datasets/toniot/test/abnormal/test_00010994_orig32982_32983_32984.png,1,0.4151755890731611
/root/New_CheckLiuliang_remote/datasets/toniot/test/abnormal/test_00011006_orig33018_33019_33020.png,1,0.4082830436506072
/root/New_CheckLiuliang_remote/datasets/toniot/test/abnormal/test_00011018_orig33054_33055_33056.png,1,0.41044552589281436
/root/New_CheckLiuliang_remote/datasets/toniot/test/abnormal/test_00011029_orig33087_33088_33089.png,1,0.40612454160018363
/root/New_CheckLiuliang_remote/datasets/toniot/test/abnormal/test_00011041_orig33123_33124_33125.png,1,0.3941475509724862
/root/New_CheckLiuliang_remote/datasets/toniot/test/abnormal/test_00011053_orig33159_33160_33161.png,1,0.39073027488181417
/root/New_CheckLiuliang_remote/datasets/toniot/test/abnormal/test_00011065_orig33195_33196_33197.png,1,0.3998182419523592
/root/New_CheckLiuliang_remote/datasets/toniot/test/abnormal/test_00011077_orig33231_33232_33233.png,1,0.3982638059811603
/root/New_CheckLiuliang_remote/datasets/toniot/test/abnormal/test_00011089_orig33267_33268_33269.png,1,0.39641741679837594
/root/New_CheckLiuliang_remote/datasets/toniot/test/abnormal/test_00011100_orig33300_33301_33302.png,1,0.5483091214449334
/root/New_CheckLiuliang_remote/datasets/toniot/test/abnormal/test_00011112_orig33336_33337_33338.png,1,0.7040434190072136
/root/New_CheckLiuliang_remote/datasets/toniot/test/abnormal/test_00011124_orig33372_33373_33374.png,1,0.38987075701446333
/root/New_CheckLiuliang_remote/datasets/toniot/test/abnormal/test_00011136_orig33408_33409_33410.png,1,0.38629199592557184
/root/New_CheckLiuliang_remote/datasets/toniot/test/abnormal/test_00011148_orig33444_33445_33446.png,1,0.38418107253505973
/root/New_CheckLiuliang_remote/datasets/toniot/test/abnormal/test_00011160_orig33480_33481_33482.png,1,0.38287584518935713
/root/New_CheckLiuliang_remote/datasets/toniot/test/abnormal/test_00011171_orig33513_33514_33515.png,1,0.39277507982450377
/root/New_CheckLiuliang_remote/datasets/toniot/test/abnormal/test_00011183_orig33549_33550_33551.png,1,0.37875533111804804
/root/New_CheckLiuliang_remote/datasets/toniot/test/abnormal/test_00011195_orig33585_33586_33587.png,1,0.4669682741022707
/root/New_CheckLiuliang_remote/datasets/toniot/test/abnormal/test_00011207_orig33621_33622_33623.png,1,0.38621065059299997
/root/New_CheckLiuliang_remote/datasets/toniot/test/abnormal/test_00011219_orig33657_33658_33659.png,1,0.3848879344292109
/root/New_CheckLiuliang_remote/datasets/toniot/test/abnormal/test_00011231_orig33693_33694_33695.png,1,0.44380067852047655
/root/New_CheckLiuliang_remote/datasets/toniot/test/abnormal/test_00011242_orig33726_33727_33728.png,1,0.38548246058516816
/root/New_CheckLiuliang_remote/datasets/toniot/test/abnormal/test_00011254_orig33762_33763_33764.png,1,0.3975648644834402
/root/New_CheckLiuliang_remote/datasets/toniot/test/abnormal/test_00011266_orig33798_33799_33800.png,1,0.3881049061018149
/root/New_CheckLiuliang_remote/datasets/toniot/test/abnormal/test_00011278_orig33834_33835_33836.png,1,0.473586891336821
/root/New_CheckLiuliang_remote/datasets/toniot/test/abnormal/test_00011290_orig33870_33871_33872.png,1,0.5633739149162427
/root/New_CheckLiuliang_remote/datasets/toniot/test/abnormal/test_00011302_orig33906_33907_33908.png,1,0.44296096733713536
/root/New_CheckLiuliang_remote/datasets/toniot/test/abnormal/test_00011313_orig33939_33940_33941.png,1,0.3712058736471769
/root/New_CheckLiuliang_remote/datasets/toniot/test/abnormal/test_00011325_orig33975_33976_33977.png,1,0.430805219488044
/root/New_CheckLiuliang_remote/datasets/toniot/test/abnormal/test_00011337_orig34011_34012_34013.png,1,0.5625074108805814
/root/New_CheckLiuliang_remote/datasets/toniot/test/abnormal/test_00011349_orig34047_34048_34049.png,1,0.3941475509724862
/root/New_CheckLiuliang_remote/datasets/toniot/test/abnormal/test_00011361_orig34083_34084_34085.png,1,0.4104393105262278
/root/New_CheckLiuliang_remote/datasets/toniot/test/abnormal/test_00011373_orig34119_34120_34121.png,1,0.45224061711094327
/root/New_CheckLiuliang_remote/datasets/toniot/test/abnormal/test_00011384_orig34152_34153_34154.png,1,0.3702012738519071
/root/New_CheckLiuliang_remote/datasets/toniot/test/abnormal/test_00011396_orig34188_34189_34190.png,1,0.3903741592241438
/root/New_CheckLiuliang_remote/datasets/toniot/test/abnormal/test_00011408_orig34224_34225_34226.png,1,0.41051514001323697
/root/New_CheckLiuliang_remote/datasets/toniot/test/abnormal/test_00011420_orig34260_34261_34262.png,1,0.5683492158395159
/root/New_CheckLiuliang_remote/datasets/toniot/test/abnormal/test_00011432_orig34296_34297_34298.png,1,0.3767562392070326
/root/New_CheckLiuliang_remote/datasets/toniot/test/abnormal/test_00011444_orig34332_34333_34334.png,1,0.39133893903488126
/root/New_CheckLiuliang_remote/datasets/toniot/test/abnormal/test_00011455_orig34365_34366_34367.png,1,0.3907567128054078
/root/New_CheckLiuliang_remote/datasets/toniot/test/abnormal/test_00011467_orig34401_34402_34403.png,1,0.38731027450736316
/root/New_CheckLiuliang_remote/datasets/toniot/test/abnormal/test_00011479_orig34437_34438_34439.png,1,0.3840284737076259
/root/New_CheckLiuliang_remote/datasets/toniot/test/abnormal/test_00011491_orig34473_34474_34475.png,1,0.38808214930690826
/root/New_CheckLiuliang_remote/datasets/toniot/test/abnormal/test_00011503_orig34509_34510_34511.png,1,0.3902912284854851
/root/New_CheckLiuliang_remote/datasets/toniot/test/abnormal/test_00011515_orig34545_34546_34547.png,1,0.385248762729326
/root/New_CheckLiuliang_remote/datasets/toniot/test/abnormal/test_00011526_orig34578_34579_34580.png,1,0.4961378258082264
/root/New_CheckLiuliang_remote/datasets/toniot/test/abnormal/test_00011538_orig34614_34615_34616.png,1,0.3834666634769528
/root/New_CheckLiuliang_remote/datasets/toniot/test/abnormal/test_00011550_orig34650_34651_34652.png,1,0.3907096451116793
/root/New_CheckLiuliang_remote/datasets/toniot/test/abnormal/test_00011562_orig34686_34687_34688.png,1,0.43758103213890176
/root/New_CheckLiuliang_remote/datasets/toniot/test/abnormal/test_00011574_orig34722_34723_34724.png,1,0.41792703675936865
/root/New_CheckLiuliang_remote/datasets/toniot/test/abnormal/test_00011586_orig34758_34759_34760.png,1,0.4612808137355327
/root/New_CheckLiuliang_remote/datasets/toniot/test/abnormal/test_00011597_orig34791_34792_34793.png,1,0.45523756935738147
/root/New_CheckLiuliang_remote/datasets/toniot/test/abnormal/test_00011609_orig34827_34828_34829.png,1,0.42067788737541706
/root/New_CheckLiuliang_remote/datasets/toniot/test/abnormal/test_00011621_orig34863_34864_34865.png,1,0.4039410497482411
/root/New_CheckLiuliang_remote/datasets/toniot/test/abnormal/test_00011633_orig34899_34900_34901.png,1,0.40937910156161433
/root/New_CheckLiuliang_remote/datasets/toniot/test/abnormal/test_00011645_orig34935_34936_34937.png,1,0.6077142759659431
/root/New_CheckLiuliang_remote/datasets/toniot/test/abnormal/test_00011657_orig34971_34972_34973.png,1,0.4675798043676365
/root/New_CheckLiuliang_remote/datasets/toniot/test/abnormal/test_00011668_orig35004_35005_35006.png,1,0.45264332611436103
/root/New_CheckLiuliang_remote/datasets/toniot/test/abnormal/test_00011680_orig35040_35041_35042.png,1,0.4153444873126631
/root/New_CheckLiuliang_remote/datasets/toniot/test/abnormal/test_00011692_orig35076_35077_35078.png,1,0.4184905956775087
/root/New_CheckLiuliang_remote/datasets/toniot/test/abnormal/test_00011704_orig35112_35113_35114.png,1,0.4082496669200066
/root/New_CheckLiuliang_remote/datasets/toniot/test/abnormal/test_00011716_orig35148_35149_35150.png,1,0.4118065375204808
/root/New_CheckLiuliang_remote/datasets/toniot/test/abnormal/test_00011728_orig35184_35185_35186.png,1,0.41053237834043416
/root/New_CheckLiuliang_remote/datasets/toniot/test/abnormal/test_00011739_orig35217_35218_35219.png,1,0.42393893697660706
/root/New_CheckLiuliang_remote/datasets/toniot/test/abnormal/test_00011751_orig35253_35254_35255.png,1,0.4067102075762933
/root/New_CheckLiuliang_remote/datasets/toniot/test/abnormal/test_00011763_orig35289_35290_35291.png,1,0.4148667221389517
/root/New_CheckLiuliang_remote/datasets/toniot/test/abnormal/test_00011775_orig35325_35326_35327.png,1,0.4007140437458764
/root/New_CheckLiuliang_remote/datasets/toniot/test/abnormal/test_00011787_orig35361_35362_35363.png,1,0.42116898072185116
/root/New_CheckLiuliang_remote/datasets/toniot/test/abnormal/test_00011799_orig35397_35398_35399.png,1,0.4010615961648563
/root/New_CheckLiuliang_remote/datasets/toniot/test/abnormal/test_00011810_orig35430_35431_35432.png,1,0.3971477741054021
/root/New_CheckLiuliang_remote/datasets/toniot/test/abnormal/test_00011822_orig35466_35467_35468.png,1,0.408346197794654
/root/New_CheckLiuliang_remote/datasets/toniot/test/abnormal/test_00011834_orig35502_35503_35504.png,1,0.41529487934960413
/root/New_CheckLiuliang_remote/datasets/toniot/test/abnormal/test_00011846_orig35538_35539_35540.png,1,0.4288528856320867
/root/New_CheckLiuliang_remote/datasets/toniot/test/abnormal/test_00011858_orig35574_35575_35576.png,1,0.4106103669129326
/root/New_CheckLiuliang_remote/datasets/toniot/test/abnormal/test_00011870_orig35610_35611_35612.png,1,0.4148667221389517
/root/New_CheckLiuliang_remote/datasets/toniot/test/abnormal/test_00011881_orig35643_35644_35645.png,1,0.4192661504670982
/root/New_CheckLiuliang_remote/datasets/toniot/test/abnormal/test_00011893_orig35679_35680_35681.png,1,0.3889028468821859
/root/New_CheckLiuliang_remote/datasets/toniot/test/abnormal/test_00011905_orig35715_35716_35717.png,1,0.38502267973470006
/root/New_CheckLiuliang_remote/datasets/toniot/test/abnormal/test_00011917_orig35751_35752_35753.png,1,0.38408594791365336
/root/New_CheckLiuliang_remote/datasets/toniot/test/abnormal/test_00011929_orig35787_35788_35789.png,1,0.38408594791365336
/root/New_CheckLiuliang_remote/datasets/toniot/test/abnormal/test_00011941_orig35823_35824_35825.png,1,0.38479954823717044
/root/New_CheckLiuliang_remote/datasets/toniot/test/abnormal/test_00011952_orig35856_35857_35858.png,1,0.3967129360982308
/root/New_CheckLiuliang_remote/datasets/toniot/test/abnormal/test_00011964_orig35892_35893_35894.png,1,0.39553229837249965
/root/New_CheckLiuliang_remote/datasets/toniot/test/abnormal/test_00011976_orig35928_35929_35930.png,1,0.41930738929735173
/root/New_CheckLiuliang_remote/datasets/toniot/test/abnormal/test_00011988_orig35964_35965_35966.png,1,0.42307418561204657
/root/New_CheckLiuliang_remote/datasets/toniot/test/abnormal/test_00012000_orig36000_36001_36002.png,1,0.40491512430323356
/root/New_CheckLiuliang_remote/datasets/toniot/test/abnormal/test_00012012_orig36036_36037_36038.png,1,0.394380864230179
/root/New_CheckLiuliang_remote/datasets/toniot/test/abnormal/test_00012023_orig36069_36070_36071.png,1,0.4012005753823198
/root/New_CheckLiuliang_remote/datasets/toniot/test/abnormal/test_00012035_orig36105_36106_36107.png,1,0.4033957024108596
/root/New_CheckLiuliang_remote/datasets/toniot/test/abnormal/test_00012047_orig36141_36142_36143.png,1,0.4097589048261485
/root/New_CheckLiuliang_remote/datasets/toniot/test/abnormal/test_00012059_orig36177_36178_36179.png,1,0.7095310238006248
/root/New_CheckLiuliang_remote/datasets/toniot/test/abnormal/test_00012071_orig36213_36214_36215.png,1,0.4141040548763394
/root/New_CheckLiuliang_remote/datasets/toniot/test/abnormal/test_00012083_orig36249_36250_36251.png,1,0.4180905956216568
/root/New_CheckLiuliang_remote/datasets/toniot/test/abnormal/test_00012094_orig36282_36283_36284.png,1,0.3513595126580791
/root/New_CheckLiuliang_remote/datasets/toniot/test/abnormal/test_00012106_orig36318_36319_36320.png,1,0.4151755890731611
/root/New_CheckLiuliang_remote/datasets/toniot/test/abnormal/test_00012118_orig36354_36355_36356.png,1,0.40967703727558336
/root/New_CheckLiuliang_remote/datasets/toniot/test/abnormal/test_00012130_orig36390_36391_36392.png,1,0.3934653027989763
/root/New_CheckLiuliang_remote/datasets/toniot/test/abnormal/test_00012142_orig36426_36427_36428.png,1,0.39410591250826
/root/New_CheckLiuliang_remote/datasets/toniot/test/abnormal/test_00012154_orig36462_36463_36464.png,1,0.3785137136508248
/root/New_CheckLiuliang_remote/datasets/toniot/test/abnormal/test_00012165_orig36495_36496_36497.png,1,0.3850996728189109
/root/New_CheckLiuliang_remote/datasets/toniot/test/abnormal/test_00012177_orig36531_36532_36533.png,1,0.3853215651079134
/root/New_CheckLiuliang_remote/datasets/toniot/test/abnormal/test_00012189_orig36567_36568_36569.png,1,0.3950124276568754
/root/New_CheckLiuliang_remote/datasets/toniot/test/abnormal/test_00012201_orig36603_36604_36605.png,1,0.39907341885476616
/root/New_CheckLiuliang_remote/datasets/toniot/test/abnormal/test_00012213_orig36639_36640_36641.png,1,0.4091481573995286
/root/New_CheckLiuliang_remote/datasets/toniot/test/abnormal/test_00012225_orig36675_36676_36677.png,1,0.3938013951827314
/root/New_CheckLiuliang_remote/datasets/toniot/test/abnormal/test_00012236_orig36708_36709_36710.png,1,0.389049379912586
/root/New_CheckLiuliang_remote/datasets/toniot/test/abnormal/test_00012248_orig36744_36745_36746.png,1,0.3913053232741939
/root/New_CheckLiuliang_remote/datasets/toniot/test/abnormal/test_00012260_orig36780_36781_36782.png,1,0.5151343678439017
/root/New_CheckLiuliang_remote/datasets/toniot/test/abnormal/test_00012272_orig36816_36817_36818.png,1,0.4711573068764378
/root/New_CheckLiuliang_remote/datasets/toniot/test/abnormal/test_00012284_orig36852_36853_36854.png,1,0.41333872377956615
/root/New_CheckLiuliang_remote/datasets/toniot/test/abnormal/test_00012296_orig36888_36889_36890.png,1,0.4913190269325135
/root/New_CheckLiuliang_remote/datasets/toniot/test/abnormal/test_00012307_orig36921_36922_36923.png,1,0.3932206520972493
/root/New_CheckLiuliang_remote/datasets/toniot/test/abnormal/test_00012319_orig36957_36958_36959.png,1,0.5037491166083118
/root/New_CheckLiuliang_remote/datasets/toniot/test/abnormal/test_00012331_orig36993_36994_36995.png,1,0.42021903390381043
/root/New_CheckLiuliang_remote/datasets/toniot/test/abnormal/test_00012343_orig37029_37030_37031.png,1,0.42407447004263993
/root/New_CheckLiuliang_remote/datasets/toniot/test/abnormal/test_00012355_orig37065_37066_37067.png,1,0.3954334118038643
/root/New_CheckLiuliang_remote/datasets/toniot/test/abnormal/test_00012367_orig37101_37102_37103.png,1,0.49843429367223496
/root/New_CheckLiuliang_remote/datasets/toniot/test/abnormal/test_00012378_orig37134_37135_37136.png,1,0.5031066299376735
/root/New_CheckLiuliang_remote/datasets/toniot/test/abnormal/test_00012390_orig37170_37171_37172.png,1,0.3865987055468568
/root/New_CheckLiuliang_remote/datasets/toniot/test/abnormal/test_00012402_orig37206_37207_37208.png,1,0.3844255220676304
/root/New_CheckLiuliang_remote/datasets/toniot/test/abnormal/test_00012414_orig37242_37243_37244.png,1,0.39172395391587794
/root/New_CheckLiuliang_remote/datasets/toniot/test/abnormal/test_00012426_orig37278_37279_37280.png,1,0.3978376105441333
/root/New_CheckLiuliang_remote/datasets/toniot/test/abnormal/test_00012438_orig37314_37315_37316.png,1,0.38631007944639834
/root/New_CheckLiuliang_remote/datasets/toniot/test/abnormal/test_00012449_orig37347_37348_37349.png,1,0.3848661993504967
/root/New_CheckLiuliang_remote/datasets/toniot/test/abnormal/test_00012461_orig37383_37384_37385.png,1,0.3840932922579629
/root/New_CheckLiuliang_remote/datasets/toniot/test/abnormal/test_00012473_orig37419_37420_37421.png,1,0.3877943622143389
/root/New_CheckLiuliang_remote/datasets/toniot/test/abnormal/test_00012485_orig37455_37456_37457.png,1,0.5053242566828761
/root/New_CheckLiuliang_remote/datasets/toniot/test/abnormal/test_00012497_orig37491_37492_37493.png,1,0.389822625981665
/root/New_CheckLiuliang_remote/datasets/toniot/test/abnormal/test_00012509_orig37527_37528_37529.png,1,0.416113728000018
/root/New_CheckLiuliang_remote/datasets/toniot/test/abnormal/test_00012520_orig37560_37561_37562.png,1,0.36649115322213777
/root/New_CheckLiuliang_remote/datasets/toniot/test/abnormal/test_00012532_orig37596_37597_37598.png,1,0.40748593043735304
/root/New_CheckLiuliang_remote/datasets/toniot/test/abnormal/test_00012544_orig37632_37633_37634.png,1,0.38639645700424324
/root/New_CheckLiuliang_remote/datasets/toniot/test/abnormal/test_00012556_orig37668_37669_37670.png,1,0.4123957654830937
/root/New_CheckLiuliang_remote/datasets/toniot/test/abnormal/test_00012568_orig37704_37705_37706.png,1,0.3824785232975988
/root/New_CheckLiuliang_remote/datasets/toniot/test/abnormal/test_00012580_orig37740_37741_37742.png,1,0.3931811873278564
/root/New_CheckLiuliang_remote/datasets/toniot/test/abnormal/test_00012591_orig37773_37774_37775.png,1,0.4181846313038838
/root/New_CheckLiuliang_remote/datasets/toniot/test/abnormal/test_00012603_orig37809_37810_37811.png,1,0.3929702662666206
/root/New_CheckLiuliang_remote/datasets/toniot/test/abnormal/test_00012615_orig37845_37846_37847.png,1,0.3910136129198266
/root/New_CheckLiuliang_remote/datasets/toniot/test/abnormal/test_00012627_orig37881_37882_37883.png,1,0.39249932388808834
/root/New_CheckLiuliang_remote/datasets/toniot/test/abnormal/test_00012639_orig37917_37918_37919.png,1,0.4197920162603802
/root/New_CheckLiuliang_remote/datasets/toniot/test/abnormal/test_00012651_orig37953_37954_37955.png,1,0.3934756008183941
/root/New_CheckLiuliang_remote/datasets/toniot/test/abnormal/test_00012662_orig37986_37987_37988.png,1,0.3862209049989569
/root/New_CheckLiuliang_remote/datasets/toniot/test/abnormal/test_00012674_orig38022_38023_38024.png,1,0.3834666634769528
/root/New_CheckLiuliang_remote/datasets/toniot/test/abnormal/test_00012686_orig38058_38059_38060.png,1,0.40025284398594546
/root/New_CheckLiuliang_remote/datasets/toniot/test/abnormal/test_00012698_orig38094_38095_38096.png,1,0.38313259841609376
/root/New_CheckLiuliang_remote/datasets/toniot/test/abnormal/test_00012710_orig38130_38131_38132.png,1,0.4105090195461529
/root/New_CheckLiuliang_remote/datasets/toniot/test/abnormal/test_00012722_orig38166_38167_38168.png,1,0.3807306520237619
/root/New_CheckLiuliang_remote/datasets/toniot/test/abnormal/test_00012733_orig38199_38200_38201.png,1,0.4139102131679281
/root/New_CheckLiuliang_remote/datasets/toniot/test/abnormal/test_00012745_orig38235_38236_38237.png,1,0.40435471234725584
/root/New_CheckLiuliang_remote/datasets/toniot/test/abnormal/test_00012757_orig38271_38272_38273.png,1,0.3858105181630161
/root/New_CheckLiuliang_remote/datasets/toniot/test/abnormal/test_00012769_orig38307_38308_38309.png,1,0.4107685578353232
/root/New_CheckLiuliang_remote/datasets/toniot/test/abnormal/test_00012781_orig38343_38344_38345.png,1,0.40790356453382054
/root/New_CheckLiuliang_remote/datasets/toniot/test/abnormal/test_00012793_orig38379_38380_38381.png,1,0.41495437390222406
/root/New_CheckLiuliang_remote/datasets/toniot/test/abnormal/test_00012804_orig38412_38413_38414.png,1,0.38904624152876943
/root/New_CheckLiuliang_remote/datasets/toniot/test/abnormal/test_00012816_orig38448_38449_38450.png,1,0.39901277979694494
/root/New_CheckLiuliang_remote/datasets/toniot/test/abnormal/test_00012828_orig38484_38485_38486.png,1,0.3803439317646671
/root/New_CheckLiuliang_remote/datasets/toniot/test/abnormal/test_00012840_orig38520_38521_38522.png,1,0.4137969998111632
/root/New_CheckLiuliang_remote/datasets/toniot/test/abnormal/test_00012852_orig38556_38557_38558.png,1,0.41412645390509967
/root/New_CheckLiuliang_remote/datasets/toniot/test/abnormal/test_00012864_orig38592_38593_38594.png,1,0.4156949956616135
/root/New_CheckLiuliang_remote/datasets/toniot/test/abnormal/test_00012875_orig38625_38626_38627.png,1,0.4038940585300206
/root/New_CheckLiuliang_remote/datasets/toniot/test/abnormal/test_00012887_orig38661_38662_38663.png,1,0.48504650049695147
/root/New_CheckLiuliang_remote/datasets/toniot/test/abnormal/test_00012899_orig38697_38698_38699.png,1,0.4086411755661145
/root/New_CheckLiuliang_remote/datasets/toniot/test/abnormal/test_00012911_orig38733_38734_38735.png,1,0.408346197794654
/root/New_CheckLiuliang_remote/datasets/toniot/test/abnormal/test_00012923_orig38769_38770_38771.png,1,0.4118065375204808
/root/New_CheckLiuliang_remote/datasets/toniot/test/abnormal/test_00012935_orig38805_38806_38807.png,1,0.40686549536835825
/root/New_CheckLiuliang_remote/datasets/toniot/test/abnormal/test_00012946_orig38838_38839_38840.png,1,0.4083794115749925
/root/New_CheckLiuliang_remote/datasets/toniot/test/abnormal/test_00012958_orig38874_38875_38876.png,1,0.42050622135841736
/root/New_CheckLiuliang_remote/datasets/toniot/test/abnormal/test_00012970_orig38910_38911_38912.png,1,0.4007140437458764
/root/New_CheckLiuliang_remote/datasets/toniot/test/abnormal/test_00012982_orig38946_38947_38948.png,1,0.4036799976899089
/root/New_CheckLiuliang_remote/datasets/toniot/test/abnormal/test_00012994_orig38982_38983_38984.png,1,0.5203424606993219
/root/New_CheckLiuliang_remote/datasets/toniot/test/abnormal/test_00013006_orig39018_39019_39020.png,1,0.4160094421294581
/root/New_CheckLiuliang_remote/datasets/toniot/test/abnormal/test_00013017_orig39051_39052_39053.png,1,0.6103564072855057
/root/New_CheckLiuliang_remote/datasets/toniot/test/abnormal/test_00013029_orig39087_39088_39089.png,1,0.4121239580739547
/root/New_CheckLiuliang_remote/datasets/toniot/test/abnormal/test_00013041_orig39123_39124_39125.png,1,0.6081288962117365
/root/New_CheckLiuliang_remote/datasets/toniot/test/abnormal/test_00013053_orig39159_39160_39161.png,1,0.5721909985594542
/root/New_CheckLiuliang_remote/datasets/toniot/test/abnormal/test_00013065_orig39195_39196_39197.png,1,0.5137468384577493
/root/New_CheckLiuliang_remote/datasets/toniot/test/abnormal/test_00013077_orig39231_39232_39233.png,1,0.7121128162736263
/root/New_CheckLiuliang_remote/datasets/toniot/test/abnormal/test_00013088_orig39264_39265_39266.png,1,0.6377958215160413
/root/New_CheckLiuliang_remote/datasets/toniot/test/abnormal/test_00013100_orig39300_39301_39302.png,1,0.3513595126580791
/root/New_CheckLiuliang_remote/datasets/toniot/test/abnormal/test_00013112_orig39336_39337_39338.png,1,0.35139331149881176
/root/New_CheckLiuliang_remote/datasets/toniot/test/abnormal/test_00013124_orig39372_39373_39374.png,1,0.45684760410566966
/root/New_CheckLiuliang_remote/datasets/toniot/test/abnormal/test_00013136_orig39408_39409_39410.png,1,0.4159531490844254
/root/New_CheckLiuliang_remote/datasets/toniot/test/abnormal/test_00013148_orig39444_39445_39446.png,1,0.453172727671896
/root/New_CheckLiuliang_remote/datasets/toniot/test/abnormal/test_00013159_orig39477_39478_39479.png,1,0.7185546769660125
/root/New_CheckLiuliang_remote/datasets/toniot/test/abnormal/test_00013171_orig39513_39514_39515.png,1,0.4488556647523121
/root/New_CheckLiuliang_remote/datasets/toniot/test/abnormal/test_00013183_orig39549_39550_39551.png,1,0.691522482910956
/root/New_CheckLiuliang_remote/datasets/toniot/test/abnormal/test_00013195_orig39585_39586_39587.png,1,0.535083591378662
/root/New_CheckLiuliang_remote/datasets/toniot/test/abnormal/test_00013207_orig39621_39622_39623.png,1,0.4040100942286079
/root/New_CheckLiuliang_remote/datasets/toniot/test/abnormal/test_00013219_orig39657_39658_39659.png,1,0.641927558922858
/root/New_CheckLiuliang_remote/datasets/toniot/test/abnormal/test_00013230_orig39690_39691_39692.png,1,0.3888401268283288
/root/New_CheckLiuliang_remote/datasets/toniot/test/abnormal/test_00013242_orig39726_39727_39728.png,1,0.6408501960026182
/root/New_CheckLiuliang_remote/datasets/toniot/test/abnormal/test_00013254_orig39762_39763_39764.png,1,0.6431785483267176
/root/New_CheckLiuliang_remote/datasets/toniot/test/abnormal/test_00013266_orig39798_39799_39800.png,1,0.46654412476364177
/root/New_CheckLiuliang_remote/datasets/toniot/test/abnormal/test_00013278_orig39834_39835_39836.png,1,0.7268490174230279
/root/New_CheckLiuliang_remote/datasets/toniot/test/abnormal/test_00013290_orig39870_39871_39872.png,1,0.4872500425613239
/root/New_CheckLiuliang_remote/datasets/toniot/test/abnormal/test_00013301_orig39903_39904_39905.png,1,0.5927272904491394
/root/New_CheckLiuliang_remote/datasets/toniot/test/abnormal/test_00013313_orig39939_39940_39941.png,1,0.49550916018783747
/root/New_CheckLiuliang_remote/datasets/toniot/test/abnormal/test_00013325_orig39975_39976_39977.png,1,0.4856357167329257
/root/New_CheckLiuliang_remote/datasets/toniot/test/abnormal/test_00013337_orig40011_40012_40013.png,1,0.7052284984910221
/root/New_CheckLiuliang_remote/datasets/toniot/test/abnormal/test_00013349_orig40047_40048_40049.png,1,0.4906974054056228
/root/New_CheckLiuliang_remote/datasets/toniot/test/abnormal/test_00013361_orig40083_40084_40085.png,1,0.48590069826972515
/root/New_CheckLiuliang_remote/datasets/toniot/test/abnormal/test_00013372_orig40116_40117_40118.png,1,0.700480503969332
/root/New_CheckLiuliang_remote/datasets/toniot/test/abnormal/test_00013384_orig40152_40153_40154.png,1,0.48619318789821175
/root/New_CheckLiuliang_remote/datasets/toniot/test/abnormal/test_00013396_orig40188_40189_40190.png,1,0.6224226048654975
/root/New_CheckLiuliang_remote/datasets/toniot/test/abnormal/test_00013408_orig40224_40225_40226.png,1,0.41868057268792597
/root/New_CheckLiuliang_remote/datasets/toniot/test/abnormal/test_00016149_orig65191_65192_65193.png,1,0.6582567014992915
/root/New_CheckLiuliang_remote/datasets/toniot/test/abnormal/test_00016159_orig65221_65222_65223.png,1,0.5734763782765967
/root/New_CheckLiuliang_remote/datasets/toniot/test/abnormal/test_00016169_orig65251_65252_65253.png,1,0.5244258934511989
/root/New_CheckLiuliang_remote/datasets/toniot/test/abnormal/test_00016180_orig65284_65285_65286.png,1,0.4530343662430165
/root/New_CheckLiuliang_remote/datasets/toniot/test/abnormal/test_00016190_orig65314_65315_65316.png,1,0.5427601401234093
/root/New_CheckLiuliang_remote/datasets/toniot/test/abnormal/test_00016200_orig65344_65345_65346.png,1,0.4586501064118838
/root/New_CheckLiuliang_remote/datasets/toniot/test/abnormal/test_00016210_orig65374_65375_65376.png,1,0.44241104992016717
/root/New_CheckLiuliang_remote/datasets/toniot/test/abnormal/test_00016220_orig65404_65405_65406.png,1,0.44305240824768183
/root/New_CheckLiuliang_remote/datasets/toniot/test/abnormal/test_00016230_orig65434_65435_65436.png,1,0.4483319854023513
/root/New_CheckLiuliang_remote/datasets/toniot/test/abnormal/test_00016241_orig65467_65468_65469.png,1,0.43655461031152687
/root/New_CheckLiuliang_remote/datasets/toniot/test/abnormal/test_00016251_orig65497_65498_65499.png,1,0.45916683825868676
/root/New_CheckLiuliang_remote/datasets/toniot/test/abnormal/test_00016261_orig65527_65528_65529.png,1,0.4159877977335193
/root/New_CheckLiuliang_remote/datasets/toniot/test/abnormal/test_00016271_orig65557_65558_65559.png,1,0.4586501064118838
/root/New_CheckLiuliang_remote/datasets/toniot/test/abnormal/test_00016281_orig65587_65588_65589.png,1,0.5179633457779373
/root/New_CheckLiuliang_remote/datasets/toniot/test/abnormal/test_00016292_orig65620_65621_65622.png,1,0.42726869301335946
/root/New_CheckLiuliang_remote/datasets/toniot/test/abnormal/test_00016302_orig65650_65651_65652.png,1,0.4586501064118838
/root/New_CheckLiuliang_remote/datasets/toniot/test/abnormal/test_00016312_orig65680_65681_65682.png,1,0.5142932822135099
/root/New_CheckLiuliang_remote/datasets/toniot/test/abnormal/test_00016322_orig65710_65711_65712.png,1,0.4494517235425389
/root/New_CheckLiuliang_remote/datasets/toniot/test/abnormal/test_00016332_orig65740_65741_65742.png,1,0.4560006695882985
/root/New_CheckLiuliang_remote/datasets/toniot/test/abnormal/test_00016342_orig65770_65771_65772.png,1,0.46015760656960114
/root/New_CheckLiuliang_remote/datasets/toniot/test/abnormal/test_00016353_orig65803_65804_65805.png,1,0.44805962983203085
/root/New_CheckLiuliang_remote/datasets/toniot/test/abnormal/test_00016363_orig65833_65834_65835.png,1,0.4485466228925023
/root/New_CheckLiuliang_remote/datasets/toniot/test/abnormal/test_00016373_orig65863_65864_65865.png,1,0.4359139736037782
/root/New_CheckLiuliang_remote/datasets/toniot/test/abnormal/test_00016383_orig65893_65894_65895.png,1,0.46023034916739586
/root/New_CheckLiuliang_remote/datasets/toniot/test/abnormal/test_00016393_orig65923_65924_65925.png,1,0.5449192680888257
/root/New_CheckLiuliang_remote/datasets/toniot/test/abnormal/test_00016404_orig65956_65957_65958.png,1,0.4588075486472263
/root/New_CheckLiuliang_remote/datasets/toniot/test/abnormal/test_00016414_orig65986_65987_65988.png,1,0.43429054548718715
/root/New_CheckLiuliang_remote/datasets/toniot/test/abnormal/test_00016424_orig66016_66017_66018.png,1,0.44535874707169437
/root/New_CheckLiuliang_remote/datasets/toniot/test/abnormal/test_00016434_orig66046_66047_66048.png,1,0.4578115861347811
/root/New_CheckLiuliang_remote/datasets/toniot/test/abnormal/test_00016444_orig66076_66077_66078.png,1,0.5914111893432793
/root/New_CheckLiuliang_remote/datasets/toniot/test/abnormal/test_00016454_orig66106_66107_66108.png,1,0.5439648866823862
/root/New_CheckLiuliang_remote/datasets/toniot/test/abnormal/test_00016465_orig66139_66140_66141.png,1,0.45422969947527037
/root/New_CheckLiuliang_remote/datasets/toniot/test/abnormal/test_00016475_orig66169_66170_66171.png,1,0.45388212048130416
/root/New_CheckLiuliang_remote/datasets/toniot/test/abnormal/test_00016485_orig66199_66200_66201.png,1,0.44471833589156934
/root/New_CheckLiuliang_remote/datasets/toniot/test/abnormal/test_00016495_orig66229_66230_66231.png,1,0.49665844213954785
/root/New_CheckLiuliang_remote/datasets/toniot/test/abnormal/test_00016505_orig66259_66260_66261.png,1,0.45497002123528174
/root/New_CheckLiuliang_remote/datasets/toniot/test/abnormal/test_00016515_orig66289_66290_66291.png,1,0.5412540881657284
/root/New_CheckLiuliang_remote/datasets/toniot/test/abnormal/test_00016526_orig66322_66323_66324.png,1,0.45387236989580354
/root/New_CheckLiuliang_remote/datasets/toniot/test/abnormal/test_00016536_orig66352_66353_66354.png,1,0.4816437126282374
/root/New_CheckLiuliang_remote/datasets/toniot/test/abnormal/test_00016546_orig66382_66383_66384.png,1,0.5956279326078163
/root/New_CheckLiuliang_remote/datasets/toniot/test/abnormal/test_00016556_orig66412_66413_66414.png,1,0.44428904800467967
/root/New_CheckLiuliang_remote/datasets/toniot/test/abnormal/test_00016566_orig66442_66443_66444.png,1,0.4503447858173527
/root/New_CheckLiuliang_remote/datasets/toniot/test/abnormal/test_00016577_orig66475_66476_66477.png,1,0.4542643932371492
/root/New_CheckLiuliang_remote/datasets/toniot/test/abnormal/test_00016587_orig66505_66506_66507.png,1,0.42784346508346227
/root/New_CheckLiuliang_remote/datasets/toniot/test/abnormal/test_00016597_orig66535_66536_66537.png,1,0.45303610264470273
/root/New_CheckLiuliang_remote/datasets/toniot/test/abnormal/test_00016607_orig66565_66566_66567.png,1,0.4578115861347811
/root/New_CheckLiuliang_remote/datasets/toniot/test/abnormal/test_00016617_orig66595_66596_66597.png,1,0.6026179869698165
/root/New_CheckLiuliang_remote/datasets/toniot/test/abnormal/test_00016627_orig66625_66626_66627.png,1,0.44379603349701136
/root/New_CheckLiuliang_remote/datasets/toniot/test/abnormal/test_00016638_orig66658_66659_66660.png,1,0.5962743092744098
/root/New_CheckLiuliang_remote/datasets/toniot/test/abnormal/test_00016648_orig66688_66689_66690.png,1,0.4377983444514454
/root/New_CheckLiuliang_remote/datasets/toniot/test/abnormal/test_00016658_orig66718_66719_66720.png,1,0.46015760656960114
/root/New_CheckLiuliang_remote/datasets/toniot/test/abnormal/test_00016668_orig66748_66749_66750.png,1,0.4531263717710946
/root/New_CheckLiuliang_remote/datasets/toniot/test/abnormal/test_00016678_orig66778_66779_66780.png,1,0.45387236989580354
/root/New_CheckLiuliang_remote/datasets/toniot/test/abnormal/test_00016689_orig66811_66812_66813.png,1,0.45133146776694016
/root/New_CheckLiuliang_remote/datasets/toniot/test/abnormal/test_00016699_orig66841_66842_66843.png,1,0.45303610264470273
/root/New_CheckLiuliang_remote/datasets/toniot/test/abnormal/test_00016709_orig66871_66872_66873.png,1,0.4530343662430165
/root/New_CheckLiuliang_remote/datasets/toniot/test/abnormal/test_00016719_orig66901_66902_66903.png,1,0.43385756207214604
/root/New_CheckLiuliang_remote/datasets/toniot/test/abnormal/test_00016729_orig66931_66932_66933.png,1,0.4386646921697897
/root/New_CheckLiuliang_remote/datasets/toniot/test/abnormal/test_00016739_orig66961_66962_66963.png,1,0.4675568991890725
/root/New_CheckLiuliang_remote/datasets/toniot/test/abnormal/test_00016750_orig66994_66995_66996.png,1,0.4531263717710946
/root/New_CheckLiuliang_remote/datasets/toniot/test/abnormal/test_00016760_orig67024_67025_67026.png,1,0.5389359202070826
/root/New_CheckLiuliang_remote/datasets/toniot/test/abnormal/test_00016770_orig67054_67055_67056.png,1,0.5273671018965396
/root/New_CheckLiuliang_remote/datasets/toniot/test/abnormal/test_00016780_orig67084_67085_67086.png,1,0.588144246601699
/root/New_CheckLiuliang_remote/datasets/toniot/test/abnormal/test_00016790_orig67114_67115_67116.png,1,0.4352386670389998
/root/New_CheckLiuliang_remote/datasets/toniot/test/abnormal/test_00016801_orig67147_67148_67149.png,1,0.44227147300341696
/root/New_CheckLiuliang_remote/datasets/toniot/test/abnormal/test_00016811_orig67177_67178_67179.png,1,0.4475280765732221
/root/New_CheckLiuliang_remote/datasets/toniot/test/abnormal/test_00016821_orig67207_67208_67209.png,1,0.5422638811679734
/root/New_CheckLiuliang_remote/datasets/toniot/test/abnormal/test_00016831_orig67237_67238_67239.png,1,0.4475280765732221
/root/New_CheckLiuliang_remote/datasets/toniot/test/abnormal/test_00016841_orig67267_67268_67269.png,1,0.4508481229371269
/root/New_CheckLiuliang_remote/datasets/toniot/test/abnormal/test_00016851_orig67297_67298_67299.png,1,0.45310835110700487
/root/New_CheckLiuliang_remote/datasets/toniot/test/abnormal/test_00016862_orig67330_67331_67332.png,1,0.4530343662430165
/root/New_CheckLiuliang_remote/datasets/toniot/test/abnormal/test_00016872_orig67360_67361_67362.png,1,0.4367134398296223
/root/New_CheckLiuliang_remote/datasets/toniot/test/abnormal/test_00016882_orig67390_67391_67392.png,1,0.6154762544899458
/root/New_CheckLiuliang_remote/datasets/toniot/test/abnormal/test_00016892_orig67420_67421_67422.png,1,0.5466475434917264
/root/New_CheckLiuliang_remote/datasets/toniot/test/abnormal/test_00016902_orig67450_67451_67452.png,1,0.509339824373175
/root/New_CheckLiuliang_remote/datasets/toniot/test/abnormal/test_00016913_orig67483_67484_67485.png,1,0.42448853844335394
/root/New_CheckLiuliang_remote/datasets/toniot/test/abnormal/test_00016923_orig67513_67514_67515.png,1,0.4259213086882718
/root/New_CheckLiuliang_remote/datasets/toniot/test/abnormal/test_00016933_orig67543_67544_67545.png,1,0.5294612570089173
/root/New_CheckLiuliang_remote/datasets/toniot/test/abnormal/test_00016943_orig67573_67574_67575.png,1,0.41680017528890473
/root/New_CheckLiuliang_remote/datasets/toniot/test/abnormal/test_00016953_orig67603_67604_67605.png,1,0.4405729221089409
/root/New_CheckLiuliang_remote/datasets/toniot/test/abnormal/test_00016963_orig67633_67634_67635.png,1,0.43243273920216935
/root/New_CheckLiuliang_remote/datasets/toniot/test/abnormal/test_00016974_orig67666_67667_67668.png,1,0.4377983444514454
/root/New_CheckLiuliang_remote/datasets/toniot/test/abnormal/test_00016984_orig67696_67697_67698.png,1,0.46015760656960114
/root/New_CheckLiuliang_remote/datasets/toniot/test/abnormal/test_00016994_orig67726_67727_67728.png,1,0.4566059557929495
/root/New_CheckLiuliang_remote/datasets/toniot/test/abnormal/test_00017004_orig67756_67757_67758.png,1,0.4399780327472174
/root/New_CheckLiuliang_remote/datasets/toniot/test/abnormal/test_00017014_orig67786_67787_67788.png,1,0.7075602790596361
/root/New_CheckLiuliang_remote/datasets/toniot/test/abnormal/test_00017025_orig67819_67820_67821.png,1,0.44827171869850446
/root/New_CheckLiuliang_remote/datasets/toniot/test/abnormal/test_00017035_orig67849_67850_67851.png,1,0.4315995848969111
/root/New_CheckLiuliang_remote/datasets/toniot/test/abnormal/test_00017045_orig67879_67880_67881.png,1,0.4521915923392341
/root/New_CheckLiuliang_remote/datasets/toniot/test/abnormal/test_00017055_orig67909_67910_67911.png,1,0.5103480210456403
/root/New_CheckLiuliang_remote/datasets/toniot/test/abnormal/test_00017065_orig67939_67940_67941.png,1,0.4109851949803174
/root/New_CheckLiuliang_remote/datasets/toniot/test/abnormal/test_00017075_orig67969_67970_67971.png,1,0.4518337117194757
/root/New_CheckLiuliang_remote/datasets/toniot/test/abnormal/test_00017086_orig68002_68003_68004.png,1,0.5210521910451431
/root/New_CheckLiuliang_remote/datasets/toniot/test/abnormal/test_00017096_orig68032_68033_68034.png,1,0.45328332492126816
/root/New_CheckLiuliang_remote/datasets/toniot/test/abnormal/test_00017106_orig68062_68063_68064.png,1,0.46023034916739586
/root/New_CheckLiuliang_remote/datasets/toniot/test/abnormal/test_00017116_orig68092_68093_68094.png,1,0.4338784779261678
/root/New_CheckLiuliang_remote/datasets/toniot/test/abnormal/test_00017126_orig68122_68123_68124.png,1,0.4483634770162848
/root/New_CheckLiuliang_remote/datasets/toniot/test/abnormal/test_00017136_orig68152_68153_68154.png,1,0.4578115861347811
/root/New_CheckLiuliang_remote/datasets/toniot/test/abnormal/test_00017147_orig68185_68186_68187.png,1,0.42667535471708773
/root/New_CheckLiuliang_remote/datasets/toniot/test/abnormal/test_00017157_orig68215_68216_68217.png,1,0.454029389098502
/root/New_CheckLiuliang_remote/datasets/toniot/test/abnormal/test_00017167_orig68245_68246_68247.png,1,0.4572187439771611
/root/New_CheckLiuliang_remote/datasets/toniot/test/abnormal/test_00017177_orig68275_68276_68277.png,1,0.5045732844512814
/root/New_CheckLiuliang_remote/datasets/toniot/test/abnormal/test_00017187_orig68305_68306_68307.png,1,0.4475280765732221
/root/New_CheckLiuliang_remote/datasets/toniot/test/abnormal/test_00017198_orig68338_68339_68340.png,1,0.4274987080036162
/root/New_CheckLiuliang_remote/datasets/toniot/test/abnormal/test_00017208_orig68368_68369_68370.png,1,0.577491029881035
/root/New_CheckLiuliang_remote/datasets/toniot/test/abnormal/test_00017218_orig68398_68399_68400.png,1,0.4530343662430165
/root/New_CheckLiuliang_remote/datasets/toniot/test/abnormal/test_00017228_orig68428_68429_68430.png,1,0.4386958719275656
/root/New_CheckLiuliang_remote/datasets/toniot/test/abnormal/test_00017238_orig68458_68459_68460.png,1,0.4485200084479408
/root/New_CheckLiuliang_remote/datasets/toniot/test/abnormal/test_00017248_orig68488_68489_68490.png,1,0.4554068658548748
/root/New_CheckLiuliang_remote/datasets/toniot/test/abnormal/test_00017259_orig68521_68522_68523.png,1,0.5741127494166074
/root/New_CheckLiuliang_remote/datasets/toniot/test/abnormal/test_00017269_orig68551_68552_68553.png,1,0.45916683825868676
/root/New_CheckLiuliang_remote/datasets/toniot/test/abnormal/test_00017279_orig68581_68582_68583.png,1,0.45388212048130416
/root/New_CheckLiuliang_remote/datasets/toniot/test/abnormal/test_00017289_orig68611_68612_68613.png,1,0.44636430648080155
/root/New_CheckLiuliang_remote/datasets/toniot/test/abnormal/test_00017299_orig68641_68642_68643.png,1,0.44946384018152946
/root/New_CheckLiuliang_remote/datasets/toniot/test/abnormal/test_00017310_orig68674_68675_68676.png,1,0.42823365072737674
/root/New_CheckLiuliang_remote/datasets/toniot/test/abnormal/test_00017320_orig68704_68705_68706.png,1,0.4377983444514454
/root/New_CheckLiuliang_remote/datasets/toniot/test/abnormal/test_00017330_orig68734_68735_68736.png,1,0.42520903944036703
/root/New_CheckLiuliang_remote/datasets/toniot/test/abnormal/test_00017340_orig68764_68765_68766.png,1,0.5155199980778593
/root/New_CheckLiuliang_remote/datasets/toniot/test/abnormal/test_00017350_orig68794_68795_68796.png,1,0.44470468114073314
/root/New_CheckLiuliang_remote/datasets/toniot/test/abnormal/test_00017360_orig68824_68825_68826.png,1,0.45422969947527037
/root/New_CheckLiuliang_remote/datasets/toniot/test/abnormal/test_00017371_orig68857_68858_68859.png,1,0.4162152762306705
/root/New_CheckLiuliang_remote/datasets/toniot/test/abnormal/test_00017381_orig68887_68888_68889.png,1,0.543315322585356
/root/New_CheckLiuliang_remote/datasets/toniot/test/abnormal/test_00017391_orig68917_68918_68919.png,1,0.4274749593774836
/root/New_CheckLiuliang_remote/datasets/toniot/test/abnormal/test_00017401_orig68947_68948_68949.png,1,0.6159172506319984
/root/New_CheckLiuliang_remote/datasets/toniot/test/abnormal/test_00017411_orig68977_68978_68979.png,1,0.44946384018152946
/root/New_CheckLiuliang_remote/datasets/toniot/test/abnormal/test_00017422_orig69010_69011_69012.png,1,0.44470468114073314
/root/New_CheckLiuliang_remote/datasets/toniot/test/abnormal/test_00017432_orig69040_69041_69042.png,1,0.45610935709886247
/root/New_CheckLiuliang_remote/datasets/toniot/test/abnormal/test_00017442_orig69070_69071_69072.png,1,0.4370410621621763
/root/New_CheckLiuliang_remote/datasets/toniot/test/abnormal/test_00017452_orig69100_69101_69102.png,1,0.4360641235882265
/root/New_CheckLiuliang_remote/datasets/toniot/test/abnormal/test_00017462_orig69130_69131_69132.png,1,0.5049889024996226
/root/New_CheckLiuliang_remote/datasets/toniot/test/abnormal/test_00017472_orig69160_69161_69162.png,1,0.4333541733462803
/root/New_CheckLiuliang_remote/datasets/toniot/test/abnormal/test_00017483_orig69193_69194_69195.png,1,0.4534659361826907
/root/New_CheckLiuliang_remote/datasets/toniot/test/abnormal/test_00017493_orig69223_69224_69225.png,1,0.43971996508600614
/root/New_CheckLiuliang_remote/datasets/toniot/test/abnormal/test_00017503_orig69253_69254_69255.png,1,0.43063512498495365
/root/New_CheckLiuliang_remote/datasets/toniot/test/abnormal/test_00017513_orig69283_69284_69285.png,1,0.4483634770162848
/root/New_CheckLiuliang_remote/datasets/toniot/test/abnormal/test_00017523_orig69313_69314_69315.png,1,0.4372797865167218
/root/New_CheckLiuliang_remote/datasets/toniot/test/abnormal/test_00017534_orig69346_69347_69348.png,1,0.43532820249812704
/root/New_CheckLiuliang_remote/datasets/toniot/test/abnormal/test_00017544_orig69376_69377_69378.png,1,0.45387236989580354
/root/New_CheckLiuliang_remote/datasets/toniot/test/abnormal/test_00017554_orig69406_69407_69408.png,1,0.4485200084479408
/root/New_CheckLiuliang_remote/datasets/toniot/test/abnormal/test_00017564_orig69436_69437_69438.png,1,0.42238816305800897
/root/New_CheckLiuliang_remote/datasets/toniot/test/abnormal/test_00017574_orig69466_69467_69468.png,1,0.4767354345378083
/root/New_CheckLiuliang_remote/datasets/toniot/test/abnormal/test_00017584_orig69496_69497_69498.png,1,0.4485904540332692
/root/New_CheckLiuliang_remote/datasets/toniot/test/abnormal/test_00017595_orig69529_69530_69531.png,1,0.48066080562847613
/root/New_CheckLiuliang_remote/datasets/toniot/test/abnormal/test_00017605_orig69559_69560_69561.png,1,0.4530343662430165
/root/New_CheckLiuliang_remote/datasets/toniot/test/abnormal/test_00017615_orig69589_69590_69591.png,1,0.44471833589156934
/root/New_CheckLiuliang_remote/datasets/toniot/test/abnormal/test_00017625_orig69619_69620_69621.png,1,0.5581230696478803
/root/New_CheckLiuliang_remote/datasets/toniot/test/abnormal/test_00017635_orig69649_69650_69651.png,1,0.5744669517756972
/root/New_CheckLiuliang_remote/datasets/toniot/test/abnormal/test_00017646_orig69682_69683_69684.png,1,0.4427802239169658
/root/New_CheckLiuliang_remote/datasets/toniot/test/abnormal/test_00017656_orig69712_69713_69714.png,1,0.43531449135777445
/root/New_CheckLiuliang_remote/datasets/toniot/test/abnormal/test_00017666_orig69742_69743_69744.png,1,0.42730005186370423
/root/New_CheckLiuliang_remote/datasets/toniot/test/abnormal/test_00017676_orig69772_69773_69774.png,1,0.45712209360950373
/root/New_CheckLiuliang_remote/datasets/toniot/test/abnormal/test_00017686_orig69802_69803_69804.png,1,0.4145910064269277
/root/New_CheckLiuliang_remote/datasets/toniot/test/abnormal/test_00017696_orig69832_69833_69834.png,1,0.4076544125411003
/root/New_CheckLiuliang_remote/datasets/toniot/test/abnormal/test_00017707_orig69865_69866_69867.png,1,0.5454567777077584
/root/New_CheckLiuliang_remote/datasets/toniot/test/abnormal/test_00017717_orig69895_69896_69897.png,1,0.43451230181986533
/root/New_CheckLiuliang_remote/datasets/toniot/test/abnormal/test_00017727_orig69925_69926_69927.png,1,0.6084077925047837
/root/New_CheckLiuliang_remote/datasets/toniot/test/abnormal/test_00017737_orig69955_69956_69957.png,1,0.6349867848967861
/root/New_CheckLiuliang_remote/datasets/toniot/test/abnormal/test_00017747_orig69985_69986_69987.png,1,0.4377983444514454
/root/New_CheckLiuliang_remote/datasets/toniot/test/abnormal/test_00017757_orig70015_70016_70017.png,1,0.4224368001705579
/root/New_CheckLiuliang_remote/datasets/toniot/test/abnormal/test_00017768_orig70048_70049_70050.png,1,0.5134501291116008
/root/New_CheckLiuliang_remote/datasets/toniot/test/abnormal/test_00017778_orig70078_70079_70080.png,1,0.5190804354825341
/root/New_CheckLiuliang_remote/datasets/toniot/test/abnormal/test_00017788_orig70108_70109_70110.png,1,0.4290791797862431
/root/New_CheckLiuliang_remote/datasets/toniot/test/abnormal/test_00017798_orig70138_70139_70140.png,1,0.4483634770162848
/root/New_CheckLiuliang_remote/datasets/toniot/test/abnormal/test_00017808_orig70168_70169_70170.png,1,0.44504567850136284
/root/New_CheckLiuliang_remote/datasets/toniot/test/abnormal/test_00017819_orig70201_70202_70203.png,1,0.43083347049832216
/root/New_CheckLiuliang_remote/datasets/toniot/test/abnormal/test_00017829_orig70231_70232_70233.png,1,0.41425242362992587
/root/New_CheckLiuliang_remote/datasets/toniot/test/abnormal/test_00017839_orig70261_70262_70263.png,1,0.48717723277254404
/root/New_CheckLiuliang_remote/datasets/toniot/test/abnormal/test_00017849_orig70291_70292_70293.png,1,0.4530343662430165
/root/New_CheckLiuliang_remote/datasets/toniot/test/abnormal/test_00017859_orig70321_70322_70323.png,1,0.4530343662430165
/root/New_CheckLiuliang_remote/datasets/toniot/test/abnormal/test_00017869_orig70351_70352_70353.png,1,0.569360220927333
/root/New_CheckLiuliang_remote/datasets/toniot/test/abnormal/test_00017880_orig70384_70385_70386.png,1,0.448114957450377
/root/New_CheckLiuliang_remote/datasets/toniot/test/abnormal/test_00017890_orig70414_70415_70416.png,1,0.5052011190822288
/root/New_CheckLiuliang_remote/datasets/toniot/test/abnormal/test_00017900_orig70444_70445_70446.png,1,0.5275911908527114
/root/New_CheckLiuliang_remote/datasets/toniot/test/abnormal/test_00017910_orig70474_70475_70476.png,1,0.4560006695882985
/root/New_CheckLiuliang_remote/datasets/toniot/test/abnormal/test_00017920_orig70504_70505_70506.png,1,0.4597568722198244
/root/New_CheckLiuliang_remote/datasets/toniot/test/abnormal/test_00017931_orig70537_70538_70539.png,1,0.5618833770676742
/root/New_CheckLiuliang_remote/datasets/toniot/test/abnormal/test_00017941_orig70567_70568_70569.png,1,0.4572187439771611
/root/New_CheckLiuliang_remote/datasets/toniot/test/abnormal/test_00017951_orig70597_70598_70599.png,1,0.45422969947527037
/root/New_CheckLiuliang_remote/datasets/toniot/test/abnormal/test_00017961_orig70627_70628_70629.png,1,0.4495713325665595
/root/New_CheckLiuliang_remote/datasets/toniot/test/abnormal/test_00017971_orig70657_70658_70659.png,1,0.419785171216926
/root/New_CheckLiuliang_remote/datasets/toniot/test/abnormal/test_00017981_orig70687_70688_70689.png,1,0.4452919565932838
/root/New_CheckLiuliang_remote/datasets/toniot/test/abnormal/test_00017992_orig70720_70721_70722.png,1,0.44632171554072864
/root/New_CheckLiuliang_remote/datasets/toniot/test/abnormal/test_00018002_orig70750_70751_70752.png,1,0.4279391094131834
/root/New_CheckLiuliang_remote/datasets/toniot/test/abnormal/test_00018012_orig70780_70781_70782.png,1,0.4566059557929495
/root/New_CheckLiuliang_remote/datasets/toniot/test/abnormal/test_00018022_orig70810_70811_70812.png,1,0.5398368595336768
/root/New_CheckLiuliang_remote/datasets/toniot/test/abnormal/test_00018032_orig70840_70841_70842.png,1,0.4431525385841837
/root/New_CheckLiuliang_remote/datasets/toniot/test/abnormal/test_00018043_orig70873_70874_70875.png,1,0.46023034916739586
/root/New_CheckLiuliang_remote/datasets/toniot/test/abnormal/test_00018053_orig70903_70904_70905.png,1,0.4485200084479408
/root/New_CheckLiuliang_remote/datasets/toniot/test/abnormal/test_00018063_orig70933_70934_70935.png,1,0.4508110447271397
/root/New_CheckLiuliang_remote/datasets/toniot/test/abnormal/test_00018073_orig70963_70964_70965.png,1,0.5441077998371739
/root/New_CheckLiuliang_remote/datasets/toniot/test/abnormal/test_00018083_orig70993_70994_70995.png,1,0.44574801923887847
/root/New_CheckLiuliang_remote/datasets/toniot/test/abnormal/test_00018093_orig71023_71024_71025.png,1,0.43876538889162625
/root/New_CheckLiuliang_remote/datasets/toniot/test/abnormal/test_00018104_orig71056_71057_71058.png,1,0.49708225155308716
/root/New_CheckLiuliang_remote/datasets/toniot/test/abnormal/test_00018114_orig71086_71087_71088.png,1,0.45696480059531924
/root/New_CheckLiuliang_remote/datasets/toniot/test/abnormal/test_00018124_orig71116_71117_71118.png,1,0.522487066505238
/root/New_CheckLiuliang_remote/datasets/toniot/test/abnormal/test_00018134_orig71146_71147_71148.png,1,0.4673882477978022
/root/New_CheckLiuliang_remote/datasets/toniot/test/abnormal/test_00018144_orig71176_71177_71178.png,1,0.4564278407635246
/root/New_CheckLiuliang_remote/datasets/toniot/test/abnormal/test_00018155_orig71209_71210_71211.png,1,0.5441264951110627
/root/New_CheckLiuliang_remote/datasets/toniot/test/abnormal/test_00018165_orig71239_71240_71241.png,1,0.4160701031682312
/root/New_CheckLiuliang_remote/datasets/toniot/test/abnormal/test_00018175_orig71269_71270_71271.png,1,0.44219970928523245
/root/New_CheckLiuliang_remote/datasets/toniot/test/abnormal/test_00018185_orig71299_71300_71301.png,1,0.5226514169645055
/root/New_CheckLiuliang_remote/datasets/toniot/test/abnormal/test_00018195_orig71329_71330_71331.png,1,0.6127971937118893
/root/New_CheckLiuliang_remote/datasets/toniot/test/abnormal/test_00018205_orig71359_71360_71361.png,1,0.43093812965409395
/root/New_CheckLiuliang_remote/datasets/toniot/test/abnormal/test_00018216_orig71392_71393_71394.png,1,0.5760204621103183
/root/New_CheckLiuliang_remote/datasets/toniot/test/abnormal/test_00018226_orig71422_71423_71424.png,1,0.4180273115697849
/root/New_CheckLiuliang_remote/datasets/toniot/test/abnormal/test_00018236_orig71452_71453_71454.png,1,0.4560006695882985
/root/New_CheckLiuliang_remote/datasets/toniot/test/abnormal/test_00018246_orig71482_71483_71484.png,1,0.45116265373804204
/root/New_CheckLiuliang_remote/datasets/toniot/test/abnormal/test_00018256_orig71512_71513_71514.png,1,0.4162152762306705
/root/New_CheckLiuliang_remote/datasets/toniot/test/abnormal/test_00018267_orig71545_71546_71547.png,1,0.455933645167275
/root/New_CheckLiuliang_remote/datasets/toniot/test/abnormal/test_00018277_orig71575_71576_71577.png,1,0.42420822080625636
/root/New_CheckLiuliang_remote/datasets/toniot/test/abnormal/test_00018287_orig71605_71606_71607.png,1,0.41478440335903866
/root/New_CheckLiuliang_remote/datasets/toniot/test/abnormal/test_00018297_orig71635_71636_71637.png,1,0.43880665587472834
/root/New_CheckLiuliang_remote/datasets/toniot/test/abnormal/test_00018307_orig71665_71666_71667.png,1,0.5068919426837518
/root/New_CheckLiuliang_remote/datasets/toniot/test/abnormal/test_00018317_orig71695_71696_71697.png,1,0.41832964565872666
/root/New_CheckLiuliang_remote/datasets/toniot/test/abnormal/test_00018328_orig71728_71729_71730.png,1,0.44177103425504516
/root/New_CheckLiuliang_remote/datasets/toniot/test/abnormal/test_00018338_orig71758_71759_71760.png,1,0.44800060949003684
/root/New_CheckLiuliang_remote/datasets/toniot/test/abnormal/test_00018348_orig71788_71789_71790.png,1,0.5214944458167877
/root/New_CheckLiuliang_remote/datasets/toniot/test/abnormal/test_00018358_orig71818_71819_71820.png,1,0.4198549512302503
/root/New_CheckLiuliang_remote/datasets/toniot/test/abnormal/test_00018368_orig71848_71849_71850.png,1,0.4427802239169658
/root/New_CheckLiuliang_remote/datasets/toniot/test/abnormal/test_00018378_orig71878_71879_71880.png,1,0.4720661873514521
/root/New_CheckLiuliang_remote/datasets/toniot/test/abnormal/test_00018389_orig71911_71912_71913.png,1,0.5452145377154048
/root/New_CheckLiuliang_remote/datasets/toniot/test/abnormal/test_00018399_orig71941_71942_71943.png,1,0.45303610264470273
/root/New_CheckLiuliang_remote/datasets/toniot/test/abnormal/test_00018409_orig71971_71972_71973.png,1,0.4377983444514454
/root/New_CheckLiuliang_remote/datasets/toniot/test/abnormal/test_00018419_orig72001_72002_72003.png,1,0.4466875608016555
/root/New_CheckLiuliang_remote/datasets/toniot/test/abnormal/test_00018429_orig72031_72032_72033.png,1,0.4578115861347811
/root/New_CheckLiuliang_remote/datasets/toniot/test/abnormal/test_00018440_orig72064_72065_72066.png,1,0.4588075486472263
/root/New_CheckLiuliang_remote/datasets/toniot/test/abnormal/test_00018450_orig72094_72095_72096.png,1,0.45085348563312366
/root/New_CheckLiuliang_remote/datasets/toniot/test/abnormal/test_00018460_orig72124_72125_72126.png,1,0.44827171869850446
/root/New_CheckLiuliang_remote/datasets/toniot/test/abnormal/test_00018470_orig72154_72155_72156.png,1,0.5625557798916726
/root/New_CheckLiuliang_remote/datasets/toniot/test/abnormal/test_00018480_orig72184_72185_72186.png,1,0.42188383411596364
/root/New_CheckLiuliang_remote/datasets/toniot/test/abnormal/test_00018490_orig72214_72215_72216.png,1,0.42381059046641384
/root/New_CheckLiuliang_remote/datasets/toniot/test/abnormal/test_00018501_orig72247_72248_72249.png,1,0.5145953657525194
/root/New_CheckLiuliang_remote/datasets/toniot/test/abnormal/test_00018511_orig72277_72278_72279.png,1,0.45203065392986114
/root/New_CheckLiuliang_remote/datasets/toniot/test/abnormal/test_00018521_orig72307_72308_72309.png,1,0.45900936421376726
/root/New_CheckLiuliang_remote/datasets/toniot/test/abnormal/test_00018531_orig72337_72338_72339.png,1,0.4936214732349531
/root/New_CheckLiuliang_remote/datasets/toniot/test/abnormal/test_00018541_orig72367_72368_72369.png,1,0.45234846272171814
/root/New_CheckLiuliang_remote/datasets/toniot/test/abnormal/test_00018552_orig72400_72401_72402.png,1,0.44934543854912024
/root/New_CheckLiuliang_remote/datasets/toniot/test/abnormal/test_00018562_orig72430_72431_72432.png,1,0.5733825852419089
/root/New_CheckLiuliang_remote/datasets/toniot/test/abnormal/test_00018572_orig72460_72461_72462.png,1,0.4327833027131358
/root/New_CheckLiuliang_remote/datasets/toniot/test/abnormal/test_00018582_orig72490_72491_72492.png,1,0.46179276317538454
/root/New_CheckLiuliang_remote/datasets/toniot/test/abnormal/test_00018592_orig72520_72521_72522.png,1,0.44934543854912024
/root/New_CheckLiuliang_remote/datasets/toniot/test/abnormal/test_00018602_orig72550_72551_72552.png,1,0.4492784781216554
/root/New_CheckLiuliang_remote/datasets/toniot/test/abnormal/test_00018613_orig72583_72584_72585.png,1,0.5198234158700725
/root/New_CheckLiuliang_remote/datasets/toniot/test/abnormal/test_00018623_orig72613_72614_72615.png,1,0.4295867739253982
/root/New_CheckLiuliang_remote/datasets/toniot/test/abnormal/test_00018633_orig72643_72644_72645.png,1,0.4475298075808775
/root/New_CheckLiuliang_remote/datasets/toniot/test/abnormal/test_00018643_orig72673_72674_72675.png,1,0.45497002123528174
/root/New_CheckLiuliang_remote/datasets/toniot/test/abnormal/test_00018653_orig72703_72704_72705.png,1,0.41541700047598107
/root/New_CheckLiuliang_remote/datasets/toniot/test/abnormal/test_00018664_orig72736_72737_72738.png,1,0.5308358979992506
/root/New_CheckLiuliang_remote/datasets/toniot/test/abnormal/test_00018674_orig72766_72767_72768.png,1,0.44730329537048713
/root/New_CheckLiuliang_remote/datasets/toniot/test/abnormal/test_00018684_orig72796_72797_72798.png,1,0.45712209360950373
/root/New_CheckLiuliang_remote/datasets/toniot/test/abnormal/test_00018694_orig72826_72827_72828.png,1,0.5471621421326037
/root/New_CheckLiuliang_remote/datasets/toniot/test/abnormal/test_00018704_orig72856_72857_72858.png,1,0.44302851355997086
/root/New_CheckLiuliang_remote/datasets/toniot/test/abnormal/test_00018714_orig72886_72887_72888.png,1,0.4463311518132935
/root/New_CheckLiuliang_remote/datasets/toniot/test/abnormal/test_00018725_orig72919_72920_72921.png,1,0.4440714385648911
/root/New_CheckLiuliang_remote/datasets/toniot/test/abnormal/test_00018735_orig72949_72950_72951.png,1,0.4196722939521699
/root/New_CheckLiuliang_remote/datasets/toniot/test/abnormal/test_00018745_orig72979_72980_72981.png,1,0.445729367190702
/root/New_CheckLiuliang_remote/datasets/toniot/test/abnormal/test_00018755_orig73009_73010_73011.png,1,0.41880743152220995
/root/New_CheckLiuliang_remote/datasets/toniot/test/abnormal/test_00018765_orig73039_73040_73041.png,1,0.4330766346805317
/root/New_CheckLiuliang_remote/datasets/toniot/test/abnormal/test_00018776_orig73072_73073_73074.png,1,0.4423109617050199
/root/New_CheckLiuliang_remote/datasets/toniot/test/abnormal/test_00018786_orig73102_73103_73104.png,1,0.5930089901054754
/root/New_CheckLiuliang_remote/datasets/toniot/test/abnormal/test_00018796_orig73132_73133_73134.png,1,0.4578115861347811
/root/New_CheckLiuliang_remote/datasets/toniot/test/abnormal/test_00018806_orig73162_73163_73164.png,1,0.45015273841922426
/root/New_CheckLiuliang_remote/datasets/toniot/test/abnormal/test_00018816_orig73192_73193_73194.png,1,0.5736227774359326
/root/New_CheckLiuliang_remote/datasets/toniot/test/abnormal/test_00018826_orig73222_73223_73224.png,1,0.445729367190702
/root/New_CheckLiuliang_remote/datasets/toniot/test/abnormal/test_00018837_orig73255_73256_73257.png,1,0.4398089100658688
/root/New_CheckLiuliang_remote/datasets/toniot/test/abnormal/test_00018847_orig73285_73286_73287.png,1,0.4652995601873646
/root/New_CheckLiuliang_remote/datasets/toniot/test/abnormal/test_00018857_orig73315_73316_73317.png,1,0.44826766336297014
/root/New_CheckLiuliang_remote/datasets/toniot/test/abnormal/test_00018867_orig73345_73346_73347.png,1,0.4351965211725954
/root/New_CheckLiuliang_remote/datasets/toniot/test/abnormal/test_00018877_orig73375_73376_73377.png,1,0.4231493936018338
/root/New_CheckLiuliang_remote/datasets/toniot/test/abnormal/test_00018888_orig73408_73409_73410.png,1,0.4450871046124653
/root/New_CheckLiuliang_remote/datasets/toniot/test/abnormal/test_00018898_orig73438_73439_73440.png,1,0.44055011218345363
/root/New_CheckLiuliang_remote/datasets/toniot/test/abnormal/test_00018908_orig73468_73469_73470.png,1,0.462140057661878
/root/New_CheckLiuliang_remote/datasets/toniot/test/abnormal/test_00018918_orig73498_73499_73500.png,1,0.46015760656960114
/root/New_CheckLiuliang_remote/datasets/toniot/test/abnormal/test_00018928_orig73528_73529_73530.png,1,0.42085220330005063
/root/New_CheckLiuliang_remote/datasets/toniot/test/abnormal/test_00018938_orig73558_73559_73560.png,1,0.4669047330404406
/root/New_CheckLiuliang_remote/datasets/toniot/test/abnormal/test_00018949_orig73591_73592_73593.png,1,0.43912361796639665
/root/New_CheckLiuliang_remote/datasets/toniot/test/abnormal/test_00018959_orig73621_73622_73623.png,1,0.4566059557929495
/root/New_CheckLiuliang_remote/datasets/toniot/test/abnormal/test_00018969_orig73651_73652_73653.png,1,0.4433413583640647
/root/New_CheckLiuliang_remote/datasets/toniot/test/abnormal/test_00018979_orig73681_73682_73683.png,1,0.4468013109200589
/root/New_CheckLiuliang_remote/datasets/toniot/test/abnormal/test_00018989_orig73711_73712_73713.png,1,0.41390937915470377
/root/New_CheckLiuliang_remote/datasets/toniot/test/abnormal/test_00019000_orig73744_73745_73746.png,1,0.4137672643756409
/root/New_CheckLiuliang_remote/datasets/toniot/test/abnormal/test_00019010_orig73774_73775_73776.png,1,0.4963611164986608
/root/New_CheckLiuliang_remote/datasets/toniot/test/abnormal/test_00019020_orig73804_73805_73806.png,1,0.42667535471708773
/root/New_CheckLiuliang_remote/datasets/toniot/test/abnormal/test_00019030_orig73834_73835_73836.png,1,0.44728560851438565
/root/New_CheckLiuliang_remote/datasets/toniot/test/abnormal/test_00019040_orig73864_73865_73866.png,1,0.4586940639948836
/root/New_CheckLiuliang_remote/datasets/toniot/test/abnormal/test_00019050_orig73894_73895_73896.png,1,0.4390762572879268
/root/New_CheckLiuliang_remote/datasets/toniot/test/abnormal/test_00019061_orig73927_73928_73929.png,1,0.5482057855617825
/root/New_CheckLiuliang_remote/datasets/toniot/test/abnormal/test_00019071_orig73957_73958_73959.png,1,0.5213143170315906
/root/New_CheckLiuliang_remote/datasets/toniot/test/abnormal/test_00019081_orig73987_73988_73989.png,1,0.4358479917770409
/root/New_CheckLiuliang_remote/datasets/toniot/test/abnormal/test_00019091_orig74017_74018_74019.png,1,0.43653872233061763
/root/New_CheckLiuliang_remote/datasets/toniot/test/abnormal/test_00019101_orig74047_74048_74049.png,1,0.41577612381370493
/root/New_CheckLiuliang_remote/datasets/toniot/test/abnormal/test_00019111_orig74077_74078_74079.png,1,0.4483634770162848
/root/New_CheckLiuliang_remote/datasets/toniot/test/abnormal/test_00019122_orig74110_74111_74112.png,1,0.4502163527482766
/root/New_CheckLiuliang_remote/datasets/toniot/test/abnormal/test_00019132_orig74140_74141_74142.png,1,0.4352459195597051
/root/New_CheckLiuliang_remote/datasets/toniot/test/abnormal/test_00019142_orig74170_74171_74172.png,1,0.4586501064118838
/root/New_CheckLiuliang_remote/datasets/toniot/test/abnormal/test_00019152_orig74200_74201_74202.png,1,0.4675568991890725
/root/New_CheckLiuliang_remote/datasets/toniot/test/abnormal/test_00019162_orig74230_74231_74232.png,1,0.4398089100658688
/root/New_CheckLiuliang_remote/datasets/toniot/test/abnormal/test_00019173_orig74263_74264_74265.png,1,0.4483634770162848
/root/New_CheckLiuliang_remote/datasets/toniot/test/abnormal/test_00019183_orig74293_74294_74295.png,1,0.49011402150488803
/root/New_CheckLiuliang_remote/datasets/toniot/test/abnormal/test_00019193_orig74323_74324_74325.png,1,0.4425105801371645
/root/New_CheckLiuliang_remote/datasets/toniot/test/abnormal/test_00019203_orig74353_74354_74355.png,1,0.4588075486472263
/root/New_CheckLiuliang_remote/datasets/toniot/test/abnormal/test_00019213_orig74383_74384_74385.png,1,0.4493381376165039
/root/New_CheckLiuliang_remote/datasets/toniot/test/abnormal/test_00019223_orig74413_74414_74415.png,1,0.4520736547975462
/root/New_CheckLiuliang_remote/datasets/toniot/test/abnormal/test_00019234_orig74446_74447_74448.png,1,0.6214502491810874
/root/New_CheckLiuliang_remote/datasets/toniot/test/abnormal/test_00019244_orig74476_74477_74478.png,1,0.584748756468063
/root/New_CheckLiuliang_remote/datasets/toniot/test/abnormal/test_00019254_orig74506_74507_74508.png,1,0.4284030069566574
/root/New_CheckLiuliang_remote/datasets/toniot/test/abnormal/test_00019264_orig74536_74537_74538.png,1,0.7121764572792713
/root/New_CheckLiuliang_remote/datasets/toniot/test/abnormal/test_00019274_orig74566_74567_74568.png,1,0.46179276317538454
/root/New_CheckLiuliang_remote/datasets/toniot/test/abnormal/test_00019285_orig74599_74600_74601.png,1,0.4973056896055973
/root/New_CheckLiuliang_remote/datasets/toniot/test/abnormal/test_00019295_orig74629_74630_74631.png,1,0.4252052306517381
/root/New_CheckLiuliang_remote/datasets/toniot/test/abnormal/test_00019305_orig74659_74660_74661.png,1,0.45924976090526043
/root/New_CheckLiuliang_remote/datasets/toniot/test/abnormal/test_00019315_orig74689_74690_74691.png,1,0.5496944661559787
/root/New_CheckLiuliang_remote/datasets/toniot/test/abnormal/test_00019325_orig74719_74720_74721.png,1,0.4531263717710946
/root/New_CheckLiuliang_remote/datasets/toniot/test/abnormal/test_00019335_orig74749_74750_74751.png,1,0.4199436515972554
/root/New_CheckLiuliang_remote/datasets/toniot/test/abnormal/test_00019346_orig74782_74783_74784.png,1,0.42465316113383633
/root/New_CheckLiuliang_remote/datasets/toniot/test/abnormal/test_00019356_orig74812_74813_74814.png,1,0.4302655205190787
/root/New_CheckLiuliang_remote/datasets/toniot/test/abnormal/test_00019366_orig74842_74843_74844.png,1,0.4360575431980413
/root/New_CheckLiuliang_remote/datasets/toniot/test/abnormal/test_00019376_orig74872_74873_74874.png,1,0.596722213718031
/root/New_CheckLiuliang_remote/datasets/toniot/test/abnormal/test_00019386_orig74902_74903_74904.png,1,0.5629497567962891
/root/New_CheckLiuliang_remote/datasets/toniot/test/abnormal/test_00019397_orig74935_74936_74937.png,1,0.455448366685995
/root/New_CheckLiuliang_remote/datasets/toniot/test/abnormal/test_00019407_orig74965_74966_74967.png,1,0.4250366813836227
/root/New_CheckLiuliang_remote/datasets/toniot/test/abnormal/test_00019417_orig74995_74996_74997.png,1,0.4427338784080693
/root/New_CheckLiuliang_remote/datasets/toniot/test/abnormal/test_00019427_orig75025_75026_75027.png,1,0.4267659877613575
/root/New_CheckLiuliang_remote/datasets/toniot/test/abnormal/test_00019437_orig75055_75056_75057.png,1,0.47859434691821173
/root/New_CheckLiuliang_remote/datasets/toniot/test/abnormal/test_00019447_orig75085_75086_75087.png,1,0.4191068156453111
/root/New_CheckLiuliang_remote/datasets/toniot/test/abnormal/test_00019458_orig75118_75119_75120.png,1,0.42690804307588986
/root/New_CheckLiuliang_remote/datasets/toniot/test/abnormal/test_00019468_orig75148_75149_75150.png,1,0.4245011140444933
/root/New_CheckLiuliang_remote/datasets/toniot/test/abnormal/test_00019478_orig75178_75179_75180.png,1,0.4353502569724842
/root/New_CheckLiuliang_remote/datasets/toniot/test/abnormal/test_00019488_orig75208_75209_75210.png,1,0.4051147732412726
/root/New_CheckLiuliang_remote/datasets/toniot/test/abnormal/test_00019498_orig75238_75239_75240.png,1,0.43008415182359233
/root/New_CheckLiuliang_remote/datasets/toniot/test/abnormal/test_00019509_orig75271_75272_75273.png,1,0.40352512530359474
/root/New_CheckLiuliang_remote/datasets/toniot/test/abnormal/test_00019519_orig75301_75302_75303.png,1,0.45116265373804204
/root/New_CheckLiuliang_remote/datasets/toniot/test/abnormal/test_00019529_orig75331_75332_75333.png,1,0.44272137817381163
/root/New_CheckLiuliang_remote/datasets/toniot/test/abnormal/test_00019539_orig75361_75362_75363.png,1,0.4259213086882718
/root/New_CheckLiuliang_remote/datasets/toniot/test/abnormal/test_00019549_orig75391_75392_75393.png,1,0.4315871103968683
/root/New_CheckLiuliang_remote/datasets/toniot/test/abnormal/test_00019559_orig75421_75422_75423.png,1,0.4531251996088365
/root/New_CheckLiuliang_remote/datasets/toniot/test/abnormal/test_00019570_orig75454_75455_75456.png,1,0.42123151140788523
/root/New_CheckLiuliang_remote/datasets/toniot/test/abnormal/test_00019580_orig75484_75485_75486.png,1,0.45050560149156793
/root/New_CheckLiuliang_remote/datasets/toniot/test/abnormal/test_00019590_orig75514_75515_75516.png,1,0.519853773119277
/root/New_CheckLiuliang_remote/datasets/toniot/test/abnormal/test_00019600_orig75544_75545_75546.png,1,0.4600566949872437
/root/New_CheckLiuliang_remote/datasets/toniot/test/abnormal/test_00019610_orig75574_75575_75576.png,1,0.4355491368576084
/root/New_CheckLiuliang_remote/datasets/toniot/test/abnormal/test_00019621_orig75607_75608_75609.png,1,0.4273957666208696
/root/New_CheckLiuliang_remote/datasets/toniot/test/abnormal/test_00019631_orig75637_75638_75639.png,1,0.4597568722198244
/root/New_CheckLiuliang_remote/datasets/toniot/test/abnormal/test_00019641_orig75667_75668_75669.png,1,0.43583154994722006
/root/New_CheckLiuliang_remote/datasets/toniot/test/abnormal/test_00019651_orig75697_75698_75699.png,1,0.44776545067897405
/root/New_CheckLiuliang_remote/datasets/toniot/test/abnormal/test_00019661_orig75727_75728_75729.png,1,0.42842558945970544
/root/New_CheckLiuliang_remote/datasets/toniot/test/abnormal/test_00019671_orig75757_75758_75759.png,1,0.5820511111932751
/root/New_CheckLiuliang_remote/datasets/toniot/test/abnormal/test_00019682_orig75790_75791_75792.png,1,0.49277006073838403
/root/New_CheckLiuliang_remote/datasets/toniot/test/abnormal/test_00019692_orig75820_75821_75822.png,1,0.4212414721376622
/root/New_CheckLiuliang_remote/datasets/toniot/test/abnormal/test_00019702_orig75850_75851_75852.png,1,0.5664483202818482
/root/New_CheckLiuliang_remote/datasets/toniot/test/abnormal/test_00019712_orig75880_75881_75882.png,1,0.4335419288655609
/root/New_CheckLiuliang_remote/datasets/toniot/test/abnormal/test_00019722_orig75910_75911_75912.png,1,0.5144933471414442
/root/New_CheckLiuliang_remote/datasets/toniot/test/abnormal/test_00019732_orig75940_75941_75942.png,1,0.4421569813437697
/root/New_CheckLiuliang_remote/datasets/toniot/test/abnormal/test_00019743_orig75973_75974_75975.png,1,0.4809840576780201
/root/New_CheckLiuliang_remote/datasets/toniot/test/abnormal/test_00019753_orig76003_76004_76005.png,1,0.5235279732242858
/root/New_CheckLiuliang_remote/datasets/toniot/test/abnormal/test_00019763_orig76033_76034_76035.png,1,0.46799695469656705
/root/New_CheckLiuliang_remote/datasets/toniot/test/abnormal/test_00019773_orig76063_76064_76065.png,1,0.4475752789916304
/root/New_CheckLiuliang_remote/datasets/toniot/test/abnormal/test_00019783_orig76093_76094_76095.png,1,0.4432241805593792
/root/New_CheckLiuliang_remote/datasets/toniot/test/abnormal/test_00019794_orig76126_76127_76128.png,1,0.5130649454831151
/root/New_CheckLiuliang_remote/datasets/toniot/test/abnormal/test_00019804_orig76156_76157_76158.png,1,0.42667535471708773
/root/New_CheckLiuliang_remote/datasets/toniot/test/abnormal/test_00019814_orig76186_76187_76188.png,1,0.4405361599402752
/root/New_CheckLiuliang_remote/datasets/toniot/test/abnormal/test_00019824_orig76216_76217_76218.png,1,0.454029389098502
/root/New_CheckLiuliang_remote/datasets/toniot/test/abnormal/test_00019834_orig76246_76247_76248.png,1,0.551804425593705
/root/New_CheckLiuliang_remote/datasets/toniot/test/abnormal/test_00019844_orig76276_76277_76278.png,1,0.42028027561693937
/root/New_CheckLiuliang_remote/datasets/toniot/test/abnormal/test_00019855_orig76309_76310_76311.png,1,0.4586501064118838
/root/New_CheckLiuliang_remote/datasets/toniot/test/abnormal/test_00019865_orig76339_76340_76341.png,1,0.4520561120681837
/root/New_CheckLiuliang_remote/datasets/toniot/test/abnormal/test_00019875_orig76369_76370_76371.png,1,0.41717324404725753
/root/New_CheckLiuliang_remote/datasets/toniot/test/abnormal/test_00019885_orig76399_76400_76401.png,1,0.4427802239169658
/root/New_CheckLiuliang_remote/datasets/toniot/test/abnormal/test_00019895_orig76429_76430_76431.png,1,0.45610935709886247
/root/New_CheckLiuliang_remote/datasets/toniot/test/abnormal/test_00019906_orig76462_76463_76464.png,1,0.44423195995661857
/root/New_CheckLiuliang_remote/datasets/toniot/test/abnormal/test_00019916_orig76492_76493_76494.png,1,0.45468074883995785
/root/New_CheckLiuliang_remote/datasets/toniot/test/abnormal/test_00019926_orig76522_76523_76524.png,1,0.450559723749991
/root/New_CheckLiuliang_remote/datasets/toniot/test/abnormal/test_00019936_orig76552_76553_76554.png,1,0.43971996508600614
/root/New_CheckLiuliang_remote/datasets/toniot/test/abnormal/test_00019946_orig76582_76583_76584.png,1,0.4562592660537045
/root/New_CheckLiuliang_remote/datasets/toniot/test/abnormal/test_00019956_orig76612_76613_76614.png,1,0.5864650971843223
/root/New_CheckLiuliang_remote/datasets/toniot/test/abnormal/test_00019967_orig76645_76646_76647.png,1,0.4556048706753033
/root/New_CheckLiuliang_remote/datasets/toniot/test/abnormal/test_00019977_orig76675_76676_76677.png,1,0.4232863545918081
/root/New_CheckLiuliang_remote/datasets/toniot/test/abnormal/test_00019987_orig76705_76706_76707.png,1,0.4427802239169658
/root/New_CheckLiuliang_remote/datasets/toniot/test/abnormal/test_00019997_orig76735_76736_76737.png,1,0.41274330714077057
/root/New_CheckLiuliang_remote/datasets/toniot/test/abnormal/test_00020007_orig76765_76766_76767.png,1,0.43083347049832216
/root/New_CheckLiuliang_remote/datasets/toniot/test/abnormal/test_00020018_orig76798_76799_76800.png,1,0.4427802239169658
/root/New_CheckLiuliang_remote/datasets/toniot/test/abnormal/test_00020028_orig76828_76829_76830.png,1,0.4401558448676174
/root/New_CheckLiuliang_remote/datasets/toniot/test/abnormal/test_00020038_orig76858_76859_76860.png,1,0.4355491368576084
/root/New_CheckLiuliang_remote/datasets/toniot/test/abnormal/test_00020048_orig76888_76889_76890.png,1,0.4495713325665595
/root/New_CheckLiuliang_remote/datasets/toniot/test/abnormal/test_00020058_orig76918_76919_76920.png,1,0.422268925844214
/root/New_CheckLiuliang_remote/datasets/toniot/test/abnormal/test_00020068_orig76948_76949_76950.png,1,0.43092586749519085
/root/New_CheckLiuliang_remote/datasets/toniot/test/abnormal/test_00020079_orig76981_76982_76983.png,1,0.4404246588602074
/root/New_CheckLiuliang_remote/datasets/toniot/test/abnormal/test_00020089_orig77011_77012_77013.png,1,0.45610935709886247
/root/New_CheckLiuliang_remote/datasets/toniot/test/abnormal/test_00020099_orig77041_77042_77043.png,1,0.44636430648080155
/root/New_CheckLiuliang_remote/datasets/toniot/test/abnormal/test_00020109_orig77071_77072_77073.png,1,0.45303610264470273
/root/New_CheckLiuliang_remote/datasets/toniot/test/abnormal/test_00020119_orig77101_77102_77103.png,1,0.44122602542902184
/root/New_CheckLiuliang_remote/datasets/toniot/test/abnormal/test_00020130_orig77134_77135_77136.png,1,0.5472361492887534
/root/New_CheckLiuliang_remote/datasets/toniot/test/abnormal/test_00020140_orig77164_77165_77166.png,1,0.41832964565872666
/root/New_CheckLiuliang_remote/datasets/toniot/test/abnormal/test_00020150_orig77194_77195_77196.png,1,0.41988790763255734
/root/New_CheckLiuliang_remote/datasets/toniot/test/abnormal/test_00020160_orig77224_77225_77226.png,1,0.5053501131213849
/root/New_CheckLiuliang_remote/datasets/toniot/test/abnormal/test_00020170_orig77254_77255_77256.png,1,0.43045748523309507
/root/New_CheckLiuliang_remote/datasets/toniot/test/abnormal/test_00020180_orig77284_77285_77286.png,1,0.4504161910018968
/root/New_CheckLiuliang_remote/datasets/toniot/test/abnormal/test_00020191_orig77317_77318_77319.png,1,0.5571237948377871
/root/New_CheckLiuliang_remote/datasets/toniot/test/abnormal/test_00020201_orig77347_77348_77349.png,1,0.43753774435208675
/root/New_CheckLiuliang_remote/datasets/toniot/test/abnormal/test_00020211_orig77377_77378_77379.png,1,0.44425025490317355
/root/New_CheckLiuliang_remote/datasets/toniot/test/abnormal/test_00020221_orig77407_77408_77409.png,1,0.5431237997956501
/root/New_CheckLiuliang_remote/datasets/toniot/test/abnormal/test_00020231_orig77437_77438_77439.png,1,0.512189393798978
/root/New_CheckLiuliang_remote/datasets/toniot/test/abnormal/test_00020242_orig77470_77471_77472.png,1,0.45974499978671124
/root/New_CheckLiuliang_remote/datasets/toniot/test/abnormal/test_00020252_orig77500_77501_77502.png,1,0.4675568991890725
/root/New_CheckLiuliang_remote/datasets/toniot/test/abnormal/test_00020262_orig77530_77531_77532.png,1,0.44934543854912024
/root/New_CheckLiuliang_remote/datasets/toniot/test/abnormal/test_00020272_orig77560_77561_77562.png,1,0.4315409051489755
/root/New_CheckLiuliang_remote/datasets/toniot/test/abnormal/test_00020282_orig77590_77591_77592.png,1,0.4530343662430165
/root/New_CheckLiuliang_remote/datasets/toniot/test/abnormal/test_00020292_orig77620_77621_77622.png,1,0.579381458028407
/root/New_CheckLiuliang_remote/datasets/toniot/test/abnormal/test_00020303_orig77653_77654_77655.png,1,0.4483634770162848
/root/New_CheckLiuliang_remote/datasets/toniot/test/abnormal/test_00020313_orig77683_77684_77685.png,1,0.4530343662430165
/root/New_CheckLiuliang_remote/datasets/toniot/test/abnormal/test_00020323_orig77713_77714_77715.png,1,0.4319883256456258
/root/New_CheckLiuliang_remote/datasets/toniot/test/abnormal/test_00020333_orig77743_77744_77745.png,1,0.44030606588660004
/root/New_CheckLiuliang_remote/datasets/toniot/test/abnormal/test_00020343_orig77773_77774_77775.png,1,0.44305240824768183
/root/New_CheckLiuliang_remote/datasets/toniot/test/abnormal/test_00020353_orig77803_77804_77805.png,1,0.43923787948754395
/root/New_CheckLiuliang_remote/datasets/toniot/test/abnormal/test_00020364_orig77836_77837_77838.png,1,0.44827171869850446
/root/New_CheckLiuliang_remote/datasets/toniot/test/abnormal/test_00020374_orig77866_77867_77868.png,1,0.44234921031489144
/root/New_CheckLiuliang_remote/datasets/toniot/test/abnormal/test_00020384_orig77896_77897_77898.png,1,0.4723310696896837
/root/New_CheckLiuliang_remote/datasets/toniot/test/abnormal/test_00020394_orig77926_77927_77928.png,1,0.43971996508600614
/root/New_CheckLiuliang_remote/datasets/toniot/test/abnormal/test_00020404_orig77956_77957_77958.png,1,0.5387001154790544
/root/New_CheckLiuliang_remote/datasets/toniot/test/abnormal/test_00020415_orig77989_77990_77991.png,1,0.4586501064118838
/root/New_CheckLiuliang_remote/datasets/toniot/test/abnormal/test_00020425_orig78019_78020_78021.png,1,0.46179276317538454
/root/New_CheckLiuliang_remote/datasets/toniot/test/abnormal/test_00020435_orig78049_78050_78051.png,1,0.46063124393733645
/root/New_CheckLiuliang_remote/datasets/toniot/test/abnormal/test_00020445_orig78079_78080_78081.png,1,0.6080123962586939
/root/New_CheckLiuliang_remote/datasets/toniot/test/abnormal/test_00020455_orig78109_78110_78111.png,1,0.5981684558689091
/root/New_CheckLiuliang_remote/datasets/toniot/test/abnormal/test_00020465_orig78139_78140_78141.png,1,0.44106867796193766
/root/New_CheckLiuliang_remote/datasets/toniot/test/abnormal/test_00020476_orig78172_78173_78174.png,1,0.4530343662430165
/root/New_CheckLiuliang_remote/datasets/toniot/test/abnormal/test_00020486_orig78202_78203_78204.png,1,0.46179276317538454
/root/New_CheckLiuliang_remote/datasets/toniot/test/abnormal/test_00020496_orig78232_78233_78234.png,1,0.44423195995661857
/root/New_CheckLiuliang_remote/datasets/toniot/test/abnormal/test_00020506_orig78262_78263_78264.png,1,0.458274518293776
/root/New_CheckLiuliang_remote/datasets/toniot/test/abnormal/test_00020516_orig78292_78293_78294.png,1,0.45337857988858404
/root/New_CheckLiuliang_remote/datasets/toniot/test/abnormal/test_00020527_orig78325_78326_78327.png,1,0.44680416279549745
/root/New_CheckLiuliang_remote/datasets/toniot/test/abnormal/test_00020537_orig78355_78356_78357.png,1,0.4483634770162848
/root/New_CheckLiuliang_remote/datasets/toniot/test/abnormal/test_00020547_orig78385_78386_78387.png,1,0.44680416279549745
/root/New_CheckLiuliang_remote/datasets/toniot/test/abnormal/test_00020557_orig78415_78416_78417.png,1,0.510950955474274
/root/New_CheckLiuliang_remote/datasets/toniot/test/abnormal/test_00020567_orig78445_78446_78447.png,1,0.4586501064118838
/root/New_CheckLiuliang_remote/datasets/toniot/test/abnormal/test_00020577_orig78475_78476_78477.png,1,0.4443777829267371
/root/New_CheckLiuliang_remote/datasets/toniot/test/abnormal/test_00020588_orig78508_78509_78510.png,1,0.4442435547654685
/root/New_CheckLiuliang_remote/datasets/toniot/test/abnormal/test_00020598_orig78538_78539_78540.png,1,0.5429327053933612
/root/New_CheckLiuliang_remote/datasets/toniot/test/abnormal/test_00020608_orig78568_78569_78570.png,1,0.4483634770162848
/root/New_CheckLiuliang_remote/datasets/toniot/test/abnormal/test_00020618_orig78598_78599_78600.png,1,0.4207459948616717
/root/New_CheckLiuliang_remote/datasets/toniot/test/abnormal/test_00020628_orig78628_78629_78630.png,1,0.40759634903718167
/root/New_CheckLiuliang_remote/datasets/toniot/test/abnormal/test_00020639_orig78661_78662_78663.png,1,0.4181207815809943
/root/New_CheckLiuliang_remote/datasets/toniot/test/abnormal/test_00020649_orig78691_78692_78693.png,1,0.5235279732242858
/root/New_CheckLiuliang_remote/datasets/toniot/test/abnormal/test_00020659_orig78721_78722_78723.png,1,0.5165424235694062
/root/New_CheckLiuliang_remote/datasets/toniot/test/abnormal/test_00020669_orig78751_78752_78753.png,1,0.44423469455806663
/root/New_CheckLiuliang_remote/datasets/toniot/test/abnormal/test_00020679_orig78781_78782_78783.png,1,0.4355938193019917
/root/New_CheckLiuliang_remote/datasets/toniot/test/abnormal/test_00020689_orig78811_78812_78813.png,1,0.44827171869850446
/root/New_CheckLiuliang_remote/datasets/toniot/test/abnormal/test_00020700_orig78844_78845_78846.png,1,0.44984117234193355
/root/New_CheckLiuliang_remote/datasets/toniot/test/abnormal/test_00020710_orig78874_78875_78876.png,1,0.45108857118745116
/root/New_CheckLiuliang_remote/datasets/toniot/test/abnormal/test_00020720_orig78904_78905_78906.png,1,0.45900936421376726
/root/New_CheckLiuliang_remote/datasets/toniot/test/abnormal/test_00020730_orig78934_78935_78936.png,1,0.6144280046666006
/root/New_CheckLiuliang_remote/datasets/toniot/test/abnormal/test_00020740_orig78964_78965_78966.png,1,0.4445378842297125
/root/New_CheckLiuliang_remote/datasets/toniot/test/abnormal/test_00020751_orig78997_78998_78999.png,1,0.42904276073795616
/root/New_CheckLiuliang_remote/datasets/toniot/test/abnormal/test_00020761_orig79027_79028_79029.png,1,0.4312982269383973
/root/New_CheckLiuliang_remote/datasets/toniot/test/abnormal/test_00020771_orig79057_79058_79059.png,1,0.43051620967157567
/root/New_CheckLiuliang_remote/datasets/toniot/test/abnormal/test_00020781_orig79087_79088_79089.png,1,0.4431525385841837
/root/New_CheckLiuliang_remote/datasets/toniot/test/abnormal/test_00020791_orig79117_79118_79119.png,1,0.5349232845513157
/root/New_CheckLiuliang_remote/datasets/toniot/test/abnormal/test_00020801_orig79147_79148_79149.png,1,0.42420822080625636
/root/New_CheckLiuliang_remote/datasets/toniot/test/abnormal/test_00020812_orig79180_79181_79182.png,1,0.4479329734700774
/root/New_CheckLiuliang_remote/datasets/toniot/test/abnormal/test_00020822_orig79210_79211_79212.png,1,0.4534977909480395
/root/New_CheckLiuliang_remote/datasets/toniot/test/abnormal/test_00020832_orig79240_79241_79242.png,1,0.4536701173574694
/root/New_CheckLiuliang_remote/datasets/toniot/test/abnormal/test_00020842_orig79270_79271_79272.png,1,0.4041923224641168
/root/New_CheckLiuliang_remote/datasets/toniot/test/abnormal/test_00020852_orig79300_79301_79302.png,1,0.4485200084479408
/root/New_CheckLiuliang_remote/datasets/toniot/test/abnormal/test_00020863_orig79333_79334_79335.png,1,0.4440714385648911
/root/New_CheckLiuliang_remote/datasets/toniot/test/abnormal/test_00020873_orig79363_79364_79365.png,1,0.5160048164696305
/root/New_CheckLiuliang_remote/datasets/toniot/test/abnormal/test_00020883_orig79393_79394_79395.png,1,0.4486288796543733
/root/New_CheckLiuliang_remote/datasets/toniot/test/abnormal/test_00020893_orig79423_79424_79425.png,1,0.4107440817894722
/root/New_CheckLiuliang_remote/datasets/toniot/test/abnormal/test_00020903_orig79453_79454_79455.png,1,0.6858870551358621
/root/New_CheckLiuliang_remote/datasets/toniot/test/abnormal/test_00020913_orig79483_79484_79485.png,1,0.5951907571141524
/root/New_CheckLiuliang_remote/datasets/toniot/test/abnormal/test_00020924_orig79516_79517_79518.png,1,0.4476112419753241
/root/New_CheckLiuliang_remote/datasets/toniot/test/abnormal/test_00020934_orig79546_79547_79548.png,1,0.4675568991890725
/root/New_CheckLiuliang_remote/datasets/toniot/test/abnormal/test_00020944_orig79576_79577_79578.png,1,0.4530343662430165
/root/New_CheckLiuliang_remote/datasets/toniot/test/abnormal/test_00020954_orig79606_79607_79608.png,1,0.45610935709886247
/root/New_CheckLiuliang_remote/datasets/toniot/test/abnormal/test_00020964_orig79636_79637_79638.png,1,0.45050386756879
/root/New_CheckLiuliang_remote/datasets/toniot/test/abnormal/test_00020974_orig79666_79667_79668.png,1,0.4377983444514454
/root/New_CheckLiuliang_remote/datasets/toniot/test/abnormal/test_00020985_orig79699_79700_79701.png,1,0.5169522483913368
/root/New_CheckLiuliang_remote/datasets/toniot/test/abnormal/test_00020995_orig79729_79730_79731.png,1,0.4586501064118838
/root/New_CheckLiuliang_remote/datasets/toniot/test/abnormal/test_00021005_orig79759_79760_79761.png,1,0.5161555637633983
/root/New_CheckLiuliang_remote/datasets/toniot/test/abnormal/test_00021015_orig79789_79790_79791.png,1,0.6001999993127708
/root/New_CheckLiuliang_remote/datasets/toniot/test/abnormal/test_00021025_orig79819_79820_79821.png,1,0.4530343662430165
/root/New_CheckLiuliang_remote/datasets/toniot/test/abnormal/test_00021036_orig79852_79853_79854.png,1,0.4458443157514974
/root/New_CheckLiuliang_remote/datasets/toniot/test/abnormal/test_00021046_orig79882_79883_79884.png,1,0.4566059557929495
/root/New_CheckLiuliang_remote/datasets/toniot/test/abnormal/test_00021056_orig79912_79913_79914.png,1,0.44245981385312755
/root/New_CheckLiuliang_remote/datasets/toniot/test/abnormal/test_00021066_orig79942_79943_79944.png,1,0.5401966769743471
/root/New_CheckLiuliang_remote/datasets/toniot/test/abnormal/test_00021076_orig79972_79973_79974.png,1,0.4350653181885499
/root/New_CheckLiuliang_remote/datasets/toniot/test/abnormal/test_00021086_orig80002_80003_80004.png,1,0.42290370255239473
/root/New_CheckLiuliang_remote/datasets/toniot/test/abnormal/test_00021097_orig80035_80036_80037.png,1,0.5571229270337246
/root/New_CheckLiuliang_remote/datasets/toniot/test/abnormal/test_00021107_orig80065_80066_80067.png,1,0.4502168983787585
/root/New_CheckLiuliang_remote/datasets/toniot/test/abnormal/test_00021117_orig80095_80096_80097.png,1,0.43756713862241947
/root/New_CheckLiuliang_remote/datasets/toniot/test/abnormal/test_00021127_orig80125_80126_80127.png,1,0.5381758334336528
/root/New_CheckLiuliang_remote/datasets/toniot/test/abnormal/test_00021137_orig80155_80156_80157.png,1,0.4377983444514454
/root/New_CheckLiuliang_remote/datasets/toniot/test/abnormal/test_00021148_orig80188_80189_80190.png,1,0.4437362389299677
/root/New_CheckLiuliang_remote/datasets/toniot/test/abnormal/test_00021158_orig80218_80219_80220.png,1,0.4512310566501174
/root/New_CheckLiuliang_remote/datasets/toniot/test/abnormal/test_00021168_orig80248_80249_80250.png,1,0.4404073148504779
/root/New_CheckLiuliang_remote/datasets/toniot/test/abnormal/test_00021178_orig80278_80279_80280.png,1,0.43874901297714525
/root/New_CheckLiuliang_remote/datasets/toniot/test/abnormal/test_00021188_orig80308_80309_80310.png,1,0.45900936421376726
/root/New_CheckLiuliang_remote/datasets/toniot/test/abnormal/test_00021198_orig80338_80339_80340.png,1,0.43226399671384175
/root/New_CheckLiuliang_remote/datasets/toniot/test/abnormal/test_00021209_orig80371_80372_80373.png,1,0.5147773239147985
/root/New_CheckLiuliang_remote/datasets/toniot/test/abnormal/test_00021219_orig80401_80402_80403.png,1,0.46799695469656705
/root/New_CheckLiuliang_remote/datasets/toniot/test/abnormal/test_00021229_orig80431_80432_80433.png,1,0.6790677763635004
/root/New_CheckLiuliang_remote/datasets/toniot/test/abnormal/test_00021231_orig80437_80438_80439.png,1,0.6442704607845989
/root/New_CheckLiuliang_remote/datasets/toniot/test/abnormal/test_00021232_orig80440_80441_80442.png,1,0.5605110329995927
/root/New_CheckLiuliang_remote/datasets/toniot/test/abnormal/test_00021233_orig80443_80444_80445.png,1,0.638084896942737
/root/New_CheckLiuliang_remote/datasets/toniot/test/abnormal/test_00021234_orig80446_80447_80448.png,1,0.6471344529965255
/root/New_CheckLiuliang_remote/datasets/toniot/test/abnormal/test_00021235_orig80449_80450_80451.png,1,0.6326399039103514
/root/New_CheckLiuliang_remote/datasets/toniot/test/abnormal/test_00021236_orig80452_80453_80454.png,1,0.5557943488055149
/root/New_CheckLiuliang_remote/datasets/toniot/test/abnormal/test_00021237_orig80455_80456_80457.png,1,0.7069101409100349
/root/New_CheckLiuliang_remote/datasets/toniot/test/abnormal/test_00021238_orig80458_80459_80460.png,1,0.6025300753760945
/root/New_CheckLiuliang_remote/datasets/toniot/test/abnormal/test_00021239_orig80461_80462_80463.png,1,0.5963187102503439
/root/New_CheckLiuliang_remote/datasets/toniot/test/abnormal/test_00021240_orig80464_80465_80466.png,1,0.6544612081423241
/root/New_CheckLiuliang_remote/datasets/toniot/test/abnormal/test_00021241_orig80467_80468_80469.png,1,0.6200256808597303
/root/New_CheckLiuliang_remote/datasets/toniot/test/abnormal/test_00021242_orig80470_80471_80472.png,1,0.566896656718636
/root/New_CheckLiuliang_remote/datasets/toniot/test/abnormal/test_00021243_orig80473_80474_80475.png,1,0.5443288945732099
/root/New_CheckLiuliang_remote/datasets/toniot/test/abnormal/test_00021244_orig80476_80477_80478.png,1,0.5416933205879628
/root/New_CheckLiuliang_remote/datasets/toniot/test/abnormal/test_00021245_orig80479_80480_80481.png,1,0.5493624016169972
/root/New_CheckLiuliang_remote/datasets/toniot/test/abnormal/test_00021246_orig80482_80483_80484.png,1,0.5337637055674779
/root/New_CheckLiuliang_remote/datasets/toniot/test/abnormal/test_00021247_orig80485_80486_80487.png,1,0.5419433363783133
/root/New_CheckLiuliang_remote/datasets/toniot/test/abnormal/test_00021248_orig80488_80489_80490.png,1,0.5408989199448431
/root/New_CheckLiuliang_remote/datasets/toniot/test/abnormal/test_00021249_orig80491_80492_80493.png,1,0.6251034373179759
/root/New_CheckLiuliang_remote/datasets/toniot/test/abnormal/test_00021250_orig80494_80495_80496.png,1,0.5819320811487391
/root/New_CheckLiuliang_remote/datasets/toniot/test/abnormal/test_00021251_orig80497_80498_80499.png,1,0.532182010976126
/root/New_CheckLiuliang_remote/datasets/toniot/test/abnormal/test_00021252_orig80500_80501_80502.png,1,0.5400896276911143
/root/New_CheckLiuliang_remote/datasets/toniot/test/abnormal/test_00021253_orig80503_80504_80505.png,1,0.5593620492860142
/root/New_CheckLiuliang_remote/datasets/toniot/test/abnormal/test_00021254_orig80506_80507_80508.png,1,0.5418421496763068
/root/New_CheckLiuliang_remote/datasets/toniot/test/abnormal/test_00021255_orig80509_80510_80511.png,1,0.5408836827628268
/root/New_CheckLiuliang_remote/datasets/toniot/test/abnormal/test_00021256_orig80512_80513_80514.png,1,0.540009889314325
/root/New_CheckLiuliang_remote/datasets/toniot/test/abnormal/test_00021257_orig80515_80516_80517.png,1,0.5506908797753199
/root/New_CheckLiuliang_remote/datasets/toniot/test/abnormal/test_00021258_orig80518_80519_80520.png,1,0.5382396522074377
/root/New_CheckLiuliang_remote/datasets/toniot/test/abnormal/test_00021259_orig80521_80522_80523.png,1,0.5492130807587157
/root/New_CheckLiuliang_remote/datasets/toniot/test/abnormal/test_00021260_orig80524_80525_80526.png,1,0.5492130807587157
/root/New_CheckLiuliang_remote/datasets/toniot/test/abnormal/test_00021261_orig80527_80528_80529.png,1,0.5828653877690246
/root/New_CheckLiuliang_remote/datasets/toniot/test/abnormal/test_00021262_orig80530_80531_80532.png,1,0.5640182025531204
/root/New_CheckLiuliang_remote/datasets/toniot/test/abnormal/test_00021263_orig80533_80534_80535.png,1,0.5453285476678916
/root/New_CheckLiuliang_remote/datasets/toniot/test/abnormal/test_00021264_orig80536_80537_80538.png,1,0.5408836827628268
/root/New_CheckLiuliang_remote/datasets/toniot/test/abnormal/test_00021265_orig80539_80540_80541.png,1,0.5676257065084476
/root/New_CheckLiuliang_remote/datasets/toniot/test/abnormal/test_00021266_orig80542_80543_80544.png,1,0.5401585837885424
/root/New_CheckLiuliang_remote/datasets/toniot/test/abnormal/test_00021267_orig80545_80546_80547.png,1,0.5408836827628268
/root/New_CheckLiuliang_remote/datasets/toniot/test/abnormal/test_00021268_orig80548_80549_80550.png,1,0.546570600237235
/root/New_CheckLiuliang_remote/datasets/toniot/test/abnormal/test_00021269_orig80551_80552_80553.png,1,0.5408836827628268
/root/New_CheckLiuliang_remote/datasets/toniot/test/abnormal/test_00021270_orig80554_80555_80556.png,1,0.5400896276911143
/root/New_CheckLiuliang_remote/datasets/toniot/test/abnormal/test_00021271_orig80557_80558_80559.png,1,0.5338324270917504
/root/New_CheckLiuliang_remote/datasets/toniot/test/abnormal/test_00021272_orig80560_80561_80562.png,1,0.5439017571017106
/root/New_CheckLiuliang_remote/datasets/toniot/test/abnormal/test_00021273_orig80563_80564_80565.png,1,0.568259562177998
/root/New_CheckLiuliang_remote/datasets/toniot/test/abnormal/test_00021274_orig80566_80567_80568.png,1,0.5408836827628268
/root/New_CheckLiuliang_remote/datasets/toniot/test/abnormal/test_00021275_orig80569_80570_80571.png,1,0.5421128966503636
/root/New_CheckLiuliang_remote/datasets/toniot/test/abnormal/test_00021276_orig80572_80573_80574.png,1,0.5621154949529478
/root/New_CheckLiuliang_remote/datasets/toniot/test/abnormal/test_00021277_orig80575_80576_80577.png,1,0.5408836827628268
/root/New_CheckLiuliang_remote/datasets/toniot/test/abnormal/test_00021278_orig80578_80579_80580.png,1,0.5423597003228973
/root/New_CheckLiuliang_remote/datasets/toniot/test/abnormal/test_00021279_orig80581_80582_80583.png,1,0.5443288945732099
/root/New_CheckLiuliang_remote/datasets/toniot/test/abnormal/test_00021280_orig80584_80585_80586.png,1,0.5408836827628268
/root/New_CheckLiuliang_remote/datasets/toniot/test/abnormal/test_00021281_orig80587_80588_80589.png,1,0.5458549928687139
/root/New_CheckLiuliang_remote/datasets/toniot/test/abnormal/test_00021282_orig80590_80591_80592.png,1,0.5472028628983314
/root/New_CheckLiuliang_remote/datasets/toniot/test/abnormal/test_00021283_orig80593_80594_80595.png,1,0.5484154705149273
/root/New_CheckLiuliang_remote/datasets/toniot/test/abnormal/test_00021284_orig80596_80597_80598.png,1,0.5506908797753199
/root/New_CheckLiuliang_remote/datasets/toniot/test/abnormal/test_00021285_orig80599_80600_80601.png,1,0.5385714314100587
/root/New_CheckLiuliang_remote/datasets/toniot/test/abnormal/test_00021286_orig80602_80603_80604.png,1,0.5337637055674779
/root/New_CheckLiuliang_remote/datasets/toniot/test/abnormal/test_00021287_orig80605_80606_80607.png,1,0.5490947384798429
/root/New_CheckLiuliang_remote/datasets/toniot/test/abnormal/test_00021288_orig80608_80609_80610.png,1,0.5443288945732099
/root/New_CheckLiuliang_remote/datasets/toniot/test/abnormal/test_00021289_orig80611_80612_80613.png,1,0.5562424196257125
/root/New_CheckLiuliang_remote/datasets/toniot/test/abnormal/test_00021290_orig80614_80615_80616.png,1,0.534555059442187
/root/New_CheckLiuliang_remote/datasets/toniot/test/abnormal/test_00021291_orig80617_80618_80619.png,1,0.5478816898992629
/root/New_CheckLiuliang_remote/datasets/toniot/test/abnormal/test_00021292_orig80620_80621_80622.png,1,0.5418421496763068
/root/New_CheckLiuliang_remote/datasets/toniot/test/abnormal/test_00021293_orig80623_80624_80625.png,1,0.5429078156669593
/root/New_CheckLiuliang_remote/datasets/toniot/test/abnormal/test_00021294_orig80626_80627_80628.png,1,0.5418421496763068
/root/New_CheckLiuliang_remote/datasets/toniot/test/abnormal/test_00021295_orig80629_80630_80631.png,1,0.5492130807587157
/root/New_CheckLiuliang_remote/datasets/toniot/test/abnormal/test_00021296_orig80632_80633_80634.png,1,0.5401585837885424
/root/New_CheckLiuliang_remote/datasets/toniot/test/abnormal/test_00021297_orig80635_80636_80637.png,1,0.5403713427866156
/root/New_CheckLiuliang_remote/datasets/toniot/test/abnormal/test_00021298_orig80638_80639_80640.png,1,0.5471538634042494
/root/New_CheckLiuliang_remote/datasets/toniot/test/abnormal/test_00021299_orig80641_80642_80643.png,1,0.5401585837885424
/root/New_CheckLiuliang_remote/datasets/toniot/test/abnormal/test_00021300_orig80644_80645_80646.png,1,0.5478816898992629
/root/New_CheckLiuliang_remote/datasets/toniot/test/abnormal/test_00021301_orig80647_80648_80649.png,1,0.534555059442187
/root/New_CheckLiuliang_remote/datasets/toniot/test/abnormal/test_00021302_orig80650_80651_80652.png,1,0.5402535604378983
/root/New_CheckLiuliang_remote/datasets/toniot/test/abnormal/test_00021303_orig80653_80654_80655.png,1,0.5490947384798429
/root/New_CheckLiuliang_remote/datasets/toniot/test/abnormal/test_00021304_orig80656_80657_80658.png,1,0.5435333690085724
/root/New_CheckLiuliang_remote/datasets/toniot/test/abnormal/test_00021305_orig80659_80660_80661.png,1,0.6194448179863212
/root/New_CheckLiuliang_remote/datasets/toniot/test/abnormal/test_00021306_orig80662_80663_80664.png,1,0.5551045743690868
/root/New_CheckLiuliang_remote/datasets/toniot/test/abnormal/test_00021307_orig80665_80666_80667.png,1,0.5435720214880359
/root/New_CheckLiuliang_remote/datasets/toniot/test/abnormal/test_00021308_orig80668_80669_80670.png,1,0.554364528069808
/root/New_CheckLiuliang_remote/datasets/toniot/test/abnormal/test_00021309_orig80671_80672_80673.png,1,0.5405240763396344
/root/New_CheckLiuliang_remote/datasets/toniot/test/abnormal/test_00021310_orig80674_80675_80676.png,1,0.5408836827628268
/root/New_CheckLiuliang_remote/datasets/toniot/test/abnormal/test_00021311_orig80677_80678_80679.png,1,0.5638110893481165
/root/New_CheckLiuliang_remote/datasets/toniot/test/abnormal/test_00021312_orig80680_80681_80682.png,1,0.5621954700396908
/root/New_CheckLiuliang_remote/datasets/toniot/test/abnormal/test_00021313_orig80683_80684_80685.png,1,0.5435333690085724
/root/New_CheckLiuliang_remote/datasets/toniot/test/abnormal/test_00021314_orig80686_80687_80688.png,1,0.5439017571017106
/root/New_CheckLiuliang_remote/datasets/toniot/test/abnormal/test_00021315_orig80689_80690_80691.png,1,0.5339270806518774
/root/New_CheckLiuliang_remote/datasets/toniot/test/abnormal/test_00021316_orig80692_80693_80694.png,1,0.5233194627912887
/root/New_CheckLiuliang_remote/datasets/toniot/test/abnormal/test_00021318_orig80698_80699_80700.png,1,0.4906653598379541
/root/New_CheckLiuliang_remote/datasets/toniot/test/abnormal/test_00021322_orig80710_80711_80712.png,1,0.4631865463135516
/root/New_CheckLiuliang_remote/datasets/toniot/test/abnormal/test_00021325_orig80719_80720_80721.png,1,0.4742221223456912
/root/New_CheckLiuliang_remote/datasets/toniot/test/abnormal/test_00021329_orig80731_80732_80733.png,1,0.4288145173883857
/root/New_CheckLiuliang_remote/datasets/toniot/test/abnormal/test_00021333_orig80743_80744_80745.png,1,0.4731612277140531
/root/New_CheckLiuliang_remote/datasets/toniot/test/abnormal/test_00021337_orig80755_80756_80757.png,1,0.9200261398293132
/root/New_CheckLiuliang_remote/datasets/toniot/test/abnormal/test_00021340_orig80764_80765_80766.png,1,0.4261286161318588
/root/New_CheckLiuliang_remote/datasets/toniot/test/abnormal/test_00021344_orig80776_80777_80778.png,1,0.8388622222107988
/root/New_CheckLiuliang_remote/datasets/toniot/test/abnormal/test_00021348_orig80788_80789_80790.png,1,0.865435935833903
/root/New_CheckLiuliang_remote/datasets/toniot/test/abnormal/test_00021352_orig80800_80801_80802.png,1,0.45401471768323953
/root/New_CheckLiuliang_remote/datasets/toniot/test/abnormal/test_00021355_orig80809_80810_80811.png,1,0.4800066349364821
/root/New_CheckLiuliang_remote/datasets/toniot/test/abnormal/test_00021359_orig80821_80822_80823.png,1,0.42405719663409996
/root/New_CheckLiuliang_remote/datasets/toniot/test/abnormal/test_00021363_orig80833_80834_80835.png,1,0.4175105449950066
/root/New_CheckLiuliang_remote/datasets/toniot/test/abnormal/test_00021367_orig80845_80846_80847.png,1,0.42063056904292057
/root/New_CheckLiuliang_remote/datasets/toniot/test/abnormal/test_00021370_orig80854_80855_80856.png,1,0.4414127958991415
/root/New_CheckLiuliang_remote/datasets/toniot/test/abnormal/test_00021374_orig80866_80867_80868.png,1,0.43955065440542285
/root/New_CheckLiuliang_remote/datasets/toniot/test/abnormal/test_00021378_orig80878_80879_80880.png,1,0.4465820428244686
/root/New_CheckLiuliang_remote/datasets/toniot/test/abnormal/test_00021382_orig80890_80891_80892.png,1,0.44168013629067837
/root/New_CheckLiuliang_remote/datasets/toniot/test/abnormal/test_00021385_orig80899_80900_80901.png,1,0.4222516012593782
/root/New_CheckLiuliang_remote/datasets/toniot/test/abnormal/test_00021389_orig80911_80912_80913.png,1,0.4677659385562032
/root/New_CheckLiuliang_remote/datasets/toniot/test/abnormal/test_00021393_orig80923_80924_80925.png,1,0.44260744418135606
/root/New_CheckLiuliang_remote/datasets/toniot/test/abnormal/test_00021397_orig80935_80936_80937.png,1,0.4450652610150729
/root/New_CheckLiuliang_remote/datasets/toniot/test/abnormal/test_00021400_orig80944_80945_80946.png,1,0.797351317668675
/root/New_CheckLiuliang_remote/datasets/toniot/test/abnormal/test_00021404_orig80956_80957_80958.png,1,0.872887787097612
/root/New_CheckLiuliang_remote/datasets/toniot/test/abnormal/test_00021408_orig80968_80969_80970.png,1,0.4742221223456912
/root/New_CheckLiuliang_remote/datasets/toniot/test/abnormal/test_00021412_orig80980_80981_80982.png,1,0.45034911041885745
/root/New_CheckLiuliang_remote/datasets/toniot/test/abnormal/test_00021415_orig80989_80990_80991.png,1,0.458592529233677
/root/New_CheckLiuliang_remote/datasets/toniot/test/abnormal/test_00021419_orig81001_81002_81003.png,1,0.4185068347498582
/root/New_CheckLiuliang_remote/datasets/toniot/test/abnormal/test_00021423_orig81013_81014_81015.png,1,0.4800066349364821
/root/New_CheckLiuliang_remote/datasets/toniot/test/abnormal/test_00021427_orig81025_81026_81027.png,1,0.4800066349364821
/root/New_CheckLiuliang_remote/datasets/toniot/test/abnormal/test_00021430_orig81034_81035_81036.png,1,0.4800066349364821
/root/New_CheckLiuliang_remote/datasets/toniot/test/abnormal/test_00021434_orig81046_81047_81048.png,1,0.43559464420365357
/root/New_CheckLiuliang_remote/datasets/toniot/test/abnormal/test_00021438_orig81058_81059_81060.png,1,0.4193986374423906
/root/New_CheckLiuliang_remote/datasets/toniot/test/abnormal/test_00021442_orig81070_81071_81072.png,1,0.46933636455347605
/root/New_CheckLiuliang_remote/datasets/toniot/test/abnormal/test_00021445_orig81079_81080_81081.png,1,0.4597730181203096
/root/New_CheckLiuliang_remote/datasets/toniot/test/abnormal/test_00021449_orig81091_81092_81093.png,1,0.7933748230200767
/root/New_CheckLiuliang_remote/datasets/toniot/test/abnormal/test_00021453_orig81103_81104_81105.png,1,0.4615105855320239
/root/New_CheckLiuliang_remote/datasets/toniot/test/abnormal/test_00021457_orig81115_81116_81117.png,1,0.4811599349999991
/root/New_CheckLiuliang_remote/datasets/toniot/test/abnormal/test_00021460_orig81124_81125_81126.png,1,0.4731612277140531
/root/New_CheckLiuliang_remote/datasets/toniot/test/abnormal/test_00021464_orig81136_81137_81138.png,1,0.4059528194676686
/root/New_CheckLiuliang_remote/datasets/toniot/test/abnormal/test_00021468_orig81148_81149_81150.png,1,0.4254058061860655
/root/New_CheckLiuliang_remote/datasets/toniot/test/abnormal/test_00021472_orig81160_81161_81162.png,1,0.46003772472020615
/root/New_CheckLiuliang_remote/datasets/toniot/test/abnormal/test_00021475_orig81169_81170_81171.png,1,0.4731612277140531
/root/New_CheckLiuliang_remote/datasets/toniot/test/abnormal/test_00021479_orig81181_81182_81183.png,1,0.47716295406663506
/root/New_CheckLiuliang_remote/datasets/toniot/test/abnormal/test_00021483_orig81193_81194_81195.png,1,0.46488986351852796
/root/New_CheckLiuliang_remote/datasets/toniot/test/abnormal/test_00021487_orig81205_81206_81207.png,1,0.47792849888980393
/root/New_CheckLiuliang_remote/datasets/toniot/test/abnormal/test_00021490_orig81214_81215_81216.png,1,0.48324180713210085
/root/New_CheckLiuliang_remote/datasets/toniot/test/abnormal/test_00021494_orig81226_81227_81228.png,1,0.4631865463135516
/root/New_CheckLiuliang_remote/datasets/toniot/test/abnormal/test_00021498_orig81238_81239_81240.png,1,0.46314404065371567
/root/New_CheckLiuliang_remote/datasets/toniot/test/abnormal/test_00021502_orig81250_81251_81252.png,1,0.46314404065371567
/root/New_CheckLiuliang_remote/datasets/toniot/test/abnormal/test_00021505_orig81259_81260_81261.png,1,0.4731612277140531
/root/New_CheckLiuliang_remote/datasets/toniot/test/abnormal/test_00021509_orig81271_81272_81273.png,1,0.4811599349999991
/root/New_CheckLiuliang_remote/datasets/toniot/test/abnormal/test_00021513_orig81283_81284_81285.png,1,0.4731612277140531
/root/New_CheckLiuliang_remote/datasets/toniot/test/abnormal/test_00021517_orig81295_81296_81297.png,1,0.47109099697336626
/root/New_CheckLiuliang_remote/datasets/toniot/test/abnormal/test_00021520_orig81304_81305_81306.png,1,0.46108537809682143
/root/New_CheckLiuliang_remote/datasets/toniot/test/abnormal/test_00021524_orig81316_81317_81318.png,1,0.47109099697336626
/root/New_CheckLiuliang_remote/datasets/toniot/test/abnormal/test_00021528_orig81328_81329_81330.png,1,0.47109099697336626
/root/New_CheckLiuliang_remote/datasets/toniot/test/abnormal/test_00021532_orig81340_81341_81342.png,1,0.48324180713210085
/root/New_CheckLiuliang_remote/datasets/toniot/test/abnormal/test_00021535_orig81349_81350_81351.png,1,0.4731612277140531
/root/New_CheckLiuliang_remote/datasets/toniot/test/abnormal/test_00021539_orig81361_81362_81363.png,1,0.4800066349364821
/root/New_CheckLiuliang_remote/datasets/toniot/test/abnormal/test_00021543_orig81373_81374_81375.png,1,0.4699457789129842
/root/New_CheckLiuliang_remote/datasets/toniot/test/abnormal/test_00021547_orig81385_81386_81387.png,1,0.47109099697336626
/root/New_CheckLiuliang_remote/datasets/toniot/test/abnormal/test_00021550_orig81394_81395_81396.png,1,0.46314404065371567
/root/New_CheckLiuliang_remote/datasets/toniot/test/abnormal/test_00021554_orig81406_81407_81408.png,1,0.4731612277140531
/root/New_CheckLiuliang_remote/datasets/toniot/test/abnormal/test_00021558_orig81418_81419_81420.png,1,0.4811599349999991
/root/New_CheckLiuliang_remote/datasets/toniot/test/abnormal/test_00021562_orig81430_81431_81432.png,1,0.4731612277140531
/root/New_CheckLiuliang_remote/datasets/toniot/test/abnormal/test_00021565_orig81439_81440_81441.png,1,0.4811599349999991
/root/New_CheckLiuliang_remote/datasets/toniot/test/abnormal/test_00021569_orig81451_81452_81453.png,1,0.47109099697336626
/root/New_CheckLiuliang_remote/datasets/toniot/test/abnormal/test_00021573_orig81463_81464_81465.png,1,0.47109099697336626
/root/New_CheckLiuliang_remote/datasets/toniot/test/abnormal/test_00021577_orig81475_81476_81477.png,1,0.4678792614804827
/root/New_CheckLiuliang_remote/datasets/toniot/test/abnormal/test_00021580_orig81484_81485_81486.png,1,0.47109099697336626
/root/New_CheckLiuliang_remote/datasets/toniot/test/abnormal/test_00021584_orig81496_81497_81498.png,1,0.4284752781808723
/root/New_CheckLiuliang_remote/datasets/toniot/test/abnormal/test_00021588_orig81508_81509_81510.png,1,0.4067573351606644
/root/New_CheckLiuliang_remote/datasets/toniot/test/abnormal/test_00021592_orig81520_81521_81522.png,1,0.4130928012267479
/root/New_CheckLiuliang_remote/datasets/toniot/test/abnormal/test_00021595_orig81529_81530_81531.png,1,0.43067060577001026
/root/New_CheckLiuliang_remote/datasets/toniot/test/abnormal/test_00021599_orig81541_81542_81543.png,1,0.42088399346106986
/root/New_CheckLiuliang_remote/datasets/toniot/test/abnormal/test_00021603_orig81553_81554_81555.png,1,0.42429096270648675
/root/New_CheckLiuliang_remote/datasets/toniot/test/abnormal/test_00021607_orig81565_81566_81567.png,1,0.4188741342249153
/root/New_CheckLiuliang_remote/datasets/toniot/test/abnormal/test_00021610_orig81574_81575_81576.png,1,0.43067060577001026
/root/New_CheckLiuliang_remote/datasets/toniot/test/abnormal/test_00021614_orig81586_81587_81588.png,1,0.9469252749065804
/root/New_CheckLiuliang_remote/datasets/toniot/test/abnormal/test_00021618_orig81598_81599_81600.png,1,0.44014501770461806
/root/New_CheckLiuliang_remote/datasets/toniot/test/abnormal/test_00021622_orig81610_81611_81612.png,1,0.4571329571669977
/root/New_CheckLiuliang_remote/datasets/toniot/test/abnormal/test_00021625_orig81619_81620_81621.png,1,0.3882783804975057
/root/New_CheckLiuliang_remote/datasets/toniot/test/abnormal/test_00021629_orig81631_81632_81633.png,1,0.4631865463135516
/root/New_CheckLiuliang_remote/datasets/toniot/test/abnormal/test_00021633_orig81643_81644_81645.png,1,0.6945993529163621
/root/New_CheckLiuliang_remote/datasets/toniot/test/abnormal/test_00021637_orig81655_81656_81657.png,1,0.45034911041885745
/root/New_CheckLiuliang_remote/datasets/toniot/test/abnormal/test_00021640_orig81664_81665_81666.png,1,0.5084227427281066
/root/New_CheckLiuliang_remote/datasets/toniot/test/abnormal/test_00021644_orig81676_81677_81678.png,1,0.5097124535020645
/root/New_CheckLiuliang_remote/datasets/toniot/test/abnormal/test_00021648_orig81688_81689_81690.png,1,0.4401984144921452
/root/New_CheckLiuliang_remote/datasets/toniot/test/abnormal/test_00021652_orig81700_81701_81702.png,1,0.4731612277140531
/root/New_CheckLiuliang_remote/datasets/toniot/test/abnormal/test_00021655_orig81709_81710_81711.png,1,0.4843086674222591
/root/New_CheckLiuliang_remote/datasets/toniot/test/abnormal/test_00021659_orig81721_81722_81723.png,1,0.4403542229689084
/root/New_CheckLiuliang_remote/datasets/toniot/test/abnormal/test_00021663_orig81733_81734_81735.png,1,0.4251702131237727
/root/New_CheckLiuliang_remote/datasets/toniot/test/abnormal/test_00021667_orig81745_81746_81747.png,1,0.45635514088325874
/root/New_CheckLiuliang_remote/datasets/toniot/test/abnormal/test_00021670_orig81754_81755_81756.png,1,0.46104592597765404
/root/New_CheckLiuliang_remote/datasets/toniot/test/abnormal/test_00021674_orig81766_81767_81768.png,1,0.4800066349364821
/root/New_CheckLiuliang_remote/datasets/toniot/test/abnormal/test_00021678_orig81778_81779_81780.png,1,0.48250660394590433
/root/New_CheckLiuliang_remote/datasets/toniot/test/abnormal/test_00021682_orig81790_81791_81792.png,1,0.4147846227385506
/root/New_CheckLiuliang_remote/datasets/toniot/test/abnormal/test_00021685_orig81799_81800_81801.png,1,0.45974023034774364
/root/New_CheckLiuliang_remote/datasets/toniot/test/abnormal/test_00021689_orig81811_81812_81813.png,1,0.9530330874013863
/root/New_CheckLiuliang_remote/datasets/toniot/test/abnormal/test_00021693_orig81823_81824_81825.png,1,0.9530330874013863
/root/New_CheckLiuliang_remote/datasets/toniot/test/abnormal/test_00021697_orig81835_81836_81837.png,1,0.44452597245954684
/root/New_CheckLiuliang_remote/datasets/toniot/test/abnormal/test_00021700_orig81844_81845_81846.png,1,0.4384764023976225
/root/New_CheckLiuliang_remote/datasets/toniot/test/abnormal/test_00021704_orig81856_81857_81858.png,1,0.8579399853385552
/root/New_CheckLiuliang_remote/datasets/toniot/test/abnormal/test_00021708_orig81868_81869_81870.png,1,0.47792849888980393
/root/New_CheckLiuliang_remote/datasets/toniot/test/abnormal/test_00021712_orig81880_81881_81882.png,1,0.4800066349364821
/root/New_CheckLiuliang_remote/datasets/toniot/test/abnormal/test_00021715_orig81889_81890_81891.png,1,0.44585327211798403
/root/New_CheckLiuliang_remote/datasets/toniot/test/abnormal/test_00021719_orig81901_81902_81903.png,1,0.45955206111892627
/root/New_CheckLiuliang_remote/datasets/toniot/test/abnormal/test_00021723_orig81913_81914_81915.png,1,0.44836739756541577
/root/New_CheckLiuliang_remote/datasets/toniot/test/abnormal/test_00021727_orig81925_81926_81927.png,1,0.46523786084874746
/root/New_CheckLiuliang_remote/datasets/toniot/test/abnormal/test_00021730_orig81934_81935_81936.png,1,0.4468585854989294
/root/New_CheckLiuliang_remote/datasets/toniot/test/abnormal/test_00021734_orig81946_81947_81948.png,1,0.43559464420365357
/root/New_CheckLiuliang_remote/datasets/toniot/test/abnormal/test_00021738_orig81958_81959_81960.png,1,0.4164645099675783
/root/New_CheckLiuliang_remote/datasets/toniot/test/abnormal/test_00021742_orig81970_81971_81972.png,1,0.43559464420365357
/root/New_CheckLiuliang_remote/datasets/toniot/test/abnormal/test_00021745_orig81979_81980_81981.png,1,0.46344894301146705
/root/New_CheckLiuliang_remote/datasets/toniot/test/abnormal/test_00021749_orig81991_81992_81993.png,1,0.7693688248822265
/root/New_CheckLiuliang_remote/datasets/toniot/test/abnormal/test_00021753_orig82003_82004_82005.png,1,0.4800066349364821
/root/New_CheckLiuliang_remote/datasets/toniot/test/abnormal/test_00021757_orig82015_82016_82017.png,1,0.4365350937976906
/root/New_CheckLiuliang_remote/datasets/toniot/test/abnormal/test_00021760_orig82024_82025_82026.png,1,0.5079527662704814
/root/New_CheckLiuliang_remote/datasets/toniot/test/abnormal/test_00021764_orig82036_82037_82038.png,1,0.46620420260524004
/root/New_CheckLiuliang_remote/datasets/toniot/test/abnormal/test_00021768_orig82048_82049_82050.png,1,0.4581969034133832
/root/New_CheckLiuliang_remote/datasets/toniot/test/abnormal/test_00021772_orig82060_82061_82062.png,1,0.43880730819810626
/root/New_CheckLiuliang_remote/datasets/toniot/test/abnormal/test_00021775_orig82069_82070_82071.png,1,0.4250534627137793
/root/New_CheckLiuliang_remote/datasets/toniot/test/abnormal/test_00021779_orig82081_82082_82083.png,1,0.4802111397070187
/root/New_CheckLiuliang_remote/datasets/toniot/test/abnormal/test_00021783_orig82093_82094_82095.png,1,0.470603257342332
/root/New_CheckLiuliang_remote/datasets/toniot/test/abnormal/test_00021787_orig82105_82106_82107.png,1,0.4290795802374972
/root/New_CheckLiuliang_remote/datasets/toniot/test/abnormal/test_00021790_orig82114_82115_82116.png,1,0.397844207179444
/root/New_CheckLiuliang_remote/datasets/toniot/test/abnormal/test_00021794_orig82126_82127_82128.png,1,0.43559464420365357
/root/New_CheckLiuliang_remote/datasets/toniot/test/abnormal/test_00021798_orig82138_82139_82140.png,1,0.4481035120302537
/root/New_CheckLiuliang_remote/datasets/toniot/test/abnormal/test_00021802_orig82150_82151_82152.png,1,0.4588807277712181
/root/New_CheckLiuliang_remote/datasets/toniot/test/abnormal/test_00021805_orig82159_82160_82161.png,1,0.44067326599610374
/root/New_CheckLiuliang_remote/datasets/toniot/test/abnormal/test_00021809_orig82171_82172_82173.png,1,0.6511255382962367
/root/New_CheckLiuliang_remote/datasets/toniot/test/abnormal/test_00021813_orig82183_82184_82185.png,1,0.4056044040667529
/root/New_CheckLiuliang_remote/datasets/toniot/test/abnormal/test_00021817_orig82195_82196_82197.png,1,0.41309080870264353
/root/New_CheckLiuliang_remote/datasets/toniot/test/abnormal/test_00021820_orig82204_82205_82206.png,1,0.39140028101340557
/root/New_CheckLiuliang_remote/datasets/toniot/test/abnormal/test_00021824_orig82216_82217_82218.png,1,0.47813276749136807
/root/New_CheckLiuliang_remote/datasets/toniot/test/abnormal/test_00021828_orig82228_82229_82230.png,1,0.4237649838230958
/root/New_CheckLiuliang_remote/datasets/toniot/test/abnormal/test_00021832_orig82240_82241_82242.png,1,0.43067060577001026
/root/New_CheckLiuliang_remote/datasets/toniot/test/abnormal/test_00021835_orig82249_82250_82251.png,1,0.42578049770667953
/root/New_CheckLiuliang_remote/datasets/toniot/test/abnormal/test_00021839_orig82261_82262_82263.png,1,0.42578049770667953
/root/New_CheckLiuliang_remote/datasets/toniot/test/abnormal/test_00021843_orig82273_82274_82275.png,1,0.42578049770667953
/root/New_CheckLiuliang_remote/datasets/toniot/test/abnormal/test_00021847_orig82285_82286_82287.png,1,0.43559464420365357
/root/New_CheckLiuliang_remote/datasets/toniot/test/abnormal/test_00021850_orig82294_82295_82296.png,1,0.43559464420365357
/root/New_CheckLiuliang_remote/datasets/toniot/test/abnormal/test_00021854_orig82306_82307_82308.png,1,0.4484514109175896
/root/New_CheckLiuliang_remote/datasets/toniot/test/abnormal/test_00021858_orig82318_82319_82320.png,1,0.48574462319021167
/root/New_CheckLiuliang_remote/datasets/toniot/test/abnormal/test_00021862_orig82330_82331_82332.png,1,0.4399781948903476
/root/New_CheckLiuliang_remote/datasets/toniot/test/abnormal/test_00021865_orig82339_82340_82341.png,1,0.4802111397070187
/root/New_CheckLiuliang_remote/datasets/toniot/test/abnormal/test_00021869_orig82351_82352_82353.png,1,0.44200428794506014
/root/New_CheckLiuliang_remote/datasets/toniot/test/abnormal/test_00021873_orig82363_82364_82365.png,1,0.44765363942791997
/root/New_CheckLiuliang_remote/datasets/toniot/test/abnormal/test_00021877_orig82375_82376_82377.png,1,0.45459421227374314
/root/New_CheckLiuliang_remote/datasets/toniot/test/abnormal/test_00021880_orig82384_82385_82386.png,1,0.7609292179064497
/root/New_CheckLiuliang_remote/datasets/toniot/test/abnormal/test_00021884_orig82396_82397_82398.png,1,0.4611224847897816
/root/New_CheckLiuliang_remote/datasets/toniot/test/abnormal/test_00021888_orig82408_82409_82410.png,1,0.44168013629067837
/root/New_CheckLiuliang_remote/datasets/toniot/test/abnormal/test_00021892_orig82420_82421_82422.png,1,0.45560904573328537
/root/New_CheckLiuliang_remote/datasets/toniot/test/abnormal/test_00021895_orig82429_82430_82431.png,1,0.4564666401971604
/root/New_CheckLiuliang_remote/datasets/toniot/test/abnormal/test_00021899_orig82441_82442_82443.png,1,0.47509337897868037
/root/New_CheckLiuliang_remote/datasets/toniot/test/abnormal/test_00021903_orig82453_82454_82455.png,1,0.45560904573328537
/root/New_CheckLiuliang_remote/datasets/toniot/test/abnormal/test_00021907_orig82465_82466_82467.png,1,0.44168013629067837
/root/New_CheckLiuliang_remote/datasets/toniot/test/abnormal/test_00021910_orig82474_82475_82476.png,1,0.4322807421933384
/root/New_CheckLiuliang_remote/datasets/toniot/test/abnormal/test_00021914_orig82486_82487_82488.png,1,0.4516825540911969
/root/New_CheckLiuliang_remote/datasets/toniot/test/abnormal/test_00021918_orig82498_82499_82500.png,1,0.4456899380141185
/root/New_CheckLiuliang_remote/datasets/toniot/test/abnormal/test_00021922_orig82510_82511_82512.png,1,0.7779743595388182
/root/New_CheckLiuliang_remote/datasets/toniot/test/abnormal/test_00021925_orig82519_82520_82521.png,1,0.44869123672617545
/root/New_CheckLiuliang_remote/datasets/toniot/test/abnormal/test_00021929_orig82531_82532_82533.png,1,0.4491981779650561
/root/New_CheckLiuliang_remote/datasets/toniot/test/abnormal/test_00021933_orig82543_82544_82545.png,1,0.45560904573328537
/root/New_CheckLiuliang_remote/datasets/toniot/test/abnormal/test_00021937_orig82555_82556_82557.png,1,0.42204367287642897
/root/New_CheckLiuliang_remote/datasets/toniot/test/abnormal/test_00021940_orig82564_82565_82566.png,1,0.4655909251288638
/root/New_CheckLiuliang_remote/datasets/toniot/test/abnormal/test_00021944_orig82576_82577_82578.png,1,0.4456899380141185
/root/New_CheckLiuliang_remote/datasets/toniot/test/abnormal/test_00021948_orig82588_82589_82590.png,1,0.4494585156963771
/root/New_CheckLiuliang_remote/datasets/toniot/test/abnormal/test_00021952_orig82600_82601_82602.png,1,0.4590945903326003
/root/New_CheckLiuliang_remote/datasets/toniot/test/abnormal/test_00021955_orig82609_82610_82611.png,1,0.72563914747685
/root/New_CheckLiuliang_remote/datasets/toniot/test/abnormal/test_00021959_orig82621_82622_82623.png,1,0.45155856570312564
/root/New_CheckLiuliang_remote/datasets/toniot/test/abnormal/test_00021963_orig82633_82634_82635.png,1,0.4443610059009628
/root/New_CheckLiuliang_remote/datasets/toniot/test/abnormal/test_00021967_orig82645_82646_82647.png,1,0.4560528088584749
/root/New_CheckLiuliang_remote/datasets/toniot/test/abnormal/test_00021970_orig82654_82655_82656.png,1,0.4456899380141185
/root/New_CheckLiuliang_remote/datasets/toniot/test/abnormal/test_00021974_orig82666_82667_82668.png,1,0.43505981989654496
/root/New_CheckLiuliang_remote/datasets/toniot/test/abnormal/test_00021978_orig82678_82679_82680.png,1,0.45484128237807175
/root/New_CheckLiuliang_remote/datasets/toniot/test/abnormal/test_00021982_orig82690_82691_82692.png,1,0.45484128237807175
/root/New_CheckLiuliang_remote/datasets/toniot/test/abnormal/test_00021985_orig82699_82700_82701.png,1,0.4498623884637808
/root/New_CheckLiuliang_remote/datasets/toniot/test/abnormal/test_00021989_orig82711_82712_82713.png,1,0.4498623884637808
/root/New_CheckLiuliang_remote/datasets/toniot/test/abnormal/test_00021993_orig82723_82724_82725.png,1,0.4543533250448287
/root/New_CheckLiuliang_remote/datasets/toniot/test/abnormal/test_00021997_orig82735_82736_82737.png,1,0.4323456562691345
/root/New_CheckLiuliang_remote/datasets/toniot/test/abnormal/test_00022000_orig82744_82745_82746.png,1,0.4502029674434529
/root/New_CheckLiuliang_remote/datasets/toniot/test/abnormal/test_00022004_orig82756_82757_82758.png,1,0.44585327211798403
/root/New_CheckLiuliang_remote/datasets/toniot/test/abnormal/test_00022008_orig82768_82769_82770.png,1,0.4534831714780137
/root/New_CheckLiuliang_remote/datasets/toniot/test/abnormal/test_00022012_orig82780_82781_82782.png,1,0.45857887526478225
/root/New_CheckLiuliang_remote/datasets/toniot/test/abnormal/test_00022015_orig82789_82790_82791.png,1,0.45560904573328537
/root/New_CheckLiuliang_remote/datasets/toniot/test/abnormal/test_00022019_orig82801_82802_82803.png,1,0.4688282602161132
/root/New_CheckLiuliang_remote/datasets/toniot/test/abnormal/test_00022023_orig82813_82814_82815.png,1,0.4456899380141185
/root/New_CheckLiuliang_remote/datasets/toniot/test/abnormal/test_00022027_orig82825_82826_82827.png,1,0.4340828214050183
/root/New_CheckLiuliang_remote/datasets/toniot/test/abnormal/test_00022030_orig82834_82835_82836.png,1,0.45484128237807175
/root/New_CheckLiuliang_remote/datasets/toniot/test/abnormal/test_00022034_orig82846_82847_82848.png,1,0.4456645473082707
/root/New_CheckLiuliang_remote/datasets/toniot/test/abnormal/test_00022038_orig82858_82859_82860.png,1,0.48385193320492403
/root/New_CheckLiuliang_remote/datasets/toniot/test/abnormal/test_00022042_orig82870_82871_82872.png,1,0.8542414577699754
/root/New_CheckLiuliang_remote/datasets/toniot/test/abnormal/test_00022045_orig82879_82880_82881.png,1,0.4456899380141185
/root/New_CheckLiuliang_remote/datasets/toniot/test/abnormal/test_00022049_orig82891_82892_82893.png,1,0.4340828214050183
/root/New_CheckLiuliang_remote/datasets/toniot/test/abnormal/test_00022053_orig82903_82904_82905.png,1,0.4491981779650561
/root/New_CheckLiuliang_remote/datasets/toniot/test/abnormal/test_00022057_orig82915_82916_82917.png,1,0.6791718080592255
/root/New_CheckLiuliang_remote/datasets/toniot/test/abnormal/test_00022060_orig82924_82925_82926.png,1,0.7036425166947394
/root/New_CheckLiuliang_remote/datasets/toniot/test/abnormal/test_00022064_orig82936_82937_82938.png,1,0.7284284619644591
/root/New_CheckLiuliang_remote/datasets/toniot/test/abnormal/test_00022068_orig82948_82949_82950.png,1,0.6210240147851837
/root/New_CheckLiuliang_remote/datasets/toniot/test/abnormal/test_00022072_orig82960_82961_82962.png,1,0.7575802442441595
/root/New_CheckLiuliang_remote/datasets/toniot/test/abnormal/test_00022075_orig82969_82970_82971.png,1,0.4733696500898502
/root/New_CheckLiuliang_remote/datasets/toniot/test/abnormal/test_00022079_orig82981_82982_82983.png,1,0.44734630322997143
/root/New_CheckLiuliang_remote/datasets/toniot/test/abnormal/test_00022083_orig82993_82994_82995.png,1,0.6045767694705675
/root/New_CheckLiuliang_remote/datasets/toniot/test/abnormal/test_00022087_orig83005_83006_83007.png,1,0.4456899380141185
/root/New_CheckLiuliang_remote/datasets/toniot/test/abnormal/test_00022090_orig83014_83015_83016.png,1,0.45560904573328537
/root/New_CheckLiuliang_remote/datasets/toniot/test/abnormal/test_00022094_orig83026_83027_83028.png,1,0.4699457789129842
/root/New_CheckLiuliang_remote/datasets/toniot/test/abnormal/test_00022098_orig83038_83039_83040.png,1,0.44089005215975663
/root/New_CheckLiuliang_remote/datasets/toniot/test/abnormal/test_00022102_orig83050_83051_83052.png,1,0.44387593071578846
/root/New_CheckLiuliang_remote/datasets/toniot/test/abnormal/test_00022105_orig83059_83060_83061.png,1,0.42711835387594216
/root/New_CheckLiuliang_remote/datasets/toniot/test/abnormal/test_00022109_orig83071_83072_83073.png,1,0.4456899380141185
/root/New_CheckLiuliang_remote/datasets/toniot/test/abnormal/test_00022113_orig83083_83084_83085.png,1,0.4456899380141185
/root/New_CheckLiuliang_remote/datasets/toniot/test/abnormal/test_00022117_orig83095_83096_83097.png,1,0.44415925131602824
/root/New_CheckLiuliang_remote/datasets/toniot/test/abnormal/test_00022120_orig83104_83105_83106.png,1,0.44234681703227097
/root/New_CheckLiuliang_remote/datasets/toniot/test/abnormal/test_00022124_orig83116_83117_83118.png,1,0.44168013629067837
/root/New_CheckLiuliang_remote/datasets/toniot/test/abnormal/test_00022128_orig83128_83129_83130.png,1,0.42447290557140466
/root/New_CheckLiuliang_remote/datasets/toniot/test/abnormal/test_00022132_orig83140_83141_83142.png,1,0.46238742884741196
/root/New_CheckLiuliang_remote/datasets/toniot/test/abnormal/test_00022135_orig83149_83150_83151.png,1,0.4406980244867864
/root/New_CheckLiuliang_remote/datasets/toniot/test/abnormal/test_00022139_orig83161_83162_83163.png,1,0.4456899380141185
/root/New_CheckLiuliang_remote/datasets/toniot/test/abnormal/test_00022143_orig83173_83174_83175.png,1,0.4443610059009628
/root/New_CheckLiuliang_remote/datasets/toniot/test/abnormal/test_00022147_orig83185_83186_83187.png,1,0.43350447670956765
/root/New_CheckLiuliang_remote/datasets/toniot/test/abnormal/test_00022150_orig83194_83195_83196.png,1,0.4780929674091046
/root/New_CheckLiuliang_remote/datasets/toniot/test/abnormal/test_00022154_orig83206_83207_83208.png,1,0.9603220315468672
/root/New_CheckLiuliang_remote/datasets/toniot/test/abnormal/test_00022158_orig83218_83219_83220.png,1,0.702956938109693
/root/New_CheckLiuliang_remote/datasets/toniot/test/abnormal/test_00022162_orig83230_83231_83232.png,1,0.5876468710419411
/root/New_CheckLiuliang_remote/datasets/toniot/test/abnormal/test_00022165_orig83239_83240_83241.png,1,0.45560904573328537
/root/New_CheckLiuliang_remote/datasets/toniot/test/abnormal/test_00022169_orig83251_83252_83253.png,1,0.45401471768323953
/root/New_CheckLiuliang_remote/datasets/toniot/test/abnormal/test_00022173_orig83263_83264_83265.png,1,0.4618077695451368
/root/New_CheckLiuliang_remote/datasets/toniot/test/abnormal/test_00022177_orig83275_83276_83277.png,1,0.4552045298271214
/root/New_CheckLiuliang_remote/datasets/toniot/test/abnormal/test_00022180_orig83284_83285_83286.png,1,0.663503950854314
/root/New_CheckLiuliang_remote/datasets/toniot/test/abnormal/test_00022184_orig83296_83297_83298.png,1,0.4456899380141185
/root/New_CheckLiuliang_remote/datasets/toniot/test/abnormal/test_00022188_orig83308_83309_83310.png,1,0.4443610059009628
/root/New_CheckLiuliang_remote/datasets/toniot/test/abnormal/test_00022192_orig83320_83321_83322.png,1,0.45034911041885745
/root/New_CheckLiuliang_remote/datasets/toniot/test/abnormal/test_00022195_orig83329_83330_83331.png,1,0.4467461564166377
/root/New_CheckLiuliang_remote/datasets/toniot/test/abnormal/test_00022199_orig83341_83342_83343.png,1,0.4611135619555155
/root/New_CheckLiuliang_remote/datasets/toniot/test/abnormal/test_00022203_orig83353_83354_83355.png,1,0.4340828214050183
/root/New_CheckLiuliang_remote/datasets/toniot/test/abnormal/test_00022207_orig83365_83366_83367.png,1,0.46108537809682143
/root/New_CheckLiuliang_remote/datasets/toniot/test/abnormal/test_00022210_orig83374_83375_83376.png,1,0.4811599349999991
/root/New_CheckLiuliang_remote/datasets/toniot/test/abnormal/test_00022214_orig83386_83387_83388.png,1,0.48574462319021167
/root/New_CheckLiuliang_remote/datasets/toniot/test/abnormal/test_00022218_orig83398_83399_83400.png,1,0.44335080428297124
/root/New_CheckLiuliang_remote/datasets/toniot/test/abnormal/test_00022222_orig83410_83411_83412.png,1,0.4580526023344562
/root/New_CheckLiuliang_remote/datasets/toniot/test/abnormal/test_00022225_orig83419_83420_83421.png,1,0.44168013629067837
/root/New_CheckLiuliang_remote/datasets/toniot/test/abnormal/test_00022229_orig83431_83432_83433.png,1,0.45100147774012
/root/New_CheckLiuliang_remote/datasets/toniot/test/abnormal/test_00022233_orig83443_83444_83445.png,1,0.45004540650774993
/root/New_CheckLiuliang_remote/datasets/toniot/test/abnormal/test_00022237_orig83455_83456_83457.png,1,0.4550492359159614
/root/New_CheckLiuliang_remote/datasets/toniot/test/abnormal/test_00022240_orig83464_83465_83466.png,1,0.8113580096415981
/root/New_CheckLiuliang_remote/datasets/toniot/test/abnormal/test_00022244_orig83476_83477_83478.png,1,0.45560904573328537
/root/New_CheckLiuliang_remote/datasets/toniot/test/abnormal/test_00022248_orig83488_83489_83490.png,1,0.45994655936804285
/root/New_CheckLiuliang_remote/datasets/toniot/test/abnormal/test_00022252_orig83500_83501_83502.png,1,0.45560904573328537
/root/New_CheckLiuliang_remote/datasets/toniot/test/abnormal/test_00022255_orig83509_83510_83511.png,1,0.4631865463135516
/root/New_CheckLiuliang_remote/datasets/toniot/test/abnormal/test_00022259_orig83521_83522_83523.png,1,0.4843086674222591
/root/New_CheckLiuliang_remote/datasets/toniot/test/abnormal/test_00022263_orig83533_83534_83535.png,1,0.4456899380141185
/root/New_CheckLiuliang_remote/datasets/toniot/test/abnormal/test_00022267_orig83545_83546_83547.png,1,0.46108537809682143
/root/New_CheckLiuliang_remote/datasets/toniot/test/abnormal/test_00022270_orig83554_83555_83556.png,1,0.4631865463135516
/root/New_CheckLiuliang_remote/datasets/toniot/test/abnormal/test_00022274_orig83566_83567_83568.png,1,0.4332977677274161
/root/New_CheckLiuliang_remote/datasets/toniot/test/abnormal/test_00022278_orig83578_83579_83580.png,1,0.45560904573328537
/root/New_CheckLiuliang_remote/datasets/toniot/test/abnormal/test_00022282_orig83590_83591_83592.png,1,0.45560904573328537
/root/New_CheckLiuliang_remote/datasets/toniot/test/abnormal/test_00022285_orig83599_83600_83601.png,1,0.44737653764419055
/root/New_CheckLiuliang_remote/datasets/toniot/test/abnormal/test_00022289_orig83611_83612_83613.png,1,0.44168013629067837
/root/New_CheckLiuliang_remote/datasets/toniot/test/abnormal/test_00022293_orig83623_83624_83625.png,1,0.44168013629067837
/root/New_CheckLiuliang_remote/datasets/toniot/test/abnormal/test_00022297_orig83635_83636_83637.png,1,0.8511087415897243
/root/New_CheckLiuliang_remote/datasets/toniot/test/abnormal/test_00022300_orig83644_83645_83646.png,1,0.7232897715960459
/root/New_CheckLiuliang_remote/datasets/toniot/test/abnormal/test_00022304_orig83656_83657_83658.png,1,0.8393618312876471
/root/New_CheckLiuliang_remote/datasets/toniot/test/abnormal/test_00022308_orig83668_83669_83670.png,1,0.4534831714780137
/root/New_CheckLiuliang_remote/datasets/toniot/test/abnormal/test_00022312_orig83680_83681_83682.png,1,0.9156891915186327
/root/New_CheckLiuliang_remote/datasets/toniot/test/abnormal/test_00022315_orig83689_83690_83691.png,1,0.47321103576629275
/root/New_CheckLiuliang_remote/datasets/toniot/test/abnormal/test_00022319_orig83701_83702_83703.png,1,0.46488986351852796
/root/New_CheckLiuliang_remote/datasets/toniot/test/abnormal/test_00022323_orig83713_83714_83715.png,1,0.4618077695451368
/root/New_CheckLiuliang_remote/datasets/toniot/test/abnormal/test_00022327_orig83725_83726_83727.png,1,0.4556892734735893
/root/New_CheckLiuliang_remote/datasets/toniot/test/abnormal/test_00022330_orig83734_83735_83736.png,1,0.8174339207502465
/root/New_CheckLiuliang_remote/datasets/toniot/test/abnormal/test_00022334_orig83746_83747_83748.png,1,0.46314404065371567
/root/New_CheckLiuliang_remote/datasets/toniot/test/abnormal/test_00022338_orig83758_83759_83760.png,1,0.43559464420365357
/root/New_CheckLiuliang_remote/datasets/toniot/test/abnormal/test_00022342_orig83770_83771_83772.png,1,0.8625644830536529
/root/New_CheckLiuliang_remote/datasets/toniot/test/abnormal/test_00022345_orig83779_83780_83781.png,1,0.44602571093748417
/root/New_CheckLiuliang_remote/datasets/toniot/test/abnormal/test_00022349_orig83791_83792_83793.png,1,0.3966253741452577
/root/New_CheckLiuliang_remote/datasets/toniot/test/abnormal/test_00022353_orig83803_83804_83805.png,1,0.4449345251096591
/root/New_CheckLiuliang_remote/datasets/toniot/test/abnormal/test_00022357_orig83815_83816_83817.png,1,0.4429347637352985
/root/New_CheckLiuliang_remote/datasets/toniot/test/abnormal/test_00022360_orig83824_83825_83826.png,1,0.46014242256123356
/root/New_CheckLiuliang_remote/datasets/toniot/test/abnormal/test_00022364_orig83836_83837_83838.png,1,0.4506463906662628
/root/New_CheckLiuliang_remote/datasets/toniot/test/abnormal/test_00022368_orig83848_83849_83850.png,1,0.7249647042241342
/root/New_CheckLiuliang_remote/datasets/toniot/test/abnormal/test_00022372_orig83860_83861_83862.png,1,0.41233890132008133
/root/New_CheckLiuliang_remote/datasets/toniot/test/abnormal/test_00022375_orig83869_83870_83871.png,1,0.8438223605617629
/root/New_CheckLiuliang_remote/datasets/toniot/test/abnormal/test_00022379_orig83881_83882_83883.png,1,0.44654274035014846
/root/New_CheckLiuliang_remote/datasets/toniot/test/abnormal/test_00022383_orig83893_83894_83895.png,1,0.4489363703889789
/root/New_CheckLiuliang_remote/datasets/toniot/test/abnormal/test_00022387_orig83905_83906_83907.png,1,0.815695078963968
/root/New_CheckLiuliang_remote/datasets/toniot/test/abnormal/test_00022390_orig83914_83915_83916.png,1,0.7526362676978177
/root/New_CheckLiuliang_remote/datasets/toniot/test/abnormal/test_00022394_orig83926_83927_83928.png,1,0.8790184365317975
/root/New_CheckLiuliang_remote/datasets/toniot/test/abnormal/test_00022398_orig83938_83939_83940.png,1,0.7046913784768813
/root/New_CheckLiuliang_remote/datasets/toniot/test/abnormal/test_00022402_orig83950_83951_83952.png,1,0.6956318452331764
/root/New_CheckLiuliang_remote/datasets/toniot/test/abnormal/test_00022405_orig83959_83960_83961.png,1,0.9466263700638221
/root/New_CheckLiuliang_remote/datasets/toniot/test/abnormal/test_00022409_orig83971_83972_83973.png,1,0.7422762555628293
/root/New_CheckLiuliang_remote/datasets/toniot/test/abnormal/test_00022413_orig83983_83984_83985.png,1,0.45484128237807175
/root/New_CheckLiuliang_remote/datasets/toniot/test/abnormal/test_00022417_orig83995_83996_83997.png,1,0.6235650492248628
/root/New_CheckLiuliang_remote/datasets/toniot/test/abnormal/test_00022420_orig84004_84005_84006.png,1,0.636217996866294
/root/New_CheckLiuliang_remote/datasets/toniot/test/abnormal/test_00022424_orig84016_84017_84018.png,1,0.5891646236430432
/root/New_CheckLiuliang_remote/datasets/toniot/test/abnormal/test_00022428_orig84028_84029_84030.png,1,0.6740832503086057
/root/New_CheckLiuliang_remote/datasets/toniot/test/abnormal/test_00022432_orig84040_84041_84042.png,1,0.4597730181203096
/root/New_CheckLiuliang_remote/datasets/toniot/test/abnormal/test_00022435_orig84049_84050_84051.png,1,0.7026859626648755
/root/New_CheckLiuliang_remote/datasets/toniot/test/abnormal/test_00022439_orig84061_84062_84063.png,1,0.46183016336762
/root/New_CheckLiuliang_remote/datasets/toniot/test/abnormal/test_00022443_orig84073_84074_84075.png,1,0.7645922464775045
/root/New_CheckLiuliang_remote/datasets/toniot/test/abnormal/test_00022447_orig84085_84086_84087.png,1,0.8393618312876471
/root/New_CheckLiuliang_remote/datasets/toniot/test/abnormal/test_00022450_orig84094_84095_84096.png,1,0.46211599249916274
/root/New_CheckLiuliang_remote/datasets/toniot/test/abnormal/test_00022454_orig84106_84107_84108.png,1,0.46052724573245507
/root/New_CheckLiuliang_remote/datasets/toniot/test/abnormal/test_00022458_orig84118_84119_84120.png,1,0.4472055385056078
/root/New_CheckLiuliang_remote/datasets/toniot/test/abnormal/test_00022462_orig84130_84131_84132.png,1,0.4290795802374972
/root/New_CheckLiuliang_remote/datasets/toniot/test/abnormal/test_00022465_orig84139_84140_84141.png,1,0.45484128237807175
/root/New_CheckLiuliang_remote/datasets/toniot/test/abnormal/test_00022469_orig84151_84152_84153.png,1,0.4290795802374972
/root/New_CheckLiuliang_remote/datasets/toniot/test/abnormal/test_00022473_orig84163_84164_84165.png,1,0.7923766284566862
/root/New_CheckLiuliang_remote/datasets/toniot/test/abnormal/test_00022477_orig84175_84176_84177.png,1,0.4790585969640677
/root/New_CheckLiuliang_remote/datasets/toniot/test/abnormal/test_00022480_orig84184_84185_84186.png,1,0.45034911041885745
/root/New_CheckLiuliang_remote/datasets/toniot/test/abnormal/test_00022484_orig84196_84197_84198.png,1,0.44324642954545385
/root/New_CheckLiuliang_remote/datasets/toniot/test/abnormal/test_00022488_orig84208_84209_84210.png,1,0.4534831714780137
/root/New_CheckLiuliang_remote/datasets/toniot/test/abnormal/test_00022492_orig84220_84221_84222.png,1,0.9092201830213469
/root/New_CheckLiuliang_remote/datasets/toniot/test/abnormal/test_00022495_orig84229_84230_84231.png,1,0.7833918522374699
/root/New_CheckLiuliang_remote/datasets/toniot/test/abnormal/test_00022499_orig84241_84242_84243.png,1,0.8560816185312273
/root/New_CheckLiuliang_remote/datasets/toniot/test/abnormal/test_00022503_orig84253_84254_84255.png,1,0.47776029105230206
/root/New_CheckLiuliang_remote/datasets/toniot/test/abnormal/test_00022507_orig84265_84266_84267.png,1,0.8155394293054279
/root/New_CheckLiuliang_remote/datasets/toniot/test/abnormal/test_00022510_orig84274_84275_84276.png,1,0.4742745502950624
/root/New_CheckLiuliang_remote/datasets/toniot/test/abnormal/test_00022514_orig84286_84287_84288.png,1,0.44234681703227097
/root/New_CheckLiuliang_remote/datasets/toniot/test/abnormal/test_00022518_orig84298_84299_84300.png,1,0.8662938840116934
/root/New_CheckLiuliang_remote/datasets/toniot/test/abnormal/test_00022522_orig84310_84311_84312.png,1,0.4582440931003358
/root/New_CheckLiuliang_remote/datasets/toniot/test/abnormal/test_00022525_orig84319_84320_84321.png,1,0.47992134530852076
/root/New_CheckLiuliang_remote/datasets/toniot/test/abnormal/test_00022529_orig84331_84332_84333.png,1,0.4804214654026825
/root/New_CheckLiuliang_remote/datasets/toniot/test/abnormal/test_00022533_orig84343_84344_84345.png,1,0.8155394293054279
/root/New_CheckLiuliang_remote/datasets/toniot/test/abnormal/test_00022537_orig84355_84356_84357.png,1,0.4628748454412683
/root/New_CheckLiuliang_remote/datasets/toniot/test/abnormal/test_00022540_orig84364_84365_84366.png,1,0.4406560026723192
/root/New_CheckLiuliang_remote/datasets/toniot/test/abnormal/test_00022544_orig84376_84377_84378.png,1,0.42672256887497606
/root/New_CheckLiuliang_remote/datasets/toniot/test/abnormal/test_00022548_orig84388_84389_84390.png,1,0.44452765408683137
/root/New_CheckLiuliang_remote/datasets/toniot/test/abnormal/test_00022552_orig84400_84401_84402.png,1,0.7909579912056957
/root/New_CheckLiuliang_remote/datasets/toniot/test/abnormal/test_00022555_orig84409_84410_84411.png,1,0.4892126531865167
/root/New_CheckLiuliang_remote/datasets/toniot/test/abnormal/test_00022559_orig84421_84422_84423.png,1,0.4456645473082707
/root/New_CheckLiuliang_remote/datasets/toniot/test/abnormal/test_00022563_orig84433_84434_84435.png,1,0.8680852274754011
/root/New_CheckLiuliang_remote/datasets/toniot/test/abnormal/test_00022567_orig84445_84446_84447.png,1,0.4597730181203096
/root/New_CheckLiuliang_remote/datasets/toniot/test/abnormal/test_00022570_orig84454_84455_84456.png,1,0.45484128237807175
/root/New_CheckLiuliang_remote/datasets/toniot/test/abnormal/test_00022574_orig84466_84467_84468.png,1,0.7890022643339131
/root/New_CheckLiuliang_remote/datasets/toniot/test/abnormal/test_00022578_orig84478_84479_84480.png,1,0.5976147693886289
/root/New_CheckLiuliang_remote/datasets/toniot/test/abnormal/test_00022582_orig84490_84491_84492.png,1,0.4615105855320239
/root/New_CheckLiuliang_remote/datasets/toniot/test/abnormal/test_00022585_orig84499_84500_84501.png,1,0.9256958309790135
/root/New_CheckLiuliang_remote/datasets/toniot/test/abnormal/test_00022589_orig84511_84512_84513.png,1,0.45484128237807175
/root/New_CheckLiuliang_remote/datasets/toniot/test/abnormal/test_00022593_orig84523_84524_84525.png,1,0.43805004466070124
/root/New_CheckLiuliang_remote/datasets/toniot/test/abnormal/test_00022597_orig84535_84536_84537.png,1,0.8762045024375716
/root/New_CheckLiuliang_remote/datasets/toniot/test/abnormal/test_00022600_orig84544_84545_84546.png,1,0.45484128237807175
/root/New_CheckLiuliang_remote/datasets/toniot/test/abnormal/test_00022604_orig84556_84557_84558.png,1,0.8579399853385552
/root/New_CheckLiuliang_remote/datasets/toniot/test/abnormal/test_00022608_orig84568_84569_84570.png,1,0.46052724573245507
/root/New_CheckLiuliang_remote/datasets/toniot/test/abnormal/test_00022612_orig84580_84581_84582.png,1,0.7029762291230158
/root/New_CheckLiuliang_remote/datasets/toniot/test/abnormal/test_00022615_orig84589_84590_84591.png,1,0.45484128237807175
/root/New_CheckLiuliang_remote/datasets/toniot/test/abnormal/test_00022619_orig84601_84602_84603.png,1,0.8790184365317975
/root/New_CheckLiuliang_remote/datasets/toniot/test/abnormal/test_00022623_orig84613_84614_84615.png,1,0.8416802002682956
/root/New_CheckLiuliang_remote/datasets/toniot/test/abnormal/test_00022627_orig84625_84626_84627.png,1,0.458402331601412
/root/New_CheckLiuliang_remote/datasets/toniot/test/abnormal/test_00022630_orig84634_84635_84636.png,1,0.4534831714780137
/root/New_CheckLiuliang_remote/datasets/toniot/test/abnormal/test_00022634_orig84646_84647_84648.png,1,0.4534831714780137
/root/New_CheckLiuliang_remote/datasets/toniot/test/abnormal/test_00022638_orig84658_84659_84660.png,1,0.7814433712809733
/root/New_CheckLiuliang_remote/datasets/toniot/test/abnormal/test_00022642_orig84670_84671_84672.png,1,0.41797685582645966
/root/New_CheckLiuliang_remote/datasets/toniot/test/abnormal/test_00022645_orig84679_84680_84681.png,1,0.7716894313182364
/root/New_CheckLiuliang_remote/datasets/toniot/test/abnormal/test_00022649_orig84691_84692_84693.png,1,0.44200428794506014
/root/New_CheckLiuliang_remote/datasets/toniot/test/abnormal/test_00022653_orig84703_84704_84705.png,1,0.7927622953929608
/root/New_CheckLiuliang_remote/datasets/toniot/test/abnormal/test_00022657_orig84715_84716_84717.png,1,0.43555479862872365
/root/New_CheckLiuliang_remote/datasets/toniot/test/abnormal/test_00022660_orig84724_84725_84726.png,1,0.4654834465059339
/root/New_CheckLiuliang_remote/datasets/toniot/test/abnormal/test_00022664_orig84736_84737_84738.png,1,0.43133818487758663
/root/New_CheckLiuliang_remote/datasets/toniot/test/abnormal/test_00022668_orig84748_84749_84750.png,1,0.45484128237807175
/root/New_CheckLiuliang_remote/datasets/toniot/test/abnormal/test_00022672_orig84760_84761_84762.png,1,0.9030328027809776
/root/New_CheckLiuliang_remote/datasets/toniot/test/abnormal/test_00022675_orig84769_84770_84771.png,1,0.7490468485119807
/root/New_CheckLiuliang_remote/datasets/toniot/test/abnormal/test_00022679_orig84781_84782_84783.png,1,0.45484128237807175
/root/New_CheckLiuliang_remote/datasets/toniot/test/abnormal/test_00022683_orig84793_84794_84795.png,1,0.45484128237807175
/root/New_CheckLiuliang_remote/datasets/toniot/test/abnormal/test_00022687_orig84805_84806_84807.png,1,0.839162383938151
/root/New_CheckLiuliang_remote/datasets/toniot/test/abnormal/test_00022690_orig84814_84815_84816.png,1,0.45484128237807175
/root/New_CheckLiuliang_remote/datasets/toniot/test/abnormal/test_00022694_orig84826_84827_84828.png,1,0.45484128237807175
/root/New_CheckLiuliang_remote/datasets/toniot/test/abnormal/test_00022698_orig84838_84839_84840.png,1,0.792985712536243
/root/New_CheckLiuliang_remote/datasets/toniot/test/abnormal/test_00022702_orig84850_84851_84852.png,1,0.4242300392204506
/root/New_CheckLiuliang_remote/datasets/toniot/test/abnormal/test_00022705_orig84859_84860_84861.png,1,0.7751335341979322
/root/New_CheckLiuliang_remote/datasets/toniot/test/abnormal/test_00022709_orig84871_84872_84873.png,1,0.46811375042040915
/root/New_CheckLiuliang_remote/datasets/toniot/test/abnormal/test_00022713_orig84883_84884_84885.png,1,0.4543533250448287
/root/New_CheckLiuliang_remote/datasets/toniot/test/abnormal/test_00022717_orig84895_84896_84897.png,1,0.4494412266341673
/root/New_CheckLiuliang_remote/datasets/toniot/test/abnormal/test_00022720_orig84904_84905_84906.png,1,0.43133818487758663
/root/New_CheckLiuliang_remote/datasets/toniot/test/abnormal/test_00022724_orig84916_84917_84918.png,1,0.6511255382962367
/root/New_CheckLiuliang_remote/datasets/toniot/test/abnormal/test_00022728_orig84928_84929_84930.png,1,0.45034911041885745
/root/New_CheckLiuliang_remote/datasets/toniot/test/abnormal/test_00022732_orig84940_84941_84942.png,1,0.4628748454412683
/root/New_CheckLiuliang_remote/datasets/toniot/test/abnormal/test_00022735_orig84949_84950_84951.png,1,0.8140455809831635
/root/New_CheckLiuliang_remote/datasets/toniot/test/abnormal/test_00022739_orig84961_84962_84963.png,1,0.45484128237807175
/root/New_CheckLiuliang_remote/datasets/toniot/test/abnormal/test_00022743_orig84973_84974_84975.png,1,0.4456645473082707
/root/New_CheckLiuliang_remote/datasets/toniot/test/abnormal/test_00022747_orig84985_84986_84987.png,1,0.8662938840116934
/root/New_CheckLiuliang_remote/datasets/toniot/test/abnormal/test_00022750_orig84994_84995_84996.png,1,0.7888150894736181
/root/New_CheckLiuliang_remote/datasets/toniot/test/abnormal/test_00022754_orig85006_85007_85008.png,1,0.7108920710543448
/root/New_CheckLiuliang_remote/datasets/toniot/test/abnormal/test_00022758_orig85018_85019_85020.png,1,0.4494412266341673
/root/New_CheckLiuliang_remote/datasets/toniot/test/abnormal/test_00022762_orig85030_85031_85032.png,1,0.4190174223620048
/root/New_CheckLiuliang_remote/datasets/toniot/test/abnormal/test_00022765_orig85039_85040_85041.png,1,0.43817009363096904
/root/New_CheckLiuliang_remote/datasets/toniot/test/abnormal/test_00022769_orig85051_85052_85053.png,1,0.8579955784733627
/root/New_CheckLiuliang_remote/datasets/toniot/test/abnormal/test_00022773_orig85063_85064_85065.png,1,0.7398875026924875
/root/New_CheckLiuliang_remote/datasets/toniot/test/abnormal/test_00022777_orig85075_85076_85077.png,1,0.4443610059009628
/root/New_CheckLiuliang_remote/datasets/toniot/test/abnormal/test_00022780_orig85084_85085_85086.png,1,0.43336031199767794
/root/New_CheckLiuliang_remote/datasets/toniot/test/abnormal/test_00022784_orig85096_85097_85098.png,1,0.8430333377956767
/root/New_CheckLiuliang_remote/datasets/toniot/test/abnormal/test_00022788_orig85108_85109_85110.png,1,0.8511087415897243
/root/New_CheckLiuliang_remote/datasets/toniot/test/abnormal/test_00022792_orig85120_85121_85122.png,1,0.46213912627465287
/root/New_CheckLiuliang_remote/datasets/toniot/test/abnormal/test_00022795_orig85129_85130_85131.png,1,0.7705026956539861
/root/New_CheckLiuliang_remote/datasets/toniot/test/abnormal/test_00022799_orig85141_85142_85143.png,1,0.4748292685729461
/root/New_CheckLiuliang_remote/datasets/toniot/test/abnormal/test_00022803_orig85153_85154_85155.png,1,0.4456899380141185
/root/New_CheckLiuliang_remote/datasets/toniot/test/abnormal/test_00022807_orig85165_85166_85167.png,1,0.47905219196768584
/root/New_CheckLiuliang_remote/datasets/toniot/test/abnormal/test_00022810_orig85174_85175_85176.png,1,0.44324642954545385
/root/New_CheckLiuliang_remote/datasets/toniot/test/abnormal/test_00022814_orig85186_85187_85188.png,1,0.7046232665975262
/root/New_CheckLiuliang_remote/datasets/toniot/test/abnormal/test_00022816_orig85192_85193_85194.png,1,0.6706415147350655
/root/New_CheckLiuliang_remote/datasets/toniot/test/abnormal/test_00022823_orig85213_85214_85215.png,1,0.4109580614648318
/root/New_CheckLiuliang_remote/datasets/toniot/test/abnormal/test_00022829_orig85231_85232_85233.png,1,0.41478787883602886
/root/New_CheckLiuliang_remote/datasets/toniot/test/abnormal/test_00022836_orig85252_85253_85254.png,1,0.5570883743770959
/root/New_CheckLiuliang_remote/datasets/toniot/test/abnormal/test_00022843_orig85273_85274_85275.png,1,0.4415044819387435
/root/New_CheckLiuliang_remote/datasets/toniot/test/abnormal/test_00022849_orig85291_85292_85293.png,1,0.3861554898258253
/root/New_CheckLiuliang_remote/datasets/toniot/test/abnormal/test_00022856_orig85312_85313_85314.png,1,0.5721397203870613
/root/New_CheckLiuliang_remote/datasets/toniot/test/abnormal/test_00022862_orig85330_85331_85332.png,1,0.4770795644293768
/root/New_CheckLiuliang_remote/datasets/toniot/test/abnormal/test_00022869_orig85351_85352_85353.png,1,0.44549502076808134
/root/New_CheckLiuliang_remote/datasets/toniot/test/abnormal/test_00022876_orig85372_85373_85374.png,1,0.49470645093219645
/root/New_CheckLiuliang_remote/datasets/toniot/test/abnormal/test_00022882_orig85390_85391_85392.png,1,0.5447910072891451
/root/New_CheckLiuliang_remote/datasets/toniot/test/abnormal/test_00022889_orig85411_85412_85413.png,1,0.6588275130047266
/root/New_CheckLiuliang_remote/datasets/toniot/test/abnormal/test_00022896_orig85432_85433_85434.png,1,0.6558317677233977
/root/New_CheckLiuliang_remote/datasets/toniot/test/abnormal/test_00022902_orig85450_85451_85452.png,1,0.7064256138261173
/root/New_CheckLiuliang_remote/datasets/toniot/test/abnormal/test_00022909_orig85471_85472_85473.png,1,0.46132659846636276
/root/New_CheckLiuliang_remote/datasets/toniot/test/abnormal/test_00022915_orig85489_85490_85491.png,1,0.41713713130353564
/root/New_CheckLiuliang_remote/datasets/toniot/test/abnormal/test_00022922_orig85510_85511_85512.png,1,0.49905714922583244
/root/New_CheckLiuliang_remote/datasets/toniot/test/abnormal/test_00022929_orig85531_85532_85533.png,1,0.39903020493557456
/root/New_CheckLiuliang_remote/datasets/toniot/test/abnormal/test_00022935_orig85549_85550_85551.png,1,0.466911124658041
/root/New_CheckLiuliang_remote/datasets/toniot/test/abnormal/test_00022942_orig85570_85571_85572.png,1,0.5966890560330684
/root/New_CheckLiuliang_remote/datasets/toniot/test/abnormal/test_00022949_orig85591_85592_85593.png,1,0.44143903572156573
/root/New_CheckLiuliang_remote/datasets/toniot/test/abnormal/test_00022955_orig85609_85610_85611.png,1,0.40640076315722384
/root/New_CheckLiuliang_remote/datasets/toniot/test/abnormal/test_00022962_orig85630_85631_85632.png,1,0.4991008967185746
/root/New_CheckLiuliang_remote/datasets/toniot/test/abnormal/test_00022968_orig85648_85649_85650.png,1,0.49126285171796075
/root/New_CheckLiuliang_remote/datasets/toniot/test/abnormal/test_00022975_orig85669_85670_85671.png,1,0.5517890683653834
/root/New_CheckLiuliang_remote/datasets/toniot/test/abnormal/test_00022982_orig85690_85691_85692.png,1,0.4114976678580351
/root/New_CheckLiuliang_remote/datasets/toniot/test/abnormal/test_00022988_orig85708_85709_85710.png,1,0.4940222701978529
/root/New_CheckLiuliang_remote/datasets/toniot/test/abnormal/test_00022995_orig85729_85730_85731.png,1,0.4070438064217569
/root/New_CheckLiuliang_remote/datasets/toniot/test/abnormal/test_00023002_orig85750_85751_85752.png,1,0.6605696656793193
/root/New_CheckLiuliang_remote/datasets/toniot/test/abnormal/test_00023008_orig85768_85769_85770.png,1,0.6356078825266198
/root/New_CheckLiuliang_remote/datasets/toniot/test/abnormal/test_00023015_orig85789_85790_85791.png,1,0.5138568015398111
/root/New_CheckLiuliang_remote/datasets/toniot/test/abnormal/test_00023021_orig85807_85808_85809.png,1,0.7655138207092814
/root/New_CheckLiuliang_remote/datasets/toniot/test/abnormal/test_00023028_orig85828_85829_85830.png,1,0.7033597233231955
/root/New_CheckLiuliang_remote/datasets/toniot/test/abnormal/test_00023035_orig85849_85850_85851.png,1,0.4439063735131639
/root/New_CheckLiuliang_remote/datasets/toniot/test/abnormal/test_00023041_orig85867_85868_85869.png,1,0.3029660488379144
/root/New_CheckLiuliang_remote/datasets/toniot/test/abnormal/test_00023048_orig85888_85889_85890.png,1,0.4589156033768789
/root/New_CheckLiuliang_remote/datasets/toniot/test/abnormal/test_00023055_orig85909_85910_85911.png,1,0.3785059134444571
/root/New_CheckLiuliang_remote/datasets/toniot/test/abnormal/test_00023061_orig85927_85928_85929.png,1,0.47639863813183586
/root/New_CheckLiuliang_remote/datasets/toniot/test/abnormal/test_00023068_orig85948_85949_85950.png,1,0.4221062796810526
/root/New_CheckLiuliang_remote/datasets/toniot/test/abnormal/test_00023075_orig85969_85970_85971.png,1,0.4607058524793337
/root/New_CheckLiuliang_remote/datasets/toniot/test/abnormal/test_00023081_orig85987_85988_85989.png,1,0.41910589208096527
/root/New_CheckLiuliang_remote/datasets/toniot/test/abnormal/test_00023088_orig86008_86009_86010.png,1,0.6180534922115629
/root/New_CheckLiuliang_remote/datasets/toniot/test/abnormal/test_00023094_orig86026_86027_86028.png,1,0.44309239339747547
/root/New_CheckLiuliang_remote/datasets/toniot/test/abnormal/test_00023101_orig86047_86048_86049.png,1,0.6107892529954957
/root/New_CheckLiuliang_remote/datasets/toniot/test/abnormal/test_00023108_orig86068_86069_86070.png,1,0.46268022101250417
/root/New_CheckLiuliang_remote/datasets/toniot/test/abnormal/test_00023114_orig86086_86087_86088.png,1,0.3682489409950418
/root/New_CheckLiuliang_remote/datasets/toniot/test/abnormal/test_00023121_orig86107_86108_86109.png,1,0.5346698901500327
/root/New_CheckLiuliang_remote/datasets/toniot/test/abnormal/test_00023128_orig86128_86129_86130.png,1,0.7227147829379601
/root/New_CheckLiuliang_remote/datasets/toniot/test/abnormal/test_00023134_orig86146_86147_86148.png,1,0.5069409935638178
/root/New_CheckLiuliang_remote/datasets/toniot/test/abnormal/test_00023141_orig86167_86168_86169.png,1,0.4137160520397946
/root/New_CheckLiuliang_remote/datasets/toniot/test/abnormal/test_00023147_orig86185_86186_86187.png,1,0.426537140065562
/root/New_CheckLiuliang_remote/datasets/toniot/test/abnormal/test_00023154_orig86206_86207_86208.png,1,0.4361980262944612
/root/New_CheckLiuliang_remote/datasets/toniot/test/abnormal/test_00023161_orig86227_86228_86229.png,1,0.46802062191982885
/root/New_CheckLiuliang_remote/datasets/toniot/test/abnormal/test_00023167_orig86245_86246_86247.png,1,0.4985144509395166
/root/New_CheckLiuliang_remote/datasets/toniot/test/abnormal/test_00023174_orig86266_86267_86268.png,1,0.5738732119094303
/root/New_CheckLiuliang_remote/datasets/toniot/test/abnormal/test_00023181_orig86287_86288_86289.png,1,0.44565277308599366
/root/New_CheckLiuliang_remote/datasets/toniot/test/abnormal/test_00023187_orig86305_86306_86307.png,1,0.4498506639469457
/root/New_CheckLiuliang_remote/datasets/toniot/test/abnormal/test_00023194_orig86326_86327_86328.png,1,0.5375656309826201
/root/New_CheckLiuliang_remote/datasets/toniot/test/abnormal/test_00023200_orig86344_86345_86346.png,1,0.20954362449490188
/root/New_CheckLiuliang_remote/datasets/toniot/test/abnormal/test_00023207_orig86365_86366_86367.png,1,0.42419692964891886
/root/New_CheckLiuliang_remote/datasets/toniot/test/abnormal/test_00023214_orig86386_86387_86388.png,1,0.42733129573487866
/root/New_CheckLiuliang_remote/datasets/toniot/test/abnormal/test_00023220_orig86404_86405_86406.png,1,0.5018712248466167
/root/New_CheckLiuliang_remote/datasets/toniot/test/abnormal/test_00023227_orig86425_86426_86427.png,1,0.4757140883029663
/root/New_CheckLiuliang_remote/datasets/toniot/test/abnormal/test_00023234_orig86446_86447_86448.png,1,0.5926739470172165
/root/New_CheckLiuliang_remote/datasets/toniot/test/abnormal/test_00023240_orig86464_86465_86466.png,1,0.447500636620552
/root/New_CheckLiuliang_remote/datasets/toniot/test/abnormal/test_00023247_orig86485_86486_86487.png,1,0.466572453833648
/root/New_CheckLiuliang_remote/datasets/toniot/test/abnormal/test_00023253_orig86503_86504_86505.png,1,0.513275795906611
/root/New_CheckLiuliang_remote/datasets/toniot/test/abnormal/test_00023260_orig86524_86525_86526.png,1,0.37826887206132676
/root/New_CheckLiuliang_remote/datasets/toniot/test/abnormal/test_00023267_orig86545_86546_86547.png,1,0.4756367968294132
/root/New_CheckLiuliang_remote/datasets/toniot/test/abnormal/test_00023273_orig86563_86564_86565.png,1,0.4446730498392392
/root/New_CheckLiuliang_remote/datasets/toniot/test/abnormal/test_00023280_orig86584_86585_86586.png,1,0.5727628043489074
/root/New_CheckLiuliang_remote/datasets/toniot/test/abnormal/test_00023287_orig86605_86606_86607.png,1,0.5406746626177691
/root/New_CheckLiuliang_remote/datasets/toniot/test/abnormal/test_00023293_orig86623_86624_86625.png,1,0.4405214235800129
/root/New_CheckLiuliang_remote/datasets/toniot/test/abnormal/test_00023300_orig86644_86645_86646.png,1,0.47079481718797245
/root/New_CheckLiuliang_remote/datasets/toniot/test/abnormal/test_00023307_orig86665_86666_86667.png,1,0.6353010781728212
/root/New_CheckLiuliang_remote/datasets/toniot/test/abnormal/test_00023313_orig86683_86684_86685.png,1,0.6854244760454237
/root/New_CheckLiuliang_remote/datasets/toniot/test/abnormal/test_00023320_orig86704_86705_86706.png,1,0.4365286993072703
/root/New_CheckLiuliang_remote/datasets/toniot/test/abnormal/test_00023326_orig86722_86723_86724.png,1,0.6362569424134991
/root/New_CheckLiuliang_remote/datasets/toniot/test/abnormal/test_00023333_orig86743_86744_86745.png,1,0.46727947258542385
/root/New_CheckLiuliang_remote/datasets/toniot/test/abnormal/test_00023340_orig86764_86765_86766.png,1,0.5014357229944584
/root/New_CheckLiuliang_remote/datasets/toniot/test/abnormal/test_00023346_orig86782_86783_86784.png,1,0.5436064848455233
/root/New_CheckLiuliang_remote/datasets/toniot/test/abnormal/test_00023353_orig86803_86804_86805.png,1,0.46888096258011946
/root/New_CheckLiuliang_remote/datasets/toniot/test/abnormal/test_00023360_orig86824_86825_86826.png,1,0.6153882995105915
/root/New_CheckLiuliang_remote/datasets/toniot/test/abnormal/test_00023366_orig86842_86843_86844.png,1,0.6385828068333902
/root/New_CheckLiuliang_remote/datasets/toniot/test/abnormal/test_00023373_orig86863_86864_86865.png,1,0.5684243245752751
/root/New_CheckLiuliang_remote/datasets/toniot/test/abnormal/test_00023379_orig86881_86882_86883.png,1,0.6313169941267658
/root/New_CheckLiuliang_remote/datasets/toniot/test/abnormal/test_00023386_orig86902_86903_86904.png,1,0.6356078825266198
/root/New_CheckLiuliang_remote/datasets/toniot/test/abnormal/test_00023393_orig86923_86924_86925.png,1,0.5681639597689717
/root/New_CheckLiuliang_remote/datasets/toniot/test/abnormal/test_00023399_orig86941_86942_86943.png,1,0.5407143964253216
/root/New_CheckLiuliang_remote/datasets/toniot/test/abnormal/test_00023406_orig86962_86963_86964.png,1,0.49240320058316706
/root/New_CheckLiuliang_remote/datasets/toniot/test/abnormal/test_00023413_orig86983_86984_86985.png,1,0.6665123562306147
/root/New_CheckLiuliang_remote/datasets/toniot/test/abnormal/test_00023419_orig87001_87002_87003.png,1,0.5499388112754771
/root/New_CheckLiuliang_remote/datasets/toniot/test/abnormal/test_00023426_orig87022_87023_87024.png,1,0.6716685608311813
/root/New_CheckLiuliang_remote/datasets/toniot/test/abnormal/test_00023432_orig87040_87041_87042.png,1,0.6521737138520319
/root/New_CheckLiuliang_remote/datasets/toniot/test/abnormal/test_00023439_orig87061_87062_87063.png,1,0.4252710622639893
/root/New_CheckLiuliang_remote/datasets/toniot/test/abnormal/test_00023446_orig87082_87083_87084.png,1,0.6831175737348555
/root/New_CheckLiuliang_remote/datasets/toniot/test/abnormal/test_00023452_orig87100_87101_87102.png,1,0.6569018674615215
/root/New_CheckLiuliang_remote/datasets/toniot/test/abnormal/test_00023459_orig87121_87122_87123.png,1,0.42737851158529455
/root/New_CheckLiuliang_remote/datasets/toniot/test/abnormal/test_00023466_orig87142_87143_87144.png,1,0.48786411612644376
/root/New_CheckLiuliang_remote/datasets/toniot/test/abnormal/test_00023472_orig87160_87161_87162.png,1,0.6356078825266198
/root/New_CheckLiuliang_remote/datasets/toniot/test/abnormal/test_00023479_orig87181_87182_87183.png,1,0.6846736715806687
/root/New_CheckLiuliang_remote/datasets/toniot/test/abnormal/test_00023485_orig87199_87200_87201.png,1,0.4358839776069286
/root/New_CheckLiuliang_remote/datasets/toniot/test/abnormal/test_00023492_orig87220_87221_87222.png,1,0.26484203067800544
/root/New_CheckLiuliang_remote/datasets/toniot/test/abnormal/test_00023499_orig87241_87242_87243.png,1,0.5284090128884351
/root/New_CheckLiuliang_remote/datasets/toniot/test/abnormal/test_00023505_orig87259_87260_87261.png,1,0.6071562078931885
/root/New_CheckLiuliang_remote/datasets/toniot/test/abnormal/test_00023512_orig87280_87281_87282.png,1,0.5101279182249087
/root/New_CheckLiuliang_remote/datasets/toniot/test/abnormal/test_00023519_orig87301_87302_87303.png,1,0.26484203067800544
/root/New_CheckLiuliang_remote/datasets/toniot/test/abnormal/test_00023525_orig87319_87320_87321.png,1,0.4094287857274103
/root/New_CheckLiuliang_remote/datasets/toniot/test/abnormal/test_00023532_orig87340_87341_87342.png,1,0.5674875755716009
/root/New_CheckLiuliang_remote/datasets/toniot/test/abnormal/test_00023539_orig87361_87362_87363.png,1,0.226255154472153
/root/New_CheckLiuliang_remote/datasets/toniot/test/abnormal/test_00023545_orig87379_87380_87381.png,1,0.6765602845519386
/root/New_CheckLiuliang_remote/datasets/toniot/test/abnormal/test_00023552_orig87400_87401_87402.png,1,0.5934342708873421
/root/New_CheckLiuliang_remote/datasets/toniot/test/abnormal/test_00023558_orig87418_87419_87420.png,1,0.47677083825978567
/root/New_CheckLiuliang_remote/datasets/toniot/test/abnormal/test_00023565_orig87439_87440_87441.png,1,0.5683791667649132
/root/New_CheckLiuliang_remote/datasets/toniot/test/abnormal/test_00023572_orig87460_87461_87462.png,1,0.527379418981021
/root/New_CheckLiuliang_remote/datasets/toniot/test/abnormal/test_00023578_orig87478_87479_87480.png,1,0.6326699673164425
/root/New_CheckLiuliang_remote/datasets/toniot/test/abnormal/test_00023585_orig87499_87500_87501.png,1,0.6479701563318254
/root/New_CheckLiuliang_remote/datasets/toniot/test/abnormal/test_00023592_orig87520_87521_87522.png,1,0.20954362449490188
/root/New_CheckLiuliang_remote/datasets/toniot/test/abnormal/test_00023598_orig87538_87539_87540.png,1,0.4576787957012892
/root/New_CheckLiuliang_remote/datasets/toniot/test/abnormal/test_00023605_orig87559_87560_87561.png,1,0.7037730737585323
/root/New_CheckLiuliang_remote/datasets/toniot/test/abnormal/test_00023611_orig87577_87578_87579.png,1,0.49336378545657195
/root/New_CheckLiuliang_remote/datasets/toniot/test/abnormal/test_00023618_orig87598_87599_87600.png,1,0.5468867053106923
/root/New_CheckLiuliang_remote/datasets/toniot/test/abnormal/test_00023625_orig87619_87620_87621.png,1,0.6356078825266198
/root/New_CheckLiuliang_remote/datasets/toniot/test/abnormal/test_00023631_orig87637_87638_87639.png,1,0.6356078825266198
/root/New_CheckLiuliang_remote/datasets/toniot/test/abnormal/test_00023638_orig87658_87659_87660.png,1,0.6041896345815186
/root/New_CheckLiuliang_remote/datasets/toniot/test/abnormal/test_00023645_orig87679_87680_87681.png,1,0.6152347477921777
/root/New_CheckLiuliang_remote/datasets/toniot/test/abnormal/test_00023651_orig87697_87698_87699.png,1,0.4856589209084319
/root/New_CheckLiuliang_remote/datasets/toniot/test/abnormal/test_00023658_orig87718_87719_87720.png,1,0.5936883558297101
/root/New_CheckLiuliang_remote/datasets/toniot/test/abnormal/test_00023664_orig87736_87737_87738.png,1,0.5145988480361982
/root/New_CheckLiuliang_remote/datasets/toniot/test/abnormal/test_00023671_orig87757_87758_87759.png,1,0.6660175373472587
/root/New_CheckLiuliang_remote/datasets/toniot/test/abnormal/test_00023678_orig87778_87779_87780.png,1,0.6520641363204792
/root/New_CheckLiuliang_remote/datasets/toniot/test/abnormal/test_00023684_orig87796_87797_87798.png,1,0.7183894693867809
/root/New_CheckLiuliang_remote/datasets/toniot/test/abnormal/test_00023691_orig87817_87818_87819.png,1,0.20954362449490188
/root/New_CheckLiuliang_remote/datasets/toniot/test/abnormal/test_00023698_orig87838_87839_87840.png,1,0.5015762278415293
/root/New_CheckLiuliang_remote/datasets/toniot/test/abnormal/test_00023704_orig87856_87857_87858.png,1,0.3785059134444571
/root/New_CheckLiuliang_remote/datasets/toniot/test/abnormal/test_00023711_orig87877_87878_87879.png,1,0.43386889456550753
/root/New_CheckLiuliang_remote/datasets/toniot/test/abnormal/test_00023718_orig87898_87899_87900.png,1,0.5025861437894702
/root/New_CheckLiuliang_remote/datasets/toniot/test/abnormal/test_00023724_orig87916_87917_87918.png,1,0.5151439471175463
/root/New_CheckLiuliang_remote/datasets/toniot/test/abnormal/test_00023731_orig87937_87938_87939.png,1,0.6331008043542712
/root/New_CheckLiuliang_remote/datasets/toniot/test/abnormal/test_00023737_orig87955_87956_87957.png,1,0.6195798847915929
/root/New_CheckLiuliang_remote/datasets/toniot/test/abnormal/test_00023744_orig87976_87977_87978.png,1,0.6521039537967734
/root/New_CheckLiuliang_remote/datasets/toniot/test/abnormal/test_00023751_orig87997_87998_87999.png,1,0.21814435944742644
/root/New_CheckLiuliang_remote/datasets/toniot/test/abnormal/test_00023757_orig88015_88016_88017.png,1,0.4976585711293948
/root/New_CheckLiuliang_remote/datasets/toniot/test/abnormal/test_00023764_orig88036_88037_88038.png,1,0.5168133498256928
/root/New_CheckLiuliang_remote/datasets/toniot/test/abnormal/test_00023771_orig88057_88058_88059.png,1,0.5079677155916401
/root/New_CheckLiuliang_remote/datasets/toniot/test/abnormal/test_00023777_orig88075_88076_88077.png,1,0.6641645824026589
/root/New_CheckLiuliang_remote/datasets/toniot/test/abnormal/test_00023784_orig88096_88097_88098.png,1,0.21814435944742644
/root/New_CheckLiuliang_remote/datasets/toniot/test/abnormal/test_00023790_orig88114_88115_88116.png,1,0.4962360601920702
/root/New_CheckLiuliang_remote/datasets/toniot/test/abnormal/test_00023797_orig88135_88136_88137.png,1,0.48285154877802
/root/New_CheckLiuliang_remote/datasets/toniot/test/abnormal/test_00023804_orig88156_88157_88158.png,1,0.5552839513866846
/root/New_CheckLiuliang_remote/datasets/toniot/test/abnormal/test_00023810_orig88174_88175_88176.png,1,0.47739489134828633
/root/New_CheckLiuliang_remote/datasets/toniot/test/abnormal/test_00023817_orig88195_88196_88197.png,1,0.6331713524358316
/root/New_CheckLiuliang_remote/datasets/toniot/test/abnormal/test_00023824_orig88216_88217_88218.png,1,0.3785059134444571
/root/New_CheckLiuliang_remote/datasets/toniot/test/abnormal/test_00023830_orig88234_88235_88236.png,1,0.701852036922907
/root/New_CheckLiuliang_remote/datasets/toniot/test/abnormal/test_00023837_orig88255_88256_88257.png,1,0.20954362449490188
/root/New_CheckLiuliang_remote/datasets/toniot/test/abnormal/test_00023843_orig88273_88274_88275.png,1,0.6746836669487555
/root/New_CheckLiuliang_remote/datasets/toniot/test/abnormal/test_00023850_orig88294_88295_88296.png,1,0.6606023428166249
/root/New_CheckLiuliang_remote/datasets/toniot/test/abnormal/test_00023857_orig88315_88316_88317.png,1,0.47827560449657014
/root/New_CheckLiuliang_remote/datasets/toniot/test/abnormal/test_00023863_orig88333_88334_88335.png,1,0.541619219887723
/root/New_CheckLiuliang_remote/datasets/toniot/test/abnormal/test_00023870_orig88354_88355_88356.png,1,0.7064318904577962
/root/New_CheckLiuliang_remote/datasets/toniot/test/abnormal/test_00023877_orig88375_88376_88377.png,1,0.5923189308311068
/root/New_CheckLiuliang_remote/datasets/toniot/test/abnormal/test_00023883_orig88393_88394_88395.png,1,0.4857298388600107
/root/New_CheckLiuliang_remote/datasets/toniot/test/abnormal/test_00023890_orig88414_88415_88416.png,1,0.5873623082237909
/root/New_CheckLiuliang_remote/datasets/toniot/test/abnormal/test_00023896_orig88432_88433_88434.png,1,0.5150943518966719
/root/New_CheckLiuliang_remote/datasets/toniot/test/abnormal/test_00023903_orig88453_88454_88455.png,1,0.6321651012533677
/root/New_CheckLiuliang_remote/datasets/toniot/test/abnormal/test_00023910_orig88474_88475_88476.png,1,0.46114467017140004
/root/New_CheckLiuliang_remote/datasets/toniot/test/abnormal/test_00023916_orig88492_88493_88494.png,1,0.6646657919180302
/root/New_CheckLiuliang_remote/datasets/toniot/test/abnormal/test_00023923_orig88513_88514_88515.png,1,0.5018774864714262
/root/New_CheckLiuliang_remote/datasets/toniot/test/abnormal/test_00023930_orig88534_88535_88536.png,1,0.6356078825266198
/root/New_CheckLiuliang_remote/datasets/toniot/test/abnormal/test_00023936_orig88552_88553_88554.png,1,0.20954362449490188
/root/New_CheckLiuliang_remote/datasets/toniot/test/abnormal/test_00023943_orig88573_88574_88575.png,1,0.5746600768336634
/root/New_CheckLiuliang_remote/datasets/toniot/test/abnormal/test_00023950_orig88594_88595_88596.png,1,0.5521181339435749
/root/New_CheckLiuliang_remote/datasets/toniot/test/abnormal/test_00023956_orig88612_88613_88614.png,1,0.6732342704197145
/root/New_CheckLiuliang_remote/datasets/toniot/test/abnormal/test_00023963_orig88633_88634_88635.png,1,0.6026622857653406
/root/New_CheckLiuliang_remote/datasets/toniot/test/abnormal/test_00023969_orig88651_88652_88653.png,1,0.6227800921139631
/root/New_CheckLiuliang_remote/datasets/toniot/test/abnormal/test_00023976_orig88672_88673_88674.png,1,0.495138121968119
/root/New_CheckLiuliang_remote/datasets/toniot/test/abnormal/test_00023983_orig88693_88694_88695.png,1,0.7019302620331521
/root/New_CheckLiuliang_remote/datasets/toniot/test/abnormal/test_00023989_orig88711_88712_88713.png,1,0.5441782861580071
/root/New_CheckLiuliang_remote/datasets/toniot/test/abnormal/test_00023996_orig88732_88733_88734.png,1,0.25598009548707995
/root/New_CheckLiuliang_remote/datasets/toniot/test/abnormal/test_00024003_orig88753_88754_88755.png,1,0.6366094567633848
/root/New_CheckLiuliang_remote/datasets/toniot/test/abnormal/test_00024009_orig88771_88772_88773.png,1,0.6380365331139582
/root/New_CheckLiuliang_remote/datasets/toniot/test/abnormal/test_00024016_orig88792_88793_88794.png,1,0.2483632730326408
/root/New_CheckLiuliang_remote/datasets/toniot/test/abnormal/test_00024022_orig88810_88811_88812.png,1,0.7271922067488045
/root/New_CheckLiuliang_remote/datasets/toniot/test/abnormal/test_00024029_orig88831_88832_88833.png,1,0.47065037134742105
/root/New_CheckLiuliang_remote/datasets/toniot/test/abnormal/test_00024036_orig88852_88853_88854.png,1,0.6284048620026977
/root/New_CheckLiuliang_remote/datasets/toniot/test/abnormal/test_00024042_orig88870_88871_88872.png,1,0.5623812435556623
/root/New_CheckLiuliang_remote/datasets/toniot/test/abnormal/test_00024049_orig88891_88892_88893.png,1,0.20954362449490188
/root/New_CheckLiuliang_remote/datasets/toniot/test/abnormal/test_00024056_orig88912_88913_88914.png,1,0.6759093276571808
/root/New_CheckLiuliang_remote/datasets/toniot/test/abnormal/test_00024062_orig88930_88931_88932.png,1,0.5734201899732405
/root/New_CheckLiuliang_remote/datasets/toniot/test/abnormal/test_00024069_orig88951_88952_88953.png,1,0.5888230822112919
/root/New_CheckLiuliang_remote/datasets/toniot/test/abnormal/test_00024075_orig88969_88970_88971.png,1,0.49343867525533314
/root/New_CheckLiuliang_remote/datasets/toniot/test/abnormal/test_00024082_orig88990_88991_88992.png,1,0.6863549127107541
/root/New_CheckLiuliang_remote/datasets/toniot/test/abnormal/test_00024089_orig89011_89012_89013.png,1,0.6509823046077552
/root/New_CheckLiuliang_remote/datasets/toniot/test/abnormal/test_00024095_orig89029_89030_89031.png,1,0.6356078825266198
/root/New_CheckLiuliang_remote/datasets/toniot/test/abnormal/test_00024102_orig89050_89051_89052.png,1,0.6074740331629552
/root/New_CheckLiuliang_remote/datasets/toniot/test/abnormal/test_00024109_orig89071_89072_89073.png,1,0.5230374013488517
/root/New_CheckLiuliang_remote/datasets/toniot/test/abnormal/test_00024115_orig89089_89090_89091.png,1,0.4690424483823781
/root/New_CheckLiuliang_remote/datasets/toniot/test/abnormal/test_00024122_orig89110_89111_89112.png,1,0.774381607957345
/root/New_CheckLiuliang_remote/datasets/toniot/test/abnormal/test_00024128_orig89128_89129_89130.png,1,0.7004487426567236
/root/New_CheckLiuliang_remote/datasets/toniot/test/abnormal/test_00024135_orig89149_89150_89151.png,1,0.752601689999863
/root/New_CheckLiuliang_remote/datasets/toniot/test/abnormal/test_00024142_orig89170_89171_89172.png,1,0.8396481292174235
/root/New_CheckLiuliang_remote/datasets/toniot/test/abnormal/test_00024148_orig89188_89189_89190.png,1,0.20954362449490188
/root/New_CheckLiuliang_remote/datasets/toniot/test/abnormal/test_00024155_orig89209_89210_89211.png,1,0.7498740695823167
/root/New_CheckLiuliang_remote/datasets/toniot/test/abnormal/test_00024162_orig89230_89231_89232.png,1,0.5570011850846821
/root/New_CheckLiuliang_remote/datasets/toniot/test/abnormal/test_00024168_orig89248_89249_89250.png,1,0.6025323033241174
/root/New_CheckLiuliang_remote/datasets/toniot/test/abnormal/test_00024175_orig89269_89270_89271.png,1,0.63672462769142
/root/New_CheckLiuliang_remote/datasets/toniot/test/abnormal/test_00024182_orig89290_89291_89292.png,1,0.588180858137164
/root/New_CheckLiuliang_remote/datasets/toniot/test/abnormal/test_00024188_orig89308_89309_89310.png,1,0.4993444655354325
/root/New_CheckLiuliang_remote/datasets/toniot/test/abnormal/test_00024195_orig89329_89330_89331.png,1,0.563289337926919
/root/New_CheckLiuliang_remote/datasets/toniot/test/abnormal/test_00024201_orig89347_89348_89349.png,1,0.5478115682674212
/root/New_CheckLiuliang_remote/datasets/toniot/test/abnormal/test_00024208_orig89368_89369_89370.png,1,0.6234938748634916
/root/New_CheckLiuliang_remote/datasets/toniot/test/abnormal/test_00024215_orig89389_89390_89391.png,1,0.7555699052603415
/root/New_CheckLiuliang_remote/datasets/toniot/test/abnormal/test_00024221_orig89407_89408_89409.png,1,0.6521039537967734
/root/New_CheckLiuliang_remote/datasets/toniot/test/abnormal/test_00024228_orig89428_89429_89430.png,1,0.642542710758979
/root/New_CheckLiuliang_remote/datasets/toniot/test/abnormal/test_00024235_orig89449_89450_89451.png,1,0.6934441696508775
/root/New_CheckLiuliang_remote/datasets/toniot/test/abnormal/test_00024241_orig89467_89468_89469.png,1,0.5971329212113425
/root/New_CheckLiuliang_remote/datasets/toniot/test/abnormal/test_00024248_orig89488_89489_89490.png,1,0.5970303306669236
/root/New_CheckLiuliang_remote/datasets/toniot/test/abnormal/test_00024254_orig89506_89507_89508.png,1,0.6357165454384734
/root/New_CheckLiuliang_remote/datasets/toniot/test/abnormal/test_00024261_orig89527_89528_89529.png,1,0.5560810928017861
/root/New_CheckLiuliang_remote/datasets/toniot/test/abnormal/test_00024268_orig89548_89549_89550.png,1,0.8659563886972615
/root/New_CheckLiuliang_remote/datasets/toniot/test/abnormal/test_00024274_orig89566_89567_89568.png,1,0.20954362449490188
/root/New_CheckLiuliang_remote/datasets/toniot/test/abnormal/test_00024281_orig89587_89588_89589.png,1,0.5169971188441366
/root/New_CheckLiuliang_remote/datasets/toniot/test/abnormal/test_00024288_orig89608_89609_89610.png,1,0.6706953627496773
/root/New_CheckLiuliang_remote/datasets/toniot/test/abnormal/test_00024294_orig89626_89627_89628.png,1,0.8595526773864317
/root/New_CheckLiuliang_remote/datasets/toniot/test/abnormal/test_00024301_orig89647_89648_89649.png,1,0.6247154729164919
/root/New_CheckLiuliang_remote/datasets/toniot/test/abnormal/test_00024307_orig89665_89666_89667.png,1,0.4859430123893237
/root/New_CheckLiuliang_remote/datasets/toniot/test/abnormal/test_00024314_orig89686_89687_89688.png,1,0.5500361621755948
/root/New_CheckLiuliang_remote/datasets/toniot/test/abnormal/test_00024321_orig89707_89708_89709.png,1,0.6435682747375178
/root/New_CheckLiuliang_remote/datasets/toniot/test/abnormal/test_00024327_orig89725_89726_89727.png,1,0.7223038070768206
/root/New_CheckLiuliang_remote/datasets/toniot/test/abnormal/test_00024334_orig89746_89747_89748.png,1,0.20954362449490188
/root/New_CheckLiuliang_remote/datasets/toniot/test/abnormal/test_00024341_orig89767_89768_89769.png,1,0.7017516240206505
/root/New_CheckLiuliang_remote/datasets/toniot/test/abnormal/test_00024347_orig89785_89786_89787.png,1,0.5098937422495138
/root/New_CheckLiuliang_remote/datasets/toniot/test/abnormal/test_00024354_orig89806_89807_89808.png,1,0.6286610634961248
/root/New_CheckLiuliang_remote/datasets/toniot/test/abnormal/test_00024360_orig89824_89825_89826.png,1,0.5482698118289573
/root/New_CheckLiuliang_remote/datasets/toniot/test/abnormal/test_00024367_orig89845_89846_89847.png,1,0.6644659440833273
/root/New_CheckLiuliang_remote/datasets/toniot/test/abnormal/test_00024374_orig89866_89867_89868.png,1,0.4845804709474967
/root/New_CheckLiuliang_remote/datasets/toniot/test/abnormal/test_00024380_orig89884_89885_89886.png,1,0.49811382616046634
/root/New_CheckLiuliang_remote/datasets/toniot/test/abnormal/test_00024387_orig89905_89906_89907.png,1,0.6296520414866129
/root/New_CheckLiuliang_remote/datasets/toniot/test/abnormal/test_00024394_orig89926_89927_89928.png,1,0.5323544525430637
/root/New_CheckLiuliang_remote/datasets/toniot/test/abnormal/test_00024400_orig89944_89945_89946.png,1,0.4916906157570157
/root/New_CheckLiuliang_remote/datasets/toniot/test/abnormal/test_00024407_orig89965_89966_89967.png,1,0.6765703011075994
/root/New_CheckLiuliang_remote/datasets/toniot/test/abnormal/test_00024414_orig89986_89987_89988.png,1,0.6344655084472735
/root/New_CheckLiuliang_remote/datasets/toniot/test/abnormal/test_00024420_orig90004_90005_90006.png,1,0.6902764583066474
/root/New_CheckLiuliang_remote/datasets/toniot/test/abnormal/test_00024427_orig90025_90026_90027.png,1,0.5800070706342739
/root/New_CheckLiuliang_remote/datasets/toniot/test/abnormal/test_00024433_orig90043_90044_90045.png,1,0.6305987944439604
/root/New_CheckLiuliang_remote/datasets/toniot/test/abnormal/test_00024440_orig90064_90065_90066.png,1,0.6418743815901111
/root/New_CheckLiuliang_remote/datasets/toniot/test/abnormal/test_00024447_orig90085_90086_90087.png,1,0.6356078825266198
/root/New_CheckLiuliang_remote/datasets/toniot/test/abnormal/test_00024453_orig90103_90104_90105.png,1,0.47775587589198804
/root/New_CheckLiuliang_remote/datasets/toniot/test/abnormal/test_00024460_orig90124_90125_90126.png,1,0.42706600853590276
/root/New_CheckLiuliang_remote/datasets/toniot/test/abnormal/test_00024467_orig90145_90146_90147.png,1,0.5889820051852227
/root/New_CheckLiuliang_remote/datasets/toniot/test/abnormal/test_00024473_orig90163_90164_90165.png,1,0.6356078825266198
/root/New_CheckLiuliang_remote/datasets/toniot/test/abnormal/test_00024480_orig90184_90185_90186.png,1,0.5082572507520582
/root/New_CheckLiuliang_remote/datasets/toniot/test/abnormal/test_00024486_orig90202_90203_90204.png,1,0.49347234588913946
/root/New_CheckLiuliang_remote/datasets/toniot/test/abnormal/test_00024493_orig90223_90224_90225.png,1,0.6356078825266198
/root/New_CheckLiuliang_remote/datasets/toniot/test/abnormal/test_00024500_orig90244_90245_90246.png,1,0.8370445730203964
/root/New_CheckLiuliang_remote/datasets/toniot/test/abnormal/test_00024506_orig90262_90263_90264.png,1,0.5017612046351668
/root/New_CheckLiuliang_remote/datasets/toniot/test/abnormal/test_00024513_orig90283_90284_90285.png,1,0.5887062934987538
/root/New_CheckLiuliang_remote/datasets/toniot/test/abnormal/test_00024520_orig90304_90305_90306.png,1,0.5014405718207028
/root/New_CheckLiuliang_remote/datasets/toniot/test/abnormal/test_00024526_orig90322_90323_90324.png,1,0.49649106945430305
/root/New_CheckLiuliang_remote/datasets/toniot/test/abnormal/test_00024533_orig90343_90344_90345.png,1,0.6675569943820983
/root/New_CheckLiuliang_remote/datasets/toniot/test/abnormal/test_00024539_orig90361_90362_90363.png,1,0.625659506412974
/root/New_CheckLiuliang_remote/datasets/toniot/test/abnormal/test_00024546_orig90382_90383_90384.png,1,0.63672462769142
/root/New_CheckLiuliang_remote/datasets/toniot/test/abnormal/test_00024553_orig90403_90404_90405.png,1,0.899324996546129
/root/New_CheckLiuliang_remote/datasets/toniot/test/abnormal/test_00024559_orig90421_90422_90423.png,1,0.8231099649564368
/root/New_CheckLiuliang_remote/datasets/toniot/test/abnormal/test_00024566_orig90442_90443_90444.png,1,0.4830594527700911
/root/New_CheckLiuliang_remote/datasets/toniot/test/abnormal/test_00024573_orig90463_90464_90465.png,1,0.6361804886186934
/root/New_CheckLiuliang_remote/datasets/toniot/test/abnormal/test_00024579_orig90481_90482_90483.png,1,0.8392569103093332
/root/New_CheckLiuliang_remote/datasets/toniot/test/abnormal/test_00024586_orig90502_90503_90504.png,1,0.415209791897769
/root/New_CheckLiuliang_remote/datasets/toniot/test/abnormal/test_00024592_orig90520_90521_90522.png,1,0.46713883712706755
/root/New_CheckLiuliang_remote/datasets/toniot/test/abnormal/test_00024599_orig90541_90542_90543.png,1,0.46416010016027087
/root/New_CheckLiuliang_remote/datasets/toniot/test/abnormal/test_00024606_orig90562_90563_90564.png,1,0.5045782788776974
/root/New_CheckLiuliang_remote/datasets/toniot/test/abnormal/test_00024612_orig90580_90581_90582.png,1,0.899966712051427
/root/New_CheckLiuliang_remote/datasets/toniot/test/abnormal/test_00024619_orig90601_90602_90603.png,1,0.3890250262579347
/root/New_CheckLiuliang_remote/datasets/toniot/test/abnormal/test_00024626_orig90622_90623_90624.png,1,0.4618543081530608
/root/New_CheckLiuliang_remote/datasets/toniot/test/abnormal/test_00024632_orig90640_90641_90642.png,1,0.6155474103196151
/root/New_CheckLiuliang_remote/datasets/toniot/test/abnormal/test_00024639_orig90661_90662_90663.png,1,0.7372749961953925
/root/New_CheckLiuliang_remote/datasets/toniot/test/abnormal/test_00024646_orig90682_90683_90684.png,1,0.8063636038164946
/root/New_CheckLiuliang_remote/datasets/toniot/test/abnormal/test_00024652_orig90700_90701_90702.png,1,0.7121366230664861
/root/New_CheckLiuliang_remote/datasets/toniot/test/abnormal/test_00024659_orig90721_90722_90723.png,1,0.6233684658207543
/root/New_CheckLiuliang_remote/datasets/toniot/test/abnormal/test_00024665_orig90739_90740_90741.png,1,0.20954362449490188
/root/New_CheckLiuliang_remote/datasets/toniot/test/abnormal/test_00024672_orig90760_90761_90762.png,1,0.7780221114122208
/root/New_CheckLiuliang_remote/datasets/toniot/test/abnormal/test_00024679_orig90781_90782_90783.png,1,0.7800050308785255
/root/New_CheckLiuliang_remote/datasets/toniot/test/abnormal/test_00024685_orig90799_90800_90801.png,1,0.6195804784238998
/root/New_CheckLiuliang_remote/datasets/toniot/test/abnormal/test_00024692_orig90820_90821_90822.png,1,0.21878203991200257
/root/New_CheckLiuliang_remote/datasets/toniot/test/abnormal/test_00024699_orig90841_90842_90843.png,1,0.5710755172239749
/root/New_CheckLiuliang_remote/datasets/toniot/test/abnormal/test_00024705_orig90859_90860_90861.png,1,0.5036176190352715
/root/New_CheckLiuliang_remote/datasets/toniot/test/abnormal/test_00024712_orig90880_90881_90882.png,1,0.6356078825266198
/root/New_CheckLiuliang_remote/datasets/toniot/test/abnormal/test_00024718_orig90898_90899_90900.png,1,0.20954362449490188
/root/New_CheckLiuliang_remote/datasets/toniot/test/abnormal/test_00024725_orig90919_90920_90921.png,1,0.5406994183244517
/root/New_CheckLiuliang_remote/datasets/toniot/test/abnormal/test_00024732_orig90940_90941_90942.png,1,0.4898138028202673
/root/New_CheckLiuliang_remote/datasets/toniot/test/abnormal/test_00024738_orig90958_90959_90960.png,1,0.5099204115364453
/root/New_CheckLiuliang_remote/datasets/toniot/test/abnormal/test_00024745_orig90979_90980_90981.png,1,0.7783283149129343
/root/New_CheckLiuliang_remote/datasets/toniot/test/abnormal/test_00024752_orig91000_91001_91002.png,1,0.6510827848450123
/root/New_CheckLiuliang_remote/datasets/toniot/test/abnormal/test_00024758_orig91018_91019_91020.png,1,0.5469734505737076
/root/New_CheckLiuliang_remote/datasets/toniot/test/abnormal/test_00024765_orig91039_91040_91041.png,1,0.7099987287680208
/root/New_CheckLiuliang_remote/datasets/toniot/test/abnormal/test_00024771_orig91057_91058_91059.png,1,0.4566254960597523
/root/New_CheckLiuliang_remote/datasets/toniot/test/abnormal/test_00024778_orig91078_91079_91080.png,1,0.600917375484797
/root/New_CheckLiuliang_remote/datasets/toniot/test/abnormal/test_00024785_orig91099_91100_91101.png,1,0.6159999851913854
/root/New_CheckLiuliang_remote/datasets/toniot/test/abnormal/test_00024791_orig91117_91118_91119.png,1,0.6721321317262763
/root/New_CheckLiuliang_remote/datasets/toniot/test/abnormal/test_00024798_orig91138_91139_91140.png,1,0.7969611737844631
/root/New_CheckLiuliang_remote/datasets/toniot/test/abnormal/test_00024805_orig91159_91160_91161.png,1,0.7431289465146386
/root/New_CheckLiuliang_remote/datasets/toniot/test/abnormal/test_00024811_orig91177_91178_91179.png,1,0.6418076166236435
/root/New_CheckLiuliang_remote/datasets/toniot/test/abnormal/test_00024818_orig91198_91199_91200.png,1,0.6111458933505587
/root/New_CheckLiuliang_remote/datasets/toniot/test/abnormal/test_00024824_orig91216_91217_91218.png,1,0.5482168292269396
/root/New_CheckLiuliang_remote/datasets/toniot/test/abnormal/test_00024831_orig91237_91238_91239.png,1,0.4853393939638024
/root/New_CheckLiuliang_remote/datasets/toniot/test/abnormal/test_00024838_orig91258_91259_91260.png,1,0.5325150807809004
/root/New_CheckLiuliang_remote/datasets/toniot/test/abnormal/test_00024844_orig91276_91277_91278.png,1,0.4672158817530911
/root/New_CheckLiuliang_remote/datasets/toniot/test/abnormal/test_00024851_orig91297_91298_91299.png,1,0.5996909818080886
/root/New_CheckLiuliang_remote/datasets/toniot/test/abnormal/test_00024858_orig91318_91319_91320.png,1,0.47176087403764444
/root/New_CheckLiuliang_remote/datasets/toniot/test/abnormal/test_00024864_orig91336_91337_91338.png,1,0.48574577174000466
/root/New_CheckLiuliang_remote/datasets/toniot/test/abnormal/test_00024871_orig91357_91358_91359.png,1,0.5053726654139272
/root/New_CheckLiuliang_remote/datasets/toniot/test/abnormal/test_00024878_orig91378_91379_91380.png,1,0.49894201595050236
/root/New_CheckLiuliang_remote/datasets/toniot/test/abnormal/test_00024884_orig91396_91397_91398.png,1,0.5733465927319811
/root/New_CheckLiuliang_remote/datasets/toniot/test/abnormal/test_00024891_orig91417_91418_91419.png,1,0.5063131959655147
/root/New_CheckLiuliang_remote/datasets/toniot/test/abnormal/test_00024897_orig91435_91436_91437.png,1,0.4907663882672557
/root/New_CheckLiuliang_remote/datasets/toniot/test/abnormal/test_00024904_orig91456_91457_91458.png,1,0.5307700885644375
/root/New_CheckLiuliang_remote/datasets/toniot/test/abnormal/test_00024911_orig91477_91478_91479.png,1,0.6656038630084881
/root/New_CheckLiuliang_remote/datasets/toniot/test/abnormal/test_00024917_orig91495_91496_91497.png,1,0.5015415699345158
/root/New_CheckLiuliang_remote/datasets/toniot/test/abnormal/test_00024924_orig91516_91517_91518.png,1,0.8362739194541486
/root/New_CheckLiuliang_remote/datasets/toniot/test/abnormal/test_00024931_orig91537_91538_91539.png,1,0.5027963241911886
/root/New_CheckLiuliang_remote/datasets/toniot/test/abnormal/test_00024937_orig91555_91556_91557.png,1,0.20954362449490188
/root/New_CheckLiuliang_remote/datasets/toniot/test/abnormal/test_00024944_orig91576_91577_91578.png,1,0.49347234588913946
/root/New_CheckLiuliang_remote/datasets/toniot/test/abnormal/test_00024950_orig91594_91595_91596.png,1,0.48854450191871546
/root/New_CheckLiuliang_remote/datasets/toniot/test/abnormal/test_00024957_orig91615_91616_91617.png,1,0.488072598324283
/root/New_CheckLiuliang_remote/datasets/toniot/test/abnormal/test_00024964_orig91636_91637_91638.png,1,0.6521737138520319
/root/New_CheckLiuliang_remote/datasets/toniot/test/abnormal/test_00024970_orig91654_91655_91656.png,1,0.6357165454384734
/root/New_CheckLiuliang_remote/datasets/toniot/test/abnormal/test_00024977_orig91675_91676_91677.png,1,0.7079323254940763
/root/New_CheckLiuliang_remote/datasets/toniot/test/abnormal/test_00024984_orig91696_91697_91698.png,1,0.5242718028248892
/root/New_CheckLiuliang_remote/datasets/toniot/test/abnormal/test_00024990_orig91714_91715_91716.png,1,0.48854450191871546
/root/New_CheckLiuliang_remote/datasets/toniot/test/abnormal/test_00024997_orig91735_91736_91737.png,1,0.48854450191871546
/root/New_CheckLiuliang_remote/datasets/toniot/test/abnormal/test_00025003_orig91753_91754_91755.png,1,0.5045292830712726
/root/New_CheckLiuliang_remote/datasets/toniot/test/abnormal/test_00025010_orig91774_91775_91776.png,1,0.48854450191871546
/root/New_CheckLiuliang_remote/datasets/toniot/test/abnormal/test_00025017_orig91795_91796_91797.png,1,0.49649106945430305
/root/New_CheckLiuliang_remote/datasets/toniot/test/abnormal/test_00025023_orig91813_91814_91815.png,1,0.6310592429515434
/root/New_CheckLiuliang_remote/datasets/toniot/test/abnormal/test_00025030_orig91834_91835_91836.png,1,0.4962360601920702
/root/New_CheckLiuliang_remote/datasets/toniot/test/abnormal/test_00025037_orig91855_91856_91857.png,1,0.48574577174000466
/root/New_CheckLiuliang_remote/datasets/toniot/test/abnormal/test_00025043_orig91873_91874_91875.png,1,0.48854450191871546
/root/New_CheckLiuliang_remote/datasets/toniot/test/abnormal/test_00025050_orig91894_91895_91896.png,1,0.488072598324283
/root/New_CheckLiuliang_remote/datasets/toniot/test/abnormal/test_00025057_orig91915_91916_91917.png,1,0.49327908939841986
/root/New_CheckLiuliang_remote/datasets/toniot/test/abnormal/test_00025063_orig91933_91934_91935.png,1,0.5834863341744432
/root/New_CheckLiuliang_remote/datasets/toniot/test/abnormal/test_00025070_orig91954_91955_91956.png,1,0.4299599758894946
/root/New_CheckLiuliang_remote/datasets/toniot/test/abnormal/test_00025076_orig91972_91973_91974.png,1,0.8009272862387403
/root/New_CheckLiuliang_remote/datasets/toniot/test/abnormal/test_00025083_orig91993_91994_91995.png,1,0.506015953722706
/root/New_CheckLiuliang_remote/datasets/toniot/test/abnormal/test_00025090_orig92014_92015_92016.png,1,0.7646252222002633
/root/New_CheckLiuliang_remote/datasets/toniot/test/abnormal/test_00025096_orig92032_92033_92034.png,1,0.513165228610357
/root/New_CheckLiuliang_remote/datasets/toniot/test/abnormal/test_00025103_orig92053_92054_92055.png,1,0.6566033324254004
/root/New_CheckLiuliang_remote/datasets/toniot/test/abnormal/test_00025110_orig92074_92075_92076.png,1,0.6197195543856966
/root/New_CheckLiuliang_remote/datasets/toniot/test/abnormal/test_00025116_orig92092_92093_92094.png,1,0.4213261485497066
/root/New_CheckLiuliang_remote/datasets/toniot/test/abnormal/test_00025123_orig92113_92114_92115.png,1,0.49353833179214623
/root/New_CheckLiuliang_remote/datasets/toniot/test/abnormal/test_00025129_orig92131_92132_92133.png,1,0.6460068723088714
/root/New_CheckLiuliang_remote/datasets/toniot/test/abnormal/test_00025136_orig92152_92153_92154.png,1,0.7463403110774374
/root/New_CheckLiuliang_remote/datasets/toniot/test/abnormal/test_00025143_orig92173_92174_92175.png,1,0.7266348937918798
/root/New_CheckLiuliang_remote/datasets/toniot/test/abnormal/test_00025149_orig92191_92192_92193.png,1,0.6995609908637695
/root/New_CheckLiuliang_remote/datasets/toniot/test/abnormal/test_00025156_orig92212_92213_92214.png,1,0.7260404582094682
/root/New_CheckLiuliang_remote/datasets/toniot/test/abnormal/test_00025163_orig92233_92234_92235.png,1,0.48125292717711254
/root/New_CheckLiuliang_remote/datasets/toniot/test/abnormal/test_00025169_orig92251_92252_92253.png,1,0.5193930907445315
/root/New_CheckLiuliang_remote/datasets/toniot/test/abnormal/test_00025176_orig92272_92273_92274.png,1,0.6098010628919603
/root/New_CheckLiuliang_remote/datasets/toniot/test/abnormal/test_00025182_orig92290_92291_92292.png,1,0.7607349533228244
/root/New_CheckLiuliang_remote/datasets/toniot/test/abnormal/test_00025189_orig92311_92312_92313.png,1,0.6033685591234296
/root/New_CheckLiuliang_remote/datasets/toniot/test/abnormal/test_00025196_orig92332_92333_92334.png,1,0.6120968025359262
/root/New_CheckLiuliang_remote/datasets/toniot/test/abnormal/test_00025202_orig92350_92351_92352.png,1,0.4711079155635724
/root/New_CheckLiuliang_remote/datasets/toniot/test/abnormal/test_00025209_orig92371_92372_92373.png,1,0.6234938748634916
/root/New_CheckLiuliang_remote/datasets/toniot/test/abnormal/test_00025216_orig92392_92393_92394.png,1,0.524507284474123
/root/New_CheckLiuliang_remote/datasets/toniot/test/abnormal/test_00025222_orig92410_92411_92412.png,1,0.48834769164165837
/root/New_CheckLiuliang_remote/datasets/toniot/test/abnormal/test_00025229_orig92431_92432_92433.png,1,0.6357165454384734
/root/New_CheckLiuliang_remote/datasets/toniot/test/abnormal/test_00025235_orig92449_92450_92451.png,1,0.6593289086616986
/root/New_CheckLiuliang_remote/datasets/toniot/test/abnormal/test_00025242_orig92470_92471_92472.png,1,0.6593289086616986
/root/New_CheckLiuliang_remote/datasets/toniot/test/abnormal/test_00025249_orig92491_92492_92493.png,1,0.6884538801932021
/root/New_CheckLiuliang_remote/datasets/toniot/test/abnormal/test_00025255_orig92509_92510_92511.png,1,0.6304843401090745
/root/New_CheckLiuliang_remote/datasets/toniot/test/abnormal/test_00025262_orig92530_92531_92532.png,1,0.6304843401090745
/root/New_CheckLiuliang_remote/datasets/toniot/test/abnormal/test_00025269_orig92551_92552_92553.png,1,0.5588132939565571
/root/New_CheckLiuliang_remote/datasets/toniot/test/abnormal/test_00025275_orig92569_92570_92571.png,1,0.5545827622430014
/root/New_CheckLiuliang_remote/datasets/toniot/test/abnormal/test_00025282_orig92590_92591_92592.png,1,0.7039284980215562
/root/New_CheckLiuliang_remote/datasets/toniot/test/abnormal/test_00025289_orig92611_92612_92613.png,1,0.3866045467809428
/root/New_CheckLiuliang_remote/datasets/toniot/test/abnormal/test_00025295_orig92629_92630_92631.png,1,0.6356078825266198
/root/New_CheckLiuliang_remote/datasets/toniot/test/abnormal/test_00025302_orig92650_92651_92652.png,1,0.6046647942453836
/root/New_CheckLiuliang_remote/datasets/toniot/test/abnormal/test_00025308_orig92668_92669_92670.png,1,0.5834542713661073
/root/New_CheckLiuliang_remote/datasets/toniot/test/abnormal/test_00025315_orig92689_92690_92691.png,1,0.4935729020479884
/root/New_CheckLiuliang_remote/datasets/toniot/test/abnormal/test_00025322_orig92710_92711_92712.png,1,0.6747393673466029
/root/New_CheckLiuliang_remote/datasets/toniot/test/abnormal/test_00025328_orig92728_92729_92730.png,1,0.514597210877417
/root/New_CheckLiuliang_remote/datasets/toniot/test/abnormal/test_00025335_orig92749_92750_92751.png,1,0.5755609001591464
/root/New_CheckLiuliang_remote/datasets/toniot/test/abnormal/test_00025342_orig92770_92771_92772.png,1,0.5925722931951447
/root/New_CheckLiuliang_remote/datasets/toniot/test/abnormal/test_00025348_orig92788_92789_92790.png,1,0.8360596860841338
/root/New_CheckLiuliang_remote/datasets/toniot/test/abnormal/test_00025355_orig92809_92810_92811.png,1,0.5422316145332574
/root/New_CheckLiuliang_remote/datasets/toniot/test/abnormal/test_00025361_orig92827_92828_92829.png,1,0.6948294032939507
/root/New_CheckLiuliang_remote/datasets/toniot/test/abnormal/test_00025368_orig92848_92849_92850.png,1,0.7189586096759707
/root/New_CheckLiuliang_remote/datasets/toniot/test/abnormal/test_00025375_orig92869_92870_92871.png,1,0.6139524399793713
/root/New_CheckLiuliang_remote/datasets/toniot/test/abnormal/test_00025381_orig92887_92888_92889.png,1,0.8292269636098515
/root/New_CheckLiuliang_remote/datasets/toniot/test/abnormal/test_00025388_orig92908_92909_92910.png,1,0.6163576894145189
/root/New_CheckLiuliang_remote/datasets/toniot/test/abnormal/test_00025395_orig92929_92930_92931.png,1,0.660638496763774
/root/New_CheckLiuliang_remote/datasets/toniot/test/abnormal/test_00025401_orig92947_92948_92949.png,1,0.605217897736443
/root/New_CheckLiuliang_remote/datasets/toniot/test/abnormal/test_00025408_orig92968_92969_92970.png,1,0.5356318054835205
/root/New_CheckLiuliang_remote/datasets/toniot/test/abnormal/test_00025414_orig92986_92987_92988.png,1,0.5898565506583171
/root/New_CheckLiuliang_remote/datasets/toniot/test/abnormal/test_00025421_orig93007_93008_93009.png,1,0.7074482728350459
/root/New_CheckLiuliang_remote/datasets/toniot/test/abnormal/test_00025428_orig93028_93029_93030.png,1,0.8151699820666862
/root/New_CheckLiuliang_remote/datasets/toniot/test/abnormal/test_00025434_orig93046_93047_93048.png,1,0.7295228594397395
/root/New_CheckLiuliang_remote/datasets/toniot/test/abnormal/test_00025441_orig93067_93068_93069.png,1,0.4882106123482304
/root/New_CheckLiuliang_remote/datasets/toniot/test/abnormal/test_00025448_orig93088_93089_93090.png,1,0.668223051129045
/root/New_CheckLiuliang_remote/datasets/toniot/test/abnormal/test_00025454_orig93106_93107_93108.png,1,0.6962902749232925
/root/New_CheckLiuliang_remote/datasets/toniot/test/abnormal/test_00025461_orig93127_93128_93129.png,1,0.5394885360056966
/root/New_CheckLiuliang_remote/datasets/toniot/test/abnormal/test_00025467_orig93145_93146_93147.png,1,0.52996798383076
/root/New_CheckLiuliang_remote/datasets/toniot/test/abnormal/test_00025474_orig93166_93167_93168.png,1,0.6622185916010304
/root/New_CheckLiuliang_remote/datasets/toniot/test/abnormal/test_00025481_orig93187_93188_93189.png,1,0.47561292839813396
/root/New_CheckLiuliang_remote/datasets/toniot/test/abnormal/test_00025487_orig93205_93206_93207.png,1,0.5026112555254529
/root/New_CheckLiuliang_remote/datasets/toniot/test/abnormal/test_00025494_orig93226_93227_93228.png,1,0.8308910572607788
/root/New_CheckLiuliang_remote/datasets/toniot/test/abnormal/test_00025501_orig93247_93248_93249.png,1,0.7308254264450152
/root/New_CheckLiuliang_remote/datasets/toniot/test/abnormal/test_00025507_orig93265_93266_93267.png,1,0.5494279170396641
/root/New_CheckLiuliang_remote/datasets/toniot/test/abnormal/test_00025514_orig93286_93287_93288.png,1,0.550639601934365
/root/New_CheckLiuliang_remote/datasets/toniot/test/abnormal/test_00025521_orig93307_93308_93309.png,1,0.5617101775713482
/root/New_CheckLiuliang_remote/datasets/toniot/test/abnormal/test_00025527_orig93325_93326_93327.png,1,0.6134045147645562
/root/New_CheckLiuliang_remote/datasets/toniot/test/abnormal/test_00025534_orig93346_93347_93348.png,1,0.7566247828795513
/root/New_CheckLiuliang_remote/datasets/toniot/test/abnormal/test_00025540_orig93364_93365_93366.png,1,0.5017181258888568
/root/New_CheckLiuliang_remote/datasets/toniot/test/abnormal/test_00025547_orig93385_93386_93387.png,1,0.48970697496707566
/root/New_CheckLiuliang_remote/datasets/toniot/test/abnormal/test_00025554_orig93406_93407_93408.png,1,0.4920212715444363
/root/New_CheckLiuliang_remote/datasets/toniot/test/abnormal/test_00025560_orig93424_93425_93426.png,1,0.7828020870455732
/root/New_CheckLiuliang_remote/datasets/toniot/test/abnormal/test_00025567_orig93445_93446_93447.png,1,0.5239306651792212
/root/New_CheckLiuliang_remote/datasets/toniot/test/abnormal/test_00025574_orig93466_93467_93468.png,1,0.47084961670394
/root/New_CheckLiuliang_remote/datasets/toniot/test/abnormal/test_00025580_orig93484_93485_93486.png,1,0.5252469612738945
/root/New_CheckLiuliang_remote/datasets/toniot/test/abnormal/test_00025587_orig93505_93506_93507.png,1,0.6171134210337246
/root/New_CheckLiuliang_remote/datasets/toniot/test/abnormal/test_00025593_orig93523_93524_93525.png,1,0.6644009958468937
/root/New_CheckLiuliang_remote/datasets/toniot/test/abnormal/test_00025600_orig93544_93545_93546.png,1,0.48125292717711254
/root/New_CheckLiuliang_remote/datasets/toniot/test/abnormal/test_00025607_orig93565_93566_93567.png,1,0.5095105018049159
/root/New_CheckLiuliang_remote/datasets/toniot/test/abnormal/test_00025613_orig93583_93584_93585.png,1,0.6086941736511639
/root/New_CheckLiuliang_remote/datasets/toniot/test/abnormal/test_00025620_orig93604_93605_93606.png,1,0.5166465468814864
/root/New_CheckLiuliang_remote/datasets/toniot/test/abnormal/test_00025627_orig93625_93626_93627.png,1,0.5576036860562805
/root/New_CheckLiuliang_remote/datasets/toniot/test/abnormal/test_00025633_orig93643_93644_93645.png,1,0.6382176435403201
/root/New_CheckLiuliang_remote/datasets/toniot/test/abnormal/test_00025640_orig93664_93665_93666.png,1,0.6116946368307217
/root/New_CheckLiuliang_remote/datasets/toniot/test/abnormal/test_00025646_orig93682_93683_93684.png,1,0.6706338577858205
/root/New_CheckLiuliang_remote/datasets/toniot/test/abnormal/test_00025653_orig93703_93704_93705.png,1,0.47717395167441345
/root/New_CheckLiuliang_remote/datasets/toniot/test/abnormal/test_00025660_orig93724_93725_93726.png,1,0.5328352943123931
/root/New_CheckLiuliang_remote/datasets/toniot/test/abnormal/test_00025666_orig93742_93743_93744.png,1,0.5711190808172291
/root/New_CheckLiuliang_remote/datasets/toniot/test/abnormal/test_00025673_orig93763_93764_93765.png,1,0.7987038854957261
/root/New_CheckLiuliang_remote/datasets/toniot/test/abnormal/test_00025680_orig93784_93785_93786.png,1,0.8424344781611445
/root/New_CheckLiuliang_remote/datasets/toniot/test/abnormal/test_00025686_orig93802_93803_93804.png,1,0.5845682971726981
/root/New_CheckLiuliang_remote/datasets/toniot/test/abnormal/test_00025693_orig93823_93824_93825.png,1,0.5601663592273457
/root/New_CheckLiuliang_remote/datasets/toniot/test/abnormal/test_00025699_orig93841_93842_93843.png,1,0.6688054962430183
/root/New_CheckLiuliang_remote/datasets/toniot/test/abnormal/test_00025706_orig93862_93863_93864.png,1,0.5252236376815338
/root/New_CheckLiuliang_remote/datasets/toniot/test/abnormal/test_00025713_orig93883_93884_93885.png,1,0.5245827147308803
/root/New_CheckLiuliang_remote/datasets/toniot/test/abnormal/test_00025719_orig93901_93902_93903.png,1,0.47432828893219026
/root/New_CheckLiuliang_remote/datasets/toniot/test/abnormal/test_00025726_orig93922_93923_93924.png,1,0.5229334898887118
/root/New_CheckLiuliang_remote/datasets/toniot/test/normal/test_00013755_orig58009_58010_58011.png,0,0.5088584848971031
/root/New_CheckLiuliang_remote/datasets/toniot/test/normal/test_00013756_orig58012_58013_58014.png,0,0.3635157856101273
/root/New_CheckLiuliang_remote/datasets/toniot/test/normal/test_00013757_orig58015_58016_58017.png,0,0.3553332033559524
/root/New_CheckLiuliang_remote/datasets/toniot/test/normal/test_00013758_orig58018_58019_58020.png,0,0.2676358460659439
/root/New_CheckLiuliang_remote/datasets/toniot/test/normal/test_00013759_orig58021_58022_58023.png,0,0.007154755446996302
/root/New_CheckLiuliang_remote/datasets/toniot/test/normal/test_00013760_orig58024_58025_58026.png,0,0.01051883084476549
/root/New_CheckLiuliang_remote/datasets/toniot/test/normal/test_00013761_orig58027_58028_58029.png,0,0.010629044595573714
/root/New_CheckLiuliang_remote/datasets/toniot/test/normal/test_00013762_orig58030_58031_58032.png,0,0.011684225190114274
/root/New_CheckLiuliang_remote/datasets/toniot/test/normal/test_00013763_orig58033_58034_58035.png,0,0.22841037872174508
/root/New_CheckLiuliang_remote/datasets/toniot/test/normal/test_00013764_orig58036_58037_58038.png,0,0.0029280501617496494
/root/New_CheckLiuliang_remote/datasets/toniot/test/normal/test_00013765_orig58039_58040_58041.png,0,0.012432700165199992
/root/New_CheckLiuliang_remote/datasets/toniot/test/normal/test_00013766_orig58042_58043_58044.png,0,0.006811879768105911
/root/New_CheckLiuliang_remote/datasets/toniot/test/normal/test_00013767_orig58045_58046_58047.png,0,0.0029574508024339235
/root/New_CheckLiuliang_remote/datasets/toniot/test/normal/test_00013768_orig58048_58049_58050.png,0,0.004849415592536229
/root/New_CheckLiuliang_remote/datasets/toniot/test/normal/test_00013769_orig58051_58052_58053.png,0,0.0036104349037717888
/root/New_CheckLiuliang_remote/datasets/toniot/test/normal/test_00013770_orig58054_58055_58056.png,0,0.010029954892314239
/root/New_CheckLiuliang_remote/datasets/toniot/test/normal/test_00013771_orig58057_58058_58059.png,0,0.26428372385262466
/root/New_CheckLiuliang_remote/datasets/toniot/test/normal/test_00013772_orig58060_58061_58062.png,0,0.007154755446996302
/root/New_CheckLiuliang_remote/datasets/toniot/test/normal/test_00013773_orig58063_58064_58065.png,0,0.0035113157423068905
/root/New_CheckLiuliang_remote/datasets/toniot/test/normal/test_00013774_orig58066_58067_58068.png,0,0.013865436187176774
/root/New_CheckLiuliang_remote/datasets/toniot/test/normal/test_00013775_orig58069_58070_58071.png,0,0.008688371115500968
/root/New_CheckLiuliang_remote/datasets/toniot/test/normal/test_00013776_orig58072_58073_58074.png,0,0.004959071021714045
/root/New_CheckLiuliang_remote/datasets/toniot/test/normal/test_00013777_orig58075_58076_58077.png,0,0.005277298100355733
/root/New_CheckLiuliang_remote/datasets/toniot/test/normal/test_00013778_orig58078_58079_58080.png,0,0.009071177965409799
/root/New_CheckLiuliang_remote/datasets/toniot/test/normal/test_00013779_orig58081_58082_58083.png,0,0.006811879768105911
/root/New_CheckLiuliang_remote/datasets/toniot/test/normal/test_00013780_orig58084_58085_58086.png,0,0.006010806699472566
/root/New_CheckLiuliang_remote/datasets/toniot/test/normal/test_00013781_orig58087_58088_58089.png,0,0.005277298100355733
/root/New_CheckLiuliang_remote/datasets/toniot/test/normal/test_00013782_orig58090_58091_58092.png,0,0.005222051519420451
/root/New_CheckLiuliang_remote/datasets/toniot/test/normal/test_00013783_orig58093_58094_58095.png,0,0.013110715193627116
/root/New_CheckLiuliang_remote/datasets/toniot/test/normal/test_00013784_orig58096_58097_58098.png,0,0.003209563819082882
/root/New_CheckLiuliang_remote/datasets/toniot/test/normal/test_00013785_orig58099_58100_58101.png,0,0.0038137017029415427
/root/New_CheckLiuliang_remote/datasets/toniot/test/normal/test_00013786_orig58102_58103_58104.png,0,0.004849415592536229
/root/New_CheckLiuliang_remote/datasets/toniot/test/normal/test_00013787_orig58105_58106_58107.png,0,0.009071177965409799
/root/New_CheckLiuliang_remote/datasets/toniot/test/normal/test_00013788_orig58108_58109_58110.png,0,0.004563446589369467
/root/New_CheckLiuliang_remote/datasets/toniot/test/normal/test_00013789_orig58111_58112_58113.png,0,0.00734085683611855
/root/New_CheckLiuliang_remote/datasets/toniot/test/normal/test_00013790_orig58114_58115_58116.png,0,0.012189926161874878
/root/New_CheckLiuliang_remote/datasets/toniot/test/normal/test_00013791_orig58117_58118_58119.png,0,0.008653085141995084
/root/New_CheckLiuliang_remote/datasets/toniot/test/normal/test_00013792_orig58120_58121_58122.png,0,0.004849415592536229
/root/New_CheckLiuliang_remote/datasets/toniot/test/normal/test_00013793_orig58123_58124_58125.png,0,0.0022957091576135294
/root/New_CheckLiuliang_remote/datasets/toniot/test/normal/test_00013794_orig58126_58127_58128.png,0,0.3041270022382822
/root/New_CheckLiuliang_remote/datasets/toniot/test/normal/test_00013795_orig58129_58130_58131.png,0,0.000514477275131215
/root/New_CheckLiuliang_remote/datasets/toniot/test/normal/test_00013796_orig58132_58133_58134.png,0,0.0015006411869411948
/root/New_CheckLiuliang_remote/datasets/toniot/test/normal/test_00013797_orig58135_58136_58137.png,0,0.007175828425990935
/root/New_CheckLiuliang_remote/datasets/toniot/test/normal/test_00013798_orig58138_58139_58140.png,0,0.007527494125599244
/root/New_CheckLiuliang_remote/datasets/toniot/test/normal/test_00013799_orig58141_58142_58143.png,0,0.008653085141995084
/root/New_CheckLiuliang_remote/datasets/toniot/test/normal/test_00013800_orig58144_58145_58146.png,0,0.0029724594925346196
/root/New_CheckLiuliang_remote/datasets/toniot/test/normal/test_00013801_orig58147_58148_58149.png,0,0.000514477275131215
/root/New_CheckLiuliang_remote/datasets/toniot/test/normal/test_00013802_orig58150_58151_58152.png,0,0.011876030702795274
/root/New_CheckLiuliang_remote/datasets/toniot/test/normal/test_00013803_orig58153_58154_58155.png,0,0.0029574508024339235
/root/New_CheckLiuliang_remote/datasets/toniot/test/normal/test_00013804_orig58156_58157_58158.png,0,0.004849415592536229
/root/New_CheckLiuliang_remote/datasets/toniot/test/normal/test_00013805_orig58159_58160_58161.png,0,0.1887975813092611
/root/New_CheckLiuliang_remote/datasets/toniot/test/normal/test_00013806_orig58162_58163_58164.png,0,0.3219055920562788
/root/New_CheckLiuliang_remote/datasets/toniot/test/normal/test_00013807_orig58165_58166_58167.png,0,0.4812583082643598
/root/New_CheckLiuliang_remote/datasets/toniot/test/normal/test_00013808_orig58168_58169_58170.png,0,0.32916250422541893
/root/New_CheckLiuliang_remote/datasets/toniot/test/normal/test_00013809_orig58171_58172_58173.png,0,0.20601311510348094
/root/New_CheckLiuliang_remote/datasets/toniot/test/normal/test_00013810_orig58174_58175_58176.png,0,0.00026683277800768
/root/New_CheckLiuliang_remote/datasets/toniot/test/normal/test_00013811_orig58177_58178_58179.png,0,0.003600099131546476
/root/New_CheckLiuliang_remote/datasets/toniot/test/normal/test_00013812_orig58180_58181_58182.png,0,0.4200194025903779
/root/New_CheckLiuliang_remote/datasets/toniot/test/normal/test_00013813_orig58183_58184_58185.png,0,0.32952772413693726
/root/New_CheckLiuliang_remote/datasets/toniot/test/normal/test_00013814_orig58186_58187_58188.png,0,0.23384653129506877
/root/New_CheckLiuliang_remote/datasets/toniot/test/normal/test_00013815_orig58189_58190_58191.png,0,0.0022389652749291496
/root/New_CheckLiuliang_remote/datasets/toniot/test/normal/test_00013816_orig58192_58193_58194.png,0,0.010492246709958672
/root/New_CheckLiuliang_remote/datasets/toniot/test/normal/test_00013817_orig58195_58196_58197.png,0,0.005277298100355733
/root/New_CheckLiuliang_remote/datasets/toniot/test/normal/test_00013818_orig58198_58199_58200.png,0,0.5037641520011233
/root/New_CheckLiuliang_remote/datasets/toniot/test/normal/test_00013819_orig58201_58202_58203.png,0,0.2265018954328491
/root/New_CheckLiuliang_remote/datasets/toniot/test/normal/test_00013820_orig58204_58205_58206.png,0,0.01534723129610991
/root/New_CheckLiuliang_remote/datasets/toniot/test/normal/test_00013821_orig58207_58208_58209.png,0,0.0018727373684633934
/root/New_CheckLiuliang_remote/datasets/toniot/test/normal/test_00013822_orig58210_58211_58212.png,0,0.004047391229023868
/root/New_CheckLiuliang_remote/datasets/toniot/test/normal/test_00013823_orig58213_58214_58215.png,0,0.7004958970418486
/root/New_CheckLiuliang_remote/datasets/toniot/test/normal/test_00013824_orig58216_58217_58218.png,0,0.4748102986998729
/root/New_CheckLiuliang_remote/datasets/toniot/test/normal/test_00013825_orig58219_58220_58221.png,0,0.5851345650198243
/root/New_CheckLiuliang_remote/datasets/toniot/test/normal/test_00013826_orig58222_58223_58224.png,0,0.007555940164831161
/root/New_CheckLiuliang_remote/datasets/toniot/test/normal/test_00013827_orig58225_58226_58227.png,0,0.0011987837741153054
/root/New_CheckLiuliang_remote/datasets/toniot/test/normal/test_00013828_orig58228_58229_58230.png,0,0.004772483352224867
/root/New_CheckLiuliang_remote/datasets/toniot/test/normal/test_00013829_orig58231_58232_58233.png,0,0.009989400646096559
/root/New_CheckLiuliang_remote/datasets/toniot/test/normal/test_00013830_orig58234_58235_58236.png,0,0.00798899355844732
/root/New_CheckLiuliang_remote/datasets/toniot/test/normal/test_00013831_orig58237_58238_58239.png,0,0.013110715193627116
/root/New_CheckLiuliang_remote/datasets/toniot/test/normal/test_00013832_orig58240_58241_58242.png,0,0.00665199417751254
/root/New_CheckLiuliang_remote/datasets/toniot/test/normal/test_00013833_orig58243_58244_58245.png,0,0.011251646055993417
/root/New_CheckLiuliang_remote/datasets/toniot/test/normal/test_00013834_orig58246_58247_58248.png,0,0.000514477275131215
/root/New_CheckLiuliang_remote/datasets/toniot/test/normal/test_00013835_orig58249_58250_58251.png,0,0.0017612953990700678
/root/New_CheckLiuliang_remote/datasets/toniot/test/normal/test_00013836_orig58252_58253_58254.png,0,0.0178934220739384
/root/New_CheckLiuliang_remote/datasets/toniot/test/normal/test_00013837_orig58255_58256_58257.png,0,0.0006840397906234953
/root/New_CheckLiuliang_remote/datasets/toniot/test/normal/test_00013838_orig58258_58259_58260.png,0,0.005947787166173579
/root/New_CheckLiuliang_remote/datasets/toniot/test/normal/test_00013839_orig58261_58262_58263.png,0,0.0013309737887256272
/root/New_CheckLiuliang_remote/datasets/toniot/test/normal/test_00013840_orig58264_58265_58266.png,0,0.0029280501617496494
/root/New_CheckLiuliang_remote/datasets/toniot/test/normal/test_00013841_orig58267_58268_58269.png,0,0.014957473146010054
/root/New_CheckLiuliang_remote/datasets/toniot/test/normal/test_00013842_orig58270_58271_58272.png,0,0.008332173541532841
/root/New_CheckLiuliang_remote/datasets/toniot/test/normal/test_00013843_orig58273_58274_58275.png,0,0.640245447140894
/root/New_CheckLiuliang_remote/datasets/toniot/test/normal/test_00013844_orig58276_58277_58278.png,0,0.28724786697012605
/root/New_CheckLiuliang_remote/datasets/toniot/test/normal/test_00013845_orig58279_58280_58281.png,0,0.015048810050599147
/root/New_CheckLiuliang_remote/datasets/toniot/test/normal/test_00013846_orig58282_58283_58284.png,0,0.005277298100355733
/root/New_CheckLiuliang_remote/datasets/toniot/test/normal/test_00013847_orig58285_58286_58287.png,0,0.005934042031046685
/root/New_CheckLiuliang_remote/datasets/toniot/test/normal/test_00013848_orig58288_58289_58290.png,0,0.0054584856297823685
/root/New_CheckLiuliang_remote/datasets/toniot/test/normal/test_00013849_orig58291_58292_58293.png,0,0.008439692681991203
/root/New_CheckLiuliang_remote/datasets/toniot/test/normal/test_00013850_orig58294_58295_58296.png,0,0.010183585200614981
/root/New_CheckLiuliang_remote/datasets/toniot/test/normal/test_00013851_orig58297_58298_58299.png,0,0.009600711693442635
/root/New_CheckLiuliang_remote/datasets/toniot/test/normal/test_00013852_orig58300_58301_58302.png,0,0.00081617828419442
/root/New_CheckLiuliang_remote/datasets/toniot/test/normal/test_00013853_orig58303_58304_58305.png,0,0.004772483352224867
/root/New_CheckLiuliang_remote/datasets/toniot/test/normal/test_00013854_orig58306_58307_58308.png,0,0.00081617828419442
/root/New_CheckLiuliang_remote/datasets/toniot/test/normal/test_00013855_orig58309_58310_58311.png,0,0.005507009410021295
/root/New_CheckLiuliang_remote/datasets/toniot/test/normal/test_00013856_orig58312_58313_58314.png,0,0.0051870176411593005
/root/New_CheckLiuliang_remote/datasets/toniot/test/normal/test_00013857_orig58315_58316_58317.png,0,0.0022764594064866054
/root/New_CheckLiuliang_remote/datasets/toniot/test/normal/test_00013858_orig58318_58319_58320.png,0,0.0011987837741153054
/root/New_CheckLiuliang_remote/datasets/toniot/test/normal/test_00013859_orig58321_58322_58323.png,0,0.005277298100355733
/root/New_CheckLiuliang_remote/datasets/toniot/test/normal/test_00013860_orig58324_58325_58326.png,0,0.0022764594064866054
/root/New_CheckLiuliang_remote/datasets/toniot/test/normal/test_00013861_orig58327_58328_58329.png,0,0.0037252925089949077
/root/New_CheckLiuliang_remote/datasets/toniot/test/normal/test_00013862_orig58330_58331_58332.png,0,0.003443669088973662
/root/New_CheckLiuliang_remote/datasets/toniot/test/normal/test_00013863_orig58333_58334_58335.png,0,0.0006840397906234953
/root/New_CheckLiuliang_remote/datasets/toniot/test/normal/test_00013864_orig58336_58337_58338.png,0,0.000514477275131215
/root/New_CheckLiuliang_remote/datasets/toniot/test/normal/test_00013865_orig58339_58340_58341.png,0,0.5550341835267368
/root/New_CheckLiuliang_remote/datasets/toniot/test/normal/test_00013866_orig58342_58343_58344.png,0,0.29280218453948903
/root/New_CheckLiuliang_remote/datasets/toniot/test/normal/test_00013867_orig58345_58346_58347.png,0,0.00798899355844732
/root/New_CheckLiuliang_remote/datasets/toniot/test/normal/test_00013868_orig58348_58349_58350.png,0,0.36313824159596064
/root/New_CheckLiuliang_remote/datasets/toniot/test/normal/test_00013869_orig58351_58352_58353.png,0,0.21102485043319655
/root/New_CheckLiuliang_remote/datasets/toniot/test/normal/test_00013870_orig58354_58355_58356.png,0,0.3333814315855779
/root/New_CheckLiuliang_remote/datasets/toniot/test/normal/test_00013871_orig58357_58358_58359.png,0,0.5087320744679286
/root/New_CheckLiuliang_remote/datasets/toniot/test/normal/test_00013872_orig58360_58361_58362.png,0,0.46877945942428506
/root/New_CheckLiuliang_remote/datasets/toniot/test/normal/test_00013873_orig58363_58364_58365.png,0,0.005947787166173579
/root/New_CheckLiuliang_remote/datasets/toniot/test/normal/test_00013874_orig58366_58367_58368.png,0,0.0
/root/New_CheckLiuliang_remote/datasets/toniot/test/normal/test_00013875_orig58369_58370_58371.png,0,0.021186646945476145
/root/New_CheckLiuliang_remote/datasets/toniot/test/normal/test_00013876_orig58372_58373_58374.png,0,0.019827328578719276
/root/New_CheckLiuliang_remote/datasets/toniot/test/normal/test_00013877_orig58375_58376_58377.png,0,0.004807070347244495
/root/New_CheckLiuliang_remote/datasets/toniot/test/normal/test_00013878_orig58378_58379_58380.png,0,0.005277298100355733
/root/New_CheckLiuliang_remote/datasets/toniot/test/normal/test_00013879_orig58381_58382_58383.png,0,0.004849415592536229
/root/New_CheckLiuliang_remote/datasets/toniot/test/normal/test_00013880_orig58384_58385_58386.png,0,0.006811879768105911
/root/New_CheckLiuliang_remote/datasets/toniot/test/normal/test_00013881_orig58387_58388_58389.png,0,0.008583793794735629
/root/New_CheckLiuliang_remote/datasets/toniot/test/normal/test_00013882_orig58390_58391_58392.png,0,0.000514477275131215
/root/New_CheckLiuliang_remote/datasets/toniot/test/normal/test_00013883_orig58393_58394_58395.png,0,0.0035113157423068905
/root/New_CheckLiuliang_remote/datasets/toniot/test/normal/test_00013884_orig58396_58397_58398.png,0,0.004988652835541327
/root/New_CheckLiuliang_remote/datasets/toniot/test/normal/test_00013885_orig58399_58400_58401.png,0,0.007945455021234688
/root/New_CheckLiuliang_remote/datasets/toniot/test/normal/test_00013886_orig58402_58403_58404.png,0,0.008143396908845333
/root/New_CheckLiuliang_remote/datasets/toniot/test/normal/test_00013887_orig58405_58406_58407.png,0,0.0038137017029415427
/root/New_CheckLiuliang_remote/datasets/toniot/test/normal/test_00013888_orig58408_58409_58410.png,0,0.007009820069693913
/root/New_CheckLiuliang_remote/datasets/toniot/test/normal/test_00013889_orig58411_58412_58413.png,0,0.007858196324705235
/root/New_CheckLiuliang_remote/datasets/toniot/test/normal/test_00013890_orig58414_58415_58416.png,0,0.005947787166173579
/root/New_CheckLiuliang_remote/datasets/toniot/test/normal/test_00013891_orig58417_58418_58419.png,0,0.003636532526560841
/root/New_CheckLiuliang_remote/datasets/toniot/test/normal/test_00013892_orig58420_58421_58422.png,0,0.0013309737887256272
/root/New_CheckLiuliang_remote/datasets/toniot/test/normal/test_00013893_orig58423_58424_58425.png,0,0.008976454337366319
/root/New_CheckLiuliang_remote/datasets/toniot/test/normal/test_00013894_orig58426_58427_58428.png,0,0.004693253967810826
/root/New_CheckLiuliang_remote/datasets/toniot/test/normal/test_00013895_orig58429_58430_58431.png,0,0.00608855324207481
/root/New_CheckLiuliang_remote/datasets/toniot/test/normal/test_00013896_orig58432_58433_58434.png,0,0.00665199417751254
/root/New_CheckLiuliang_remote/datasets/toniot/test/normal/test_00013897_orig58435_58436_58437.png,0,0.010183585200614981
/root/New_CheckLiuliang_remote/datasets/toniot/test/normal/test_00013898_orig58438_58439_58440.png,0,0.008688371115500968
/root/New_CheckLiuliang_remote/datasets/toniot/test/normal/test_00013899_orig58441_58442_58443.png,0,0.006811879768105911
/root/New_CheckLiuliang_remote/datasets/toniot/test/normal/test_00013900_orig58444_58445_58446.png,0,0.0
/root/New_CheckLiuliang_remote/datasets/toniot/test/normal/test_00013901_orig58447_58448_58449.png,0,0.004687931410576915
/root/New_CheckLiuliang_remote/datasets/toniot/test/normal/test_00013902_orig58450_58451_58452.png,0,0.0026900740324698556
/root/New_CheckLiuliang_remote/datasets/toniot/test/normal/test_00013903_orig58453_58454_58455.png,0,0.0
/root/New_CheckLiuliang_remote/datasets/toniot/test/normal/test_00013904_orig58456_58457_58458.png,0,0.007175828425990935
/root/New_CheckLiuliang_remote/datasets/toniot/test/normal/test_00013905_orig58459_58460_58461.png,0,0.013110715193627116
/root/New_CheckLiuliang_remote/datasets/toniot/test/normal/test_00013906_orig58462_58463_58464.png,0,0.057613173892245816
/root/New_CheckLiuliang_remote/datasets/toniot/test/normal/test_00013907_orig58465_58466_58467.png,0,0.007555940164831161
/root/New_CheckLiuliang_remote/datasets/toniot/test/normal/test_00013908_orig58468_58469_58470.png,0,0.3986185484885635
/root/New_CheckLiuliang_remote/datasets/toniot/test/normal/test_00013909_orig58471_58472_58473.png,0,0.0026900740324698556
/root/New_CheckLiuliang_remote/datasets/toniot/test/normal/test_00013910_orig58474_58475_58476.png,0,0.002253965810900938
/root/New_CheckLiuliang_remote/datasets/toniot/test/normal/test_00013911_orig58477_58478_58479.png,0,0.003600099131546476
/root/New_CheckLiuliang_remote/datasets/toniot/test/normal/test_00013912_orig58480_58481_58482.png,0,0.011010814931199348
/root/New_CheckLiuliang_remote/datasets/toniot/test/normal/test_00013913_orig58483_58484_58485.png,0,0.003443669088973662
/root/New_CheckLiuliang_remote/datasets/toniot/test/normal/test_00013914_orig58486_58487_58488.png,0,0.004959071021714045
/root/New_CheckLiuliang_remote/datasets/toniot/test/normal/test_00013915_orig58489_58490_58491.png,0,0.008026094202002931
/root/New_CheckLiuliang_remote/datasets/toniot/test/normal/test_00013916_orig58492_58493_58494.png,0,0.008889035780013117
/root/New_CheckLiuliang_remote/datasets/toniot/test/normal/test_00013917_orig58495_58496_58497.png,0,0.00201570356480525
/root/New_CheckLiuliang_remote/datasets/toniot/test/normal/test_00013918_orig58498_58499_58500.png,0,0.00798899355844732
/root/New_CheckLiuliang_remote/datasets/toniot/test/normal/test_00013919_orig58501_58502_58503.png,0,0.0015006411869411948
/root/New_CheckLiuliang_remote/datasets/toniot/test/normal/test_00013920_orig58504_58505_58506.png,0,0.00374495186897001
/root/New_CheckLiuliang_remote/datasets/toniot/test/normal/test_00013921_orig58507_58508_58509.png,0,0.5655476305871897
/root/New_CheckLiuliang_remote/datasets/toniot/test/normal/test_00013922_orig58510_58511_58512.png,0,0.36298926940845044
/root/New_CheckLiuliang_remote/datasets/toniot/test/normal/test_00013923_orig58513_58514_58515.png,0,0.4695620204878117
/root/New_CheckLiuliang_remote/datasets/toniot/test/normal/test_00013924_orig58516_58517_58518.png,0,0.0074819863608724885
/root/New_CheckLiuliang_remote/datasets/toniot/test/normal/test_00013925_orig58519_58520_58521.png,0,0.4272100517997361
/root/New_CheckLiuliang_remote/datasets/toniot/test/normal/test_00013926_orig58522_58523_58524.png,0,0.00081617828419442
/root/New_CheckLiuliang_remote/datasets/toniot/test/normal/test_00013927_orig58525_58526_58527.png,0,0.0031535052864771263
/root/New_CheckLiuliang_remote/datasets/toniot/test/normal/test_00013928_orig58528_58529_58530.png,0,0.36333667625780286
/root/New_CheckLiuliang_remote/datasets/toniot/test/normal/test_00013929_orig58531_58532_58533.png,0,0.007173040600967008
/root/New_CheckLiuliang_remote/datasets/toniot/test/normal/test_00013930_orig58534_58535_58536.png,0,0.013110715193627116
/root/New_CheckLiuliang_remote/datasets/toniot/test/normal/test_00013931_orig58537_58538_58539.png,0,0.006811879768105911
/root/New_CheckLiuliang_remote/datasets/toniot/test/normal/test_00013932_orig58540_58541_58542.png,0,0.00798899355844732
/root/New_CheckLiuliang_remote/datasets/toniot/test/normal/test_00013933_orig58543_58544_58545.png,0,0.4848402096463763
/root/New_CheckLiuliang_remote/datasets/toniot/test/normal/test_00013934_orig58546_58547_58548.png,0,0.013110715193627116
/root/New_CheckLiuliang_remote/datasets/toniot/test/normal/test_00013935_orig58549_58550_58551.png,0,0.010742353896573464
/root/New_CheckLiuliang_remote/datasets/toniot/test/normal/test_00013936_orig58552_58553_58554.png,0,0.0021399488550316263
/root/New_CheckLiuliang_remote/datasets/toniot/test/normal/test_00013937_orig58555_58556_58557.png,0,0.013110715193627116
/root/New_CheckLiuliang_remote/datasets/toniot/test/normal/test_00013938_orig58558_58559_58560.png,0,0.0015006411869411948
/root/New_CheckLiuliang_remote/datasets/toniot/test/normal/test_00013939_orig58561_58562_58563.png,0,0.008056125200790652
/root/New_CheckLiuliang_remote/datasets/toniot/test/normal/test_00013940_orig58564_58565_58566.png,0,0.020782182187340327
/root/New_CheckLiuliang_remote/datasets/toniot/test/normal/test_00013941_orig58567_58568_58569.png,0,0.007828966068445836
/root/New_CheckLiuliang_remote/datasets/toniot/test/normal/test_00013942_orig58570_58571_58572.png,0,0.0011987837741153054
/root/New_CheckLiuliang_remote/datasets/toniot/test/normal/test_00013943_orig58573_58574_58575.png,0,0.006293978852543752
/root/New_CheckLiuliang_remote/datasets/toniot/test/normal/test_00013944_orig58576_58577_58578.png,0,0.018231446970305643
/root/New_CheckLiuliang_remote/datasets/toniot/test/normal/test_00013945_orig58579_58580_58581.png,0,0.005947787166173579
/root/New_CheckLiuliang_remote/datasets/toniot/test/normal/test_00013946_orig58582_58583_58584.png,0,0.0033968651425543284
/root/New_CheckLiuliang_remote/datasets/toniot/test/normal/test_00013947_orig58585_58586_58587.png,0,0.0029956704498092118
/root/New_CheckLiuliang_remote/datasets/toniot/test/normal/test_00013948_orig58588_58589_58590.png,0,0.007173040600967008
/root/New_CheckLiuliang_remote/datasets/toniot/test/normal/test_00013949_orig58591_58592_58593.png,0,0.00536975378358514
/root/New_CheckLiuliang_remote/datasets/toniot/test/normal/test_00013950_orig58594_58595_58596.png,0,0.0013309737887256272
/root/New_CheckLiuliang_remote/datasets/toniot/test/normal/test_00013951_orig58597_58598_58599.png,0,0.0029956704498092118
/root/New_CheckLiuliang_remote/datasets/toniot/test/normal/test_00013952_orig58600_58601_58602.png,0,0.013865436187176774
/root/New_CheckLiuliang_remote/datasets/toniot/test/normal/test_00013953_orig58603_58604_58605.png,0,0.0038137017029415427
/root/New_CheckLiuliang_remote/datasets/toniot/test/normal/test_00013954_orig58606_58607_58608.png,0,0.007263042264754037
/root/New_CheckLiuliang_remote/datasets/toniot/test/normal/test_00013955_orig58609_58610_58611.png,0,0.01089842608011324
/root/New_CheckLiuliang_remote/datasets/toniot/test/normal/test_00013956_orig58612_58613_58614.png,0,0.0058753225867539845
/root/New_CheckLiuliang_remote/datasets/toniot/test/normal/test_00013957_orig58615_58616_58617.png,0,0.26721699112985914
/root/New_CheckLiuliang_remote/datasets/toniot/test/normal/test_00013958_orig58618_58619_58620.png,0,0.004772483352224867
/root/New_CheckLiuliang_remote/datasets/toniot/test/normal/test_00013959_orig58621_58622_58623.png,0,0.000514477275131215
/root/New_CheckLiuliang_remote/datasets/toniot/test/normal/test_00013960_orig58624_58625_58626.png,0,0.47827510364674136
/root/New_CheckLiuliang_remote/datasets/toniot/test/normal/test_00013961_orig58627_58628_58629.png,0,0.021743157458259676
/root/New_CheckLiuliang_remote/datasets/toniot/test/normal/test_00013962_orig58630_58631_58632.png,0,0.007555940164831161
/root/New_CheckLiuliang_remote/datasets/toniot/test/normal/test_00013963_orig58633_58634_58635.png,0,0.006414835121863125
/root/New_CheckLiuliang_remote/datasets/toniot/test/normal/test_00013964_orig58636_58637_58638.png,0,0.005063459283502948
/root/New_CheckLiuliang_remote/datasets/toniot/test/normal/test_00013965_orig58639_58640_58641.png,0,0.010009329812320092
/root/New_CheckLiuliang_remote/datasets/toniot/test/normal/test_00013966_orig58642_58643_58644.png,0,0.005261787878479867
/root/New_CheckLiuliang_remote/datasets/toniot/test/normal/test_00013967_orig58645_58646_58647.png,0,0.0031535052864771263
/root/New_CheckLiuliang_remote/datasets/toniot/test/normal/test_00013968_orig58648_58649_58650.png,0,0.00976095279063165
/root/New_CheckLiuliang_remote/datasets/toniot/test/normal/test_00013969_orig58651_58652_58653.png,0,0.00201570356480525
/root/New_CheckLiuliang_remote/datasets/toniot/test/normal/test_00013970_orig58654_58655_58656.png,0,0.006450832999977745
/root/New_CheckLiuliang_remote/datasets/toniot/test/normal/test_00013971_orig58657_58658_58659.png,0,0.0022764594064866054
/root/New_CheckLiuliang_remote/datasets/toniot/test/normal/test_00013972_orig58660_58661_58662.png,0,0.30593447239744015
/root/New_CheckLiuliang_remote/datasets/toniot/test/normal/test_00013973_orig58663_58664_58665.png,0,0.0022764594064866054
/root/New_CheckLiuliang_remote/datasets/toniot/test/normal/test_00013974_orig58666_58667_58668.png,0,0.008143396908845333
/root/New_CheckLiuliang_remote/datasets/toniot/test/normal/test_00013975_orig58669_58670_58671.png,0,0.007330648716123073
/root/New_CheckLiuliang_remote/datasets/toniot/test/normal/test_00013976_orig58672_58673_58674.png,0,0.5516921713724903
/root/New_CheckLiuliang_remote/datasets/toniot/test/normal/test_00013977_orig58675_58676_58677.png,0,0.23066289583027477
/root/New_CheckLiuliang_remote/datasets/toniot/test/normal/test_00013978_orig58678_58679_58680.png,0,0.40139623383404266
/root/New_CheckLiuliang_remote/datasets/toniot/test/normal/test_00013979_orig58681_58682_58683.png,0,0.0038137017029415427
/root/New_CheckLiuliang_remote/datasets/toniot/test/normal/test_00013980_orig58684_58685_58686.png,0,0.33160025759802675
/root/New_CheckLiuliang_remote/datasets/toniot/test/normal/test_00013981_orig58687_58688_58689.png,0,0.3683365685528781
/root/New_CheckLiuliang_remote/datasets/toniot/test/normal/test_00013982_orig58690_58691_58692.png,0,0.41540439637334203
/root/New_CheckLiuliang_remote/datasets/toniot/test/normal/test_00013983_orig58693_58694_58695.png,0,0.4839692541143303
/root/New_CheckLiuliang_remote/datasets/toniot/test/normal/test_00013984_orig58696_58697_58698.png,0,0.47911005605348833
/root/New_CheckLiuliang_remote/datasets/toniot/test/normal/test_00013985_orig58699_58700_58701.png,0,0.010824004502720263
/root/New_CheckLiuliang_remote/datasets/toniot/test/normal/test_00013986_orig58702_58703_58704.png,0,0.0031535052864771263
/root/New_CheckLiuliang_remote/datasets/toniot/test/normal/test_00013987_orig58705_58706_58707.png,0,0.021453515904797583
/root/New_CheckLiuliang_remote/datasets/toniot/test/normal/test_00013988_orig58708_58709_58710.png,0,0.00201570356480525
/root/New_CheckLiuliang_remote/datasets/toniot/test/normal/test_00013989_orig58711_58712_58713.png,0,0.0034615150101607608
/root/New_CheckLiuliang_remote/datasets/toniot/test/normal/test_00013990_orig58714_58715_58716.png,0,0.006450832999977745
/root/New_CheckLiuliang_remote/datasets/toniot/test/normal/test_00013991_orig58717_58718_58719.png,0,0.0027821999203945175
/root/New_CheckLiuliang_remote/datasets/toniot/test/normal/test_00013992_orig58720_58721_58722.png,0,0.003209563819082882
/root/New_CheckLiuliang_remote/datasets/toniot/test/normal/test_00013993_orig58723_58724_58725.png,0,0.005797419794753368
/root/New_CheckLiuliang_remote/datasets/toniot/test/normal/test_00013994_orig58726_58727_58728.png,0,0.003443669088973662
/root/New_CheckLiuliang_remote/datasets/toniot/test/normal/test_00013995_orig58729_58730_58731.png,0,0.07487515734530469
/root/New_CheckLiuliang_remote/datasets/toniot/test/normal/test_00013996_orig58732_58733_58734.png,0,0.14120544297044255
/root/New_CheckLiuliang_remote/datasets/toniot/test/normal/test_00013997_orig58735_58736_58737.png,0,0.0031535052864771263
/root/New_CheckLiuliang_remote/datasets/toniot/test/normal/test_00013998_orig58738_58739_58740.png,0,0.007263042264754037
/root/New_CheckLiuliang_remote/datasets/toniot/test/normal/test_00013999_orig58741_58742_58743.png,0,0.003443669088973662
/root/New_CheckLiuliang_remote/datasets/toniot/test/normal/test_00014000_orig58744_58745_58746.png,0,0.0019879708539729127
/root/New_CheckLiuliang_remote/datasets/toniot/test/normal/test_00014001_orig58747_58748_58749.png,0,0.0021399488550316263
/root/New_CheckLiuliang_remote/datasets/toniot/test/normal/test_00014002_orig58750_58751_58752.png,0,0.0051870176411593005
/root/New_CheckLiuliang_remote/datasets/toniot/test/normal/test_00014003_orig58753_58754_58755.png,0,0.004278193499212025
/root/New_CheckLiuliang_remote/datasets/toniot/test/normal/test_00014004_orig58756_58757_58758.png,0,0.010492246709958672
/root/New_CheckLiuliang_remote/datasets/toniot/test/normal/test_00014005_orig58759_58760_58761.png,0,0.0038137017029415427
/root/New_CheckLiuliang_remote/datasets/toniot/test/normal/test_00014006_orig58762_58763_58764.png,0,0.00081617828419442
/root/New_CheckLiuliang_remote/datasets/toniot/test/normal/test_00014007_orig58765_58766_58767.png,0,0.0019879708539729127
/root/New_CheckLiuliang_remote/datasets/toniot/test/normal/test_00014008_orig58768_58769_58770.png,0,0.3782207950312026
/root/New_CheckLiuliang_remote/datasets/toniot/test/normal/test_00014009_orig58771_58772_58773.png,0,0.00081617828419442
/root/New_CheckLiuliang_remote/datasets/toniot/test/normal/test_00014010_orig58774_58775_58776.png,0,0.004959071021714045
/root/New_CheckLiuliang_remote/datasets/toniot/test/normal/test_00014011_orig58777_58778_58779.png,0,0.00550457675819551
/root/New_CheckLiuliang_remote/datasets/toniot/test/normal/test_00014012_orig58780_58781_58782.png,0,0.011010814931199348
/root/New_CheckLiuliang_remote/datasets/toniot/test/normal/test_00014013_orig58783_58784_58785.png,0,0.004329665947315365
/root/New_CheckLiuliang_remote/datasets/toniot/test/normal/test_00014014_orig58786_58787_58788.png,0,0.30087846275863567
/root/New_CheckLiuliang_remote/datasets/toniot/test/normal/test_00014015_orig58789_58790_58791.png,0,0.2545951247430751
/root/New_CheckLiuliang_remote/datasets/toniot/test/normal/test_00014016_orig58792_58793_58794.png,0,0.0025032232425618943
/root/New_CheckLiuliang_remote/datasets/toniot/test/normal/test_00014017_orig58795_58796_58797.png,0,0.003600099131546476
/root/New_CheckLiuliang_remote/datasets/toniot/test/normal/test_00014018_orig58798_58799_58800.png,0,0.0031954750557052873
/root/New_CheckLiuliang_remote/datasets/toniot/test/normal/test_00014019_orig58801_58802_58803.png,0,0.00798899355844732
/root/New_CheckLiuliang_remote/datasets/toniot/test/normal/test_00014020_orig58804_58805_58806.png,0,0.007330648716123073
/root/New_CheckLiuliang_remote/datasets/toniot/test/normal/test_00014021_orig58807_58808_58809.png,0,0.00374495186897001
/root/New_CheckLiuliang_remote/datasets/toniot/test/normal/test_00014022_orig58810_58811_58812.png,0,0.00026683277800768
/root/New_CheckLiuliang_remote/datasets/toniot/test/normal/test_00014023_orig58813_58814_58815.png,0,0.009619944197873835
/root/New_CheckLiuliang_remote/datasets/toniot/test/normal/test_00014024_orig58816_58817_58818.png,0,0.006256447599167381
/root/New_CheckLiuliang_remote/datasets/toniot/test/normal/test_00014025_orig58819_58820_58821.png,0,0.007625946263371561
/root/New_CheckLiuliang_remote/datasets/toniot/test/normal/test_00014026_orig58822_58823_58824.png,0,0.008143396908845333
/root/New_CheckLiuliang_remote/datasets/toniot/test/normal/test_00014027_orig58825_58826_58827.png,0,0.004693253967810826
/root/New_CheckLiuliang_remote/datasets/toniot/test/normal/test_00014028_orig58828_58829_58830.png,0,0.0047609645164848995
/root/New_CheckLiuliang_remote/datasets/toniot/test/normal/test_00014029_orig58831_58832_58833.png,0,0.003209563819082882
/root/New_CheckLiuliang_remote/datasets/toniot/test/normal/test_00014030_orig58834_58835_58836.png,0,0.010492246709958672
/root/New_CheckLiuliang_remote/datasets/toniot/test/normal/test_00014031_orig58837_58838_58839.png,0,0.004329665947315365
/root/New_CheckLiuliang_remote/datasets/toniot/test/normal/test_00014032_orig58840_58841_58842.png,0,0.007173040600967008
/root/New_CheckLiuliang_remote/datasets/toniot/test/normal/test_00014033_orig58843_58844_58845.png,0,0.0008218724437437405
/root/New_CheckLiuliang_remote/datasets/toniot/test/normal/test_00014034_orig58846_58847_58848.png,0,0.5946308162914578
/root/New_CheckLiuliang_remote/datasets/toniot/test/normal/test_00014035_orig58849_58850_58851.png,0,0.20178047809951963
/root/New_CheckLiuliang_remote/datasets/toniot/test/normal/test_00014036_orig58852_58853_58854.png,0,0.00201570356480525
/root/New_CheckLiuliang_remote/datasets/toniot/test/normal/test_00014037_orig58855_58856_58857.png,0,0.41540439637334203
/root/New_CheckLiuliang_remote/datasets/toniot/test/normal/test_00014038_orig58858_58859_58860.png,0,0.21346149588382696
/root/New_CheckLiuliang_remote/datasets/toniot/test/normal/test_00014039_orig58861_58862_58863.png,0,0.2564852497708562
/root/New_CheckLiuliang_remote/datasets/toniot/test/normal/test_00014040_orig58864_58865_58866.png,0,0.2555926688086292
/root/New_CheckLiuliang_remote/datasets/toniot/test/normal/test_00014041_orig58867_58868_58869.png,0,0.4361145324387692
/root/New_CheckLiuliang_remote/datasets/toniot/test/normal/test_00014042_orig58870_58871_58872.png,0,0.004772483352224867
/root/New_CheckLiuliang_remote/datasets/toniot/test/normal/test_00014043_orig58873_58874_58875.png,0,0.4124119618107608
/root/New_CheckLiuliang_remote/datasets/toniot/test/normal/test_00014044_orig58876_58877_58878.png,0,0.005173990857964672
/root/New_CheckLiuliang_remote/datasets/toniot/test/normal/test_00014045_orig58879_58880_58881.png,0,0.013110715193627116
/root/New_CheckLiuliang_remote/datasets/toniot/test/normal/test_00014046_orig58882_58883_58884.png,0,0.004563446589369467
/root/New_CheckLiuliang_remote/datasets/toniot/test/normal/test_00014047_orig58885_58886_58887.png,0,0.006811879768105911
/root/New_CheckLiuliang_remote/datasets/toniot/test/normal/test_00014048_orig58888_58889_58890.png,0,0.003844088534242449
/root/New_CheckLiuliang_remote/datasets/toniot/test/normal/test_00014049_orig58891_58892_58893.png,0,0.26981972468468524
/root/New_CheckLiuliang_remote/datasets/toniot/test/normal/test_00014050_orig58894_58895_58896.png,0,0.005261787878479867
/root/New_CheckLiuliang_remote/datasets/toniot/test/normal/test_00014051_orig58897_58898_58899.png,0,0.0031535052864771263
/root/New_CheckLiuliang_remote/datasets/toniot/test/normal/test_00014052_orig58900_58901_58902.png,0,0.0026379994505539286
/root/New_CheckLiuliang_remote/datasets/toniot/test/normal/test_00014053_orig58903_58904_58905.png,0,0.004420204770239869
/root/New_CheckLiuliang_remote/datasets/toniot/test/normal/test_00014054_orig58906_58907_58908.png,0,0.0015006411869411948
/root/New_CheckLiuliang_remote/datasets/toniot/test/normal/test_00014055_orig58909_58910_58911.png,0,0.004887689918398015
/root/New_CheckLiuliang_remote/datasets/toniot/test/normal/test_00014056_orig58912_58913_58914.png,0,0.0062926460696174245
/root/New_CheckLiuliang_remote/datasets/toniot/test/normal/test_00014057_orig58915_58916_58917.png,0,0.000514477275131215
/root/New_CheckLiuliang_remote/datasets/toniot/test/normal/test_00014058_orig58918_58919_58920.png,0,0.00976095279063165
/root/New_CheckLiuliang_remote/datasets/toniot/test/normal/test_00014059_orig58921_58922_58923.png,0,0.01046126388774879
/root/New_CheckLiuliang_remote/datasets/toniot/test/normal/test_00014060_orig58924_58925_58926.png,0,0.009542458939234373
/root/New_CheckLiuliang_remote/datasets/toniot/test/normal/test_00014061_orig58927_58928_58929.png,0,0.0031535052864771263
/root/New_CheckLiuliang_remote/datasets/toniot/test/normal/test_00014062_orig58930_58931_58932.png,0,0.0011236437104488873
/root/New_CheckLiuliang_remote/datasets/toniot/test/normal/test_00014063_orig58933_58934_58935.png,0,0.00026683277800768
/root/New_CheckLiuliang_remote/datasets/toniot/test/normal/test_00014064_orig58936_58937_58938.png,0,0.005947787166173579
/root/New_CheckLiuliang_remote/datasets/toniot/test/normal/test_00014065_orig58939_58940_58941.png,0,0.006811879768105911
/root/New_CheckLiuliang_remote/datasets/toniot/test/normal/test_00014066_orig58942_58943_58944.png,0,0.00026683277800768
/root/New_CheckLiuliang_remote/datasets/toniot/test/normal/test_00014067_orig58945_58946_58947.png,0,0.007555940164831161
/root/New_CheckLiuliang_remote/datasets/toniot/test/normal/test_00014068_orig58948_58949_58950.png,0,0.0010831761113480633
/root/New_CheckLiuliang_remote/datasets/toniot/test/normal/test_00014069_orig58951_58952_58953.png,0,0.004278193499212025
/root/New_CheckLiuliang_remote/datasets/toniot/test/normal/test_00014070_orig58954_58955_58956.png,0,0.005706891478266208
/root/New_CheckLiuliang_remote/datasets/toniot/test/normal/test_00014071_orig58957_58958_58959.png,0,0.0036104349037717888
/root/New_CheckLiuliang_remote/datasets/toniot/test/normal/test_00014072_orig58960_58961_58962.png,0,0.005277298100355733
/root/New_CheckLiuliang_remote/datasets/toniot/test/normal/test_00014073_orig58963_58964_58965.png,0,0.005947787166173579
/root/New_CheckLiuliang_remote/datasets/toniot/test/normal/test_00014074_orig58966_58967_58968.png,0,0.007828966068445836
/root/New_CheckLiuliang_remote/datasets/toniot/test/normal/test_00014075_orig58969_58970_58971.png,0,0.007335303136018311
/root/New_CheckLiuliang_remote/datasets/toniot/test/normal/test_00014076_orig58972_58973_58974.png,0,0.012189926161874878
/root/New_CheckLiuliang_remote/datasets/toniot/test/normal/test_00014077_orig58975_58976_58977.png,0,0.006334658865943712
/root/New_CheckLiuliang_remote/datasets/toniot/test/normal/test_00014078_orig58978_58979_58980.png,0,0.0
/root/New_CheckLiuliang_remote/datasets/toniot/test/normal/test_00014079_orig58981_58982_58983.png,0,0.0011236437104488873
/root/New_CheckLiuliang_remote/datasets/toniot/test/normal/test_00014080_orig58984_58985_58986.png,0,0.0022764594064866054
/root/New_CheckLiuliang_remote/datasets/toniot/test/normal/test_00014081_orig58987_58988_58989.png,0,0.005873670926915057
/root/New_CheckLiuliang_remote/datasets/toniot/test/normal/test_00014082_orig58990_58991_58992.png,0,0.004959071021714045
/root/New_CheckLiuliang_remote/datasets/toniot/test/normal/test_00014083_orig58993_58994_58995.png,0,0.0075109402790019585
/root/New_CheckLiuliang_remote/datasets/toniot/test/normal/test_00014084_orig58996_58997_58998.png,0,0.579608388322918
/root/New_CheckLiuliang_remote/datasets/toniot/test/normal/test_00014085_orig58999_59000_59001.png,0,0.00081617828419442
/root/New_CheckLiuliang_remote/datasets/toniot/test/normal/test_00014086_orig59002_59003_59004.png,0,0.007175828425990935
/root/New_CheckLiuliang_remote/datasets/toniot/test/normal/test_00014087_orig59005_59006_59007.png,0,0.007175828425990935
/root/New_CheckLiuliang_remote/datasets/toniot/test/normal/test_00014088_orig59008_59009_59010.png,0,0.008556774007095813
/root/New_CheckLiuliang_remote/datasets/toniot/test/normal/test_00014089_orig59011_59012_59013.png,0,0.0003072753613893255
/root/New_CheckLiuliang_remote/datasets/toniot/test/normal/test_00014090_orig59014_59015_59016.png,0,0.006599763555545798
/root/New_CheckLiuliang_remote/datasets/toniot/test/normal/test_00014091_orig59017_59018_59019.png,0,0.6422753100477256
/root/New_CheckLiuliang_remote/datasets/toniot/test/normal/test_00014092_orig59020_59021_59022.png,0,0.0010831761113480633
/root/New_CheckLiuliang_remote/datasets/toniot/test/normal/test_00014093_orig59023_59024_59025.png,0,0.5224964157870136
/root/New_CheckLiuliang_remote/datasets/toniot/test/normal/test_00014094_orig59026_59027_59028.png,0,0.245001842476498
/root/New_CheckLiuliang_remote/datasets/toniot/test/normal/test_00014095_orig59029_59030_59031.png,0,0.0026730412215979966
/root/New_CheckLiuliang_remote/datasets/toniot/test/normal/test_00014096_orig59032_59033_59034.png,0,0.00890045595341905
/root/New_CheckLiuliang_remote/datasets/toniot/test/normal/test_00014097_orig59035_59036_59037.png,0,0.004959071021714045
/root/New_CheckLiuliang_remote/datasets/toniot/test/normal/test_00014098_orig59038_59039_59040.png,0,0.48832268303045323
/root/New_CheckLiuliang_remote/datasets/toniot/test/normal/test_00014099_orig59041_59042_59043.png,0,0.41991068840872015
/root/New_CheckLiuliang_remote/datasets/toniot/test/normal/test_00014100_orig59044_59045_59046.png,0,0.013110715193627116
/root/New_CheckLiuliang_remote/datasets/toniot/test/normal/test_00014101_orig59047_59048_59049.png,0,0.013110715193627116
/root/New_CheckLiuliang_remote/datasets/toniot/test/normal/test_00014102_orig59050_59051_59052.png,0,0.004030744095643299
/root/New_CheckLiuliang_remote/datasets/toniot/test/normal/test_00014103_orig59053_59054_59055.png,0,0.0015006411869411948
/root/New_CheckLiuliang_remote/datasets/toniot/test/normal/test_00014104_orig59056_59057_59058.png,0,0.00201570356480525
/root/New_CheckLiuliang_remote/datasets/toniot/test/normal/test_00014105_orig59059_59060_59061.png,0,0.0026379994505539286
/root/New_CheckLiuliang_remote/datasets/toniot/test/normal/test_00014106_orig59062_59063_59064.png,0,0.005277298100355733
/root/New_CheckLiuliang_remote/datasets/toniot/test/normal/test_00014107_orig59065_59066_59067.png,0,0.004988652835541327
/root/New_CheckLiuliang_remote/datasets/toniot/test/normal/test_00014108_orig59068_59069_59070.png,0,0.004959071021714045
/root/New_CheckLiuliang_remote/datasets/toniot/test/normal/test_00014109_orig59071_59072_59073.png,0,0.007263042264754037
/root/New_CheckLiuliang_remote/datasets/toniot/test/normal/test_00014110_orig59074_59075_59076.png,0,0.00876654795862597
/root/New_CheckLiuliang_remote/datasets/toniot/test/normal/test_00014111_orig59077_59078_59079.png,0,0.0026379994505539286
/root/New_CheckLiuliang_remote/datasets/toniot/test/normal/test_00014112_orig59080_59081_59082.png,0,0.008248854440119224
/root/New_CheckLiuliang_remote/datasets/toniot/test/normal/test_00014113_orig59083_59084_59085.png,0,0.5067848450965047
/root/New_CheckLiuliang_remote/datasets/toniot/test/normal/test_00014114_orig59086_59087_59088.png,0,0.0003072753613893255
/root/New_CheckLiuliang_remote/datasets/toniot/test/normal/test_00014115_orig59089_59090_59091.png,0,0.004988154592500331
/root/New_CheckLiuliang_remote/datasets/toniot/test/normal/test_00014116_orig59092_59093_59094.png,0,0.003839179874721758
/root/New_CheckLiuliang_remote/datasets/toniot/test/normal/test_00014117_orig59095_59096_59097.png,0,0.004278193499212025
/root/New_CheckLiuliang_remote/datasets/toniot/test/normal/test_00014118_orig59098_59099_59100.png,0,0.0034615150101607608
/root/New_CheckLiuliang_remote/datasets/toniot/test/normal/test_00014119_orig59101_59102_59103.png,0,0.005618497025449832
/root/New_CheckLiuliang_remote/datasets/toniot/test/normal/test_00014120_orig59104_59105_59106.png,0,0.0029956704498092118
/root/New_CheckLiuliang_remote/datasets/toniot/test/normal/test_00014121_orig59107_59108_59109.png,0,0.0022764594064866054
/root/New_CheckLiuliang_remote/datasets/toniot/test/normal/test_00014122_orig59110_59111_59112.png,0,0.0029956704498092118
/root/New_CheckLiuliang_remote/datasets/toniot/test/normal/test_00014123_orig59113_59114_59115.png,0,0.007589460909410009
/root/New_CheckLiuliang_remote/datasets/toniot/test/normal/test_00014124_orig59116_59117_59118.png,0,0.0
/root/New_CheckLiuliang_remote/datasets/toniot/test/normal/test_00014125_orig59119_59120_59121.png,0,0.0003072753613893255
/root/New_CheckLiuliang_remote/datasets/toniot/test/normal/test_00014126_orig59122_59123_59124.png,0,0.0015006411869411948
/root/New_CheckLiuliang_remote/datasets/toniot/test/normal/test_00014127_orig59125_59126_59127.png,0,0.00201570356480525
/root/New_CheckLiuliang_remote/datasets/toniot/test/normal/test_00014128_orig59128_59129_59130.png,0,0.0
/root/New_CheckLiuliang_remote/datasets/toniot/test/normal/test_00014129_orig59131_59132_59133.png,0,0.00519141726935735
/root/New_CheckLiuliang_remote/datasets/toniot/test/normal/test_00014130_orig59134_59135_59136.png,0,0.011639390912652689
/root/New_CheckLiuliang_remote/datasets/toniot/test/normal/test_00014131_orig59137_59138_59139.png,0,0.008439692681991203
/root/New_CheckLiuliang_remote/datasets/toniot/test/normal/test_00014132_orig59140_59141_59142.png,0,0.004772483352224867
/root/New_CheckLiuliang_remote/datasets/toniot/test/normal/test_00014133_orig59143_59144_59145.png,0,0.0
/root/New_CheckLiuliang_remote/datasets/toniot/test/normal/test_00014134_orig59146_59147_59148.png,0,0.0021399488550316263
/root/New_CheckLiuliang_remote/datasets/toniot/test/normal/test_00014135_orig59149_59150_59151.png,0,0.007009820069693913
/root/New_CheckLiuliang_remote/datasets/toniot/test/normal/test_00014136_orig59152_59153_59154.png,0,0.015435935608663577
/root/New_CheckLiuliang_remote/datasets/toniot/test/normal/test_00014137_orig59155_59156_59157.png,0,0.0035113157423068905
/root/New_CheckLiuliang_remote/datasets/toniot/test/normal/test_00014138_orig59158_59159_59160.png,0,0.004994821323096381
/root/New_CheckLiuliang_remote/datasets/toniot/test/normal/test_00014139_orig59161_59162_59163.png,0,0.007175828425990935
/root/New_CheckLiuliang_remote/datasets/toniot/test/normal/test_00014140_orig59164_59165_59166.png,0,0.011463774340132706
/root/New_CheckLiuliang_remote/datasets/toniot/test/normal/test_00014141_orig59167_59168_59169.png,0,0.0034770456412730453
/root/New_CheckLiuliang_remote/datasets/toniot/test/normal/test_00014142_orig59170_59171_59172.png,0,0.005947787166173579
/root/New_CheckLiuliang_remote/datasets/toniot/test/normal/test_00014143_orig59173_59174_59175.png,0,0.005947787166173579
/root/New_CheckLiuliang_remote/datasets/toniot/test/normal/test_00014144_orig59176_59177_59178.png,0,0.0026379994505539286
/root/New_CheckLiuliang_remote/datasets/toniot/test/normal/test_00014145_orig59179_59180_59181.png,0,0.0024462482566675286
/root/New_CheckLiuliang_remote/datasets/toniot/test/normal/test_00014146_orig59182_59183_59184.png,0,0.5469954299382018
/root/New_CheckLiuliang_remote/datasets/toniot/test/normal/test_00014147_orig59185_59186_59187.png,0,0.4631342548986563
/root/New_CheckLiuliang_remote/datasets/toniot/test/normal/test_00014148_orig59188_59189_59190.png,0,0.4111373636773441
/root/New_CheckLiuliang_remote/datasets/toniot/test/normal/test_00014149_orig59191_59192_59193.png,0,0.008143396908845333
/root/New_CheckLiuliang_remote/datasets/toniot/test/normal/test_00014150_orig59194_59195_59196.png,0,0.4743872265635155
/root/New_CheckLiuliang_remote/datasets/toniot/test/normal/test_00014151_orig59197_59198_59199.png,0,0.5362556300144811
/root/New_CheckLiuliang_remote/datasets/toniot/test/normal/test_00014152_orig59200_59201_59202.png,0,0.0006840397906234953
/root/New_CheckLiuliang_remote/datasets/toniot/test/normal/test_00014153_orig59203_59204_59205.png,0,0.6279764635651728
/root/New_CheckLiuliang_remote/datasets/toniot/test/normal/test_00014154_orig59206_59207_59208.png,0,0.008889035780013117
/root/New_CheckLiuliang_remote/datasets/toniot/test/normal/test_00014155_orig59209_59210_59211.png,0,0.005947787166173579
/root/New_CheckLiuliang_remote/datasets/toniot/test/normal/test_00014156_orig59212_59213_59214.png,0,0.013789072501761567
/root/New_CheckLiuliang_remote/datasets/toniot/test/normal/test_00014157_orig59215_59216_59217.png,0,0.013110715193627116
/root/New_CheckLiuliang_remote/datasets/toniot/test/normal/test_00014158_orig59218_59219_59220.png,0,0.00608855324207481
/root/New_CheckLiuliang_remote/datasets/toniot/test/normal/test_00014159_orig59221_59222_59223.png,0,0.008976454337366319
/root/New_CheckLiuliang_remote/datasets/toniot/test/normal/test_00014160_orig59224_59225_59226.png,0,0.008056125200790652
/root/New_CheckLiuliang_remote/datasets/toniot/test/normal/test_00014161_orig59227_59228_59229.png,0,0.006293978852543752
/root/New_CheckLiuliang_remote/datasets/toniot/test/normal/test_00014162_orig59230_59231_59232.png,0,0.00201570356480525
/root/New_CheckLiuliang_remote/datasets/toniot/test/normal/test_00014163_orig59233_59234_59235.png,0,0.0031535052864771263
/root/New_CheckLiuliang_remote/datasets/toniot/test/normal/test_00014164_orig59236_59237_59238.png,0,0.008248854440119224
/root/New_CheckLiuliang_remote/datasets/toniot/test/normal/test_00014165_orig59239_59240_59241.png,0,0.0022764594064866054
/root/New_CheckLiuliang_remote/datasets/toniot/test/normal/test_00014166_orig59242_59243_59244.png,0,0.0024462482566675286
/root/New_CheckLiuliang_remote/datasets/toniot/test/normal/test_00014167_orig59245_59246_59247.png,0,0.006851606036108679
/root/New_CheckLiuliang_remote/datasets/toniot/test/normal/test_00014168_orig59248_59249_59250.png,0,0.0074280815235835155
/root/New_CheckLiuliang_remote/datasets/toniot/test/normal/test_00014169_orig59251_59252_59253.png,0,0.0022764594064866054
/root/New_CheckLiuliang_remote/datasets/toniot/test/normal/test_00014170_orig59254_59255_59256.png,0,0.011010814931199348
/root/New_CheckLiuliang_remote/datasets/toniot/test/normal/test_00014171_orig59257_59258_59259.png,0,0.007858196324705235
/root/New_CheckLiuliang_remote/datasets/toniot/test/normal/test_00014172_orig59260_59261_59262.png,0,0.011088085649099542
/root/New_CheckLiuliang_remote/datasets/toniot/test/normal/test_00014173_orig59263_59264_59265.png,0,0.0025032232425618943
/root/New_CheckLiuliang_remote/datasets/toniot/test/normal/test_00014174_orig59266_59267_59268.png,0,0.0022764594064866054
/root/New_CheckLiuliang_remote/datasets/toniot/test/normal/test_00014175_orig59269_59270_59271.png,0,0.005947787166173579
/root/New_CheckLiuliang_remote/datasets/toniot/test/normal/test_00014176_orig59272_59273_59274.png,0,0.00026683277800768
/root/New_CheckLiuliang_remote/datasets/toniot/test/normal/test_00014177_orig59275_59276_59277.png,0,0.0026730412215979966
/root/New_CheckLiuliang_remote/datasets/toniot/test/normal/test_00014178_orig59278_59279_59280.png,0,0.0031535052864771263
/root/New_CheckLiuliang_remote/datasets/toniot/test/normal/test_00014179_orig59281_59282_59283.png,0,0.005778316734291729
/root/New_CheckLiuliang_remote/datasets/toniot/test/normal/test_00014180_orig59284_59285_59286.png,0,0.007175828425990935
/root/New_CheckLiuliang_remote/datasets/toniot/test/normal/test_00014181_orig59287_59288_59289.png,0,0.005778316734291729
/root/New_CheckLiuliang_remote/datasets/toniot/test/normal/test_00014182_orig59290_59291_59292.png,0,0.0074280815235835155
/root/New_CheckLiuliang_remote/datasets/toniot/test/normal/test_00014183_orig59293_59294_59295.png,0,0.0022764594064866054
/root/New_CheckLiuliang_remote/datasets/toniot/test/normal/test_00014184_orig59296_59297_59298.png,0,0.014462991751594404
/root/New_CheckLiuliang_remote/datasets/toniot/test/normal/test_00014185_orig59299_59300_59301.png,0,0.003209563819082882
/root/New_CheckLiuliang_remote/datasets/toniot/test/normal/test_00014186_orig59302_59303_59304.png,0,0.005080870090163138
/root/New_CheckLiuliang_remote/datasets/toniot/test/normal/test_00014187_orig59305_59306_59307.png,0,0.009989400646096559
/root/New_CheckLiuliang_remote/datasets/toniot/test/normal/test_00014188_orig59308_59309_59310.png,0,0.0017612953990700678
/root/New_CheckLiuliang_remote/datasets/toniot/test/normal/test_00014189_orig59311_59312_59313.png,0,0.0038137017029415427
/root/New_CheckLiuliang_remote/datasets/toniot/test/normal/test_00014190_orig59314_59315_59316.png,0,0.00665199417751254
/root/New_CheckLiuliang_remote/datasets/toniot/test/normal/test_00014191_orig59317_59318_59319.png,0,0.004278193499212025
/root/New_CheckLiuliang_remote/datasets/toniot/test/normal/test_00014192_orig59320_59321_59322.png,0,0.0030947509795949592
/root/New_CheckLiuliang_remote/datasets/toniot/test/normal/test_00014193_orig59323_59324_59325.png,0,0.007672022374312465
/root/New_CheckLiuliang_remote/datasets/toniot/test/normal/test_00014194_orig59326_59327_59328.png,0,0.004579911332585252
/root/New_CheckLiuliang_remote/datasets/toniot/test/normal/test_00014195_orig59329_59330_59331.png,0,0.00734085683611855
/root/New_CheckLiuliang_remote/datasets/toniot/test/normal/test_00014196_orig59332_59333_59334.png,0,0.007437874112980476
/root/New_CheckLiuliang_remote/datasets/toniot/test/normal/test_00014197_orig59335_59336_59337.png,0,0.007241683370589257
/root/New_CheckLiuliang_remote/datasets/toniot/test/normal/test_00014198_orig59338_59339_59340.png,0,0.0010831761113480633
/root/New_CheckLiuliang_remote/datasets/toniot/test/normal/test_00014199_orig59341_59342_59343.png,0,0.0013309737887256272
/root/New_CheckLiuliang_remote/datasets/toniot/test/normal/test_00014200_orig59344_59345_59346.png,0,0.007858196324705235
/root/New_CheckLiuliang_remote/datasets/toniot/test/normal/test_00014201_orig59347_59348_59349.png,0,0.00876654795862597
/root/New_CheckLiuliang_remote/datasets/toniot/test/normal/test_00014202_orig59350_59351_59352.png,0,0.6360849262749291
/root/New_CheckLiuliang_remote/datasets/toniot/test/normal/test_00014203_orig59353_59354_59355.png,0,0.350388597794171
/root/New_CheckLiuliang_remote/datasets/toniot/test/normal/test_00014204_orig59356_59357_59358.png,0,0.32386137840839524
/root/New_CheckLiuliang_remote/datasets/toniot/test/normal/test_00014205_orig59359_59360_59361.png,0,0.33887572356272855
/root/New_CheckLiuliang_remote/datasets/toniot/test/normal/test_00014206_orig59362_59363_59364.png,0,0.3669470695322733
/root/New_CheckLiuliang_remote/datasets/toniot/test/normal/test_00014207_orig59365_59366_59367.png,0,0.47599672936129944
/root/New_CheckLiuliang_remote/datasets/toniot/test/normal/test_00014208_orig59368_59369_59370.png,0,0.33350603379609345
/root/New_CheckLiuliang_remote/datasets/toniot/test/normal/test_00014209_orig59371_59372_59373.png,0,0.0022764594064866054
/root/New_CheckLiuliang_remote/datasets/toniot/test/normal/test_00014210_orig59374_59375_59376.png,0,0.0022764594064866054
/root/New_CheckLiuliang_remote/datasets/toniot/test/normal/test_00014211_orig59377_59378_59379.png,0,0.2551790184840784
/root/New_CheckLiuliang_remote/datasets/toniot/test/normal/test_00014212_orig59380_59381_59382.png,0,0.009989400646096559
/root/New_CheckLiuliang_remote/datasets/toniot/test/normal/test_00014213_orig59383_59384_59385.png,0,0.013110715193627116
/root/New_CheckLiuliang_remote/datasets/toniot/test/normal/test_00014214_orig59386_59387_59388.png,0,0.009989400646096559
/root/New_CheckLiuliang_remote/datasets/toniot/test/normal/test_00014215_orig59389_59390_59391.png,0,0.4104584980169299
/root/New_CheckLiuliang_remote/datasets/toniot/test/normal/test_00014216_orig59392_59393_59394.png,0,0.007672022374312465
/root/New_CheckLiuliang_remote/datasets/toniot/test/normal/test_00014217_orig59395_59396_59397.png,0,0.007173040600967008
/root/New_CheckLiuliang_remote/datasets/toniot/test/normal/test_00014218_orig59398_59399_59400.png,0,0.47987807257572757
/root/New_CheckLiuliang_remote/datasets/toniot/test/normal/test_00014219_orig59401_59402_59403.png,0,0.0037622493162177257
/root/New_CheckLiuliang_remote/datasets/toniot/test/normal/test_00014220_orig59404_59405_59406.png,0,0.0029574508024339235
/root/New_CheckLiuliang_remote/datasets/toniot/test/normal/test_00014221_orig59407_59408_59409.png,0,0.00608855324207481
/root/New_CheckLiuliang_remote/datasets/toniot/test/normal/test_00014222_orig59410_59411_59412.png,0,0.005655365481793591
/root/New_CheckLiuliang_remote/datasets/toniot/test/normal/test_00014223_orig59413_59414_59415.png,0,0.003209563819082882
/root/New_CheckLiuliang_remote/datasets/toniot/test/normal/test_00014224_orig59416_59417_59418.png,0,0.0029574508024339235
/root/New_CheckLiuliang_remote/datasets/toniot/test/normal/test_00014225_orig59419_59420_59421.png,0,0.0038137017029415427
/root/New_CheckLiuliang_remote/datasets/toniot/test/normal/test_00014226_orig59422_59423_59424.png,0,0.002566782552181185
/root/New_CheckLiuliang_remote/datasets/toniot/test/normal/test_00014227_orig59425_59426_59427.png,0,0.00939199030956695
/root/New_CheckLiuliang_remote/datasets/toniot/test/normal/test_00014228_orig59428_59429_59430.png,0,0.00932644216864353
/root/New_CheckLiuliang_remote/datasets/toniot/test/normal/test_00014229_orig59431_59432_59433.png,0,0.011820725636666961
/root/New_CheckLiuliang_remote/datasets/toniot/test/normal/test_00014230_orig59434_59435_59436.png,0,0.004772483352224867
/root/New_CheckLiuliang_remote/datasets/toniot/test/normal/test_00014231_orig59437_59438_59439.png,0,0.008331764447737342
/root/New_CheckLiuliang_remote/datasets/toniot/test/normal/test_00014232_orig59440_59441_59442.png,0,0.010977642965662683
/root/New_CheckLiuliang_remote/datasets/toniot/test/normal/test_00014233_orig59443_59444_59445.png,0,0.010171396353999426
/root/New_CheckLiuliang_remote/datasets/toniot/test/normal/test_00014234_orig59446_59447_59448.png,0,0.004030744095643299
/root/New_CheckLiuliang_remote/datasets/toniot/test/normal/test_00014235_orig59449_59450_59451.png,0,0.005542211465610723
/root/New_CheckLiuliang_remote/datasets/toniot/test/normal/test_00014236_orig59452_59453_59454.png,0,0.008439692681991203
/root/New_CheckLiuliang_remote/datasets/toniot/test/normal/test_00014237_orig59455_59456_59457.png,0,0.015574755597440223
/root/New_CheckLiuliang_remote/datasets/toniot/test/normal/test_00014238_orig59458_59459_59460.png,0,0.0051020304593465725
/root/New_CheckLiuliang_remote/datasets/toniot/test/normal/test_00014239_orig59461_59462_59463.png,0,0.011010814931199348
/root/New_CheckLiuliang_remote/datasets/toniot/test/normal/test_00014240_orig59464_59465_59466.png,0,0.007858196324705235
/root/New_CheckLiuliang_remote/datasets/toniot/test/normal/test_00014241_orig59467_59468_59469.png,0,0.008056125200790652
/root/New_CheckLiuliang_remote/datasets/toniot/test/normal/test_00014242_orig59470_59471_59472.png,0,0.0013309737887256272
/root/New_CheckLiuliang_remote/datasets/toniot/test/normal/test_00014243_orig59473_59474_59475.png,0,0.006450832999977745
/root/New_CheckLiuliang_remote/datasets/toniot/test/normal/test_00014244_orig59476_59477_59478.png,0,0.008264215049011014
/root/New_CheckLiuliang_remote/datasets/toniot/test/normal/test_00014245_orig59479_59480_59481.png,0,0.009600711693442635
/root/New_CheckLiuliang_remote/datasets/toniot/test/normal/test_00014246_orig59482_59483_59484.png,0,0.007510637173825069
/root/New_CheckLiuliang_remote/datasets/toniot/test/normal/test_00014247_orig59485_59486_59487.png,0,0.00665199417751254
/root/New_CheckLiuliang_remote/datasets/toniot/test/normal/test_00014248_orig59488_59489_59490.png,0,0.004047391229023868
/root/New_CheckLiuliang_remote/datasets/toniot/test/normal/test_00014249_orig59491_59492_59493.png,0,0.005156567596559899
/root/New_CheckLiuliang_remote/datasets/toniot/test/normal/test_00014250_orig59494_59495_59496.png,0,0.013110715193627116
/root/New_CheckLiuliang_remote/datasets/toniot/test/normal/test_00014251_orig59497_59498_59499.png,0,0.010114364144022343
/root/New_CheckLiuliang_remote/datasets/toniot/test/normal/test_00014252_orig59500_59501_59502.png,0,0.004640281067385804
/root/New_CheckLiuliang_remote/datasets/toniot/test/normal/test_00014253_orig59503_59504_59505.png,0,0.004442861466802177
/root/New_CheckLiuliang_remote/datasets/toniot/test/normal/test_00014254_orig59506_59507_59508.png,0,0.00081617828419442
/root/New_CheckLiuliang_remote/datasets/toniot/test/normal/test_00014255_orig59509_59510_59511.png,0,0.005797419794753368
/root/New_CheckLiuliang_remote/datasets/toniot/test/normal/test_00014256_orig59512_59513_59514.png,0,0.004030744095643299
/root/New_CheckLiuliang_remote/datasets/toniot/test/normal/test_00014257_orig59515_59516_59517.png,0,0.0045472090432806585
/root/New_CheckLiuliang_remote/datasets/toniot/test/normal/test_00014258_orig59518_59519_59520.png,0,0.009619944197873835
/root/New_CheckLiuliang_remote/datasets/toniot/test/normal/test_00014259_orig59521_59522_59523.png,0,0.007828966068445836
/root/New_CheckLiuliang_remote/datasets/toniot/test/normal/test_00014260_orig59524_59525_59526.png,0,0.38923659730206195
/root/New_CheckLiuliang_remote/datasets/toniot/test/normal/test_00014261_orig59527_59528_59529.png,0,0.3092131174615094
/root/New_CheckLiuliang_remote/datasets/toniot/test/normal/test_00014262_orig59530_59531_59532.png,0,0.17820005532575725
/root/New_CheckLiuliang_remote/datasets/toniot/test/normal/test_00014263_orig59533_59534_59535.png,0,0.4973376183804925
/root/New_CheckLiuliang_remote/datasets/toniot/test/normal/test_00014264_orig59536_59537_59538.png,0,0.5454671473510841
/root/New_CheckLiuliang_remote/datasets/toniot/test/normal/test_00014265_orig59539_59540_59541.png,0,0.43623791208359997
/root/New_CheckLiuliang_remote/datasets/toniot/test/normal/test_00014266_orig59542_59543_59544.png,0,0.007523526647297107
/root/New_CheckLiuliang_remote/datasets/toniot/test/normal/test_00014267_orig59545_59546_59547.png,0,0.0010831761113480633
/root/New_CheckLiuliang_remote/datasets/toniot/test/normal/test_00014268_orig59548_59549_59550.png,0,0.2645837812833716
/root/New_CheckLiuliang_remote/datasets/toniot/test/normal/test_00014269_orig59551_59552_59553.png,0,0.2657409016599979
/root/New_CheckLiuliang_remote/datasets/toniot/test/normal/test_00014270_orig59554_59555_59556.png,0,0.013110715193627116
/root/New_CheckLiuliang_remote/datasets/toniot/test/normal/test_00014271_orig59557_59558_59559.png,0,0.0035113157423068905
/root/New_CheckLiuliang_remote/datasets/toniot/test/normal/test_00014272_orig59560_59561_59562.png,0,0.011010814931199348
/root/New_CheckLiuliang_remote/datasets/toniot/test/normal/test_00014273_orig59563_59564_59565.png,0,0.005947787166173579
/root/New_CheckLiuliang_remote/datasets/toniot/test/normal/test_00014274_orig59566_59567_59568.png,0,0.008040937359176041
/root/New_CheckLiuliang_remote/datasets/toniot/test/normal/test_00014275_orig59569_59570_59571.png,0,0.00798899355844732
/root/New_CheckLiuliang_remote/datasets/toniot/test/normal/test_00014276_orig59572_59573_59574.png,0,0.003209563819082882
/root/New_CheckLiuliang_remote/datasets/toniot/test/normal/test_00014277_orig59575_59576_59577.png,0,0.006811879768105911
/root/New_CheckLiuliang_remote/datasets/toniot/test/normal/test_00014278_orig59578_59579_59580.png,0,0.0026900740324698556
/root/New_CheckLiuliang_remote/datasets/toniot/test/normal/test_00014279_orig59581_59582_59583.png,0,0.004415298676042806
/root/New_CheckLiuliang_remote/datasets/toniot/test/normal/test_00014280_orig59584_59585_59586.png,0,0.0027821999203945175
/root/New_CheckLiuliang_remote/datasets/toniot/test/normal/test_00014281_orig59587_59588_59589.png,0,0.008688371115500968
/root/New_CheckLiuliang_remote/datasets/toniot/test/normal/test_00014282_orig59590_59591_59592.png,0,0.0022764594064866054
/root/New_CheckLiuliang_remote/datasets/toniot/test/normal/test_00014283_orig59593_59594_59595.png,0,0.004640281067385804
/root/New_CheckLiuliang_remote/datasets/toniot/test/normal/test_00014284_orig59596_59597_59598.png,0,0.007945455021234688
/root/New_CheckLiuliang_remote/datasets/toniot/test/normal/test_00014285_orig59599_59600_59601.png,0,0.01670752583912402
/root/New_CheckLiuliang_remote/datasets/toniot/test/normal/test_00014286_orig59602_59603_59604.png,0,0.007555940164831161
/root/New_CheckLiuliang_remote/datasets/toniot/test/normal/test_00014287_orig59605_59606_59607.png,0,0.0031535052864771263
/root/New_CheckLiuliang_remote/datasets/toniot/test/normal/test_00014288_orig59608_59609_59610.png,0,0.0029956704498092118
/root/New_CheckLiuliang_remote/datasets/toniot/test/normal/test_00014289_orig59611_59612_59613.png,0,0.020782182187340327
/root/New_CheckLiuliang_remote/datasets/toniot/test/normal/test_00014290_orig59614_59615_59616.png,0,0.0015006411869411948
/root/New_CheckLiuliang_remote/datasets/toniot/test/normal/test_00014291_orig59617_59618_59619.png,0,0.007265311104616472
/root/New_CheckLiuliang_remote/datasets/toniot/test/normal/test_00014292_orig59620_59621_59622.png,0,0.001638559096310037
/root/New_CheckLiuliang_remote/datasets/toniot/test/normal/test_00014293_orig59623_59624_59625.png,0,0.0022764594064866054
/root/New_CheckLiuliang_remote/datasets/toniot/test/normal/test_00014294_orig59626_59627_59628.png,0,0.009071177965409799
/root/New_CheckLiuliang_remote/datasets/toniot/test/normal/test_00014295_orig59629_59630_59631.png,0,0.005063459283502948
/root/New_CheckLiuliang_remote/datasets/toniot/test/normal/test_00014296_orig59632_59633_59634.png,0,0.005934042031046685
/root/New_CheckLiuliang_remote/datasets/toniot/test/normal/test_00014297_orig59635_59636_59637.png,0,0.005087780372389604
/root/New_CheckLiuliang_remote/datasets/toniot/test/normal/test_00014298_orig59638_59639_59640.png,0,0.0031535052864771263
/root/New_CheckLiuliang_remote/datasets/toniot/test/normal/test_00014299_orig59641_59642_59643.png,0,0.008248854440119224
/root/New_CheckLiuliang_remote/datasets/toniot/test/normal/test_00014300_orig59644_59645_59646.png,0,0.008143396908845333
/root/New_CheckLiuliang_remote/datasets/toniot/test/normal/test_00014301_orig59647_59648_59649.png,0,0.4409232919456275
/root/New_CheckLiuliang_remote/datasets/toniot/test/normal/test_00014302_orig59650_59651_59652.png,0,0.015016936386718695
/root/New_CheckLiuliang_remote/datasets/toniot/test/normal/test_00014303_orig59653_59654_59655.png,0,0.013110715193627116
/root/New_CheckLiuliang_remote/datasets/toniot/test/normal/test_00014304_orig59656_59657_59658.png,0,0.01055319832399106
/root/New_CheckLiuliang_remote/datasets/toniot/test/normal/test_00014305_orig59659_59660_59661.png,0,0.0015006411869411948
/root/New_CheckLiuliang_remote/datasets/toniot/test/normal/test_00014306_orig59662_59663_59664.png,0,0.29466198485683726
/root/New_CheckLiuliang_remote/datasets/toniot/test/normal/test_00014307_orig59665_59666_59667.png,0,0.4709788247913515
/root/New_CheckLiuliang_remote/datasets/toniot/test/normal/test_00014308_orig59668_59669_59670.png,0,0.44369854897664857
/root/New_CheckLiuliang_remote/datasets/toniot/test/normal/test_00014309_orig59671_59672_59673.png,0,0.0035113157423068905
/root/New_CheckLiuliang_remote/datasets/toniot/test/normal/test_00014310_orig59674_59675_59676.png,0,0.00643752595309216
/root/New_CheckLiuliang_remote/datasets/toniot/test/normal/test_00014311_orig59677_59678_59679.png,0,0.0
/root/New_CheckLiuliang_remote/datasets/toniot/test/normal/test_00014312_orig59680_59681_59682.png,0,0.00081617828419442
/root/New_CheckLiuliang_remote/datasets/toniot/test/normal/test_00014313_orig59683_59684_59685.png,0,0.017071427712648368
/root/New_CheckLiuliang_remote/datasets/toniot/test/normal/test_00014314_orig59686_59687_59688.png,0,0.004047391229023868
/root/New_CheckLiuliang_remote/datasets/toniot/test/normal/test_00014315_orig59689_59690_59691.png,0,0.00081617828419442
/root/New_CheckLiuliang_remote/datasets/toniot/test/normal/test_00014316_orig59692_59693_59694.png,0,0.004030744095643299
/root/New_CheckLiuliang_remote/datasets/toniot/test/normal/test_00014317_orig59695_59696_59697.png,0,0.0106621964025825
/root/New_CheckLiuliang_remote/datasets/toniot/test/normal/test_00014318_orig59698_59699_59700.png,0,0.0010831761113480633
/root/New_CheckLiuliang_remote/datasets/toniot/test/normal/test_00014319_orig59701_59702_59703.png,0,0.0073686461645222105
/root/New_CheckLiuliang_remote/datasets/toniot/test/normal/test_00014320_orig59704_59705_59706.png,0,0.43035802610487134
/root/New_CheckLiuliang_remote/datasets/toniot/test/normal/test_00014321_orig59707_59708_59709.png,0,0.3471912061860313
/root/New_CheckLiuliang_remote/datasets/toniot/test/normal/test_00014322_orig59710_59711_59712.png,0,0.5150944969684809
/root/New_CheckLiuliang_remote/datasets/toniot/test/normal/test_00014323_orig59713_59714_59715.png,0,0.24310090334078868
/root/New_CheckLiuliang_remote/datasets/toniot/test/normal/test_00014324_orig59716_59717_59718.png,0,0.00026683277800768
/root/New_CheckLiuliang_remote/datasets/toniot/test/normal/test_00014325_orig59719_59720_59721.png,0,0.005156567596559899
/root/New_CheckLiuliang_remote/datasets/toniot/test/normal/test_00014326_orig59722_59723_59724.png,0,0.0025032232425618943
/root/New_CheckLiuliang_remote/datasets/toniot/test/normal/test_00014327_orig59725_59726_59727.png,0,0.5120856955600919
/root/New_CheckLiuliang_remote/datasets/toniot/test/normal/test_00014328_orig59728_59729_59730.png,0,0.40708633649554576
/root/New_CheckLiuliang_remote/datasets/toniot/test/normal/test_00014329_orig59731_59732_59733.png,0,0.006811879768105911
/root/New_CheckLiuliang_remote/datasets/toniot/test/normal/test_00014330_orig59734_59735_59736.png,0,0.009989400646096559
/root/New_CheckLiuliang_remote/datasets/toniot/test/normal/test_00014331_orig59737_59738_59739.png,0,0.0026900740324698556
/root/New_CheckLiuliang_remote/datasets/toniot/test/normal/test_00014332_orig59740_59741_59742.png,0,0.007402621695986765
/root/New_CheckLiuliang_remote/datasets/toniot/test/normal/test_00014333_orig59743_59744_59745.png,0,0.008688371115500968
/root/New_CheckLiuliang_remote/datasets/toniot/test/normal/test_00014334_orig59746_59747_59748.png,0,0.00081617828419442
/root/New_CheckLiuliang_remote/datasets/toniot/test/normal/test_00014335_orig59749_59750_59751.png,0,0.005222051519420451
/root/New_CheckLiuliang_remote/datasets/toniot/test/normal/test_00014336_orig59752_59753_59754.png,0,0.00798899355844732
/root/New_CheckLiuliang_remote/datasets/toniot/test/normal/test_00014337_orig59755_59756_59757.png,0,0.002154948267260838
/root/New_CheckLiuliang_remote/datasets/toniot/test/normal/test_00014338_orig59758_59759_59760.png,0,0.004030744095643299
/root/New_CheckLiuliang_remote/datasets/toniot/test/normal/test_00014339_orig59761_59762_59763.png,0,0.0006840397906234953
/root/New_CheckLiuliang_remote/datasets/toniot/test/normal/test_00014340_orig59764_59765_59766.png,0,0.005797419794753368
/root/New_CheckLiuliang_remote/datasets/toniot/test/normal/test_00014341_orig59767_59768_59769.png,0,0.008556014907208285
/root/New_CheckLiuliang_remote/datasets/toniot/test/normal/test_00014342_orig59770_59771_59772.png,0,0.0034615150101607608
/root/New_CheckLiuliang_remote/datasets/toniot/test/normal/test_00014343_orig59773_59774_59775.png,0,0.003443669088973662
/root/New_CheckLiuliang_remote/datasets/toniot/test/normal/test_00014344_orig59776_59777_59778.png,0,0.0037252925089949077
/root/New_CheckLiuliang_remote/datasets/toniot/test/normal/test_00014345_orig59779_59780_59781.png,0,0.0021399488550316263
/root/New_CheckLiuliang_remote/datasets/toniot/test/normal/test_00014346_orig59782_59783_59784.png,0,0.000514477275131215
/root/New_CheckLiuliang_remote/datasets/toniot/test/normal/test_00014347_orig59785_59786_59787.png,0,0.005277298100355733
/root/New_CheckLiuliang_remote/datasets/toniot/test/normal/test_00014348_orig59788_59789_59790.png,0,0.0006840397906234953
/root/New_CheckLiuliang_remote/datasets/toniot/test/normal/test_00014349_orig59791_59792_59793.png,0,0.0006840397906234953
/root/New_CheckLiuliang_remote/datasets/toniot/test/normal/test_00014350_orig59794_59795_59796.png,0,0.003443669088973662
/root/New_CheckLiuliang_remote/datasets/toniot/test/normal/test_00014351_orig59797_59798_59799.png,0,0.005209561151215105
/root/New_CheckLiuliang_remote/datasets/toniot/test/normal/test_00014352_orig59800_59801_59802.png,0,0.008976454337366319
/root/New_CheckLiuliang_remote/datasets/toniot/test/normal/test_00014353_orig59803_59804_59805.png,0,0.004278193499212025
/root/New_CheckLiuliang_remote/datasets/toniot/test/normal/test_00014354_orig59806_59807_59808.png,0,0.00608855324207481
/root/New_CheckLiuliang_remote/datasets/toniot/test/normal/test_00014355_orig59809_59810_59811.png,0,0.01089842608011324
/root/New_CheckLiuliang_remote/datasets/toniot/test/normal/test_00014356_orig59812_59813_59814.png,0,0.00890045595341905
/root/New_CheckLiuliang_remote/datasets/toniot/test/normal/test_00014357_orig59815_59816_59817.png,0,0.007858196324705235
/root/New_CheckLiuliang_remote/datasets/toniot/test/normal/test_00014358_orig59818_59819_59820.png,0,0.010627329136270647
/root/New_CheckLiuliang_remote/datasets/toniot/test/normal/test_00014359_orig59821_59822_59823.png,0,0.004772483352224867
/root/New_CheckLiuliang_remote/datasets/toniot/test/normal/test_00014360_orig59824_59825_59826.png,0,0.005947787166173579
/root/New_CheckLiuliang_remote/datasets/toniot/test/normal/test_00014361_orig59827_59828_59829.png,0,0.004030744095643299
/root/New_CheckLiuliang_remote/datasets/toniot/test/normal/test_00014362_orig59830_59831_59832.png,0,0.006433989549722666
/root/New_CheckLiuliang_remote/datasets/toniot/test/normal/test_00014363_orig59833_59834_59835.png,0,0.004640281067385804
/root/New_CheckLiuliang_remote/datasets/toniot/test/normal/test_00014364_orig59836_59837_59838.png,0,0.000514477275131215
/root/New_CheckLiuliang_remote/datasets/toniot/test/normal/test_00014365_orig59839_59840_59841.png,0,0.0026730412215979966
/root/New_CheckLiuliang_remote/datasets/toniot/test/normal/test_00014366_orig59842_59843_59844.png,0,0.007175828425990935
/root/New_CheckLiuliang_remote/datasets/toniot/test/normal/test_00014367_orig59845_59846_59847.png,0,0.003297761980343877
/root/New_CheckLiuliang_remote/datasets/toniot/test/normal/test_00014368_orig59848_59849_59850.png,0,0.004988154592500331
/root/New_CheckLiuliang_remote/datasets/toniot/test/normal/test_00014369_orig59851_59852_59853.png,0,0.009071177965409799
/root/New_CheckLiuliang_remote/datasets/toniot/test/normal/test_00014370_orig59854_59855_59856.png,0,0.007542502848680446
/root/New_CheckLiuliang_remote/datasets/toniot/test/normal/test_00014371_orig59857_59858_59859.png,0,0.01474967216174482
/root/New_CheckLiuliang_remote/datasets/toniot/test/normal/test_00014372_orig59860_59861_59862.png,0,0.008056125200790652
/root/New_CheckLiuliang_remote/datasets/toniot/test/normal/test_00014373_orig59863_59864_59865.png,0,0.4358488036655809
/root/New_CheckLiuliang_remote/datasets/toniot/test/normal/test_00014374_orig59866_59867_59868.png,0,0.34503087001880256
/root/New_CheckLiuliang_remote/datasets/toniot/test/normal/test_00014375_orig59869_59870_59871.png,0,0.37005047251483875
/root/New_CheckLiuliang_remote/datasets/toniot/test/normal/test_00014376_orig59872_59873_59874.png,0,0.3522866934073983
/root/New_CheckLiuliang_remote/datasets/toniot/test/normal/test_00014377_orig59875_59876_59877.png,0,0.004329665947315365
/root/New_CheckLiuliang_remote/datasets/toniot/test/normal/test_00014378_orig59878_59879_59880.png,0,0.007263042264754037
/root/New_CheckLiuliang_remote/datasets/toniot/test/normal/test_00014379_orig59881_59882_59883.png,0,0.33178942837126874
/root/New_CheckLiuliang_remote/datasets/toniot/test/normal/test_00014380_orig59884_59885_59886.png,0,0.40495741177763206
/root/New_CheckLiuliang_remote/datasets/toniot/test/normal/test_00014381_orig59887_59888_59889.png,0,0.35114690378189534
/root/New_CheckLiuliang_remote/datasets/toniot/test/normal/test_00014382_orig59890_59891_59892.png,0,0.00643752595309216
/root/New_CheckLiuliang_remote/datasets/toniot/test/normal/test_00014383_orig59893_59894_59895.png,0,0.007510637173825069
/root/New_CheckLiuliang_remote/datasets/toniot/test/normal/test_00014384_orig59896_59897_59898.png,0,0.008653085141995084
/root/New_CheckLiuliang_remote/datasets/toniot/test/normal/test_00014385_orig59899_59900_59901.png,0,0.010171396353999426
/root/New_CheckLiuliang_remote/datasets/toniot/test/normal/test_00014386_orig59902_59903_59904.png,0,0.007945455021234688
/root/New_CheckLiuliang_remote/datasets/toniot/test/normal/test_00014387_orig59905_59906_59907.png,0,0.0
/root/New_CheckLiuliang_remote/datasets/toniot/test/normal/test_00014388_orig59908_59909_59910.png,0,0.000514477275131215
/root/New_CheckLiuliang_remote/datasets/toniot/test/normal/test_00014389_orig59911_59912_59913.png,0,0.008143396908845333
/root/New_CheckLiuliang_remote/datasets/toniot/test/normal/test_00014390_orig59914_59915_59916.png,0,0.0027821999203945175
/root/New_CheckLiuliang_remote/datasets/toniot/test/normal/test_00014391_orig59917_59918_59919.png,0,0.0013309737887256272
/root/New_CheckLiuliang_remote/datasets/toniot/test/normal/test_00014392_orig59920_59921_59922.png,0,0.0006133719161677334
/root/New_CheckLiuliang_remote/datasets/toniot/test/normal/test_00014393_orig59923_59924_59925.png,0,0.0026379994505539286
/root/New_CheckLiuliang_remote/datasets/toniot/test/normal/test_00014394_orig59926_59927_59928.png,0,0.008143396908845333
/root/New_CheckLiuliang_remote/datasets/toniot/test/normal/test_00014395_orig59929_59930_59931.png,0,0.0017612953990700678
/root/New_CheckLiuliang_remote/datasets/toniot/test/normal/test_00014396_orig59932_59933_59934.png,0,0.00608855324207481
/root/New_CheckLiuliang_remote/datasets/toniot/test/normal/test_00014397_orig59935_59936_59937.png,0,0.0026730412215979966
/root/New_CheckLiuliang_remote/datasets/toniot/test/normal/test_00014398_orig59938_59939_59940.png,0,0.004931497484172586
/root/New_CheckLiuliang_remote/datasets/toniot/test/normal/test_00014399_orig59941_59942_59943.png,0,0.004115980091888283
/root/New_CheckLiuliang_remote/datasets/toniot/test/normal/test_00014400_orig59944_59945_59946.png,0,0.005209561151215105
/root/New_CheckLiuliang_remote/datasets/toniot/test/normal/test_00014401_orig59947_59948_59949.png,0,0.0045472090432806585
/root/New_CheckLiuliang_remote/datasets/toniot/test/normal/test_00014402_orig59950_59951_59952.png,0,0.0048133664940953735
/root/New_CheckLiuliang_remote/datasets/toniot/test/normal/test_00014403_orig59953_59954_59955.png,0,0.47829326619239565
/root/New_CheckLiuliang_remote/datasets/toniot/test/normal/test_00014404_orig59956_59957_59958.png,0,0.004329665947315365
/root/New_CheckLiuliang_remote/datasets/toniot/test/normal/test_00014405_orig59959_59960_59961.png,0,0.012905772604076481
/root/New_CheckLiuliang_remote/datasets/toniot/test/normal/test_00014406_orig59962_59963_59964.png,0,0.061710001719138576
/root/New_CheckLiuliang_remote/datasets/toniot/test/normal/test_00014407_orig59965_59966_59967.png,0,0.1928776744567337
/root/New_CheckLiuliang_remote/datasets/toniot/test/normal/test_00014408_orig59968_59969_59970.png,0,0.1289218192787466
/root/New_CheckLiuliang_remote/datasets/toniot/test/normal/test_00014409_orig59971_59972_59973.png,0,0.007175828425990935
/root/New_CheckLiuliang_remote/datasets/toniot/test/normal/test_00014410_orig59974_59975_59976.png,0,0.004115980091888283
/root/New_CheckLiuliang_remote/datasets/toniot/test/normal/test_00014411_orig59977_59978_59979.png,0,0.008332173541532841
/root/New_CheckLiuliang_remote/datasets/toniot/test/normal/test_00014412_orig59980_59981_59982.png,0,0.2764176906449402
/root/New_CheckLiuliang_remote/datasets/toniot/test/normal/test_00014413_orig59983_59984_59985.png,0,0.00876654795862597
/root/New_CheckLiuliang_remote/datasets/toniot/test/normal/test_00014414_orig59986_59987_59988.png,0,0.004772483352224867
/root/New_CheckLiuliang_remote/datasets/toniot/test/normal/test_00014415_orig59989_59990_59991.png,0,0.0034770456412730453
/root/New_CheckLiuliang_remote/datasets/toniot/test/normal/test_00014416_orig59992_59993_59994.png,0,0.0023985131401150486
/root/New_CheckLiuliang_remote/datasets/toniot/test/normal/test_00014417_orig59995_59996_59997.png,0,0.008056125200790652
/root/New_CheckLiuliang_remote/datasets/toniot/test/normal/test_00014418_orig59998_59999_60000.png,0,0.011922956005973399
/root/New_CheckLiuliang_remote/datasets/toniot/test/normal/test_00014419_orig60001_60002_60003.png,0,0.003600099131546476
/root/New_CheckLiuliang_remote/datasets/toniot/test/normal/test_00014420_orig60004_60005_60006.png,0,0.003209563819082882
/root/New_CheckLiuliang_remote/datasets/toniot/test/normal/test_00014421_orig60007_60008_60009.png,0,0.0031535052864771263
/root/New_CheckLiuliang_remote/datasets/toniot/test/normal/test_00014422_orig60010_60011_60012.png,0,0.007173040600967008
/root/New_CheckLiuliang_remote/datasets/toniot/test/normal/test_00014423_orig60013_60014_60015.png,0,0.00081617828419442
/root/New_CheckLiuliang_remote/datasets/toniot/test/normal/test_00014424_orig60016_60017_60018.png,0,0.007263042264754037
/root/New_CheckLiuliang_remote/datasets/toniot/test/normal/test_00014425_orig60019_60020_60021.png,0,0.005277298100355733
/root/New_CheckLiuliang_remote/datasets/toniot/test/normal/test_00014426_orig60022_60023_60024.png,0,0.005947787166173579
/root/New_CheckLiuliang_remote/datasets/toniot/test/normal/test_00014427_orig60025_60026_60027.png,0,0.0029616793284507853
/root/New_CheckLiuliang_remote/datasets/toniot/test/normal/test_00014428_orig60028_60029_60030.png,0,0.008778388247442885
/root/New_CheckLiuliang_remote/datasets/toniot/test/normal/test_00014429_orig60031_60032_60033.png,0,0.01051883084476549
/root/New_CheckLiuliang_remote/datasets/toniot/test/normal/test_00014430_orig60034_60035_60036.png,0,0.545994319454245
/root/New_CheckLiuliang_remote/datasets/toniot/test/normal/test_00014431_orig60037_60038_60039.png,0,0.22655183628342346
/root/New_CheckLiuliang_remote/datasets/toniot/test/normal/test_00014432_orig60040_60041_60042.png,0,0.007672022374312465
/root/New_CheckLiuliang_remote/datasets/toniot/test/normal/test_00014433_orig60043_60044_60045.png,0,0.0029956704498092118
/root/New_CheckLiuliang_remote/datasets/toniot/test/normal/test_00014434_orig60046_60047_60048.png,0,0.42310302132351774
/root/New_CheckLiuliang_remote/datasets/toniot/test/normal/test_00014435_orig60049_60050_60051.png,0,0.48416789668367377
/root/New_CheckLiuliang_remote/datasets/toniot/test/normal/test_00014436_orig60052_60053_60054.png,0,0.411873434751629
/root/New_CheckLiuliang_remote/datasets/toniot/test/normal/test_00014437_orig60055_60056_60057.png,0,0.002154948267260838
/root/New_CheckLiuliang_remote/datasets/toniot/test/normal/test_00014438_orig60058_60059_60060.png,0,0.17564277059964734
/root/New_CheckLiuliang_remote/datasets/toniot/test/normal/test_00014439_orig60061_60062_60063.png,0,0.007945455021234688
/root/New_CheckLiuliang_remote/datasets/toniot/test/normal/test_00014440_orig60064_60065_60066.png,0,0.020782182187340327
/root/New_CheckLiuliang_remote/datasets/toniot/test/normal/test_00014441_orig60067_60068_60069.png,0,0.0026379994505539286
/root/New_CheckLiuliang_remote/datasets/toniot/test/normal/test_00014442_orig60070_60071_60072.png,0,0.00734085683611855
/root/New_CheckLiuliang_remote/datasets/toniot/test/normal/test_00014443_orig60073_60074_60075.png,0,0.013538861717778216
/root/New_CheckLiuliang_remote/datasets/toniot/test/normal/test_00014444_orig60076_60077_60078.png,0,0.007672022374312465
/root/New_CheckLiuliang_remote/datasets/toniot/test/normal/test_00014445_orig60079_60080_60081.png,0,0.007437874112980476
/root/New_CheckLiuliang_remote/datasets/toniot/test/normal/test_00014446_orig60082_60083_60084.png,0,0.00026683277800768
/root/New_CheckLiuliang_remote/datasets/toniot/test/normal/test_00014447_orig60085_60086_60087.png,0,0.002336232087717877
/root/New_CheckLiuliang_remote/datasets/toniot/test/normal/test_00014448_orig60088_60089_60090.png,0,0.0029956704498092118
/root/New_CheckLiuliang_remote/datasets/toniot/test/normal/test_00014449_orig60091_60092_60093.png,0,0.0031535052864771263
/root/New_CheckLiuliang_remote/datasets/toniot/test/normal/test_00014450_orig60094_60095_60096.png,0,0.004278193499212025
/root/New_CheckLiuliang_remote/datasets/toniot/test/normal/test_00014451_orig60097_60098_60099.png,0,0.014252218473672232
/root/New_CheckLiuliang_remote/datasets/toniot/test/normal/test_00014452_orig60100_60101_60102.png,0,0.011011674335143716
/root/New_CheckLiuliang_remote/datasets/toniot/test/normal/test_00014453_orig60103_60104_60105.png,0,0.008095547298408771
/root/New_CheckLiuliang_remote/datasets/toniot/test/normal/test_00014454_orig60106_60107_60108.png,0,0.008248854440119224
/root/New_CheckLiuliang_remote/datasets/toniot/test/normal/test_00014455_orig60109_60110_60111.png,0,0.003600099131546476
/root/New_CheckLiuliang_remote/datasets/toniot/test/normal/test_00014456_orig60112_60113_60114.png,0,0.0029724594925346196
/root/New_CheckLiuliang_remote/datasets/toniot/test/normal/test_00014457_orig60115_60116_60117.png,0,0.006450832999977745
/root/New_CheckLiuliang_remote/datasets/toniot/test/normal/test_00014458_orig60118_60119_60120.png,0,0.007945455021234688
/root/New_CheckLiuliang_remote/datasets/toniot/test/normal/test_00014459_orig60121_60122_60123.png,0,0.0074280815235835155
/root/New_CheckLiuliang_remote/datasets/toniot/test/normal/test_00014460_orig60124_60125_60126.png,0,0.0022764594064866054
/root/New_CheckLiuliang_remote/datasets/toniot/test/normal/test_00014461_orig60127_60128_60129.png,0,0.008143396908845333
/root/New_CheckLiuliang_remote/datasets/toniot/test/normal/test_00014462_orig60130_60131_60132.png,0,0.007263042264754037
/root/New_CheckLiuliang_remote/datasets/toniot/test/normal/test_00014463_orig60133_60134_60135.png,0,0.4088175923703717
/root/New_CheckLiuliang_remote/datasets/toniot/test/normal/test_00014464_orig60136_60137_60138.png,0,0.35332198616023874
/root/New_CheckLiuliang_remote/datasets/toniot/test/normal/test_00014465_orig60139_60140_60141.png,0,0.7068741044706168
/root/New_CheckLiuliang_remote/datasets/toniot/test/normal/test_00014466_orig60142_60143_60144.png,0,0.472492628466175
/root/New_CheckLiuliang_remote/datasets/toniot/test/normal/test_00014467_orig60145_60146_60147.png,0,0.44967494600381247
/root/New_CheckLiuliang_remote/datasets/toniot/test/normal/test_00014468_orig60148_60149_60150.png,0,0.5387182053234748
/root/New_CheckLiuliang_remote/datasets/toniot/test/normal/test_00014469_orig60151_60152_60153.png,0,0.0062926460696174245
/root/New_CheckLiuliang_remote/datasets/toniot/test/normal/test_00014470_orig60154_60155_60156.png,0,0.005947787166173579
/root/New_CheckLiuliang_remote/datasets/toniot/test/normal/test_00014471_orig60157_60158_60159.png,0,0.009405281575931991
/root/New_CheckLiuliang_remote/datasets/toniot/test/normal/test_00014472_orig60160_60161_60162.png,0,0.006811879768105911
/root/New_CheckLiuliang_remote/datasets/toniot/test/normal/test_00014473_orig60163_60164_60165.png,0,0.3072902900213351
/root/New_CheckLiuliang_remote/datasets/toniot/test/normal/test_00014474_orig60166_60167_60168.png,0,0.00026683277800768
/root/New_CheckLiuliang_remote/datasets/toniot/test/normal/test_00014475_orig60169_60170_60171.png,0,0.0017612953990700678
/root/New_CheckLiuliang_remote/datasets/toniot/test/normal/test_00014476_orig60172_60173_60174.png,0,0.0006840397906234953
/root/New_CheckLiuliang_remote/datasets/toniot/test/normal/test_00014477_orig60175_60176_60177.png,0,0.006811879768105911
/root/New_CheckLiuliang_remote/datasets/toniot/test/normal/test_00014478_orig60178_60179_60180.png,0,0.007173040600967008
/root/New_CheckLiuliang_remote/datasets/toniot/test/normal/test_00014479_orig60181_60182_60183.png,0,0.0026730412215979966
/root/New_CheckLiuliang_remote/datasets/toniot/test/normal/test_00014480_orig60184_60185_60186.png,0,0.008688371115500968
/root/New_CheckLiuliang_remote/datasets/toniot/test/normal/test_00014481_orig60187_60188_60189.png,0,0.0031954750557052873
/root/New_CheckLiuliang_remote/datasets/toniot/test/normal/test_00014482_orig60190_60191_60192.png,0,0.0029616793284507853
/root/New_CheckLiuliang_remote/datasets/toniot/test/normal/test_00014483_orig60193_60194_60195.png,0,0.0038137017029415427
/root/New_CheckLiuliang_remote/datasets/toniot/test/normal/test_00014484_orig60196_60197_60198.png,0,0.011010814931199348
/root/New_CheckLiuliang_remote/datasets/toniot/test/normal/test_00014485_orig60199_60200_60201.png,0,0.008143396908845333
/root/New_CheckLiuliang_remote/datasets/toniot/test/normal/test_00014486_orig60202_60203_60204.png,0,0.008143396908845333
/root/New_CheckLiuliang_remote/datasets/toniot/test/normal/test_00014487_orig60205_60206_60207.png,0,0.5011885357433642
/root/New_CheckLiuliang_remote/datasets/toniot/test/normal/test_00014488_orig60208_60209_60210.png,0,0.004931497484172586
/root/New_CheckLiuliang_remote/datasets/toniot/test/normal/test_00014489_orig60211_60212_60213.png,0,0.00976095279063165
/root/New_CheckLiuliang_remote/datasets/toniot/test/normal/test_00014490_orig60214_60215_60216.png,0,0.6423348516376488
/root/New_CheckLiuliang_remote/datasets/toniot/test/normal/test_00014491_orig60217_60218_60219.png,0,0.004693253967810826
/root/New_CheckLiuliang_remote/datasets/toniot/test/normal/test_00014492_orig60220_60221_60222.png,0,0.43616451567957354
/root/New_CheckLiuliang_remote/datasets/toniot/test/normal/test_00014493_orig60223_60224_60225.png,0,0.00081617828419442
/root/New_CheckLiuliang_remote/datasets/toniot/test/normal/test_00014494_orig60226_60227_60228.png,0,0.422117084428213
/root/New_CheckLiuliang_remote/datasets/toniot/test/normal/test_00014495_orig60229_60230_60231.png,0,0.002154948267260838
/root/New_CheckLiuliang_remote/datasets/toniot/test/normal/test_00014496_orig60232_60233_60234.png,0,0.32501082107985674
/root/New_CheckLiuliang_remote/datasets/toniot/test/normal/test_00014497_orig60235_60236_60237.png,0,0.39016496176341453
/root/New_CheckLiuliang_remote/datasets/toniot/test/normal/test_00014498_orig60238_60239_60240.png,0,0.007555940164831161
/root/New_CheckLiuliang_remote/datasets/toniot/test/normal/test_00014499_orig60241_60242_60243.png,0,0.009989400646096559
/root/New_CheckLiuliang_remote/datasets/toniot/test/normal/test_00014500_orig60244_60245_60246.png,0,0.009989400646096559
/root/New_CheckLiuliang_remote/datasets/toniot/test/normal/test_00014501_orig60247_60248_60249.png,0,0.00665199417751254
/root/New_CheckLiuliang_remote/datasets/toniot/test/normal/test_00014502_orig60250_60251_60252.png,0,0.0
/root/New_CheckLiuliang_remote/datasets/toniot/test/normal/test_00014503_orig60253_60254_60255.png,0,0.009954080443592764
/root/New_CheckLiuliang_remote/datasets/toniot/test/normal/test_00014504_orig60256_60257_60258.png,0,0.005542211465610723
/root/New_CheckLiuliang_remote/datasets/toniot/test/normal/test_00014505_orig60259_60260_60261.png,0,0.009071177965409799
/root/New_CheckLiuliang_remote/datasets/toniot/test/normal/test_00014506_orig60262_60263_60264.png,0,0.3091853268494533
/root/New_CheckLiuliang_remote/datasets/toniot/test/normal/test_00014507_orig60265_60266_60267.png,0,0.004329665947315365
/root/New_CheckLiuliang_remote/datasets/toniot/test/normal/test_00014508_orig60268_60269_60270.png,0,0.004959071021714045
/root/New_CheckLiuliang_remote/datasets/toniot/test/normal/test_00014509_orig60271_60272_60273.png,0,0.0047609645164848995
/root/New_CheckLiuliang_remote/datasets/toniot/test/normal/test_00014510_orig60274_60275_60276.png,0,0.009524589981281058
/root/New_CheckLiuliang_remote/datasets/toniot/test/normal/test_00014511_orig60277_60278_60279.png,0,0.007330648716123073
/root/New_CheckLiuliang_remote/datasets/toniot/test/normal/test_00014512_orig60280_60281_60282.png,0,0.010021377267771706
/root/New_CheckLiuliang_remote/datasets/toniot/test/normal/test_00014513_orig60283_60284_60285.png,0,0.008248854440119224
/root/New_CheckLiuliang_remote/datasets/toniot/test/normal/test_00014514_orig60286_60287_60288.png,0,0.3147696173875453
/root/New_CheckLiuliang_remote/datasets/toniot/test/normal/test_00014515_orig60289_60290_60291.png,0,0.0
/root/New_CheckLiuliang_remote/datasets/toniot/test/normal/test_00014516_orig60292_60293_60294.png,0,0.003229215516825394
/root/New_CheckLiuliang_remote/datasets/toniot/test/normal/test_00014517_orig60295_60296_60297.png,0,0.003600099131546476
/root/New_CheckLiuliang_remote/datasets/toniot/test/normal/test_00014518_orig60298_60299_60300.png,0,0.3092131174615094
/root/New_CheckLiuliang_remote/datasets/toniot/test/normal/test_00014519_orig60301_60302_60303.png,0,0.008976454337366319
/root/New_CheckLiuliang_remote/datasets/toniot/test/normal/test_00014520_orig60304_60305_60306.png,0,0.005511246088162105
/root/New_CheckLiuliang_remote/datasets/toniot/test/normal/test_00014521_orig60307_60308_60309.png,0,0.005156567596559899
/root/New_CheckLiuliang_remote/datasets/toniot/test/normal/test_00014522_orig60310_60311_60312.png,0,0.008040937359176041
/root/New_CheckLiuliang_remote/datasets/toniot/test/normal/test_00014523_orig60313_60314_60315.png,0,0.008143396908845333
/root/New_CheckLiuliang_remote/datasets/toniot/test/normal/test_00014524_orig60316_60317_60318.png,0,0.010171396353999426
/root/New_CheckLiuliang_remote/datasets/toniot/test/normal/test_00014525_orig60319_60320_60321.png,0,0.007945455021234688
/root/New_CheckLiuliang_remote/datasets/toniot/test/normal/test_00014526_orig60322_60323_60324.png,0,0.003229215516825394
/root/New_CheckLiuliang_remote/datasets/toniot/test/normal/test_00014527_orig60325_60326_60327.png,0,0.004887689918398015
/root/New_CheckLiuliang_remote/datasets/toniot/test/normal/test_00014528_orig60328_60329_60330.png,0,0.01052205215933524
/root/New_CheckLiuliang_remote/datasets/toniot/test/normal/test_00014529_orig60331_60332_60333.png,0,0.004442861466802177
/root/New_CheckLiuliang_remote/datasets/toniot/test/normal/test_00014530_orig60334_60335_60336.png,0,0.0
/root/New_CheckLiuliang_remote/datasets/toniot/test/normal/test_00014531_orig60337_60338_60339.png,0,0.006256447599167381
/root/New_CheckLiuliang_remote/datasets/toniot/test/normal/test_00014532_orig60340_60341_60342.png,0,0.000514477275131215
/root/New_CheckLiuliang_remote/datasets/toniot/test/normal/test_00014533_orig60343_60344_60345.png,0,0.0017612953990700678
/root/New_CheckLiuliang_remote/datasets/toniot/test/normal/test_00014534_orig60346_60347_60348.png,0,0.000514477275131215
/root/New_CheckLiuliang_remote/datasets/toniot/test/normal/test_00014535_orig60349_60350_60351.png,0,0.009599996394841923
/root/New_CheckLiuliang_remote/datasets/toniot/test/normal/test_00014536_orig60352_60353_60354.png,0,0.011010814931199348
/root/New_CheckLiuliang_remote/datasets/toniot/test/normal/test_00014537_orig60355_60356_60357.png,0,0.00081617828419442
/root/New_CheckLiuliang_remote/datasets/toniot/test/normal/test_00014538_orig60358_60359_60360.png,0,0.0011987837741153054
/root/New_CheckLiuliang_remote/datasets/toniot/test/normal/test_00014539_orig60361_60362_60363.png,0,0.00081617828419442
/root/New_CheckLiuliang_remote/datasets/toniot/test/normal/test_00014540_orig60364_60365_60366.png,0,0.005261787878479867
/root/New_CheckLiuliang_remote/datasets/toniot/test/normal/test_00014541_orig60367_60368_60369.png,0,0.00892664155988798
/root/New_CheckLiuliang_remote/datasets/toniot/test/normal/test_00014542_orig60370_60371_60372.png,0,0.007263042264754037
/root/New_CheckLiuliang_remote/datasets/toniot/test/normal/test_00014543_orig60373_60374_60375.png,0,0.005706891478266208
/root/New_CheckLiuliang_remote/datasets/toniot/test/normal/test_00014544_orig60376_60377_60378.png,0,0.0
/root/New_CheckLiuliang_remote/datasets/toniot/test/normal/test_00014545_orig60379_60380_60381.png,0,0.0
/root/New_CheckLiuliang_remote/datasets/toniot/test/normal/test_00014546_orig60382_60383_60384.png,0,0.5549981577902712
/root/New_CheckLiuliang_remote/datasets/toniot/test/normal/test_00014547_orig60385_60386_60387.png,0,0.5096568295444095
/root/New_CheckLiuliang_remote/datasets/toniot/test/normal/test_00014548_orig60388_60389_60390.png,0,0.017256921379115813
/root/New_CheckLiuliang_remote/datasets/toniot/test/normal/test_00014549_orig60391_60392_60393.png,0,0.3558300522463569
/root/New_CheckLiuliang_remote/datasets/toniot/test/normal/test_00014550_orig60394_60395_60396.png,0,0.0026730412215979966
/root/New_CheckLiuliang_remote/datasets/toniot/test/normal/test_00014551_orig60397_60398_60399.png,0,0.30766817459527324
/root/New_CheckLiuliang_remote/datasets/toniot/test/normal/test_00014552_orig60400_60401_60402.png,0,0.4936959017857505
/root/New_CheckLiuliang_remote/datasets/toniot/test/normal/test_00014553_orig60403_60404_60405.png,0,0.5002846392680469
/root/New_CheckLiuliang_remote/datasets/toniot/test/normal/test_00014554_orig60406_60407_60408.png,0,0.004782226565474389
/root/New_CheckLiuliang_remote/datasets/toniot/test/normal/test_00014555_orig60409_60410_60411.png,0,0.0022764594064866054
/root/New_CheckLiuliang_remote/datasets/toniot/test/normal/test_00014556_orig60412_60413_60414.png,0,0.00729674092025469
/root/New_CheckLiuliang_remote/datasets/toniot/test/normal/test_00014557_orig60415_60416_60417.png,0,0.014972378591960867
/root/New_CheckLiuliang_remote/datasets/toniot/test/normal/test_00014558_orig60418_60419_60420.png,0,0.004047391229023868
/root/New_CheckLiuliang_remote/datasets/toniot/test/normal/test_00014559_orig60421_60422_60423.png,0,0.008095547298408771
/root/New_CheckLiuliang_remote/datasets/toniot/test/normal/test_00014560_orig60424_60425_60426.png,0,0.007330648716123073
/root/New_CheckLiuliang_remote/datasets/toniot/test/normal/test_00014561_orig60427_60428_60429.png,0,0.01051883084476549
/root/New_CheckLiuliang_remote/datasets/toniot/test/normal/test_00014562_orig60430_60431_60432.png,0,0.003600099131546476
/root/New_CheckLiuliang_remote/datasets/toniot/test/normal/test_00014563_orig60433_60434_60435.png,0,0.0
/root/New_CheckLiuliang_remote/datasets/toniot/test/normal/test_00014564_orig60436_60437_60438.png,0,0.0010831761113480633
/root/New_CheckLiuliang_remote/datasets/toniot/test/normal/test_00014565_orig60439_60440_60441.png,0,0.00519141726935735
/root/New_CheckLiuliang_remote/datasets/toniot/test/normal/test_00014566_orig60442_60443_60444.png,0,0.008976454337366319
/root/New_CheckLiuliang_remote/datasets/toniot/test/normal/test_00014567_orig60445_60446_60447.png,0,0.006745934737377355
/root/New_CheckLiuliang_remote/datasets/toniot/test/normal/test_00014568_orig60448_60449_60450.png,0,0.004329665947315365
/root/New_CheckLiuliang_remote/datasets/toniot/test/normal/test_00014569_orig60451_60452_60453.png,0,0.007945455021234688
/root/New_CheckLiuliang_remote/datasets/toniot/test/normal/test_00014570_orig60454_60455_60456.png,0,0.006450832999977745
/root/New_CheckLiuliang_remote/datasets/toniot/test/normal/test_00014571_orig60457_60458_60459.png,0,0.0074280815235835155
/root/New_CheckLiuliang_remote/datasets/toniot/test/normal/test_00014572_orig60460_60461_60462.png,0,0.00665199417751254
/root/New_CheckLiuliang_remote/datasets/toniot/test/normal/test_00014573_orig60463_60464_60465.png,0,0.0017612953990700678
/root/New_CheckLiuliang_remote/datasets/toniot/test/normal/test_00014574_orig60466_60467_60468.png,0,0.0011987837741153054
/root/New_CheckLiuliang_remote/datasets/toniot/test/normal/test_00014575_orig60469_60470_60471.png,0,0.0029956704498092118
/root/New_CheckLiuliang_remote/datasets/toniot/test/normal/test_00014576_orig60472_60473_60474.png,0,0.01046126388774879
/root/New_CheckLiuliang_remote/datasets/toniot/test/normal/test_00014577_orig60475_60476_60477.png,0,0.008095547298408771
/root/New_CheckLiuliang_remote/datasets/toniot/test/normal/test_00014578_orig60478_60479_60480.png,0,0.01089842608011324
/root/New_CheckLiuliang_remote/datasets/toniot/test/normal/test_00014579_orig60481_60482_60483.png,0,0.01096003938153354
/root/New_CheckLiuliang_remote/datasets/toniot/test/normal/test_00014580_orig60484_60485_60486.png,0,0.018231446970305643
/root/New_CheckLiuliang_remote/datasets/toniot/test/normal/test_00014581_orig60487_60488_60489.png,0,0.003839179874721758
/root/New_CheckLiuliang_remote/datasets/toniot/test/normal/test_00014582_orig60490_60491_60492.png,0,0.008976454337366319
/root/New_CheckLiuliang_remote/datasets/toniot/test/normal/test_00014583_orig60493_60494_60495.png,0,0.004772483352224867
/root/New_CheckLiuliang_remote/datasets/toniot/test/normal/test_00014584_orig60496_60497_60498.png,0,0.004931497484172586
/root/New_CheckLiuliang_remote/datasets/toniot/test/normal/test_00014585_orig60499_60500_60501.png,0,0.0022764594064866054
/root/New_CheckLiuliang_remote/datasets/toniot/test/normal/test_00014586_orig60502_60503_60504.png,0,0.006450832999977745
/root/New_CheckLiuliang_remote/datasets/toniot/test/normal/test_00014587_orig60505_60506_60507.png,0,0.000514477275131215
/root/New_CheckLiuliang_remote/datasets/toniot/test/normal/test_00014588_orig60508_60509_60510.png,0,0.007523526647297107
/root/New_CheckLiuliang_remote/datasets/toniot/test/normal/test_00014589_orig60511_60512_60513.png,0,0.008643319477207319
/root/New_CheckLiuliang_remote/datasets/toniot/test/normal/test_00014590_orig60514_60515_60516.png,0,0.006745934737377355
/root/New_CheckLiuliang_remote/datasets/toniot/test/normal/test_00014591_orig60517_60518_60519.png,0,0.2575658847386157
/root/New_CheckLiuliang_remote/datasets/toniot/test/normal/test_00014592_orig60520_60521_60522.png,0,0.005947787166173579
/root/New_CheckLiuliang_remote/datasets/toniot/test/normal/test_00014593_orig60523_60524_60525.png,0,0.004442861466802177
/root/New_CheckLiuliang_remote/datasets/toniot/test/normal/test_00014594_orig60526_60527_60528.png,0,0.005277298100355733
/root/New_CheckLiuliang_remote/datasets/toniot/test/normal/test_00014595_orig60529_60530_60531.png,0,0.01558687482032276
/root/New_CheckLiuliang_remote/datasets/toniot/test/normal/test_00014596_orig60532_60533_60534.png,0,0.013110715193627116
/root/New_CheckLiuliang_remote/datasets/toniot/test/normal/test_00014597_orig60535_60536_60537.png,0,0.008935415388295573
/root/New_CheckLiuliang_remote/datasets/toniot/test/normal/test_00014598_orig60538_60539_60540.png,0,0.0008218724437437405
/root/New_CheckLiuliang_remote/datasets/toniot/test/normal/test_00014599_orig60541_60542_60543.png,0,0.007717021764252264
/root/New_CheckLiuliang_remote/datasets/toniot/test/normal/test_00014600_orig60544_60545_60546.png,0,0.007175828425990935
/root/New_CheckLiuliang_remote/datasets/toniot/test/normal/test_00014601_orig60547_60548_60549.png,0,0.0022764594064866054
/root/New_CheckLiuliang_remote/datasets/toniot/test/normal/test_00014602_orig60550_60551_60552.png,0,0.20558011785239472
/root/New_CheckLiuliang_remote/datasets/toniot/test/normal/test_00014603_orig60553_60554_60555.png,0,0.6397759287591852
/root/New_CheckLiuliang_remote/datasets/toniot/test/normal/test_00014604_orig60556_60557_60558.png,0,0.007672022374312465
/root/New_CheckLiuliang_remote/datasets/toniot/test/normal/test_00014605_orig60559_60560_60561.png,0,0.36622725447053645
/root/New_CheckLiuliang_remote/datasets/toniot/test/normal/test_00014606_orig60562_60563_60564.png,0,0.0017612953990700678
/root/New_CheckLiuliang_remote/datasets/toniot/test/normal/test_00014607_orig60565_60566_60567.png,0,0.48552018083345905
/root/New_CheckLiuliang_remote/datasets/toniot/test/normal/test_00014608_orig60568_60569_60570.png,0,0.33873779214421185
/root/New_CheckLiuliang_remote/datasets/toniot/test/normal/test_00014609_orig60571_60572_60573.png,0,0.00798899355844732
/root/New_CheckLiuliang_remote/datasets/toniot/test/normal/test_00014610_orig60574_60575_60576.png,0,0.37115922917535393
/root/New_CheckLiuliang_remote/datasets/toniot/test/normal/test_00014611_orig60577_60578_60579.png,0,0.006813514839141694
/root/New_CheckLiuliang_remote/datasets/toniot/test/normal/test_00014612_orig60580_60581_60582.png,0,0.4834038468169864
/root/New_CheckLiuliang_remote/datasets/toniot/test/normal/test_00014613_orig60583_60584_60585.png,0,0.3247938178211745
/root/New_CheckLiuliang_remote/datasets/toniot/test/normal/test_00014614_orig60586_60587_60588.png,0,0.022110358901658963
/root/New_CheckLiuliang_remote/datasets/toniot/test/normal/test_00014615_orig60589_60590_60591.png,0,0.005947787166173579
/root/New_CheckLiuliang_remote/datasets/toniot/test/normal/test_00014616_orig60592_60593_60594.png,0,0.00026683277800768
/root/New_CheckLiuliang_remote/datasets/toniot/test/normal/test_00014617_orig60595_60596_60597.png,0,0.206401099416276
/root/New_CheckLiuliang_remote/datasets/toniot/test/normal/test_00014618_orig60598_60599_60600.png,0,0.00665199417751254
/root/New_CheckLiuliang_remote/datasets/toniot/test/normal/test_00014619_orig60601_60602_60603.png,0,0.015077349547412628
/root/New_CheckLiuliang_remote/datasets/toniot/test/normal/test_00014620_orig60604_60605_60606.png,0,0.0
/root/New_CheckLiuliang_remote/datasets/toniot/test/normal/test_00014621_orig60607_60608_60609.png,0,0.003443669088973662
/root/New_CheckLiuliang_remote/datasets/toniot/test/normal/test_00014622_orig60610_60611_60612.png,0,0.005209561151215105
/root/New_CheckLiuliang_remote/datasets/toniot/test/normal/test_00014623_orig60613_60614_60615.png,0,0.0029280501617496494
/root/New_CheckLiuliang_remote/datasets/toniot/test/normal/test_00014624_orig60616_60617_60618.png,0,0.00812202384234189
/root/New_CheckLiuliang_remote/datasets/toniot/test/normal/test_00014625_orig60619_60620_60621.png,0,0.0006840397906234953
/root/New_CheckLiuliang_remote/datasets/toniot/test/normal/test_00014626_orig60622_60623_60624.png,0,0.006811879768105911
/root/New_CheckLiuliang_remote/datasets/toniot/test/normal/test_00014627_orig60625_60626_60627.png,0,0.008653085141995084
/root/New_CheckLiuliang_remote/datasets/toniot/test/normal/test_00014628_orig60628_60629_60630.png,0,0.0013309737887256272
/root/New_CheckLiuliang_remote/datasets/toniot/test/normal/test_00014629_orig60631_60632_60633.png,0,0.003600099131546476
/root/New_CheckLiuliang_remote/datasets/toniot/test/normal/test_00014630_orig60634_60635_60636.png,0,0.006450832999977745
/root/New_CheckLiuliang_remote/datasets/toniot/test/normal/test_00014631_orig60637_60638_60639.png,0,0.005277298100355733
/root/New_CheckLiuliang_remote/datasets/toniot/test/normal/test_00014632_orig60640_60641_60642.png,0,0.00643752595309216
/root/New_CheckLiuliang_remote/datasets/toniot/test/normal/test_00014633_orig60643_60644_60645.png,0,0.5280819691765839
/root/New_CheckLiuliang_remote/datasets/toniot/test/normal/test_00014634_orig60646_60647_60648.png,0,0.011294408908799165
/root/New_CheckLiuliang_remote/datasets/toniot/test/normal/test_00014635_orig60649_60650_60651.png,0,0.008622047065701658
/root/New_CheckLiuliang_remote/datasets/toniot/test/normal/test_00014636_orig60652_60653_60654.png,0,0.002154948267260838
/root/New_CheckLiuliang_remote/datasets/toniot/test/normal/test_00014637_orig60655_60656_60657.png,0,0.0010831761113480633
/root/New_CheckLiuliang_remote/datasets/toniot/test/normal/test_00014638_orig60658_60659_60660.png,0,0.0015006411869411948
/root/New_CheckLiuliang_remote/datasets/toniot/test/normal/test_00014639_orig60661_60662_60663.png,0,0.0035113157423068905
/root/New_CheckLiuliang_remote/datasets/toniot/test/normal/test_00014640_orig60664_60665_60666.png,0,0.0026900740324698556
/root/New_CheckLiuliang_remote/datasets/toniot/test/normal/test_00014641_orig60667_60668_60669.png,0,0.004772483352224867
/root/New_CheckLiuliang_remote/datasets/toniot/test/normal/test_00014642_orig60670_60671_60672.png,0,0.004772483352224867
/root/New_CheckLiuliang_remote/datasets/toniot/test/normal/test_00014643_orig60673_60674_60675.png,0,0.007173040600967008
/root/New_CheckLiuliang_remote/datasets/toniot/test/normal/test_00014644_orig60676_60677_60678.png,0,0.003229215516825394
/root/New_CheckLiuliang_remote/datasets/toniot/test/normal/test_00014645_orig60679_60680_60681.png,0,0.023454417016605725
/root/New_CheckLiuliang_remote/datasets/toniot/test/normal/test_00014646_orig60682_60683_60684.png,0,0.007523526647297107
/root/New_CheckLiuliang_remote/datasets/toniot/test/normal/test_00014647_orig60685_60686_60687.png,0,0.007154755446996302
/root/New_CheckLiuliang_remote/datasets/toniot/test/normal/test_00014648_orig60688_60689_60690.png,0,0.0006840397906234953
/root/New_CheckLiuliang_remote/datasets/toniot/test/normal/test_00014649_orig60691_60692_60693.png,0,0.000514477275131215
/root/New_CheckLiuliang_remote/datasets/toniot/test/normal/test_00014650_orig60694_60695_60696.png,0,0.007858196324705235
/root/New_CheckLiuliang_remote/datasets/toniot/test/normal/test_00014651_orig60697_60698_60699.png,0,0.00374495186897001
/root/New_CheckLiuliang_remote/datasets/toniot/test/normal/test_00014652_orig60700_60701_60702.png,0,0.0006133719161677334
/root/New_CheckLiuliang_remote/datasets/toniot/test/normal/test_00014653_orig60703_60704_60705.png,0,0.00798899355844732
/root/New_CheckLiuliang_remote/datasets/toniot/test/normal/test_00014654_orig60706_60707_60708.png,0,0.0022764594064866054
/root/New_CheckLiuliang_remote/datasets/toniot/test/normal/test_00014655_orig60709_60710_60711.png,0,0.0047609645164848995
/root/New_CheckLiuliang_remote/datasets/toniot/test/normal/test_00014656_orig60712_60713_60714.png,0,0.6093591335074692
/root/New_CheckLiuliang_remote/datasets/toniot/test/normal/test_00014657_orig60715_60716_60717.png,0,0.34455214433979303
/root/New_CheckLiuliang_remote/datasets/toniot/test/normal/test_00014658_orig60718_60719_60720.png,0,0.009989400646096559
/root/New_CheckLiuliang_remote/datasets/toniot/test/normal/test_00014659_orig60721_60722_60723.png,0,0.3157058229669516
/root/New_CheckLiuliang_remote/datasets/toniot/test/normal/test_00014660_orig60724_60725_60726.png,0,0.006811879768105911
/root/New_CheckLiuliang_remote/datasets/toniot/test/normal/test_00014661_orig60727_60728_60729.png,0,0.4872211491892336
/root/New_CheckLiuliang_remote/datasets/toniot/test/normal/test_00014662_orig60730_60731_60732.png,0,0.3488704378516686
/root/New_CheckLiuliang_remote/datasets/toniot/test/normal/test_00014663_orig60733_60734_60735.png,0,0.45441405306070115
/root/New_CheckLiuliang_remote/datasets/toniot/test/normal/test_00014664_orig60736_60737_60738.png,0,0.25329503518382973
/root/New_CheckLiuliang_remote/datasets/toniot/test/normal/test_00014665_orig60739_60740_60741.png,0,0.004563446589369467
/root/New_CheckLiuliang_remote/datasets/toniot/test/normal/test_00014666_orig60742_60743_60744.png,0,0.00798899355844732
/root/New_CheckLiuliang_remote/datasets/toniot/test/normal/test_00014667_orig60745_60746_60747.png,0,0.006811879768105911
/root/New_CheckLiuliang_remote/datasets/toniot/test/normal/test_00014668_orig60748_60749_60750.png,0,0.5078606020782888
/root/New_CheckLiuliang_remote/datasets/toniot/test/normal/test_00014669_orig60751_60752_60753.png,0,0.005607355878431373
/root/New_CheckLiuliang_remote/datasets/toniot/test/normal/test_00014670_orig60754_60755_60756.png,0,0.0010831761113480633
/root/New_CheckLiuliang_remote/datasets/toniot/test/normal/test_00014671_orig60757_60758_60759.png,0,0.0037252925089949077
/root/New_CheckLiuliang_remote/datasets/toniot/test/normal/test_00014672_orig60760_60761_60762.png,0,0.0046042356462246735
/root/New_CheckLiuliang_remote/datasets/toniot/test/normal/test_00014673_orig60763_60764_60765.png,0,0.0029574508024339235
/root/New_CheckLiuliang_remote/datasets/toniot/test/normal/test_00014674_orig60766_60767_60768.png,0,0.0037252925089949077
/root/New_CheckLiuliang_remote/datasets/toniot/test/normal/test_00014675_orig60769_60770_60771.png,0,0.0
/root/New_CheckLiuliang_remote/datasets/toniot/test/normal/test_00014676_orig60772_60773_60774.png,0,0.006811879768105911
/root/New_CheckLiuliang_remote/datasets/toniot/test/normal/test_00014677_orig60775_60776_60777.png,0,0.005947787166173579
/root/New_CheckLiuliang_remote/datasets/toniot/test/normal/test_00014678_orig60778_60779_60780.png,0,0.0029574508024339235
/root/New_CheckLiuliang_remote/datasets/toniot/test/normal/test_00014679_orig60781_60782_60783.png,0,0.00798899355844732
/root/New_CheckLiuliang_remote/datasets/toniot/test/normal/test_00014680_orig60784_60785_60786.png,0,0.01300896467855089
/root/New_CheckLiuliang_remote/datasets/toniot/test/normal/test_00014681_orig60787_60788_60789.png,0,0.006548570136958568
/root/New_CheckLiuliang_remote/datasets/toniot/test/normal/test_00014682_orig60790_60791_60792.png,0,0.005209561151215105
/root/New_CheckLiuliang_remote/datasets/toniot/test/normal/test_00014683_orig60793_60794_60795.png,0,0.000514477275131215
/root/New_CheckLiuliang_remote/datasets/toniot/test/normal/test_00014684_orig60796_60797_60798.png,0,0.007157049341161944
/root/New_CheckLiuliang_remote/datasets/toniot/test/normal/test_00014685_orig60799_60800_60801.png,0,0.0008218724437437405
/root/New_CheckLiuliang_remote/datasets/toniot/test/normal/test_00014686_orig60802_60803_60804.png,0,0.011294408908799165
/root/New_CheckLiuliang_remote/datasets/toniot/test/normal/test_00014687_orig60805_60806_60807.png,0,0.010492246709958672
/root/New_CheckLiuliang_remote/datasets/toniot/test/normal/test_00014688_orig60808_60809_60810.png,0,0.015048810050599147
/root/New_CheckLiuliang_remote/datasets/toniot/test/normal/test_00014689_orig60811_60812_60813.png,0,0.0015006411869411948
/root/New_CheckLiuliang_remote/datasets/toniot/test/normal/test_00014690_orig60814_60815_60816.png,0,0.00081617828419442
/root/New_CheckLiuliang_remote/datasets/toniot/test/normal/test_00014691_orig60817_60818_60819.png,0,0.0
/root/New_CheckLiuliang_remote/datasets/toniot/test/normal/test_00014692_orig60820_60821_60822.png,0,0.0038137017029415427
/root/New_CheckLiuliang_remote/datasets/toniot/test/normal/test_00014693_orig60823_60824_60825.png,0,0.004278193499212025
/root/New_CheckLiuliang_remote/datasets/toniot/test/normal/test_00014694_orig60826_60827_60828.png,0,0.0024462482566675286
/root/New_CheckLiuliang_remote/datasets/toniot/test/normal/test_00014695_orig60829_60830_60831.png,0,0.003297761980343877
/root/New_CheckLiuliang_remote/datasets/toniot/test/normal/test_00014696_orig60832_60833_60834.png,0,0.0017612953990700678
/root/New_CheckLiuliang_remote/datasets/toniot/test/normal/test_00014697_orig60835_60836_60837.png,0,0.005942354430898718
/root/New_CheckLiuliang_remote/datasets/toniot/test/normal/test_00014698_orig60838_60839_60840.png,0,0.007173040600967008
/root/New_CheckLiuliang_remote/datasets/toniot/test/normal/test_00014699_orig60841_60842_60843.png,0,0.004047391229023868
/root/New_CheckLiuliang_remote/datasets/toniot/test/normal/test_00014700_orig60844_60845_60846.png,0,0.007555940164831161
/root/New_CheckLiuliang_remote/datasets/toniot/test/normal/test_00014701_orig60847_60848_60849.png,0,0.26652854715052854
/root/New_CheckLiuliang_remote/datasets/toniot/test/normal/test_00014702_orig60850_60851_60852.png,0,0.013216972379893159
/root/New_CheckLiuliang_remote/datasets/toniot/test/normal/test_00014703_orig60853_60854_60855.png,0,0.0022764594064866054
/root/New_CheckLiuliang_remote/datasets/toniot/test/normal/test_00014704_orig60856_60857_60858.png,0,0.0024462482566675286
/root/New_CheckLiuliang_remote/datasets/toniot/test/normal/test_00014705_orig60859_60860_60861.png,0,0.004563446589369467
/root/New_CheckLiuliang_remote/datasets/toniot/test/normal/test_00014706_orig60862_60863_60864.png,0,0.32887035913592855
/root/New_CheckLiuliang_remote/datasets/toniot/test/normal/test_00014707_orig60865_60866_60867.png,0,0.009989400646096559
/root/New_CheckLiuliang_remote/datasets/toniot/test/normal/test_00014708_orig60868_60869_60870.png,0,0.019827328578719276
/root/New_CheckLiuliang_remote/datasets/toniot/test/normal/test_00014709_orig60871_60872_60873.png,0,0.002255205643278765
/root/New_CheckLiuliang_remote/datasets/toniot/test/normal/test_00014710_orig60874_60875_60876.png,0,0.00978029110855349
/root/New_CheckLiuliang_remote/datasets/toniot/test/normal/test_00014711_orig60877_60878_60879.png,0,0.024112606649099366
/root/New_CheckLiuliang_remote/datasets/toniot/test/normal/test_00014712_orig60880_60881_60882.png,0,0.5450366419554764
/root/New_CheckLiuliang_remote/datasets/toniot/test/normal/test_00014713_orig60883_60884_60885.png,0,0.19154607977894286
/root/New_CheckLiuliang_remote/datasets/toniot/test/normal/test_00014714_orig60886_60887_60888.png,0,0.32896948236015655
/root/New_CheckLiuliang_remote/datasets/toniot/test/normal/test_00014715_orig60889_60890_60891.png,0,0.1702582138680115
/root/New_CheckLiuliang_remote/datasets/toniot/test/normal/test_00014716_orig60892_60893_60894.png,0,0.4392682325013126
/root/New_CheckLiuliang_remote/datasets/toniot/test/normal/test_00014717_orig60895_60896_60897.png,0,0.005706891478266208
/root/New_CheckLiuliang_remote/datasets/toniot/test/normal/test_00014718_orig60898_60899_60900.png,0,0.41577611263634745
/root/New_CheckLiuliang_remote/datasets/toniot/test/normal/test_00014719_orig60901_60902_60903.png,0,0.17829964003713483
/root/New_CheckLiuliang_remote/datasets/toniot/test/normal/test_00014720_orig60904_60905_60906.png,0,0.31647607918838344
/root/New_CheckLiuliang_remote/datasets/toniot/test/normal/test_00014721_orig60907_60908_60909.png,0,0.30524999813312365
/root/New_CheckLiuliang_remote/datasets/toniot/test/normal/test_00014722_orig60910_60911_60912.png,0,0.34513946416429525
/root/New_CheckLiuliang_remote/datasets/toniot/test/normal/test_00014723_orig60913_60914_60915.png,0,0.013110715193627116
/root/New_CheckLiuliang_remote/datasets/toniot/test/normal/test_00014724_orig60916_60917_60918.png,0,0.006433989549722666
/root/New_CheckLiuliang_remote/datasets/toniot/test/normal/test_00014725_orig60919_60920_60921.png,0,0.0015006411869411948
/root/New_CheckLiuliang_remote/datasets/toniot/test/normal/test_00014726_orig60922_60923_60924.png,0,0.013912410446274377
/root/New_CheckLiuliang_remote/datasets/toniot/test/normal/test_00014727_orig60925_60926_60927.png,0,0.009231793690284991
/root/New_CheckLiuliang_remote/datasets/toniot/test/normal/test_00014728_orig60928_60929_60930.png,0,0.6436339638769438
/root/New_CheckLiuliang_remote/datasets/toniot/test/normal/test_00014729_orig60931_60932_60933.png,0,0.2788755543369048
/root/New_CheckLiuliang_remote/datasets/toniot/test/normal/test_00014730_orig60934_60935_60936.png,0,0.5729652276426241
/root/New_CheckLiuliang_remote/datasets/toniot/test/normal/test_00014731_orig60937_60938_60939.png,0,0.7372733553876473
/root/New_CheckLiuliang_remote/datasets/toniot/test/normal/test_00014732_orig60940_60941_60942.png,0,0.479884273848234
/root/New_CheckLiuliang_remote/datasets/toniot/test/normal/test_00014733_orig60943_60944_60945.png,0,0.007555940164831161
/root/New_CheckLiuliang_remote/datasets/toniot/test/normal/test_00014734_orig60946_60947_60948.png,0,0.007154755446996302
/root/New_CheckLiuliang_remote/datasets/toniot/test/normal/test_00014735_orig60949_60950_60951.png,0,0.005473082415809953
/root/New_CheckLiuliang_remote/datasets/toniot/test/normal/test_00014736_orig60952_60953_60954.png,0,0.004772483352224867
/root/New_CheckLiuliang_remote/datasets/toniot/test/normal/test_00014737_orig60955_60956_60957.png,0,0.007154755446996302
/root/New_CheckLiuliang_remote/datasets/toniot/test/normal/test_00014738_orig60958_60959_60960.png,0,0.004047391229023868
/root/New_CheckLiuliang_remote/datasets/toniot/test/normal/test_00014739_orig60961_60962_60963.png,0,0.003443669088973662
/root/New_CheckLiuliang_remote/datasets/toniot/test/normal/test_00014740_orig60964_60965_60966.png,0,0.004772483352224867
/root/New_CheckLiuliang_remote/datasets/toniot/test/normal/test_00014741_orig60967_60968_60969.png,0,0.007154755446996302
/root/New_CheckLiuliang_remote/datasets/toniot/test/normal/test_00014742_orig60970_60971_60972.png,0,0.008248854440119224
/root/New_CheckLiuliang_remote/datasets/toniot/test/normal/test_00014743_orig60973_60974_60975.png,0,0.005277298100355733
/root/New_CheckLiuliang_remote/datasets/toniot/test/normal/test_00014744_orig60976_60977_60978.png,0,0.006024594986398218
/root/New_CheckLiuliang_remote/datasets/toniot/test/normal/test_00014745_orig60979_60980_60981.png,0,0.008653085141995084
/root/New_CheckLiuliang_remote/datasets/toniot/test/normal/test_00014746_orig60982_60983_60984.png,0,0.00026683277800768
/root/New_CheckLiuliang_remote/datasets/toniot/test/normal/test_00014747_orig60985_60986_60987.png,0,0.011133982955636569
/root/New_CheckLiuliang_remote/datasets/toniot/test/normal/test_00014748_orig60988_60989_60990.png,0,0.007154755446996302
/root/New_CheckLiuliang_remote/datasets/toniot/test/normal/test_00014749_orig60991_60992_60993.png,0,0.00201570356480525
/root/New_CheckLiuliang_remote/datasets/toniot/test/normal/test_00014750_orig60994_60995_60996.png,0,0.007154755446996302
/root/New_CheckLiuliang_remote/datasets/toniot/test/normal/test_00014751_orig60997_60998_60999.png,0,0.010019638879152283
/root/New_CheckLiuliang_remote/datasets/toniot/test/normal/test_00014752_orig61000_61001_61002.png,0,0.0029574508024339235
/root/New_CheckLiuliang_remote/datasets/toniot/test/normal/test_00014753_orig61003_61004_61005.png,0,0.003209563819082882
/root/New_CheckLiuliang_remote/datasets/toniot/test/normal/test_00014754_orig61006_61007_61008.png,0,0.012740391355461296
/root/New_CheckLiuliang_remote/datasets/toniot/test/normal/test_00014755_orig61009_61010_61011.png,0,0.0074819863608724885
/root/New_CheckLiuliang_remote/datasets/toniot/test/normal/test_00014756_orig61012_61013_61014.png,0,0.003209563819082882
/root/New_CheckLiuliang_remote/datasets/toniot/test/normal/test_00014757_orig61015_61016_61017.png,0,0.00026683277800768
/root/New_CheckLiuliang_remote/datasets/toniot/test/normal/test_00014758_orig61018_61019_61020.png,0,0.0038137017029415427
/root/New_CheckLiuliang_remote/datasets/toniot/test/normal/test_00014759_orig61021_61022_61023.png,0,0.0029724594925346196
/root/New_CheckLiuliang_remote/datasets/toniot/test/normal/test_00014760_orig61024_61025_61026.png,0,0.3064157863943011
/root/New_CheckLiuliang_remote/datasets/toniot/test/normal/test_00014761_orig61027_61028_61029.png,0,0.007263042264754037
/root/New_CheckLiuliang_remote/datasets/toniot/test/normal/test_00014762_orig61030_61031_61032.png,0,0.011251646055993417
/root/New_CheckLiuliang_remote/datasets/toniot/test/normal/test_00014763_orig61033_61034_61035.png,0,0.2655818378177617
/root/New_CheckLiuliang_remote/datasets/toniot/test/normal/test_00014764_orig61036_61037_61038.png,0,0.015300463150220045
/root/New_CheckLiuliang_remote/datasets/toniot/test/normal/test_00014765_orig61039_61040_61041.png,0,0.013527596568438128
/root/New_CheckLiuliang_remote/datasets/toniot/test/normal/test_00014766_orig61042_61043_61044.png,0,0.0
/root/New_CheckLiuliang_remote/datasets/toniot/test/normal/test_00014767_orig61045_61046_61047.png,0,0.5983812152308448
/root/New_CheckLiuliang_remote/datasets/toniot/test/normal/test_00014768_orig61048_61049_61050.png,0,0.007672022374312465
/root/New_CheckLiuliang_remote/datasets/toniot/test/normal/test_00014769_orig61051_61052_61053.png,0,0.003280427055767061
/root/New_CheckLiuliang_remote/datasets/toniot/test/normal/test_00014770_orig61054_61055_61056.png,0,0.49986294345694504
/root/New_CheckLiuliang_remote/datasets/toniot/test/normal/test_00014771_orig61057_61058_61059.png,0,0.20898334257143197
/root/New_CheckLiuliang_remote/datasets/toniot/test/normal/test_00014772_orig61060_61061_61062.png,0,0.3168158962362214
/root/New_CheckLiuliang_remote/datasets/toniot/test/normal/test_00014773_orig61063_61064_61065.png,0,0.33206487553379543
/root/New_CheckLiuliang_remote/datasets/toniot/test/normal/test_00014774_orig61066_61067_61068.png,0,0.43611593430926665
/root/New_CheckLiuliang_remote/datasets/toniot/test/normal/test_00014775_orig61069_61070_61071.png,0,0.009989400646096559
/root/New_CheckLiuliang_remote/datasets/toniot/test/normal/test_00014776_orig61072_61073_61074.png,0,0.0070691267148775
/root/New_CheckLiuliang_remote/datasets/toniot/test/normal/test_00014777_orig61075_61076_61077.png,0,0.005874879530223336
/root/New_CheckLiuliang_remote/datasets/toniot/test/normal/test_00014778_orig61078_61079_61080.png,0,0.0005741702772129046
/root/New_CheckLiuliang_remote/datasets/toniot/test/normal/test_00014779_orig61081_61082_61083.png,0,0.013141024418377365
/root/New_CheckLiuliang_remote/datasets/toniot/test/normal/test_00014780_orig61084_61085_61086.png,0,0.0010831761113480633
/root/New_CheckLiuliang_remote/datasets/toniot/test/normal/test_00014781_orig61087_61088_61089.png,0,0.0029574508024339235
/root/New_CheckLiuliang_remote/datasets/toniot/test/normal/test_00014782_orig61090_61091_61092.png,0,0.0015006411869411948
/root/New_CheckLiuliang_remote/datasets/toniot/test/normal/test_00014783_orig61093_61094_61095.png,0,0.007828966068445836
/root/New_CheckLiuliang_remote/datasets/toniot/test/normal/test_00014784_orig61096_61097_61098.png,0,0.002255205643278765
/root/New_CheckLiuliang_remote/datasets/toniot/test/normal/test_00014785_orig61099_61100_61101.png,0,0.005156567596559899
/root/New_CheckLiuliang_remote/datasets/toniot/test/normal/test_00014786_orig61102_61103_61104.png,0,0.5307993198703452
/root/New_CheckLiuliang_remote/datasets/toniot/test/normal/test_00014787_orig61105_61106_61107.png,0,0.32616724132241115
/root/New_CheckLiuliang_remote/datasets/toniot/test/normal/test_00014788_orig61108_61109_61110.png,0,0.460739945070785
/root/New_CheckLiuliang_remote/datasets/toniot/test/normal/test_00014789_orig61111_61112_61113.png,0,0.536848270006612
/root/New_CheckLiuliang_remote/datasets/toniot/test/normal/test_00014790_orig61114_61115_61116.png,0,0.6163962334483863
/root/New_CheckLiuliang_remote/datasets/toniot/test/normal/test_00014791_orig61117_61118_61119.png,0,0.36223361500480944
/root/New_CheckLiuliang_remote/datasets/toniot/test/normal/test_00014792_orig61120_61121_61122.png,0,0.0029956704498092118
/root/New_CheckLiuliang_remote/datasets/toniot/test/normal/test_00014793_orig61123_61124_61125.png,0,0.006745934737377355
/root/New_CheckLiuliang_remote/datasets/toniot/test/normal/test_00014794_orig61126_61127_61128.png,0,0.0037252925089949077
/root/New_CheckLiuliang_remote/datasets/toniot/test/normal/test_00014795_orig61129_61130_61131.png,0,0.007330648716123073
/root/New_CheckLiuliang_remote/datasets/toniot/test/normal/test_00014796_orig61132_61133_61134.png,0,0.008641973996185208
/root/New_CheckLiuliang_remote/datasets/toniot/test/normal/test_00014797_orig61135_61136_61137.png,0,0.004959071021714045
/root/New_CheckLiuliang_remote/datasets/toniot/test/normal/test_00014798_orig61138_61139_61140.png,0,0.3041270022382822
/root/New_CheckLiuliang_remote/datasets/toniot/test/normal/test_00014799_orig61141_61142_61143.png,0,0.011010814931199348
/root/New_CheckLiuliang_remote/datasets/toniot/test/normal/test_00014800_orig61144_61145_61146.png,0,0.008143396908845333
/root/New_CheckLiuliang_remote/datasets/toniot/test/normal/test_00014801_orig61147_61148_61149.png,0,0.008976454337366319
/root/New_CheckLiuliang_remote/datasets/toniot/test/normal/test_00014802_orig61150_61151_61152.png,0,0.014164545207926739
/root/New_CheckLiuliang_remote/datasets/toniot/test/normal/test_00014803_orig61153_61154_61155.png,0,0.0011987837741153054
/root/New_CheckLiuliang_remote/datasets/toniot/test/normal/test_00014804_orig61156_61157_61158.png,0,0.004329665947315365
/root/New_CheckLiuliang_remote/datasets/toniot/test/normal/test_00014805_orig61159_61160_61161.png,0,0.00081617828419442
/root/New_CheckLiuliang_remote/datasets/toniot/test/normal/test_00014806_orig61162_61163_61164.png,0,0.003839179874721758
/root/New_CheckLiuliang_remote/datasets/toniot/test/normal/test_00014807_orig61165_61166_61167.png,0,0.010985884636448978
/root/New_CheckLiuliang_remote/datasets/toniot/test/normal/test_00014808_orig61168_61169_61170.png,0,0.013538861717778216
/root/New_CheckLiuliang_remote/datasets/toniot/test/normal/test_00014809_orig61171_61172_61173.png,0,0.008143396908845333
/root/New_CheckLiuliang_remote/datasets/toniot/test/normal/test_00014810_orig61174_61175_61176.png,0,0.008056125200790652
/root/New_CheckLiuliang_remote/datasets/toniot/test/normal/test_00014811_orig61177_61178_61179.png,0,0.007538708569452668
/root/New_CheckLiuliang_remote/datasets/toniot/test/normal/test_00014812_orig61180_61181_61182.png,0,0.010009329812320092
/root/New_CheckLiuliang_remote/datasets/toniot/test/normal/test_00014813_orig61183_61184_61185.png,0,0.011820725636666961
/root/New_CheckLiuliang_remote/datasets/toniot/test/normal/test_00014814_orig61186_61187_61188.png,0,0.00826069011418525
/root/New_CheckLiuliang_remote/datasets/toniot/test/normal/test_00014815_orig61189_61190_61191.png,0,0.018231446970305643
/root/New_CheckLiuliang_remote/datasets/toniot/test/normal/test_00014816_orig61192_61193_61194.png,0,0.0011987837741153054
/root/New_CheckLiuliang_remote/datasets/toniot/test/normal/test_00014817_orig61195_61196_61197.png,0,0.007263042264754037
/root/New_CheckLiuliang_remote/datasets/toniot/test/normal/test_00014818_orig61198_61199_61200.png,0,0.005156567596559899
/root/New_CheckLiuliang_remote/datasets/toniot/test/normal/test_00014819_orig61201_61202_61203.png,0,0.0
/root/New_CheckLiuliang_remote/datasets/toniot/test/normal/test_00014820_orig61204_61205_61206.png,0,0.0013309737887256272
/root/New_CheckLiuliang_remote/datasets/toniot/test/normal/test_00014821_orig61207_61208_61209.png,0,0.005277298100355733
/root/New_CheckLiuliang_remote/datasets/toniot/test/normal/test_00014822_orig61210_61211_61212.png,0,0.00026683277800768
/root/New_CheckLiuliang_remote/datasets/toniot/test/normal/test_00014823_orig61213_61214_61215.png,0,0.3096068331744227
/root/New_CheckLiuliang_remote/datasets/toniot/test/normal/test_00014824_orig61216_61217_61218.png,0,0.011010814931199348
/root/New_CheckLiuliang_remote/datasets/toniot/test/normal/test_00014825_orig61219_61220_61221.png,0,0.0037622493162177257
/root/New_CheckLiuliang_remote/datasets/toniot/test/normal/test_00014826_orig61222_61223_61224.png,0,0.010060985809881701
/root/New_CheckLiuliang_remote/datasets/toniot/test/normal/test_00014827_orig61225_61226_61227.png,0,0.005156567596559899
/root/New_CheckLiuliang_remote/datasets/toniot/test/normal/test_00014828_orig61228_61229_61230.png,0,0.008143396908845333
/root/New_CheckLiuliang_remote/datasets/toniot/test/normal/test_00014829_orig61231_61232_61233.png,0,0.008976454337366319
/root/New_CheckLiuliang_remote/datasets/toniot/test/normal/test_00014830_orig61234_61235_61236.png,0,0.6455057518957519
/root/New_CheckLiuliang_remote/datasets/toniot/test/normal/test_00014831_orig61237_61238_61239.png,0,0.5314387824761858
/root/New_CheckLiuliang_remote/datasets/toniot/test/normal/test_00014832_orig61240_61241_61242.png,0,0.25400973895435824
/root/New_CheckLiuliang_remote/datasets/toniot/test/normal/test_00014833_orig61243_61244_61245.png,0,0.000514477275131215
/root/New_CheckLiuliang_remote/datasets/toniot/test/normal/test_00014834_orig61246_61247_61248.png,0,0.009491151919762313
/root/New_CheckLiuliang_remote/datasets/toniot/test/normal/test_00014835_orig61249_61250_61251.png,0,0.009071177965409799
/root/New_CheckLiuliang_remote/datasets/toniot/test/normal/test_00014836_orig61252_61253_61254.png,0,0.40063910191934543
/root/New_CheckLiuliang_remote/datasets/toniot/test/normal/test_00014837_orig61255_61256_61257.png,0,0.3515449507183463
/root/New_CheckLiuliang_remote/datasets/toniot/test/normal/test_00014838_orig61258_61259_61260.png,0,0.00665199417751254
/root/New_CheckLiuliang_remote/datasets/toniot/test/normal/test_00014839_orig61261_61262_61263.png,0,0.006811879768105911
/root/New_CheckLiuliang_remote/datasets/toniot/test/normal/test_00014840_orig61264_61265_61266.png,0,0.01055319832399106
/root/New_CheckLiuliang_remote/datasets/toniot/test/normal/test_00014841_orig61267_61268_61269.png,0,0.0029616793284507853
/root/New_CheckLiuliang_remote/datasets/toniot/test/normal/test_00014842_orig61270_61271_61272.png,0,0.0010831761113480633
/root/New_CheckLiuliang_remote/datasets/toniot/test/normal/test_00014843_orig61273_61274_61275.png,0,0.005063459283502948
/root/New_CheckLiuliang_remote/datasets/toniot/test/normal/test_00014844_orig61276_61277_61278.png,0,0.002462725455223506
/root/New_CheckLiuliang_remote/datasets/toniot/test/normal/test_00014845_orig61279_61280_61281.png,0,0.004047391229023868
/root/New_CheckLiuliang_remote/datasets/toniot/test/normal/test_00014846_orig61282_61283_61284.png,0,0.0022764594064866054
/root/New_CheckLiuliang_remote/datasets/toniot/test/normal/test_00014847_orig61285_61286_61287.png,0,0.0006133719161677334
/root/New_CheckLiuliang_remote/datasets/toniot/test/normal/test_00014848_orig61288_61289_61290.png,0,0.0022764594064866054
/root/New_CheckLiuliang_remote/datasets/toniot/test/normal/test_00014849_orig61291_61292_61293.png,0,0.0022764594064866054
/root/New_CheckLiuliang_remote/datasets/toniot/test/normal/test_00014850_orig61294_61295_61296.png,0,0.004278193499212025
/root/New_CheckLiuliang_remote/datasets/toniot/test/normal/test_00014851_orig61297_61298_61299.png,0,0.0025032232425618943
/root/New_CheckLiuliang_remote/datasets/toniot/test/normal/test_00014852_orig61300_61301_61302.png,0,0.0038137017029415427
/root/New_CheckLiuliang_remote/datasets/toniot/test/normal/test_00014853_orig61303_61304_61305.png,0,0.007437874112980476
/root/New_CheckLiuliang_remote/datasets/toniot/test/normal/test_00014854_orig61306_61307_61308.png,0,0.0037622493162177257
/root/New_CheckLiuliang_remote/datasets/toniot/test/normal/test_00014855_orig61309_61310_61311.png,0,0.026499392035876545
/root/New_CheckLiuliang_remote/datasets/toniot/test/normal/test_00014856_orig61312_61313_61314.png,0,0.0015006411869411948
/root/New_CheckLiuliang_remote/datasets/toniot/test/normal/test_00014857_orig61315_61316_61317.png,0,0.007263042264754037
/root/New_CheckLiuliang_remote/datasets/toniot/test/normal/test_00014858_orig61318_61319_61320.png,0,0.006745934737377355
/root/New_CheckLiuliang_remote/datasets/toniot/test/normal/test_00014859_orig61321_61322_61323.png,0,0.0029616793284507853
/root/New_CheckLiuliang_remote/datasets/toniot/test/normal/test_00014860_orig61324_61325_61326.png,0,0.010009329812320092
/root/New_CheckLiuliang_remote/datasets/toniot/test/normal/test_00014861_orig61327_61328_61329.png,0,0.011982721361766407
/root/New_CheckLiuliang_remote/datasets/toniot/test/normal/test_00014862_orig61330_61331_61332.png,0,0.007009820069693913
/root/New_CheckLiuliang_remote/datasets/toniot/test/normal/test_00014863_orig61333_61334_61335.png,0,0.00734085683611855
/root/New_CheckLiuliang_remote/datasets/toniot/test/normal/test_00014864_orig61336_61337_61338.png,0,0.010171396353999426
/root/New_CheckLiuliang_remote/datasets/toniot/test/normal/test_00014865_orig61339_61340_61341.png,0,0.005706891478266208
/root/New_CheckLiuliang_remote/datasets/toniot/test/normal/test_00014866_orig61342_61343_61344.png,0,0.00729674092025469
/root/New_CheckLiuliang_remote/datasets/toniot/test/normal/test_00014867_orig61345_61346_61347.png,0,0.007330648716123073
/root/New_CheckLiuliang_remote/datasets/toniot/test/normal/test_00014868_orig61348_61349_61350.png,0,0.006745934737377355
/root/New_CheckLiuliang_remote/datasets/toniot/test/normal/test_00014869_orig61351_61352_61353.png,0,0.004772483352224867
/root/New_CheckLiuliang_remote/datasets/toniot/test/normal/test_00014870_orig61354_61355_61356.png,0,0.007330648716123073
/root/New_CheckLiuliang_remote/datasets/toniot/test/normal/test_00014871_orig61357_61358_61359.png,0,0.0010831761113480633
/root/New_CheckLiuliang_remote/datasets/toniot/test/normal/test_00014872_orig61360_61361_61362.png,0,0.0011987837741153054
/root/New_CheckLiuliang_remote/datasets/toniot/test/normal/test_00014873_orig61363_61364_61365.png,0,0.0035113157423068905
/root/New_CheckLiuliang_remote/datasets/toniot/test/normal/test_00014874_orig61366_61367_61368.png,0,0.002028484349628644
/root/New_CheckLiuliang_remote/datasets/toniot/test/normal/test_00014875_orig61369_61370_61371.png,0,0.0022764594064866054
/root/New_CheckLiuliang_remote/datasets/toniot/test/normal/test_00014876_orig61372_61373_61374.png,0,0.0020689809164011162
/root/New_CheckLiuliang_remote/datasets/toniot/test/normal/test_00014877_orig61375_61376_61377.png,0,0.008095547298408771
/root/New_CheckLiuliang_remote/datasets/toniot/test/normal/test_00014878_orig61378_61379_61380.png,0,0.0006133719161677334
/root/New_CheckLiuliang_remote/datasets/toniot/test/normal/test_00014879_orig61381_61382_61383.png,0,0.008143396908845333
/root/New_CheckLiuliang_remote/datasets/toniot/test/normal/test_00014880_orig61384_61385_61386.png,0,0.0054584856297823685
/root/New_CheckLiuliang_remote/datasets/toniot/test/normal/test_00014881_orig61387_61388_61389.png,0,0.005261787878479867
/root/New_CheckLiuliang_remote/datasets/toniot/test/normal/test_00014882_orig61390_61391_61392.png,0,0.00201570356480525
/root/New_CheckLiuliang_remote/datasets/toniot/test/normal/test_00014883_orig61393_61394_61395.png,0,0.0035113157423068905
/root/New_CheckLiuliang_remote/datasets/toniot/test/normal/test_00014884_orig61396_61397_61398.png,0,0.011255099097268007
/root/New_CheckLiuliang_remote/datasets/toniot/test/normal/test_00014885_orig61399_61400_61401.png,0,0.5562062534494447
/root/New_CheckLiuliang_remote/datasets/toniot/test/normal/test_00014886_orig61402_61403_61404.png,0,0.5367958573236715
/root/New_CheckLiuliang_remote/datasets/toniot/test/normal/test_00014887_orig61405_61406_61407.png,0,0.40166889769850284
/root/New_CheckLiuliang_remote/datasets/toniot/test/normal/test_00014888_orig61408_61409_61410.png,0,0.010985884636448978
/root/New_CheckLiuliang_remote/datasets/toniot/test/normal/test_00014889_orig61411_61412_61413.png,0,0.00608855324207481
/root/New_CheckLiuliang_remote/datasets/toniot/test/normal/test_00014890_orig61414_61415_61416.png,0,0.1783252153757735
/root/New_CheckLiuliang_remote/datasets/toniot/test/normal/test_00014891_orig61417_61418_61419.png,0,0.49155941036232675
/root/New_CheckLiuliang_remote/datasets/toniot/test/normal/test_00014892_orig61420_61421_61422.png,0,0.4967761896438899
/root/New_CheckLiuliang_remote/datasets/toniot/test/normal/test_00014893_orig61423_61424_61425.png,0,0.358954380366592
/root/New_CheckLiuliang_remote/datasets/toniot/test/normal/test_00014894_orig61426_61427_61428.png,0,0.005277298100355733
/root/New_CheckLiuliang_remote/datasets/toniot/test/normal/test_00014895_orig61429_61430_61431.png,0,0.18289271002208574
/root/New_CheckLiuliang_remote/datasets/toniot/test/normal/test_00014896_orig61432_61433_61434.png,0,0.007992660537868339
/root/New_CheckLiuliang_remote/datasets/toniot/test/normal/test_00014897_orig61435_61436_61437.png,0,0.015348184532375532
/root/New_CheckLiuliang_remote/datasets/toniot/test/normal/test_00014898_orig61438_61439_61440.png,0,0.004959071021714045
/root/New_CheckLiuliang_remote/datasets/toniot/test/normal/test_00014899_orig61441_61442_61443.png,0,0.0037622493162177257
/root/New_CheckLiuliang_remote/datasets/toniot/test/normal/test_00014900_orig61444_61445_61446.png,0,0.004278193499212025
/root/New_CheckLiuliang_remote/datasets/toniot/test/normal/test_00014901_orig61447_61448_61449.png,0,0.010843781922779929
/root/New_CheckLiuliang_remote/datasets/toniot/test/normal/test_00014902_orig61450_61451_61452.png,0,0.0006133719161677334
/root/New_CheckLiuliang_remote/datasets/toniot/test/normal/test_00014903_orig61453_61454_61455.png,0,0.0036104349037717888
/root/New_CheckLiuliang_remote/datasets/toniot/test/normal/test_00014904_orig61456_61457_61458.png,0,0.000514477275131215
/root/New_CheckLiuliang_remote/datasets/toniot/test/normal/test_00014905_orig61459_61460_61461.png,0,0.0074280815235835155
/root/New_CheckLiuliang_remote/datasets/toniot/test/normal/test_00014906_orig61462_61463_61464.png,0,0.00608855324207481
/root/New_CheckLiuliang_remote/datasets/toniot/test/normal/test_00014907_orig61465_61466_61467.png,0,0.007330648716123073
/root/New_CheckLiuliang_remote/datasets/toniot/test/normal/test_00014908_orig61468_61469_61470.png,0,0.004920432427452201
/root/New_CheckLiuliang_remote/datasets/toniot/test/normal/test_00014909_orig61471_61472_61473.png,0,0.008056125200790652
/root/New_CheckLiuliang_remote/datasets/toniot/test/normal/test_00014910_orig61474_61475_61476.png,0,0.01089842608011324
/root/New_CheckLiuliang_remote/datasets/toniot/test/normal/test_00014911_orig61477_61478_61479.png,0,0.00845867900787791
/root/New_CheckLiuliang_remote/datasets/toniot/test/normal/test_00014912_orig61480_61481_61482.png,0,0.0047609645164848995
/root/New_CheckLiuliang_remote/datasets/toniot/test/normal/test_00014913_orig61483_61484_61485.png,0,0.0013309737887256272
/root/New_CheckLiuliang_remote/datasets/toniot/test/normal/test_00014914_orig61486_61487_61488.png,0,0.0006840397906234953
/root/New_CheckLiuliang_remote/datasets/toniot/test/normal/test_00014915_orig61489_61490_61491.png,0,0.005209561151215105
/root/New_CheckLiuliang_remote/datasets/toniot/test/normal/test_00014916_orig61492_61493_61494.png,0,0.011251646055993417
/root/New_CheckLiuliang_remote/datasets/toniot/test/normal/test_00014917_orig61495_61496_61497.png,0,0.007263042264754037
/root/New_CheckLiuliang_remote/datasets/toniot/test/normal/test_00014918_orig61498_61499_61500.png,0,0.002154948267260838
/root/New_CheckLiuliang_remote/datasets/toniot/test/normal/test_00014919_orig61501_61502_61503.png,0,0.0047609645164848995
/root/New_CheckLiuliang_remote/datasets/toniot/test/normal/test_00014920_orig61504_61505_61506.png,0,0.008976454337366319
/root/New_CheckLiuliang_remote/datasets/toniot/test/normal/test_00014921_orig61507_61508_61509.png,0,0.008056125200790652
/root/New_CheckLiuliang_remote/datasets/toniot/test/normal/test_00014922_orig61510_61511_61512.png,0,0.004693253967810826
/root/New_CheckLiuliang_remote/datasets/toniot/test/normal/test_00014923_orig61513_61514_61515.png,0,0.00040615447904575086
/root/New_CheckLiuliang_remote/datasets/toniot/test/normal/test_00014924_orig61516_61517_61518.png,0,0.007992660537868339
/root/New_CheckLiuliang_remote/datasets/toniot/test/normal/test_00014925_orig61519_61520_61521.png,0,0.00795764115053337
/root/New_CheckLiuliang_remote/datasets/toniot/test/normal/test_00014926_orig61522_61523_61524.png,0,0.006658754890195843
/root/New_CheckLiuliang_remote/datasets/toniot/test/normal/test_00014927_orig61525_61526_61527.png,0,0.003839179874721758
/root/New_CheckLiuliang_remote/datasets/toniot/test/normal/test_00014928_orig61528_61529_61530.png,0,0.0034615150101607608
/root/New_CheckLiuliang_remote/datasets/toniot/test/normal/test_00014929_orig61531_61532_61533.png,0,0.0022764594064866054
/root/New_CheckLiuliang_remote/datasets/toniot/test/normal/test_00014930_orig61534_61535_61536.png,0,0.008143396908845333
/root/New_CheckLiuliang_remote/datasets/toniot/test/normal/test_00014931_orig61537_61538_61539.png,0,0.00876654795862597
/root/New_CheckLiuliang_remote/datasets/toniot/test/normal/test_00014932_orig61540_61541_61542.png,0,0.012849746390236371
/root/New_CheckLiuliang_remote/datasets/toniot/test/normal/test_00014933_orig61543_61544_61545.png,0,0.0051020304593465725
/root/New_CheckLiuliang_remote/datasets/toniot/test/normal/test_00014934_orig61546_61547_61548.png,0,0.0035113157423068905
/root/New_CheckLiuliang_remote/datasets/toniot/test/normal/test_00014935_orig61549_61550_61551.png,0,0.005324006909090376
/root/New_CheckLiuliang_remote/datasets/toniot/test/normal/test_00014936_orig61552_61553_61554.png,0,0.008976454337366319
/root/New_CheckLiuliang_remote/datasets/toniot/test/normal/test_00014937_orig61555_61556_61557.png,0,0.014972378591960867
/root/New_CheckLiuliang_remote/datasets/toniot/test/normal/test_00014938_orig61558_61559_61560.png,0,0.01840231565391053
/root/New_CheckLiuliang_remote/datasets/toniot/test/normal/test_00014939_orig61561_61562_61563.png,0,0.005797419794753368
/root/New_CheckLiuliang_remote/datasets/toniot/test/normal/test_00014940_orig61564_61565_61566.png,0,0.0074280815235835155
/root/New_CheckLiuliang_remote/datasets/toniot/test/normal/test_00014941_orig61567_61568_61569.png,0,0.0022764594064866054
/root/New_CheckLiuliang_remote/datasets/toniot/test/normal/test_00014942_orig61570_61571_61572.png,0,0.0013309737887256272
/root/New_CheckLiuliang_remote/datasets/toniot/test/normal/test_00014943_orig61573_61574_61575.png,0,0.6406406927851118
/root/New_CheckLiuliang_remote/datasets/toniot/test/normal/test_00014944_orig61576_61577_61578.png,0,0.23118934470547078
/root/New_CheckLiuliang_remote/datasets/toniot/test/normal/test_00014945_orig61579_61580_61581.png,0,0.31991010549020565
/root/New_CheckLiuliang_remote/datasets/toniot/test/normal/test_00014946_orig61582_61583_61584.png,0,0.0051020304593465725
/root/New_CheckLiuliang_remote/datasets/toniot/test/normal/test_00014947_orig61585_61586_61587.png,0,0.3345138404211246
/root/New_CheckLiuliang_remote/datasets/toniot/test/normal/test_00014948_orig61588_61589_61590.png,0,0.3381976345921617
/root/New_CheckLiuliang_remote/datasets/toniot/test/normal/test_00014949_orig61591_61592_61593.png,0,0.008331764447737342
/root/New_CheckLiuliang_remote/datasets/toniot/test/normal/test_00014950_orig61594_61595_61596.png,0,0.33218244866069074
/root/New_CheckLiuliang_remote/datasets/toniot/test/normal/test_00014951_orig61597_61598_61599.png,0,0.40874891385781426
/root/New_CheckLiuliang_remote/datasets/toniot/test/normal/test_00014952_orig61600_61601_61602.png,0,0.31948944995744094
/root/New_CheckLiuliang_remote/datasets/toniot/test/normal/test_00014953_orig61603_61604_61605.png,0,0.019827328578719276
/root/New_CheckLiuliang_remote/datasets/toniot/test/normal/test_00014954_orig61606_61607_61608.png,0,0.01055319832399106
/root/New_CheckLiuliang_remote/datasets/toniot/test/normal/test_00014955_orig61609_61610_61611.png,0,0.14252329158606622
/root/New_CheckLiuliang_remote/datasets/toniot/test/normal/test_00014956_orig61612_61613_61614.png,0,0.0003072753613893255
/root/New_CheckLiuliang_remote/datasets/toniot/test/normal/test_00014957_orig61615_61616_61617.png,0,0.005261787878479867
/root/New_CheckLiuliang_remote/datasets/toniot/test/normal/test_00014958_orig61618_61619_61620.png,0,0.007263042264754037
/root/New_CheckLiuliang_remote/datasets/toniot/test/normal/test_00014959_orig61621_61622_61623.png,0,0.00081617828419442
/root/New_CheckLiuliang_remote/datasets/toniot/test/normal/test_00014960_orig61624_61625_61626.png,0,0.005425761641417493
/root/New_CheckLiuliang_remote/datasets/toniot/test/normal/test_00014961_orig61627_61628_61629.png,0,0.008143396908845333
/root/New_CheckLiuliang_remote/datasets/toniot/test/normal/test_00014962_orig61630_61631_61632.png,0,0.00734085683611855
/root/New_CheckLiuliang_remote/datasets/toniot/test/normal/test_00014963_orig61633_61634_61635.png,0,0.0011987837741153054
/root/New_CheckLiuliang_remote/datasets/toniot/test/normal/test_00014964_orig61636_61637_61638.png,0,0.020782182187340327
/root/New_CheckLiuliang_remote/datasets/toniot/test/normal/test_00014965_orig61639_61640_61641.png,0,0.015348184532375532
/root/New_CheckLiuliang_remote/datasets/toniot/test/normal/test_00014966_orig61642_61643_61644.png,0,0.010861328642033026
/root/New_CheckLiuliang_remote/datasets/toniot/test/normal/test_00014967_orig61645_61646_61647.png,0,0.008044906384405115
/root/New_CheckLiuliang_remote/datasets/toniot/test/normal/test_00014968_orig61648_61649_61650.png,0,0.004030744095643299
/root/New_CheckLiuliang_remote/datasets/toniot/test/normal/test_00014969_orig61651_61652_61653.png,0,0.0029724594925346196
/root/New_CheckLiuliang_remote/datasets/toniot/test/normal/test_00014970_orig61654_61655_61656.png,0,0.0038137017029415427
/root/New_CheckLiuliang_remote/datasets/toniot/test/normal/test_00014971_orig61657_61658_61659.png,0,0.008733714313179944
/root/New_CheckLiuliang_remote/datasets/toniot/test/normal/test_00014972_orig61660_61661_61662.png,0,0.003209563819082882
/root/New_CheckLiuliang_remote/datasets/toniot/test/normal/test_00014973_orig61663_61664_61665.png,0,0.007858196324705235
/root/New_CheckLiuliang_remote/datasets/toniot/test/normal/test_00014974_orig61666_61667_61668.png,0,0.0017612953990700678
/root/New_CheckLiuliang_remote/datasets/toniot/test/normal/test_00014975_orig61669_61670_61671.png,0,0.00876654795862597
/root/New_CheckLiuliang_remote/datasets/toniot/test/normal/test_00014976_orig61672_61673_61674.png,0,0.005706891478266208
/root/New_CheckLiuliang_remote/datasets/toniot/test/normal/test_00014977_orig61675_61676_61677.png,0,0.30382240922181714
/root/New_CheckLiuliang_remote/datasets/toniot/test/normal/test_00014978_orig61678_61679_61680.png,0,0.00026683277800768
/root/New_CheckLiuliang_remote/datasets/toniot/test/normal/test_00014979_orig61681_61682_61683.png,0,0.004115980091888283
/root/New_CheckLiuliang_remote/datasets/toniot/test/normal/test_00014980_orig61684_61685_61686.png,0,0.0029616793284507853
/root/New_CheckLiuliang_remote/datasets/toniot/test/normal/test_00014981_orig61687_61688_61689.png,0,0.006010806699472566
/root/New_CheckLiuliang_remote/datasets/toniot/test/normal/test_00014982_orig61690_61691_61692.png,0,0.0031535052864771263
/root/New_CheckLiuliang_remote/datasets/toniot/test/normal/test_00014983_orig61693_61694_61695.png,0,0.007945455021234688
/root/New_CheckLiuliang_remote/datasets/toniot/test/normal/test_00014984_orig61696_61697_61698.png,0,0.0033234067972252547
/root/New_CheckLiuliang_remote/datasets/toniot/test/normal/test_00014985_orig61699_61700_61701.png,0,0.007175828425990935
/root/New_CheckLiuliang_remote/datasets/toniot/test/normal/test_00014986_orig61702_61703_61704.png,0,0.0074280815235835155
/root/New_CheckLiuliang_remote/datasets/toniot/test/normal/test_00014987_orig61705_61706_61707.png,0,0.00798899355844732
/root/New_CheckLiuliang_remote/datasets/toniot/test/normal/test_00014988_orig61708_61709_61710.png,0,0.0022389652749291496
/root/New_CheckLiuliang_remote/datasets/toniot/test/normal/test_00014989_orig61711_61712_61713.png,0,0.006256447599167381
/root/New_CheckLiuliang_remote/datasets/toniot/test/normal/test_00014990_orig61714_61715_61716.png,0,0.005542211465610723
/root/New_CheckLiuliang_remote/datasets/toniot/test/normal/test_00014991_orig61717_61718_61719.png,0,0.0008218724437437405
/root/New_CheckLiuliang_remote/datasets/toniot/test/normal/test_00014992_orig61720_61721_61722.png,0,0.3091853268494533
/root/New_CheckLiuliang_remote/datasets/toniot/test/normal/test_00014993_orig61723_61724_61725.png,0,0.006851606036108679
/root/New_CheckLiuliang_remote/datasets/toniot/test/normal/test_00014994_orig61726_61727_61728.png,0,0.11143126723817
/root/New_CheckLiuliang_remote/datasets/toniot/test/normal/test_00014995_orig61729_61730_61731.png,0,0.27501016221195274
/root/New_CheckLiuliang_remote/datasets/toniot/test/normal/test_00014996_orig61732_61733_61734.png,0,0.05070668754516109
/root/New_CheckLiuliang_remote/datasets/toniot/test/normal/test_00014997_orig61735_61736_61737.png,0,0.004047391229023868
/root/New_CheckLiuliang_remote/datasets/toniot/test/normal/test_00014998_orig61738_61739_61740.png,0,0.006811879768105911
/root/New_CheckLiuliang_remote/datasets/toniot/test/normal/test_00014999_orig61741_61742_61743.png,0,0.4305640999916311
/root/New_CheckLiuliang_remote/datasets/toniot/test/normal/test_00015000_orig61744_61745_61746.png,0,0.4349264325936967
/root/New_CheckLiuliang_remote/datasets/toniot/test/normal/test_00015001_orig61747_61748_61749.png,0,0.3836591992022747
/root/New_CheckLiuliang_remote/datasets/toniot/test/normal/test_00015002_orig61750_61751_61752.png,0,0.4427808614731163
/root/New_CheckLiuliang_remote/datasets/toniot/test/normal/test_00015003_orig61753_61754_61755.png,0,0.2391829803632036
/root/New_CheckLiuliang_remote/datasets/toniot/test/normal/test_00015004_orig61756_61757_61758.png,0,0.007510637173825069
/root/New_CheckLiuliang_remote/datasets/toniot/test/normal/test_00015005_orig61759_61760_61761.png,0,0.3262560315521822
/root/New_CheckLiuliang_remote/datasets/toniot/test/normal/test_00015006_orig61762_61763_61764.png,0,0.3506838269899185
/root/New_CheckLiuliang_remote/datasets/toniot/test/normal/test_00015007_orig61765_61766_61767.png,0,0.4593347259241132
/root/New_CheckLiuliang_remote/datasets/toniot/test/normal/test_00015008_orig61768_61769_61770.png,0,0.20253339142637228
/root/New_CheckLiuliang_remote/datasets/toniot/test/normal/test_00015009_orig61771_61772_61773.png,0,0.007523526647297107
/root/New_CheckLiuliang_remote/datasets/toniot/test/normal/test_00015010_orig61774_61775_61776.png,0,0.006811879768105911
/root/New_CheckLiuliang_remote/datasets/toniot/test/normal/test_00015011_orig61777_61778_61779.png,0,0.2041103231453078
/root/New_CheckLiuliang_remote/datasets/toniot/test/normal/test_00015012_orig61780_61781_61782.png,0,0.0035113157423068905
/root/New_CheckLiuliang_remote/datasets/toniot/test/normal/test_00015013_orig61783_61784_61785.png,0,0.008778388247442885
/root/New_CheckLiuliang_remote/datasets/toniot/test/normal/test_00015014_orig61786_61787_61788.png,0,0.011010814931199348
/root/New_CheckLiuliang_remote/datasets/toniot/test/normal/test_00015015_orig61789_61790_61791.png,0,0.011255099097268007
/root/New_CheckLiuliang_remote/datasets/toniot/test/normal/test_00015016_orig61792_61793_61794.png,0,0.00734085683611855
/root/New_CheckLiuliang_remote/datasets/toniot/test/normal/test_00015017_orig61795_61796_61797.png,0,0.006811879768105911
/root/New_CheckLiuliang_remote/datasets/toniot/test/normal/test_00015018_orig61798_61799_61800.png,0,0.26334606464489685
/root/New_CheckLiuliang_remote/datasets/toniot/test/normal/test_00015019_orig61801_61802_61803.png,0,0.0029280501617496494
/root/New_CheckLiuliang_remote/datasets/toniot/test/normal/test_00015020_orig61804_61805_61806.png,0,0.0029956704498092118
/root/New_CheckLiuliang_remote/datasets/toniot/test/normal/test_00015021_orig61807_61808_61809.png,0,0.0011987837741153054
/root/New_CheckLiuliang_remote/datasets/toniot/test/normal/test_00015022_orig61810_61811_61812.png,0,0.008778388247442885
/root/New_CheckLiuliang_remote/datasets/toniot/test/normal/test_00015023_orig61813_61814_61815.png,0,0.009437227481787271
/root/New_CheckLiuliang_remote/datasets/toniot/test/normal/test_00015024_orig61816_61817_61818.png,0,0.008143396908845333
/root/New_CheckLiuliang_remote/datasets/toniot/test/normal/test_00015025_orig61819_61820_61821.png,0,0.30131140160226827
/root/New_CheckLiuliang_remote/datasets/toniot/test/normal/test_00015026_orig61822_61823_61824.png,0,0.01046126388774879
/root/New_CheckLiuliang_remote/datasets/toniot/test/normal/test_00015027_orig61825_61826_61827.png,0,0.005947787166173579
/root/New_CheckLiuliang_remote/datasets/toniot/test/normal/test_00015028_orig61828_61829_61830.png,0,0.00081617828419442
/root/New_CheckLiuliang_remote/datasets/toniot/test/normal/test_00015029_orig61831_61832_61833.png,0,0.00374495186897001
/root/New_CheckLiuliang_remote/datasets/toniot/test/normal/test_00015030_orig61834_61835_61836.png,0,0.0035113157423068905
/root/New_CheckLiuliang_remote/datasets/toniot/test/normal/test_00015031_orig61837_61838_61839.png,0,0.005277298100355733
/root/New_CheckLiuliang_remote/datasets/toniot/test/normal/test_00015032_orig61840_61841_61842.png,0,0.010492246709958672
/root/New_CheckLiuliang_remote/datasets/toniot/test/normal/test_00015033_orig61843_61844_61845.png,0,0.00994539652855872
/root/New_CheckLiuliang_remote/datasets/toniot/test/normal/test_00015034_orig61846_61847_61848.png,0,0.006450832999977745
/root/New_CheckLiuliang_remote/datasets/toniot/test/normal/test_00015035_orig61849_61850_61851.png,0,0.0054584856297823685
/root/New_CheckLiuliang_remote/datasets/toniot/test/normal/test_00015036_orig61852_61853_61854.png,0,0.000514477275131215
/root/New_CheckLiuliang_remote/datasets/toniot/test/normal/test_00015037_orig61855_61856_61857.png,0,0.0026379994505539286
/root/New_CheckLiuliang_remote/datasets/toniot/test/normal/test_00015038_orig61858_61859_61860.png,0,0.0019879708539729127
/root/New_CheckLiuliang_remote/datasets/toniot/test/normal/test_00015039_orig61861_61862_61863.png,0,0.004772483352224867
/root/New_CheckLiuliang_remote/datasets/toniot/test/normal/test_00015040_orig61864_61865_61866.png,0,0.0031535052864771263
/root/New_CheckLiuliang_remote/datasets/toniot/test/normal/test_00015041_orig61867_61868_61869.png,0,0.004988154592500331
/root/New_CheckLiuliang_remote/datasets/toniot/test/normal/test_00015042_orig61870_61871_61872.png,0,0.00081617828419442
/root/New_CheckLiuliang_remote/datasets/toniot/test/normal/test_00015043_orig61873_61874_61875.png,0,0.007330648716123073
/root/New_CheckLiuliang_remote/datasets/toniot/test/normal/test_00015044_orig61876_61877_61878.png,0,0.007263042264754037
/root/New_CheckLiuliang_remote/datasets/toniot/test/normal/test_00015045_orig61879_61880_61881.png,0,0.30885821499626837
/root/New_CheckLiuliang_remote/datasets/toniot/test/normal/test_00015046_orig61882_61883_61884.png,0,0.007858196324705235
/root/New_CheckLiuliang_remote/datasets/toniot/test/normal/test_00015047_orig61885_61886_61887.png,0,0.004563446589369467
/root/New_CheckLiuliang_remote/datasets/toniot/test/normal/test_00015048_orig61888_61889_61890.png,0,0.007175828425990935
/root/New_CheckLiuliang_remote/datasets/toniot/test/normal/test_00015049_orig61891_61892_61893.png,0,0.007374521451707688
/root/New_CheckLiuliang_remote/datasets/toniot/test/normal/test_00015050_orig61894_61895_61896.png,0,0.0022957091576135294
/root/New_CheckLiuliang_remote/datasets/toniot/test/normal/test_00015051_orig61897_61898_61899.png,0,0.002028484349628644
/root/New_CheckLiuliang_remote/datasets/toniot/test/normal/test_00015052_orig61900_61901_61902.png,0,0.0031535052864771263
/root/New_CheckLiuliang_remote/datasets/toniot/test/normal/test_00015053_orig61903_61904_61905.png,0,0.008056125200790652
/root/New_CheckLiuliang_remote/datasets/toniot/test/normal/test_00015054_orig61906_61907_61908.png,0,0.008889035780013117
/root/New_CheckLiuliang_remote/datasets/toniot/test/normal/test_00015055_orig61909_61910_61911.png,0,0.003919120124864177
/root/New_CheckLiuliang_remote/datasets/toniot/test/normal/test_00015056_orig61912_61913_61914.png,0,0.009624491805628169
/root/New_CheckLiuliang_remote/datasets/toniot/test/normal/test_00015057_orig61915_61916_61917.png,0,0.6567625570186728
/root/New_CheckLiuliang_remote/datasets/toniot/test/normal/test_00015058_orig61918_61919_61920.png,0,0.20728457287453558
/root/New_CheckLiuliang_remote/datasets/toniot/test/normal/test_00015059_orig61921_61922_61923.png,0,0.5172193009503788
/root/New_CheckLiuliang_remote/datasets/toniot/test/normal/test_00015060_orig61924_61925_61926.png,0,0.00665199417751254
/root/New_CheckLiuliang_remote/datasets/toniot/test/normal/test_00015061_orig61927_61928_61929.png,0,0.4496756422130193
/root/New_CheckLiuliang_remote/datasets/toniot/test/normal/test_00015062_orig61930_61931_61932.png,0,0.32027600879004603
/root/New_CheckLiuliang_remote/datasets/toniot/test/normal/test_00015063_orig61933_61934_61935.png,0,0.3174566239835159
/root/New_CheckLiuliang_remote/datasets/toniot/test/normal/test_00015064_orig61936_61937_61938.png,0,0.00665199417751254
/root/New_CheckLiuliang_remote/datasets/toniot/test/normal/test_00015065_orig61939_61940_61941.png,0,0.35374997592420687
/root/New_CheckLiuliang_remote/datasets/toniot/test/normal/test_00015066_orig61942_61943_61944.png,0,0.006811879768105911
/root/New_CheckLiuliang_remote/datasets/toniot/test/normal/test_00015067_orig61945_61946_61947.png,0,0.006811879768105911
/root/New_CheckLiuliang_remote/datasets/toniot/test/normal/test_00015068_orig61948_61949_61950.png,0,0.005947787166173579
/root/New_CheckLiuliang_remote/datasets/toniot/test/normal/test_00015069_orig61951_61952_61953.png,0,0.005173990857964672
/root/New_CheckLiuliang_remote/datasets/toniot/test/normal/test_00015070_orig61954_61955_61956.png,0,0.00026683277800768
/root/New_CheckLiuliang_remote/datasets/toniot/test/normal/test_00015071_orig61957_61958_61959.png,0,0.0070691267148775
/root/New_CheckLiuliang_remote/datasets/toniot/test/normal/test_00015072_orig61960_61961_61962.png,0,0.011187692367391977
/root/New_CheckLiuliang_remote/datasets/toniot/test/normal/test_00015073_orig61963_61964_61965.png,0,0.005778316734291729
/root/New_CheckLiuliang_remote/datasets/toniot/test/normal/test_00015074_orig61966_61967_61968.png,0,0.0022764594064866054
/root/New_CheckLiuliang_remote/datasets/toniot/test/normal/test_00015075_orig61969_61970_61971.png,0,0.005706891478266208
/root/New_CheckLiuliang_remote/datasets/toniot/test/normal/test_00015076_orig61972_61973_61974.png,0,0.00201570356480525
/root/New_CheckLiuliang_remote/datasets/toniot/test/normal/test_00015077_orig61975_61976_61977.png,0,0.00890045595341905
/root/New_CheckLiuliang_remote/datasets/toniot/test/normal/test_00015078_orig61978_61979_61980.png,0,0.01089842608011324
/root/New_CheckLiuliang_remote/datasets/toniot/test/normal/test_00015079_orig61981_61982_61983.png,0,0.0034770456412730453
/root/New_CheckLiuliang_remote/datasets/toniot/test/normal/test_00015080_orig61984_61985_61986.png,0,0.0047609645164848995
/root/New_CheckLiuliang_remote/datasets/toniot/test/normal/test_00015081_orig61987_61988_61989.png,0,0.007330648716123073
/root/New_CheckLiuliang_remote/datasets/toniot/test/normal/test_00015082_orig61990_61991_61992.png,0,0.005706891478266208
/root/New_CheckLiuliang_remote/datasets/toniot/test/normal/test_00015083_orig61993_61994_61995.png,0,0.021453515904797583
/root/New_CheckLiuliang_remote/datasets/toniot/test/normal/test_00015084_orig61996_61997_61998.png,0,0.0037622493162177257
/root/New_CheckLiuliang_remote/datasets/toniot/test/normal/test_00015085_orig61999_62000_62001.png,0,0.0038137017029415427
/root/New_CheckLiuliang_remote/datasets/toniot/test/normal/test_00015086_orig62002_62003_62004.png,0,0.012740391355461296
/root/New_CheckLiuliang_remote/datasets/toniot/test/normal/test_00015087_orig62005_62006_62007.png,0,0.0006840397906234953
/root/New_CheckLiuliang_remote/datasets/toniot/test/normal/test_00015088_orig62008_62009_62010.png,0,0.0073686461645222105
/root/New_CheckLiuliang_remote/datasets/toniot/test/normal/test_00015089_orig62011_62012_62013.png,0,0.006599763555545798
/root/New_CheckLiuliang_remote/datasets/toniot/test/normal/test_00015090_orig62014_62015_62016.png,0,0.013110715193627116
/root/New_CheckLiuliang_remote/datasets/toniot/test/normal/test_00015091_orig62017_62018_62019.png,0,0.011306470878858551
/root/New_CheckLiuliang_remote/datasets/toniot/test/normal/test_00015092_orig62020_62021_62022.png,0,0.00081617828419442
/root/New_CheckLiuliang_remote/datasets/toniot/test/normal/test_00015093_orig62023_62024_62025.png,0,0.5157060307478658
/root/New_CheckLiuliang_remote/datasets/toniot/test/normal/test_00015094_orig62026_62027_62028.png,0,0.5204872475982095
/root/New_CheckLiuliang_remote/datasets/toniot/test/normal/test_00015095_orig62029_62030_62031.png,0,0.27579511258951167
/root/New_CheckLiuliang_remote/datasets/toniot/test/normal/test_00015096_orig62032_62033_62034.png,0,0.7827848421099748
/root/New_CheckLiuliang_remote/datasets/toniot/test/normal/test_00015097_orig62035_62036_62037.png,0,0.4468629291711003
/root/New_CheckLiuliang_remote/datasets/toniot/test/normal/test_00015098_orig62038_62039_62040.png,0,0.0026730412215979966
/root/New_CheckLiuliang_remote/datasets/toniot/test/normal/test_00015099_orig62041_62042_62043.png,0,0.011251646055993417
/root/New_CheckLiuliang_remote/datasets/toniot/test/normal/test_00015100_orig62044_62045_62046.png,0,0.2553184448845062
/root/New_CheckLiuliang_remote/datasets/toniot/test/normal/test_00015101_orig62047_62048_62049.png,0,0.007555940164831161
/root/New_CheckLiuliang_remote/datasets/toniot/test/normal/test_00015102_orig62050_62051_62052.png,0,0.011639390912652689
/root/New_CheckLiuliang_remote/datasets/toniot/test/normal/test_00015103_orig62053_62054_62055.png,0,0.020509241944735638
/root/New_CheckLiuliang_remote/datasets/toniot/test/normal/test_00015104_orig62056_62057_62058.png,0,0.000514477275131215
/root/New_CheckLiuliang_remote/datasets/toniot/test/normal/test_00015105_orig62059_62060_62061.png,0,0.007510637173825069
/root/New_CheckLiuliang_remote/datasets/toniot/test/normal/test_00015106_orig62062_62063_62064.png,0,0.009619944197873835
/root/New_CheckLiuliang_remote/datasets/toniot/test/normal/test_00015107_orig62065_62066_62067.png,0,0.0010831761113480633
/root/New_CheckLiuliang_remote/datasets/toniot/test/normal/test_00015108_orig62068_62069_62070.png,0,0.0021399488550316263
/root/New_CheckLiuliang_remote/datasets/toniot/test/normal/test_00015109_orig62071_62072_62073.png,0,0.0038137017029415427
/root/New_CheckLiuliang_remote/datasets/toniot/test/normal/test_00015110_orig62074_62075_62076.png,0,0.004030744095643299
/root/New_CheckLiuliang_remote/datasets/toniot/test/normal/test_00015111_orig62077_62078_62079.png,0,0.002028484349628644
/root/New_CheckLiuliang_remote/datasets/toniot/test/normal/test_00015112_orig62080_62081_62082.png,0,0.006813514839141694
/root/New_CheckLiuliang_remote/datasets/toniot/test/normal/test_00015113_orig62083_62084_62085.png,0,0.5175574191476215
/root/New_CheckLiuliang_remote/datasets/toniot/test/normal/test_00015114_orig62086_62087_62088.png,0,0.31808843539892295
/root/New_CheckLiuliang_remote/datasets/toniot/test/normal/test_00015115_orig62089_62090_62091.png,0,0.00081617828419442
/root/New_CheckLiuliang_remote/datasets/toniot/test/normal/test_00015116_orig62092_62093_62094.png,0,0.010627329136270647
/root/New_CheckLiuliang_remote/datasets/toniot/test/normal/test_00015117_orig62095_62096_62097.png,0,0.003443669088973662
/root/New_CheckLiuliang_remote/datasets/toniot/test/normal/test_00015118_orig62098_62099_62100.png,0,0.4590423425150805
/root/New_CheckLiuliang_remote/datasets/toniot/test/normal/test_00015119_orig62101_62102_62103.png,0,0.4068890166564191
/root/New_CheckLiuliang_remote/datasets/toniot/test/normal/test_00015120_orig62104_62105_62106.png,0,0.007395964878806037
/root/New_CheckLiuliang_remote/datasets/toniot/test/normal/test_00015121_orig62107_62108_62109.png,0,0.26755873230048766
/root/New_CheckLiuliang_remote/datasets/toniot/test/normal/test_00015122_orig62110_62111_62112.png,0,0.006334658865943712
/root/New_CheckLiuliang_remote/datasets/toniot/test/normal/test_00015123_orig62113_62114_62115.png,0,0.004849415592536229
/root/New_CheckLiuliang_remote/datasets/toniot/test/normal/test_00015124_orig62116_62117_62118.png,0,0.010483807845885368
/root/New_CheckLiuliang_remote/datasets/toniot/test/normal/test_00015125_orig62119_62120_62121.png,0,0.0031535052864771263
/root/New_CheckLiuliang_remote/datasets/toniot/test/normal/test_00015126_orig62122_62123_62124.png,0,0.0022764594064866054
/root/New_CheckLiuliang_remote/datasets/toniot/test/normal/test_00015127_orig62125_62126_62127.png,0,0.0029280501617496494
/root/New_CheckLiuliang_remote/datasets/toniot/test/normal/test_00015128_orig62128_62129_62130.png,0,0.0030271256254843903
/root/New_CheckLiuliang_remote/datasets/toniot/test/normal/test_00015129_orig62131_62132_62133.png,0,0.0015006411869411948
/root/New_CheckLiuliang_remote/datasets/toniot/test/normal/test_00015130_orig62134_62135_62136.png,0,0.007771461795608987
/root/New_CheckLiuliang_remote/datasets/toniot/test/normal/test_00015131_orig62137_62138_62139.png,0,0.0029616793284507853
/root/New_CheckLiuliang_remote/datasets/toniot/test/normal/test_00015132_orig62140_62141_62142.png,0,0.005063459283502948
/root/New_CheckLiuliang_remote/datasets/toniot/test/normal/test_00015133_orig62143_62144_62145.png,0,0.00608855324207481
/root/New_CheckLiuliang_remote/datasets/toniot/test/normal/test_00015134_orig62146_62147_62148.png,0,0.006450832999977745
/root/New_CheckLiuliang_remote/datasets/toniot/test/normal/test_00015135_orig62149_62150_62151.png,0,0.005778316734291729
/root/New_CheckLiuliang_remote/datasets/toniot/test/normal/test_00015136_orig62152_62153_62154.png,0,0.00081617828419442
/root/New_CheckLiuliang_remote/datasets/toniot/test/normal/test_00015137_orig62155_62156_62157.png,0,0.007154755446996302
/root/New_CheckLiuliang_remote/datasets/toniot/test/normal/test_00015138_orig62158_62159_62160.png,0,0.008332173541532841
/root/New_CheckLiuliang_remote/datasets/toniot/test/normal/test_00015139_orig62161_62162_62163.png,0,0.009071177965409799
/root/New_CheckLiuliang_remote/datasets/toniot/test/normal/test_00015140_orig62164_62165_62166.png,0,0.007437874112980476
/root/New_CheckLiuliang_remote/datasets/toniot/test/normal/test_00015141_orig62167_62168_62169.png,0,0.005947787166173579
/root/New_CheckLiuliang_remote/datasets/toniot/test/normal/test_00015142_orig62170_62171_62172.png,0,0.006811879768105911
/root/New_CheckLiuliang_remote/datasets/toniot/test/normal/test_00015143_orig62173_62174_62175.png,0,0.005706891478266208
/root/New_CheckLiuliang_remote/datasets/toniot/test/normal/test_00015144_orig62176_62177_62178.png,0,0.009989400646096559
/root/New_CheckLiuliang_remote/datasets/toniot/test/normal/test_00015145_orig62179_62180_62181.png,0,0.021453515904797583
/root/New_CheckLiuliang_remote/datasets/toniot/test/normal/test_00015146_orig62182_62183_62184.png,0,0.003919120124864177
/root/New_CheckLiuliang_remote/datasets/toniot/test/normal/test_00015147_orig62185_62186_62187.png,0,0.004047391229023868
/root/New_CheckLiuliang_remote/datasets/toniot/test/normal/test_00015148_orig62188_62189_62190.png,0,0.0026900740324698556
/root/New_CheckLiuliang_remote/datasets/toniot/test/normal/test_00015149_orig62191_62192_62193.png,0,0.0029724594925346196
/root/New_CheckLiuliang_remote/datasets/toniot/test/normal/test_00015150_orig62194_62195_62196.png,0,0.003839179874721758
/root/New_CheckLiuliang_remote/datasets/toniot/test/normal/test_00015151_orig62197_62198_62199.png,0,0.005261787878479867
/root/New_CheckLiuliang_remote/datasets/toniot/test/normal/test_00015152_orig62200_62201_62202.png,0,0.33649274497569703
/root/New_CheckLiuliang_remote/datasets/toniot/test/normal/test_00015153_orig62203_62204_62205.png,0,0.00081617828419442
/root/New_CheckLiuliang_remote/datasets/toniot/test/normal/test_00015154_orig62206_62207_62208.png,0,0.009989400646096559
/root/New_CheckLiuliang_remote/datasets/toniot/test/normal/test_00015155_orig62209_62210_62211.png,0,0.007945455021234688
/root/New_CheckLiuliang_remote/datasets/toniot/test/normal/test_00015156_orig62212_62213_62214.png,0,0.0178934220739384
/root/New_CheckLiuliang_remote/datasets/toniot/test/normal/test_00015157_orig62215_62216_62217.png,0,0.012905772604076481
/root/New_CheckLiuliang_remote/datasets/toniot/test/normal/test_00015158_orig62218_62219_62220.png,0,0.008161575799911776
/root/New_CheckLiuliang_remote/datasets/toniot/test/normal/test_00015159_orig62221_62222_62223.png,0,0.008733714313179944
/root/New_CheckLiuliang_remote/datasets/toniot/test/normal/test_00015160_orig62224_62225_62226.png,0,0.005205197032824494
/root/New_CheckLiuliang_remote/datasets/toniot/test/normal/test_00015161_orig62227_62228_62229.png,0,0.0
/root/New_CheckLiuliang_remote/datasets/toniot/test/normal/test_00015162_orig62230_62231_62232.png,0,0.00536975378358514
/root/New_CheckLiuliang_remote/datasets/toniot/test/normal/test_00015163_orig62233_62234_62235.png,0,0.0037252925089949077
/root/New_CheckLiuliang_remote/datasets/toniot/test/normal/test_00015164_orig62236_62237_62238.png,0,0.000514477275131215
/root/New_CheckLiuliang_remote/datasets/toniot/test/normal/test_00015165_orig62239_62240_62241.png,0,0.0006840397906234953
/root/New_CheckLiuliang_remote/datasets/toniot/test/normal/test_00015166_orig62242_62243_62244.png,0,0.6335819276832719
/root/New_CheckLiuliang_remote/datasets/toniot/test/normal/test_00015167_orig62245_62246_62247.png,0,0.40576463676552854
/root/New_CheckLiuliang_remote/datasets/toniot/test/normal/test_00015168_orig62248_62249_62250.png,0,0.31283035413608334
/root/New_CheckLiuliang_remote/datasets/toniot/test/normal/test_00015169_orig62251_62252_62253.png,0,0.01890762931337155
/root/New_CheckLiuliang_remote/datasets/toniot/test/normal/test_00015170_orig62254_62255_62256.png,0,0.457195406009651
/root/New_CheckLiuliang_remote/datasets/toniot/test/normal/test_00015171_orig62257_62258_62259.png,0,0.013110715193627116
/root/New_CheckLiuliang_remote/datasets/toniot/test/normal/test_00015172_orig62260_62261_62262.png,0,0.3204718008526904
/root/New_CheckLiuliang_remote/datasets/toniot/test/normal/test_00015173_orig62263_62264_62265.png,0,0.7804375016728187
/root/New_CheckLiuliang_remote/datasets/toniot/test/normal/test_00015174_orig62266_62267_62268.png,0,0.3513209537774528
/root/New_CheckLiuliang_remote/datasets/toniot/test/normal/test_00015175_orig62269_62270_62271.png,0,0.3493681617191753
/root/New_CheckLiuliang_remote/datasets/toniot/test/normal/test_00015176_orig62272_62273_62274.png,0,0.6749637343418492
/root/New_CheckLiuliang_remote/datasets/toniot/test/normal/test_00015177_orig62275_62276_62277.png,0,0.4474011335138792
/root/New_CheckLiuliang_remote/datasets/toniot/test/normal/test_00015178_orig62278_62279_62280.png,0,0.013110715193627116
/root/New_CheckLiuliang_remote/datasets/toniot/test/normal/test_00015179_orig62281_62282_62283.png,0,0.4525256585176567
/root/New_CheckLiuliang_remote/datasets/toniot/test/normal/test_00015180_orig62284_62285_62286.png,0,0.01815005431178078
/root/New_CheckLiuliang_remote/datasets/toniot/test/normal/test_00015181_orig62287_62288_62289.png,0,0.024112606649099366
/root/New_CheckLiuliang_remote/datasets/toniot/test/normal/test_00015182_orig62290_62291_62292.png,0,0.006256447599167381
/root/New_CheckLiuliang_remote/datasets/toniot/test/normal/test_00015183_orig62293_62294_62295.png,0,0.005080870090163138
/root/New_CheckLiuliang_remote/datasets/toniot/test/normal/test_00015184_orig62296_62297_62298.png,0,0.00798899355844732
/root/New_CheckLiuliang_remote/datasets/toniot/test/normal/test_00015185_orig62299_62300_62301.png,0,0.007555940164831161
/root/New_CheckLiuliang_remote/datasets/toniot/test/normal/test_00015186_orig62302_62303_62304.png,0,0.007717021764252264
/root/New_CheckLiuliang_remote/datasets/toniot/test/normal/test_00015187_orig62305_62306_62307.png,0,0.003280427055767061
/root/New_CheckLiuliang_remote/datasets/toniot/test/normal/test_00015188_orig62308_62309_62310.png,0,0.008257637070582743
/root/New_CheckLiuliang_remote/datasets/toniot/test/normal/test_00015189_orig62311_62312_62313.png,0,0.013110715193627116
/root/New_CheckLiuliang_remote/datasets/toniot/test/normal/test_00015190_orig62314_62315_62316.png,0,0.010492246709958672
/root/New_CheckLiuliang_remote/datasets/toniot/test/normal/test_00015191_orig62317_62318_62319.png,0,0.003297761980343877
/root/New_CheckLiuliang_remote/datasets/toniot/test/normal/test_00015192_orig62320_62321_62322.png,0,0.009071177965409799
/root/New_CheckLiuliang_remote/datasets/toniot/test/normal/test_00015193_orig62323_62324_62325.png,0,0.00081617828419442
/root/New_CheckLiuliang_remote/datasets/toniot/test/normal/test_00015194_orig62326_62327_62328.png,0,0.003600099131546476
/root/New_CheckLiuliang_remote/datasets/toniot/test/normal/test_00015195_orig62329_62330_62331.png,0,0.004849415592536229
/root/New_CheckLiuliang_remote/datasets/toniot/test/normal/test_00015196_orig62332_62333_62334.png,0,0.0011987837741153054
/root/New_CheckLiuliang_remote/datasets/toniot/test/normal/test_00015197_orig62335_62336_62337.png,0,0.006450832999977745
/root/New_CheckLiuliang_remote/datasets/toniot/test/normal/test_00015198_orig62338_62339_62340.png,0,0.002255205643278765
/root/New_CheckLiuliang_remote/datasets/toniot/test/normal/test_00015199_orig62341_62342_62343.png,0,0.017256921379115813
/root/New_CheckLiuliang_remote/datasets/toniot/test/normal/test_00015200_orig62344_62345_62346.png,0,0.003229215516825394
/root/New_CheckLiuliang_remote/datasets/toniot/test/normal/test_00015201_orig62347_62348_62349.png,0,0.000514477275131215
/root/New_CheckLiuliang_remote/datasets/toniot/test/normal/test_00015202_orig62350_62351_62352.png,0,0.008889035780013117
/root/New_CheckLiuliang_remote/datasets/toniot/test/normal/test_00015203_orig62353_62354_62355.png,0,0.006334658865943712
/root/New_CheckLiuliang_remote/datasets/toniot/test/normal/test_00015204_orig62356_62357_62358.png,0,0.0027821999203945175
/root/New_CheckLiuliang_remote/datasets/toniot/test/normal/test_00015205_orig62359_62360_62361.png,0,0.0
/root/New_CheckLiuliang_remote/datasets/toniot/test/normal/test_00015206_orig62362_62363_62364.png,0,0.005947787166173579
/root/New_CheckLiuliang_remote/datasets/toniot/test/normal/test_00015207_orig62365_62366_62367.png,0,0.0038137017029415427
/root/New_CheckLiuliang_remote/datasets/toniot/test/normal/test_00015208_orig62368_62369_62370.png,0,0.0022764594064866054
/root/New_CheckLiuliang_remote/datasets/toniot/test/normal/test_00015209_orig62371_62372_62373.png,0,0.15467645492636822
/root/New_CheckLiuliang_remote/datasets/toniot/test/normal/test_00015210_orig62374_62375_62376.png,0,0.013110715193627116
/root/New_CheckLiuliang_remote/datasets/toniot/test/normal/test_00015211_orig62377_62378_62379.png,0,0.0029616793284507853
/root/New_CheckLiuliang_remote/datasets/toniot/test/normal/test_00015212_orig62380_62381_62382.png,0,0.012432700165199992
/root/New_CheckLiuliang_remote/datasets/toniot/test/normal/test_00015213_orig62383_62384_62385.png,0,0.004772483352224867
/root/New_CheckLiuliang_remote/datasets/toniot/test/normal/test_00015214_orig62386_62387_62388.png,0,0.006334658865943712
/root/New_CheckLiuliang_remote/datasets/toniot/test/normal/test_00015215_orig62389_62390_62391.png,0,0.3147352420924605
/root/New_CheckLiuliang_remote/datasets/toniot/test/normal/test_00015216_orig62392_62393_62394.png,0,0.0011987837741153054
/root/New_CheckLiuliang_remote/datasets/toniot/test/normal/test_00015217_orig62395_62396_62397.png,0,0.009071177965409799
/root/New_CheckLiuliang_remote/datasets/toniot/test/normal/test_00015218_orig62398_62399_62400.png,0,0.013865436187176774
/root/New_CheckLiuliang_remote/datasets/toniot/test/normal/test_00015219_orig62401_62402_62403.png,0,0.005934042031046685
/root/New_CheckLiuliang_remote/datasets/toniot/test/normal/test_00015220_orig62404_62405_62406.png,0,0.006390438357042731
/root/New_CheckLiuliang_remote/datasets/toniot/test/normal/test_00015221_orig62407_62408_62409.png,0,0.5222191071066087
/root/New_CheckLiuliang_remote/datasets/toniot/test/normal/test_00015222_orig62410_62411_62412.png,0,0.41535700348241567
/root/New_CheckLiuliang_remote/datasets/toniot/test/normal/test_00015223_orig62413_62414_62415.png,0,0.5244162517069852
/root/New_CheckLiuliang_remote/datasets/toniot/test/normal/test_00015224_orig62416_62417_62418.png,0,0.27192790162700636
/root/New_CheckLiuliang_remote/datasets/toniot/test/normal/test_00015225_orig62419_62420_62421.png,0,0.3148684761402492
/root/New_CheckLiuliang_remote/datasets/toniot/test/normal/test_00015226_orig62422_62423_62424.png,0,0.3169215095479653
/root/New_CheckLiuliang_remote/datasets/toniot/test/normal/test_00015227_orig62425_62426_62427.png,0,0.3323251319350046
/root/New_CheckLiuliang_remote/datasets/toniot/test/normal/test_00015228_orig62428_62429_62430.png,0,0.3733478508799791
/root/New_CheckLiuliang_remote/datasets/toniot/test/normal/test_00015229_orig62431_62432_62433.png,0,0.4991873102229512
/root/New_CheckLiuliang_remote/datasets/toniot/test/normal/test_00015230_orig62434_62435_62436.png,0,0.3297778513009052
/root/New_CheckLiuliang_remote/datasets/toniot/test/normal/test_00015231_orig62437_62438_62439.png,0,0.024112606649099366
/root/New_CheckLiuliang_remote/datasets/toniot/test/normal/test_00015232_orig62440_62441_62442.png,0,0.007523526647297107
/root/New_CheckLiuliang_remote/datasets/toniot/test/normal/test_00015233_orig62443_62444_62445.png,0,0.003280427055767061
/root/New_CheckLiuliang_remote/datasets/toniot/test/normal/test_00015234_orig62446_62447_62448.png,0,0.0038137017029415427
/root/New_CheckLiuliang_remote/datasets/toniot/test/normal/test_00015235_orig62449_62450_62451.png,0,0.00374495186897001
/root/New_CheckLiuliang_remote/datasets/toniot/test/normal/test_00015236_orig62452_62453_62454.png,0,0.003297761980343877
/root/New_CheckLiuliang_remote/datasets/toniot/test/normal/test_00015237_orig62455_62456_62457.png,0,0.011922956005973399
/root/New_CheckLiuliang_remote/datasets/toniot/test/normal/test_00015238_orig62458_62459_62460.png,0,0.006811879768105911
/root/New_CheckLiuliang_remote/datasets/toniot/test/normal/test_00015239_orig62461_62462_62463.png,0,0.0
/root/New_CheckLiuliang_remote/datasets/toniot/test/normal/test_00015240_orig62464_62465_62466.png,0,0.003209563819082882
/root/New_CheckLiuliang_remote/datasets/toniot/test/normal/test_00015241_orig62467_62468_62469.png,0,0.007523526647297107
/root/New_CheckLiuliang_remote/datasets/toniot/test/normal/test_00015242_orig62470_62471_62472.png,0,0.0015006411869411948
/root/New_CheckLiuliang_remote/datasets/toniot/test/normal/test_00015243_orig62473_62474_62475.png,0,0.011010814931199348
/root/New_CheckLiuliang_remote/datasets/toniot/test/normal/test_00015244_orig62476_62477_62478.png,0,0.024112606649099366
/root/New_CheckLiuliang_remote/datasets/toniot/test/normal/test_00015245_orig62479_62480_62481.png,0,0.013110715193627116
/root/New_CheckLiuliang_remote/datasets/toniot/test/normal/test_00015246_orig62482_62483_62484.png,0,0.009989400646096559
/root/New_CheckLiuliang_remote/datasets/toniot/test/normal/test_00015247_orig62485_62486_62487.png,0,0.004849415592536229
/root/New_CheckLiuliang_remote/datasets/toniot/test/normal/test_00015248_orig62488_62489_62490.png,0,0.011294408908799165
/root/New_CheckLiuliang_remote/datasets/toniot/test/normal/test_00015249_orig62491_62492_62493.png,0,0.0015006411869411948
/root/New_CheckLiuliang_remote/datasets/toniot/test/normal/test_00015250_orig62494_62495_62496.png,0,0.0015006411869411948
/root/New_CheckLiuliang_remote/datasets/toniot/test/normal/test_00015251_orig62497_62498_62499.png,0,0.006450832999977745
/root/New_CheckLiuliang_remote/datasets/toniot/test/normal/test_00015252_orig62500_62501_62502.png,0,0.010114364144022343
/root/New_CheckLiuliang_remote/datasets/toniot/test/normal/test_00015253_orig62503_62504_62505.png,0,0.0073187278201482546
/root/New_CheckLiuliang_remote/datasets/toniot/test/normal/test_00015254_orig62506_62507_62508.png,0,0.003443669088973662
/root/New_CheckLiuliang_remote/datasets/toniot/test/normal/test_00015255_orig62509_62510_62511.png,0,0.0017612953990700678
/root/New_CheckLiuliang_remote/datasets/toniot/test/normal/test_00015256_orig62512_62513_62514.png,0,0.0019879708539729127
/root/New_CheckLiuliang_remote/datasets/toniot/test/normal/test_00015257_orig62515_62516_62517.png,0,0.004772483352224867
/root/New_CheckLiuliang_remote/datasets/toniot/test/normal/test_00015258_orig62518_62519_62520.png,0,0.013110715193627116
/root/New_CheckLiuliang_remote/datasets/toniot/test/normal/test_00015259_orig62521_62522_62523.png,0,0.4757319811534241
/root/New_CheckLiuliang_remote/datasets/toniot/test/normal/test_00015260_orig62524_62525_62526.png,0,0.3092473804372737
/root/New_CheckLiuliang_remote/datasets/toniot/test/normal/test_00015261_orig62527_62528_62529.png,0,0.000514477275131215
/root/New_CheckLiuliang_remote/datasets/toniot/test/normal/test_00015262_orig62530_62531_62532.png,0,0.004640281067385804
/root/New_CheckLiuliang_remote/datasets/toniot/test/normal/test_00015263_orig62533_62534_62535.png,0,0.0022764594064866054
/root/New_CheckLiuliang_remote/datasets/toniot/test/normal/test_00015264_orig62536_62537_62538.png,0,0.005156567596559899
/root/New_CheckLiuliang_remote/datasets/toniot/test/normal/test_00015265_orig62539_62540_62541.png,0,0.0029280501617496494
/root/New_CheckLiuliang_remote/datasets/toniot/test/normal/test_00015266_orig62542_62543_62544.png,0,0.00729674092025469
/root/New_CheckLiuliang_remote/datasets/toniot/test/normal/test_00015267_orig62545_62546_62547.png,0,0.0074280815235835155
/root/New_CheckLiuliang_remote/datasets/toniot/test/normal/test_00015268_orig62548_62549_62550.png,0,0.3063702781799885
/root/New_CheckLiuliang_remote/datasets/toniot/test/normal/test_00015269_orig62551_62552_62553.png,0,0.010492246709958672
/root/New_CheckLiuliang_remote/datasets/toniot/test/normal/test_00015270_orig62554_62555_62556.png,0,0.008143396908845333
/root/New_CheckLiuliang_remote/datasets/toniot/test/normal/test_00015271_orig62557_62558_62559.png,0,0.008679235288318038
/root/New_CheckLiuliang_remote/datasets/toniot/test/normal/test_00015272_orig62560_62561_62562.png,0,0.011010814931199348
/root/New_CheckLiuliang_remote/datasets/toniot/test/normal/test_00015273_orig62563_62564_62565.png,0,0.003209563819082882
/root/New_CheckLiuliang_remote/datasets/toniot/test/normal/test_00015274_orig62566_62567_62568.png,0,0.005947787166173579
/root/New_CheckLiuliang_remote/datasets/toniot/test/normal/test_00015275_orig62569_62570_62571.png,0,0.0
/root/New_CheckLiuliang_remote/datasets/toniot/test/normal/test_00015276_orig62572_62573_62574.png,0,0.6389677827201569
/root/New_CheckLiuliang_remote/datasets/toniot/test/normal/test_00015277_orig62575_62576_62577.png,0,0.5126511142183687
/root/New_CheckLiuliang_remote/datasets/toniot/test/normal/test_00015278_orig62578_62579_62580.png,0,0.0013309737887256272
/root/New_CheckLiuliang_remote/datasets/toniot/test/normal/test_00015279_orig62581_62582_62583.png,0,0.2551790184840784
/root/New_CheckLiuliang_remote/datasets/toniot/test/normal/test_00015280_orig62584_62585_62586.png,0,0.0037252925089949077
/root/New_CheckLiuliang_remote/datasets/toniot/test/normal/test_00015281_orig62587_62588_62589.png,0,0.010483958026038145
/root/New_CheckLiuliang_remote/datasets/toniot/test/normal/test_00015282_orig62590_62591_62592.png,0,0.4721798716758949
/root/New_CheckLiuliang_remote/datasets/toniot/test/normal/test_00015283_orig62593_62594_62595.png,0,0.3922721619476523
/root/New_CheckLiuliang_remote/datasets/toniot/test/normal/test_00015284_orig62596_62597_62598.png,0,0.013110715193627116
/root/New_CheckLiuliang_remote/datasets/toniot/test/normal/test_00015285_orig62599_62600_62601.png,0,0.013865436187176774
/root/New_CheckLiuliang_remote/datasets/toniot/test/normal/test_00015286_orig62602_62603_62604.png,0,0.013110715193627116
/root/New_CheckLiuliang_remote/datasets/toniot/test/normal/test_00015287_orig62605_62606_62607.png,0,0.014125895392092568
/root/New_CheckLiuliang_remote/datasets/toniot/test/normal/test_00015288_orig62608_62609_62610.png,0,0.3037915972541381
/root/New_CheckLiuliang_remote/datasets/toniot/test/normal/test_00015289_orig62611_62612_62613.png,0,0.01248757364542
/root/New_CheckLiuliang_remote/datasets/toniot/test/normal/test_00015290_orig62614_62615_62616.png,0,0.013865436187176774
/root/New_CheckLiuliang_remote/datasets/toniot/test/normal/test_00015291_orig62617_62618_62619.png,0,0.0035113157423068905
/root/New_CheckLiuliang_remote/datasets/toniot/test/normal/test_00015292_orig62620_62621_62622.png,0,0.0037252925089949077
/root/New_CheckLiuliang_remote/datasets/toniot/test/normal/test_00015293_orig62623_62624_62625.png,0,0.0031535052864771263
/root/New_CheckLiuliang_remote/datasets/toniot/test/normal/test_00015294_orig62626_62627_62628.png,0,0.008056125200790652
/root/New_CheckLiuliang_remote/datasets/toniot/test/normal/test_00015295_orig62629_62630_62631.png,0,0.00608855324207481
/root/New_CheckLiuliang_remote/datasets/toniot/test/normal/test_00015296_orig62632_62633_62634.png,0,0.006010806699472566
/root/New_CheckLiuliang_remote/datasets/toniot/test/normal/test_00015297_orig62635_62636_62637.png,0,0.007263042264754037
/root/New_CheckLiuliang_remote/datasets/toniot/test/normal/test_00015298_orig62638_62639_62640.png,0,0.000514477275131215
/root/New_CheckLiuliang_remote/datasets/toniot/test/normal/test_00015299_orig62641_62642_62643.png,0,0.013626493852099223
/root/New_CheckLiuliang_remote/datasets/toniot/test/normal/test_00015300_orig62644_62645_62646.png,0,0.007154755446996302
/root/New_CheckLiuliang_remote/datasets/toniot/test/normal/test_00015301_orig62647_62648_62649.png,0,0.0015006411869411948
/root/New_CheckLiuliang_remote/datasets/toniot/test/normal/test_00015302_orig62650_62651_62652.png,0,0.006256447599167381
/root/New_CheckLiuliang_remote/datasets/toniot/test/normal/test_00015303_orig62653_62654_62655.png,0,0.005156567596559899
/root/New_CheckLiuliang_remote/datasets/toniot/test/normal/test_00015304_orig62656_62657_62658.png,0,0.004994821323096381
/root/New_CheckLiuliang_remote/datasets/toniot/test/normal/test_00015305_orig62659_62660_62661.png,0,0.00643752595309216
/root/New_CheckLiuliang_remote/datasets/toniot/test/normal/test_00015306_orig62662_62663_62664.png,0,0.009081978039925559
/root/New_CheckLiuliang_remote/datasets/toniot/test/normal/test_00015307_orig62665_62666_62667.png,0,0.004920432427452201
/root/New_CheckLiuliang_remote/datasets/toniot/test/normal/test_00015308_orig62668_62669_62670.png,0,0.2511659351682615
/root/New_CheckLiuliang_remote/datasets/toniot/test/normal/test_00015309_orig62671_62672_62673.png,0,0.007265311104616472
/root/New_CheckLiuliang_remote/datasets/toniot/test/normal/test_00015310_orig62674_62675_62676.png,0,0.0038137017029415427
/root/New_CheckLiuliang_remote/datasets/toniot/test/normal/test_00015311_orig62677_62678_62679.png,0,0.002154948267260838
/root/New_CheckLiuliang_remote/datasets/toniot/test/normal/test_00015312_orig62680_62681_62682.png,0,0.0029616793284507853
/root/New_CheckLiuliang_remote/datasets/toniot/test/normal/test_00015313_orig62683_62684_62685.png,0,0.005277298100355733
/root/New_CheckLiuliang_remote/datasets/toniot/test/normal/test_00015314_orig62686_62687_62688.png,0,0.015965617186921622
/root/New_CheckLiuliang_remote/datasets/toniot/test/normal/test_00015315_orig62689_62690_62691.png,0,0.1921177204938872
/root/New_CheckLiuliang_remote/datasets/toniot/test/normal/test_00015316_orig62692_62693_62694.png,0,0.011551270061552538
/root/New_CheckLiuliang_remote/datasets/toniot/test/normal/test_00015317_orig62695_62696_62697.png,0,0.009989400646096559
/root/New_CheckLiuliang_remote/datasets/toniot/test/normal/test_00015318_orig62698_62699_62700.png,0,0.00734085683611855
/root/New_CheckLiuliang_remote/datasets/toniot/test/normal/test_00015319_orig62701_62702_62703.png,0,0.004849415592536229
/root/New_CheckLiuliang_remote/datasets/toniot/test/normal/test_00015320_orig62704_62705_62706.png,0,0.004740168952899233
/root/New_CheckLiuliang_remote/datasets/toniot/test/normal/test_00015321_orig62707_62708_62709.png,0,0.004772483352224867
/root/New_CheckLiuliang_remote/datasets/toniot/test/normal/test_00015322_orig62710_62711_62712.png,0,0.0017612953990700678
/root/New_CheckLiuliang_remote/datasets/toniot/test/normal/test_00015323_orig62713_62714_62715.png,0,0.008095547298408771
/root/New_CheckLiuliang_remote/datasets/toniot/test/normal/test_00015324_orig62716_62717_62718.png,0,0.007945455021234688
/root/New_CheckLiuliang_remote/datasets/toniot/test/normal/test_00015325_orig62719_62720_62721.png,0,0.0024462482566675286
/root/New_CheckLiuliang_remote/datasets/toniot/test/normal/test_00015326_orig62722_62723_62724.png,0,0.00994539652855872
/root/New_CheckLiuliang_remote/datasets/toniot/test/normal/test_00015327_orig62725_62726_62727.png,0,0.000514477275131215
/root/New_CheckLiuliang_remote/datasets/toniot/test/normal/test_00015328_orig62728_62729_62730.png,0,0.0008218724437437405
/root/New_CheckLiuliang_remote/datasets/toniot/test/normal/test_00015329_orig62731_62732_62733.png,0,0.04694831557711918
/root/New_CheckLiuliang_remote/datasets/toniot/test/normal/test_00015330_orig62734_62735_62736.png,0,0.5510079700084556
/root/New_CheckLiuliang_remote/datasets/toniot/test/normal/test_00015331_orig62737_62738_62739.png,0,0.2524450224456825
/root/New_CheckLiuliang_remote/datasets/toniot/test/normal/test_00015332_orig62740_62741_62742.png,0,0.363856737635402
/root/New_CheckLiuliang_remote/datasets/toniot/test/normal/test_00015333_orig62743_62744_62745.png,0,0.40996582246018365
/root/New_CheckLiuliang_remote/datasets/toniot/test/normal/test_00015334_orig62746_62747_62748.png,0,0.0011987837741153054
/root/New_CheckLiuliang_remote/datasets/toniot/test/normal/test_00015335_orig62749_62750_62751.png,0,0.32612513922386627
/root/New_CheckLiuliang_remote/datasets/toniot/test/normal/test_00015336_orig62752_62753_62754.png,0,0.2489802697675316
/root/New_CheckLiuliang_remote/datasets/toniot/test/normal/test_00015337_orig62755_62756_62757.png,0,0.4473030811615865
/root/New_CheckLiuliang_remote/datasets/toniot/test/normal/test_00015338_orig62758_62759_62760.png,0,0.3463527451222302
/root/New_CheckLiuliang_remote/datasets/toniot/test/normal/test_00015339_orig62761_62762_62763.png,0,0.019827328578719276
/root/New_CheckLiuliang_remote/datasets/toniot/test/normal/test_00015340_orig62764_62765_62766.png,0,0.013110715193627116
/root/New_CheckLiuliang_remote/datasets/toniot/test/normal/test_00015341_orig62767_62768_62769.png,0,0.009989400646096559
/root/New_CheckLiuliang_remote/datasets/toniot/test/normal/test_00015342_orig62770_62771_62772.png,0,0.009989400646096559
/root/New_CheckLiuliang_remote/datasets/toniot/test/normal/test_00015343_orig62773_62774_62775.png,0,0.024112606649099366
/root/New_CheckLiuliang_remote/datasets/toniot/test/normal/test_00015344_orig62776_62777_62778.png,0,0.013110715193627116
/root/New_CheckLiuliang_remote/datasets/toniot/test/normal/test_00015345_orig62779_62780_62781.png,0,0.01815005431178078
/root/New_CheckLiuliang_remote/datasets/toniot/test/normal/test_00015346_orig62782_62783_62784.png,0,0.009989400646096559
/root/New_CheckLiuliang_remote/datasets/toniot/test/normal/test_00015347_orig62785_62786_62787.png,0,0.013110715193627116
/root/New_CheckLiuliang_remote/datasets/toniot/test/normal/test_00015348_orig62788_62789_62790.png,0,0.007555940164831161
/root/New_CheckLiuliang_remote/datasets/toniot/test/normal/test_00015349_orig62791_62792_62793.png,0,0.007555940164831161
/root/New_CheckLiuliang_remote/datasets/toniot/test/normal/test_00015350_orig62794_62795_62796.png,0,0.006811879768105911
/root/New_CheckLiuliang_remote/datasets/toniot/test/normal/test_00015351_orig62797_62798_62799.png,0,0.019827328578719276
/root/New_CheckLiuliang_remote/datasets/toniot/test/normal/test_00015352_orig62800_62801_62802.png,0,0.010483958026038145
/root/New_CheckLiuliang_remote/datasets/toniot/test/normal/test_00015353_orig62803_62804_62805.png,0,0.007555940164831161
/root/New_CheckLiuliang_remote/datasets/toniot/test/normal/test_00015354_orig62806_62807_62808.png,0,0.013110715193627116
/root/New_CheckLiuliang_remote/datasets/toniot/test/normal/test_00015355_orig62809_62810_62811.png,0,0.010183585200614981
/root/New_CheckLiuliang_remote/datasets/toniot/test/normal/test_00015356_orig62812_62813_62814.png,0,0.0029574508024339235
/root/New_CheckLiuliang_remote/datasets/toniot/test/normal/test_00015357_orig62815_62816_62817.png,0,0.01582490755367729
/root/New_CheckLiuliang_remote/datasets/toniot/test/normal/test_00015358_orig62818_62819_62820.png,0,0.01815005431178078
/root/New_CheckLiuliang_remote/datasets/toniot/test/normal/test_00015359_orig62821_62822_62823.png,0,0.01055319832399106
/root/New_CheckLiuliang_remote/datasets/toniot/test/normal/test_00015360_orig62824_62825_62826.png,0,0.00081617828419442
/root/New_CheckLiuliang_remote/datasets/toniot/test/normal/test_00015361_orig62827_62828_62829.png,0,0.009989400646096559
/root/New_CheckLiuliang_remote/datasets/toniot/test/normal/test_00015362_orig62830_62831_62832.png,0,0.013110715193627116
/root/New_CheckLiuliang_remote/datasets/toniot/test/normal/test_00015363_orig62833_62834_62835.png,0,0.00665199417751254
/root/New_CheckLiuliang_remote/datasets/toniot/test/normal/test_00015364_orig62836_62837_62838.png,0,0.006811879768105911
/root/New_CheckLiuliang_remote/datasets/toniot/test/normal/test_00015365_orig62839_62840_62841.png,0,0.013110715193627116
/root/New_CheckLiuliang_remote/datasets/toniot/test/normal/test_00015366_orig62842_62843_62844.png,0,0.02096552295300313
/root/New_CheckLiuliang_remote/datasets/toniot/test/normal/test_00015367_orig62845_62846_62847.png,0,0.015048810050599147
/root/New_CheckLiuliang_remote/datasets/toniot/test/normal/test_00015368_orig62848_62849_62850.png,0,0.008889035780013117
/root/New_CheckLiuliang_remote/datasets/toniot/test/normal/test_00015369_orig62851_62852_62853.png,0,0.007395964878806037
/root/New_CheckLiuliang_remote/datasets/toniot/test/normal/test_00015370_orig62854_62855_62856.png,0,0.011133982955636569
/root/New_CheckLiuliang_remote/datasets/toniot/test/normal/test_00015371_orig62857_62858_62859.png,0,0.0045472090432806585
/root/New_CheckLiuliang_remote/datasets/toniot/test/normal/test_00015372_orig62860_62861_62862.png,0,0.005947787166173579
/root/New_CheckLiuliang_remote/datasets/toniot/test/normal/test_00015373_orig62863_62864_62865.png,0,0.009989400646096559
/root/New_CheckLiuliang_remote/datasets/toniot/test/normal/test_00015374_orig62866_62867_62868.png,0,0.017256921379115813
/root/New_CheckLiuliang_remote/datasets/toniot/test/normal/test_00015375_orig62869_62870_62871.png,0,0.013865436187176774
/root/New_CheckLiuliang_remote/datasets/toniot/test/normal/test_00015376_orig62872_62873_62874.png,0,0.003297761980343877
/root/New_CheckLiuliang_remote/datasets/toniot/test/normal/test_00015377_orig62875_62876_62877.png,0,0.0013309737887256272
/root/New_CheckLiuliang_remote/datasets/toniot/test/normal/test_00015378_orig62878_62879_62880.png,0,0.004693253967810826
/root/New_CheckLiuliang_remote/datasets/toniot/test/normal/test_00015379_orig62881_62882_62883.png,0,0.0037252925089949077
/root/New_CheckLiuliang_remote/datasets/toniot/test/normal/test_00015380_orig62884_62885_62886.png,0,0.4468938646700074
/root/New_CheckLiuliang_remote/datasets/toniot/test/normal/test_00015381_orig62887_62888_62889.png,0,0.433638946800534
/root/New_CheckLiuliang_remote/datasets/toniot/test/normal/test_00015382_orig62890_62891_62892.png,0,0.0018727373684633934
/root/New_CheckLiuliang_remote/datasets/toniot/test/normal/test_00015383_orig62893_62894_62895.png,0,0.3754079278786408
/root/New_CheckLiuliang_remote/datasets/toniot/test/normal/test_00015384_orig62896_62897_62898.png,0,0.0010831761113480633
/root/New_CheckLiuliang_remote/datasets/toniot/test/normal/test_00015385_orig62899_62900_62901.png,0,0.37117806431874634
/root/New_CheckLiuliang_remote/datasets/toniot/test/normal/test_00015386_orig62902_62903_62904.png,0,0.3292790522220244
/root/New_CheckLiuliang_remote/datasets/toniot/test/normal/test_00015387_orig62905_62906_62907.png,0,0.41261274093623884
/root/New_CheckLiuliang_remote/datasets/toniot/test/normal/test_00015388_orig62908_62909_62910.png,0,0.007555940164831161
/root/New_CheckLiuliang_remote/datasets/toniot/test/normal/test_00015389_orig62911_62912_62913.png,0,0.005947787166173579
/root/New_CheckLiuliang_remote/datasets/toniot/test/normal/test_00015390_orig62914_62915_62916.png,0,0.013110715193627116
/root/New_CheckLiuliang_remote/datasets/toniot/test/normal/test_00015391_orig62917_62918_62919.png,0,0.0047609645164848995
/root/New_CheckLiuliang_remote/datasets/toniot/test/normal/test_00015392_orig62920_62921_62922.png,0,0.0013309737887256272
/root/New_CheckLiuliang_remote/datasets/toniot/test/normal/test_00015393_orig62923_62924_62925.png,0,0.005934042031046685
/root/New_CheckLiuliang_remote/datasets/toniot/test/normal/test_00015394_orig62926_62927_62928.png,0,0.00081617828419442
/root/New_CheckLiuliang_remote/datasets/toniot/test/normal/test_00015395_orig62929_62930_62931.png,0,0.005947787166173579
/root/New_CheckLiuliang_remote/datasets/toniot/test/normal/test_00015396_orig62932_62933_62934.png,0,0.004030744095643299
/root/New_CheckLiuliang_remote/datasets/toniot/test/normal/test_00015397_orig62935_62936_62937.png,0,0.003443669088973662
/root/New_CheckLiuliang_remote/datasets/toniot/test/normal/test_00015398_orig62938_62939_62940.png,0,0.003919120124864177
/root/New_CheckLiuliang_remote/datasets/toniot/test/normal/test_00015399_orig62941_62942_62943.png,0,0.0022764594064866054
/root/New_CheckLiuliang_remote/datasets/toniot/test/normal/test_00015400_orig62944_62945_62946.png,0,0.009600711693442635
/root/New_CheckLiuliang_remote/datasets/toniot/test/normal/test_00015401_orig62947_62948_62949.png,0,0.007330648716123073
/root/New_CheckLiuliang_remote/datasets/toniot/test/normal/test_00015402_orig62950_62951_62952.png,0,0.008143396908845333
/root/New_CheckLiuliang_remote/datasets/toniot/test/normal/test_00015403_orig62953_62954_62955.png,0,0.24217790974074235
/root/New_CheckLiuliang_remote/datasets/toniot/test/normal/test_00015404_orig62956_62957_62958.png,0,0.0003072753613893255
/root/New_CheckLiuliang_remote/datasets/toniot/test/normal/test_00015405_orig62959_62960_62961.png,0,0.004959071021714045
/root/New_CheckLiuliang_remote/datasets/toniot/test/normal/test_00015406_orig62962_62963_62964.png,0,0.004329665947315365
/root/New_CheckLiuliang_remote/datasets/toniot/test/normal/test_00015407_orig62965_62966_62967.png,0,0.006450832999977745
/root/New_CheckLiuliang_remote/datasets/toniot/test/normal/test_00015408_orig62968_62969_62970.png,0,0.01238646582335221
/root/New_CheckLiuliang_remote/datasets/toniot/test/normal/test_00015409_orig62971_62972_62973.png,0,0.008056125200790652
/root/New_CheckLiuliang_remote/datasets/toniot/test/normal/test_00015410_orig62974_62975_62976.png,0,0.00608855324207481
/root/New_CheckLiuliang_remote/datasets/toniot/test/normal/test_00015411_orig62977_62978_62979.png,0,0.006745934737377355
/root/New_CheckLiuliang_remote/datasets/toniot/test/normal/test_00015412_orig62980_62981_62982.png,0,0.00643752595309216
/root/New_CheckLiuliang_remote/datasets/toniot/test/normal/test_00015413_orig62983_62984_62985.png,0,0.00976095279063165
/root/New_CheckLiuliang_remote/datasets/toniot/test/normal/test_00015414_orig62986_62987_62988.png,0,0.002028484349628644
/root/New_CheckLiuliang_remote/datasets/toniot/test/normal/test_00015415_orig62989_62990_62991.png,0,0.002028484349628644
/root/New_CheckLiuliang_remote/datasets/toniot/test/normal/test_00015416_orig62992_62993_62994.png,0,0.01370016635254563
/root/New_CheckLiuliang_remote/datasets/toniot/test/normal/test_00015417_orig62995_62996_62997.png,0,0.007945455021234688
/root/New_CheckLiuliang_remote/datasets/toniot/test/normal/test_00015418_orig62998_62999_63000.png,0,0.005277298100355733
/root/New_CheckLiuliang_remote/datasets/toniot/test/normal/test_00015419_orig63001_63002_63003.png,0,0.010779584655196009
/root/New_CheckLiuliang_remote/datasets/toniot/test/normal/test_00015420_orig63004_63005_63006.png,0,0.008095547298408771
/root/New_CheckLiuliang_remote/datasets/toniot/test/normal/test_00015421_orig63007_63008_63009.png,0,0.0082121589262746
/root/New_CheckLiuliang_remote/datasets/toniot/test/normal/test_00015422_orig63010_63011_63012.png,0,0.00734085683611855
/root/New_CheckLiuliang_remote/datasets/toniot/test/normal/test_00015423_orig63013_63014_63015.png,0,0.0022764594064866054
/root/New_CheckLiuliang_remote/datasets/toniot/test/normal/test_00015424_orig63016_63017_63018.png,0,0.01089842608011324
/root/New_CheckLiuliang_remote/datasets/toniot/test/normal/test_00015425_orig63019_63020_63021.png,0,0.0054584856297823685
/root/New_CheckLiuliang_remote/datasets/toniot/test/normal/test_00015426_orig63022_63023_63024.png,0,0.004115980091888283
/root/New_CheckLiuliang_remote/datasets/toniot/test/normal/test_00015427_orig63025_63026_63027.png,0,0.007175828425990935
/root/New_CheckLiuliang_remote/datasets/toniot/test/normal/test_00015428_orig63028_63029_63030.png,0,0.007263042264754037
/root/New_CheckLiuliang_remote/datasets/toniot/test/normal/test_00015429_orig63031_63032_63033.png,0,0.010492246709958672
/root/New_CheckLiuliang_remote/datasets/toniot/test/normal/test_00015430_orig63034_63035_63036.png,0,0.008143396908845333
/root/New_CheckLiuliang_remote/datasets/toniot/test/normal/test_00015431_orig63037_63038_63039.png,0,0.008056125200790652
/root/New_CheckLiuliang_remote/datasets/toniot/test/normal/test_00015432_orig63040_63041_63042.png,0,0.006658754890195843
/root/New_CheckLiuliang_remote/datasets/toniot/test/normal/test_00015433_orig63043_63044_63045.png,0,0.004687931410576915
/root/New_CheckLiuliang_remote/datasets/toniot/test/normal/test_00015434_orig63046_63047_63048.png,0,0.007263042264754037
/root/New_CheckLiuliang_remote/datasets/toniot/test/normal/test_00015435_orig63049_63050_63051.png,0,0.005511246088162105
/root/New_CheckLiuliang_remote/datasets/toniot/test/normal/test_00015436_orig63052_63053_63054.png,0,0.5202605110803592
/root/New_CheckLiuliang_remote/datasets/toniot/test/normal/test_00015437_orig63055_63056_63057.png,0,0.49623161345653327
/root/New_CheckLiuliang_remote/datasets/toniot/test/normal/test_00015438_orig63058_63059_63060.png,0,0.32947235179551543
/root/New_CheckLiuliang_remote/datasets/toniot/test/normal/test_00015439_orig63061_63062_63063.png,0,0.003600099131546476
/root/New_CheckLiuliang_remote/datasets/toniot/test/normal/test_00015440_orig63064_63065_63066.png,0,0.46609079396867037
/root/New_CheckLiuliang_remote/datasets/toniot/test/normal/test_00015441_orig63067_63068_63069.png,0,0.004772483352224867
/root/New_CheckLiuliang_remote/datasets/toniot/test/normal/test_00015442_orig63070_63071_63072.png,0,0.4632674767320524
/root/New_CheckLiuliang_remote/datasets/toniot/test/normal/test_00015443_orig63073_63074_63075.png,0,0.2676358460659439
/root/New_CheckLiuliang_remote/datasets/toniot/test/normal/test_00015444_orig63076_63077_63078.png,0,0.012016897838505073
/root/New_CheckLiuliang_remote/datasets/toniot/test/normal/test_00015445_orig63079_63080_63081.png,0,0.005324006909090376
/root/New_CheckLiuliang_remote/datasets/toniot/test/normal/test_00015446_orig63082_63083_63084.png,0,0.007945455021234688
/root/New_CheckLiuliang_remote/datasets/toniot/test/normal/test_00015447_orig63085_63086_63087.png,0,0.005618497025449832
/root/New_CheckLiuliang_remote/datasets/toniot/test/normal/test_00015448_orig63088_63089_63090.png,0,0.007175828425990935
/root/New_CheckLiuliang_remote/datasets/toniot/test/normal/test_00015449_orig63091_63092_63093.png,0,0.008143396908845333
/root/New_CheckLiuliang_remote/datasets/toniot/test/normal/test_00015450_orig63094_63095_63096.png,0,0.006499800203461054
/root/New_CheckLiuliang_remote/datasets/toniot/test/normal/test_00015451_orig63097_63098_63099.png,0,0.005222051519420451
/root/New_CheckLiuliang_remote/datasets/toniot/test/normal/test_00015452_orig63100_63101_63102.png,0,0.0013309737887256272
/root/New_CheckLiuliang_remote/datasets/toniot/test/normal/test_00015453_orig63103_63104_63105.png,0,0.007263042264754037
/root/New_CheckLiuliang_remote/datasets/toniot/test/normal/test_00015454_orig63106_63107_63108.png,0,0.008056125200790652
/root/New_CheckLiuliang_remote/datasets/toniot/test/normal/test_00015455_orig63109_63110_63111.png,0,0.007625946263371561
/root/New_CheckLiuliang_remote/datasets/toniot/test/normal/test_00015456_orig63112_63113_63114.png,0,0.2639216673026339
/root/New_CheckLiuliang_remote/datasets/toniot/test/normal/test_00015457_orig63115_63116_63117.png,0,0.010985884636448978
/root/New_CheckLiuliang_remote/datasets/toniot/test/normal/test_00015458_orig63118_63119_63120.png,0,0.008976454337366319
/root/New_CheckLiuliang_remote/datasets/toniot/test/normal/test_00015459_orig63121_63122_63123.png,0,0.003297761980343877
/root/New_CheckLiuliang_remote/datasets/toniot/test/normal/test_00015460_orig63124_63125_63126.png,0,0.01089842608011324
/root/New_CheckLiuliang_remote/datasets/toniot/test/normal/test_00015461_orig63127_63128_63129.png,0,0.005209561151215105
/root/New_CheckLiuliang_remote/datasets/toniot/test/normal/test_00015462_orig63130_63131_63132.png,0,0.010029954892314239
/root/New_CheckLiuliang_remote/datasets/toniot/test/normal/test_00015463_orig63133_63134_63135.png,0,0.010171396353999426
/root/New_CheckLiuliang_remote/datasets/toniot/test/normal/test_00015464_orig63136_63137_63138.png,0,0.007992660537868339
/root/New_CheckLiuliang_remote/datasets/toniot/test/normal/test_00015465_orig63139_63140_63141.png,0,0.005156567596559899
/root/New_CheckLiuliang_remote/datasets/toniot/test/normal/test_00015466_orig63142_63143_63144.png,0,0.007858196324705235
/root/New_CheckLiuliang_remote/datasets/toniot/test/normal/test_00015467_orig63145_63146_63147.png,0,0.005985309681615973
/root/New_CheckLiuliang_remote/datasets/toniot/test/normal/test_00015468_orig63148_63149_63150.png,0,0.00608855324207481
/root/New_CheckLiuliang_remote/datasets/toniot/test/normal/test_00015469_orig63151_63152_63153.png,0,0.003297761980343877
/root/New_CheckLiuliang_remote/datasets/toniot/test/normal/test_00015470_orig63154_63155_63156.png,0,0.27646519042655454
/root/New_CheckLiuliang_remote/datasets/toniot/test/normal/test_00015471_orig63157_63158_63159.png,0,0.004563446589369467
/root/New_CheckLiuliang_remote/datasets/toniot/test/normal/test_00015472_orig63160_63161_63162.png,0,0.007828966068445836
/root/New_CheckLiuliang_remote/datasets/toniot/test/normal/test_00015473_orig63163_63164_63165.png,0,0.008583793794735629
/root/New_CheckLiuliang_remote/datasets/toniot/test/normal/test_00015474_orig63166_63167_63168.png,0,0.007578115302313876
/root/New_CheckLiuliang_remote/datasets/toniot/test/normal/test_00015475_orig63169_63170_63171.png,0,0.011982721361766407
/root/New_CheckLiuliang_remote/datasets/toniot/test/normal/test_00015476_orig63172_63173_63174.png,0,0.01089842608011324
/root/New_CheckLiuliang_remote/datasets/toniot/test/normal/test_00015477_orig63175_63176_63177.png,0,0.007538708569452668
/root/New_CheckLiuliang_remote/datasets/toniot/test/normal/test_00015478_orig63178_63179_63180.png,0,0.008117432596192846
/root/New_CheckLiuliang_remote/datasets/toniot/test/normal/test_00015479_orig63181_63182_63183.png,0,0.007578115302313876
/root/New_CheckLiuliang_remote/datasets/toniot/test/normal/test_00015480_orig63184_63185_63186.png,0,0.0029956704498092118
/root/New_CheckLiuliang_remote/datasets/toniot/test/normal/test_00015481_orig63187_63188_63189.png,0,0.004959071021714045
/root/New_CheckLiuliang_remote/datasets/toniot/test/normal/test_00015482_orig63190_63191_63192.png,0,0.005277298100355733
/root/New_CheckLiuliang_remote/datasets/toniot/test/normal/test_00015483_orig63193_63194_63195.png,0,0.0029616793284507853
/root/New_CheckLiuliang_remote/datasets/toniot/test/normal/test_00015484_orig63196_63197_63198.png,0,0.01474967216174482
/root/New_CheckLiuliang_remote/datasets/toniot/test/normal/test_00015485_orig63199_63200_63201.png,0,0.004988652835541327
/root/New_CheckLiuliang_remote/datasets/toniot/test/normal/test_00015486_orig63202_63203_63204.png,0,0.005209561151215105
/root/New_CheckLiuliang_remote/datasets/toniot/test/normal/test_00015487_orig63205_63206_63207.png,0,0.0038137017029415427
/root/New_CheckLiuliang_remote/datasets/toniot/test/normal/test_00015488_orig63208_63209_63210.png,0,0.007175828425990935
/root/New_CheckLiuliang_remote/datasets/toniot/test/normal/test_00015489_orig63211_63212_63213.png,0,0.0031535052864771263
/root/New_CheckLiuliang_remote/datasets/toniot/test/normal/test_00015490_orig63214_63215_63216.png,0,0.007858196324705235
/root/New_CheckLiuliang_remote/datasets/toniot/test/normal/test_00015491_orig63217_63218_63219.png,0,0.008257637070582743
/root/New_CheckLiuliang_remote/datasets/toniot/test/normal/test_00015492_orig63220_63221_63222.png,0,0.4456098657048317
/root/New_CheckLiuliang_remote/datasets/toniot/test/normal/test_00015493_orig63223_63224_63225.png,0,0.007828966068445836
/root/New_CheckLiuliang_remote/datasets/toniot/test/normal/test_00015494_orig63226_63227_63228.png,0,0.2878226929009841
/root/New_CheckLiuliang_remote/datasets/toniot/test/normal/test_00015495_orig63229_63230_63231.png,0,0.37876606596319273
/root/New_CheckLiuliang_remote/datasets/toniot/test/normal/test_00015496_orig63232_63233_63234.png,0,0.41935734377771317
/root/New_CheckLiuliang_remote/datasets/toniot/test/normal/test_00015497_orig63235_63236_63237.png,0,0.004278193499212025
/root/New_CheckLiuliang_remote/datasets/toniot/test/normal/test_00015498_orig63238_63239_63240.png,0,0.23595859096110006
/root/New_CheckLiuliang_remote/datasets/toniot/test/normal/test_00015499_orig63241_63242_63243.png,0,0.4107746073948578
/root/New_CheckLiuliang_remote/datasets/toniot/test/normal/test_00015500_orig63244_63245_63246.png,0,0.008143396908845333
/root/New_CheckLiuliang_remote/datasets/toniot/test/normal/test_00015501_orig63247_63248_63249.png,0,0.007510637173825069
/root/New_CheckLiuliang_remote/datasets/toniot/test/normal/test_00015502_orig63250_63251_63252.png,0,0.0015006411869411948
/root/New_CheckLiuliang_remote/datasets/toniot/test/normal/test_00015503_orig63253_63254_63255.png,0,0.3703183936436871
/root/New_CheckLiuliang_remote/datasets/toniot/test/normal/test_00015504_orig63256_63257_63258.png,0,0.5084986591916172
/root/New_CheckLiuliang_remote/datasets/toniot/test/normal/test_00015505_orig63259_63260_63261.png,0,0.0029053656898954732
/root/New_CheckLiuliang_remote/datasets/toniot/test/normal/test_00015506_orig63262_63263_63264.png,0,0.30847042268058067
/root/New_CheckLiuliang_remote/datasets/toniot/test/normal/test_00015507_orig63265_63266_63267.png,0,0.0031954750557052873
/root/New_CheckLiuliang_remote/datasets/toniot/test/normal/test_00015508_orig63268_63269_63270.png,0,0.005156567596559899
/root/New_CheckLiuliang_remote/datasets/toniot/test/normal/test_00015509_orig63271_63272_63273.png,0,0.01089842608011324
/root/New_CheckLiuliang_remote/datasets/toniot/test/normal/test_00015510_orig63274_63275_63276.png,0,0.008976454337366319
/root/New_CheckLiuliang_remote/datasets/toniot/test/normal/test_00015511_orig63277_63278_63279.png,0,0.008143396908845333
/root/New_CheckLiuliang_remote/datasets/toniot/test/normal/test_00015512_orig63280_63281_63282.png,0,0.0047609645164848995
/root/New_CheckLiuliang_remote/datasets/toniot/test/normal/test_00015513_orig63283_63284_63285.png,0,0.007443089122308828
/root/New_CheckLiuliang_remote/datasets/toniot/test/normal/test_00015514_orig63286_63287_63288.png,0,0.008095547298408771
/root/New_CheckLiuliang_remote/datasets/toniot/test/normal/test_00015515_orig63289_63290_63291.png,0,0.004442861466802177
/root/New_CheckLiuliang_remote/datasets/toniot/test/normal/test_00015516_orig63292_63293_63294.png,0,0.0031535052864771263
/root/New_CheckLiuliang_remote/datasets/toniot/test/normal/test_00015517_orig63295_63296_63297.png,0,0.000514477275131215
/root/New_CheckLiuliang_remote/datasets/toniot/test/normal/test_00015518_orig63298_63299_63300.png,0,0.01670752583912402
/root/New_CheckLiuliang_remote/datasets/toniot/test/normal/test_00015519_orig63301_63302_63303.png,0,0.008143396908845333
/root/New_CheckLiuliang_remote/datasets/toniot/test/normal/test_00015520_orig63304_63305_63306.png,0,0.007945455021234688
/root/New_CheckLiuliang_remote/datasets/toniot/test/normal/test_00015521_orig63307_63308_63309.png,0,0.008976454337366319
/root/New_CheckLiuliang_remote/datasets/toniot/test/normal/test_00015522_orig63310_63311_63312.png,0,0.015435935608663577
/root/New_CheckLiuliang_remote/datasets/toniot/test/normal/test_00015523_orig63313_63314_63315.png,0,0.009599996394841923
/root/New_CheckLiuliang_remote/datasets/toniot/test/normal/test_00015524_orig63316_63317_63318.png,0,0.00890045595341905
/root/New_CheckLiuliang_remote/datasets/toniot/test/normal/test_00015525_orig63319_63320_63321.png,0,0.0054584856297823685
/root/New_CheckLiuliang_remote/datasets/toniot/test/normal/test_00015526_orig63322_63323_63324.png,0,0.013216972379893159
/root/New_CheckLiuliang_remote/datasets/toniot/test/normal/test_00015527_orig63325_63326_63327.png,0,0.0037252925089949077
/root/New_CheckLiuliang_remote/datasets/toniot/test/normal/test_00015528_orig63328_63329_63330.png,0,0.005778316734291729
/root/New_CheckLiuliang_remote/datasets/toniot/test/normal/test_00015529_orig63331_63332_63333.png,0,0.007945455021234688
/root/New_CheckLiuliang_remote/datasets/toniot/test/normal/test_00015530_orig63334_63335_63336.png,0,0.000514477275131215
/root/New_CheckLiuliang_remote/datasets/toniot/test/normal/test_00015531_orig63337_63338_63339.png,0,0.011010814931199348
/root/New_CheckLiuliang_remote/datasets/toniot/test/normal/test_00015532_orig63340_63341_63342.png,0,0.0031535052864771263
/root/New_CheckLiuliang_remote/datasets/toniot/test/normal/test_00015533_orig63343_63344_63345.png,0,0.3101152642532226
/root/New_CheckLiuliang_remote/datasets/toniot/test/normal/test_00015534_orig63346_63347_63348.png,0,0.009425996994122244
/root/New_CheckLiuliang_remote/datasets/toniot/test/normal/test_00015535_orig63349_63350_63351.png,0,0.005947787166173579
/root/New_CheckLiuliang_remote/datasets/toniot/test/normal/test_00015536_orig63352_63353_63354.png,0,0.005436828188152237
/root/New_CheckLiuliang_remote/datasets/toniot/test/normal/test_00015537_orig63355_63356_63357.png,0,0.007330648716123073
/root/New_CheckLiuliang_remote/datasets/toniot/test/normal/test_00015538_orig63358_63359_63360.png,0,0.013110715193627116
/root/New_CheckLiuliang_remote/datasets/toniot/test/normal/test_00015539_orig63361_63362_63363.png,0,0.006811879768105911
/root/New_CheckLiuliang_remote/datasets/toniot/test/normal/test_00015540_orig63364_63365_63366.png,0,0.00201570356480525
/root/New_CheckLiuliang_remote/datasets/toniot/test/normal/test_00015541_orig63367_63368_63369.png,0,0.008117432596192846
/root/New_CheckLiuliang_remote/datasets/toniot/test/normal/test_00015542_orig63370_63371_63372.png,0,0.008688371115500968
/root/New_CheckLiuliang_remote/datasets/toniot/test/normal/test_00015543_orig63373_63374_63375.png,0,0.006599763555545798
/root/New_CheckLiuliang_remote/datasets/toniot/test/normal/test_00015544_orig63376_63377_63378.png,0,0.007625946263371561
/root/New_CheckLiuliang_remote/datasets/toniot/test/normal/test_00015545_orig63379_63380_63381.png,0,0.01046126388774879
/root/New_CheckLiuliang_remote/datasets/toniot/test/normal/test_00015546_orig63382_63383_63384.png,0,0.006811879768105911
/root/New_CheckLiuliang_remote/datasets/toniot/test/normal/test_00015547_orig63385_63386_63387.png,0,0.00201570356480525
/root/New_CheckLiuliang_remote/datasets/toniot/test/normal/test_00015548_orig63388_63389_63390.png,0,0.007263042264754037
/root/New_CheckLiuliang_remote/datasets/toniot/test/normal/test_00015549_orig63391_63392_63393.png,0,0.07245657374352281
/root/New_CheckLiuliang_remote/datasets/toniot/test/normal/test_00015550_orig63394_63395_63396.png,0,0.5067863668025647
/root/New_CheckLiuliang_remote/datasets/toniot/test/normal/test_00015551_orig63397_63398_63399.png,0,0.42403296960786413
/root/New_CheckLiuliang_remote/datasets/toniot/test/normal/test_00015552_orig63400_63401_63402.png,0,0.2056449684418895
/root/New_CheckLiuliang_remote/datasets/toniot/test/normal/test_00015553_orig63403_63404_63405.png,0,0.40413894590563076
/root/New_CheckLiuliang_remote/datasets/toniot/test/normal/test_00015554_orig63406_63407_63408.png,0,0.3244217257926571
/root/New_CheckLiuliang_remote/datasets/toniot/test/normal/test_00015555_orig63409_63410_63411.png,0,0.5090171543727612
/root/New_CheckLiuliang_remote/datasets/toniot/test/normal/test_00015556_orig63412_63413_63414.png,0,0.3553332033559524
/root/New_CheckLiuliang_remote/datasets/toniot/test/normal/test_00015557_orig63415_63416_63417.png,0,0.00536975378358514
/root/New_CheckLiuliang_remote/datasets/toniot/test/normal/test_00015558_orig63418_63419_63420.png,0,0.5649907880987167
/root/New_CheckLiuliang_remote/datasets/toniot/test/normal/test_00015559_orig63421_63422_63423.png,0,0.6224393893467666
/root/New_CheckLiuliang_remote/datasets/toniot/test/normal/test_00015560_orig63424_63425_63426.png,0,0.41436276820261714
/root/New_CheckLiuliang_remote/datasets/toniot/test/normal/test_00015561_orig63427_63428_63429.png,0,0.5276923430789073
/root/New_CheckLiuliang_remote/datasets/toniot/test/normal/test_00015562_orig63430_63431_63432.png,0,0.00201570356480525
/root/New_CheckLiuliang_remote/datasets/toniot/test/normal/test_00015563_orig63433_63434_63435.png,0,0.004053011728711794
/root/New_CheckLiuliang_remote/datasets/toniot/test/normal/test_00015564_orig63436_63437_63438.png,0,0.004849415592536229
/root/New_CheckLiuliang_remote/datasets/toniot/test/normal/test_00015565_orig63439_63440_63441.png,0,0.009071177965409799
/root/New_CheckLiuliang_remote/datasets/toniot/test/normal/test_00015566_orig63442_63443_63444.png,0,0.01411537414482774
/root/New_CheckLiuliang_remote/datasets/toniot/test/normal/test_00015567_orig63445_63446_63447.png,0,0.009806800324920754
/root/New_CheckLiuliang_remote/datasets/toniot/test/normal/test_00015568_orig63448_63449_63450.png,0,0.006954513231321816
/root/New_CheckLiuliang_remote/datasets/toniot/test/normal/test_00015569_orig63451_63452_63453.png,0,0.012432700165199992
/root/New_CheckLiuliang_remote/datasets/toniot/test/normal/test_00015570_orig63454_63455_63456.png,0,0.0066346841676356415
/root/New_CheckLiuliang_remote/datasets/toniot/test/normal/test_00015571_orig63457_63458_63459.png,0,0.0038137017029415427
/root/New_CheckLiuliang_remote/datasets/toniot/test/normal/test_00015572_orig63460_63461_63462.png,0,0.0035113157423068905
/root/New_CheckLiuliang_remote/datasets/toniot/test/normal/test_00015573_orig63463_63464_63465.png,0,0.006811879768105911
/root/New_CheckLiuliang_remote/datasets/toniot/test/normal/test_00015574_orig63466_63467_63468.png,0,0.013110715193627116
/root/New_CheckLiuliang_remote/datasets/toniot/test/normal/test_00015575_orig63469_63470_63471.png,0,0.0019879708539729127
/root/New_CheckLiuliang_remote/datasets/toniot/test/normal/test_00015576_orig63472_63473_63474.png,0,0.00608855324207481
/root/New_CheckLiuliang_remote/datasets/toniot/test/normal/test_00015577_orig63475_63476_63477.png,0,0.008688371115500968
/root/New_CheckLiuliang_remote/datasets/toniot/test/normal/test_00015578_orig63478_63479_63480.png,0,0.0017612953990700678
/root/New_CheckLiuliang_remote/datasets/toniot/test/normal/test_00015579_orig63481_63482_63483.png,0,0.0011987837741153054
/root/New_CheckLiuliang_remote/datasets/toniot/test/normal/test_00015580_orig63484_63485_63486.png,0,0.007578115302313876
/root/New_CheckLiuliang_remote/datasets/toniot/test/normal/test_00015581_orig63487_63488_63489.png,0,0.000514477275131215
/root/New_CheckLiuliang_remote/datasets/toniot/test/normal/test_00015582_orig63490_63491_63492.png,0,0.006811879768105911
/root/New_CheckLiuliang_remote/datasets/toniot/test/normal/test_00015583_orig63493_63494_63495.png,0,0.015048810050599147
/root/New_CheckLiuliang_remote/datasets/toniot/test/normal/test_00015584_orig63496_63497_63498.png,0,0.007265311104616472
/root/New_CheckLiuliang_remote/datasets/toniot/test/normal/test_00015585_orig63499_63500_63501.png,0,0.007437874112980476
/root/New_CheckLiuliang_remote/datasets/toniot/test/normal/test_00015586_orig63502_63503_63504.png,0,0.0029574508024339235
/root/New_CheckLiuliang_remote/datasets/toniot/test/normal/test_00015587_orig63505_63506_63507.png,0,0.004931497484172586
/root/New_CheckLiuliang_remote/datasets/toniot/test/normal/test_00015588_orig63508_63509_63510.png,0,0.011922956005973399
/root/New_CheckLiuliang_remote/datasets/toniot/test/normal/test_00015589_orig63511_63512_63513.png,0,0.015048810050599147
/root/New_CheckLiuliang_remote/datasets/toniot/test/normal/test_00015590_orig63514_63515_63516.png,0,0.0015006411869411948
/root/New_CheckLiuliang_remote/datasets/toniot/test/normal/test_00015591_orig63517_63518_63519.png,0,0.008688371115500968
/root/New_CheckLiuliang_remote/datasets/toniot/test/normal/test_00015592_orig63520_63521_63522.png,0,0.009071177965409799
/root/New_CheckLiuliang_remote/datasets/toniot/test/normal/test_00015593_orig63523_63524_63525.png,0,0.006811879768105911
/root/New_CheckLiuliang_remote/datasets/toniot/test/normal/test_00015594_orig63526_63527_63528.png,0,0.008583793794735629
/root/New_CheckLiuliang_remote/datasets/toniot/test/normal/test_00015595_orig63529_63530_63531.png,0,0.00374495186897001
/root/New_CheckLiuliang_remote/datasets/toniot/test/normal/test_00015596_orig63532_63533_63534.png,0,0.0015006411869411948
/root/New_CheckLiuliang_remote/datasets/toniot/test/normal/test_00015597_orig63535_63536_63537.png,0,0.01051883084476549
/root/New_CheckLiuliang_remote/datasets/toniot/test/normal/test_00015598_orig63538_63539_63540.png,0,0.005778316734291729
/root/New_CheckLiuliang_remote/datasets/toniot/test/normal/test_00015599_orig63541_63542_63543.png,0,0.0029574508024339235
/root/New_CheckLiuliang_remote/datasets/toniot/test/normal/test_00015600_orig63544_63545_63546.png,0,0.007523526647297107
/root/New_CheckLiuliang_remote/datasets/toniot/test/normal/test_00015601_orig63547_63548_63549.png,0,0.00608855324207481
/root/New_CheckLiuliang_remote/datasets/toniot/test/normal/test_00015602_orig63550_63551_63552.png,0,0.0035113157423068905
/root/New_CheckLiuliang_remote/datasets/toniot/test/normal/test_00015603_orig63553_63554_63555.png,0,0.43071905542228694
/root/New_CheckLiuliang_remote/datasets/toniot/test/normal/test_00015604_orig63556_63557_63558.png,0,0.2402539475718161
/root/New_CheckLiuliang_remote/datasets/toniot/test/normal/test_00015605_orig63559_63560_63561.png,0,0.37050577232396004
/root/New_CheckLiuliang_remote/datasets/toniot/test/normal/test_00015606_orig63562_63563_63564.png,0,0.3397428941163922
/root/New_CheckLiuliang_remote/datasets/toniot/test/normal/test_00015607_orig63565_63566_63567.png,0,0.007212221731286212
/root/New_CheckLiuliang_remote/datasets/toniot/test/normal/test_00015608_orig63568_63569_63570.png,0,0.480229724862417
/root/New_CheckLiuliang_remote/datasets/toniot/test/normal/test_00015609_orig63571_63572_63573.png,0,0.41122150553050857
/root/New_CheckLiuliang_remote/datasets/toniot/test/normal/test_00015610_orig63574_63575_63576.png,0,0.0017612953990700678
/root/New_CheckLiuliang_remote/datasets/toniot/test/normal/test_00015611_orig63577_63578_63579.png,0,0.007510637173825069
/root/New_CheckLiuliang_remote/datasets/toniot/test/normal/test_00015612_orig63580_63581_63582.png,0,0.16807313091706208
/root/New_CheckLiuliang_remote/datasets/toniot/test/normal/test_00015613_orig63583_63584_63585.png,0,0.0034615150101607608
/root/New_CheckLiuliang_remote/datasets/toniot/test/normal/test_00015614_orig63586_63587_63588.png,0,0.007510637173825069
/root/New_CheckLiuliang_remote/datasets/toniot/test/normal/test_00015615_orig63589_63590_63591.png,0,0.01815005431178078
/root/New_CheckLiuliang_remote/datasets/toniot/test/normal/test_00015616_orig63592_63593_63594.png,0,0.015048810050599147
/root/New_CheckLiuliang_remote/datasets/toniot/test/normal/test_00015617_orig63595_63596_63597.png,0,0.0029574508024339235
/root/New_CheckLiuliang_remote/datasets/toniot/test/normal/test_00015618_orig63598_63599_63600.png,0,0.41320961064167316
/root/New_CheckLiuliang_remote/datasets/toniot/test/normal/test_00015619_orig63601_63602_63603.png,0,0.44369706237936435
/root/New_CheckLiuliang_remote/datasets/toniot/test/normal/test_00015620_orig63604_63605_63606.png,0,0.6145983951275592
/root/New_CheckLiuliang_remote/datasets/toniot/test/normal/test_00015621_orig63607_63608_63609.png,0,0.0021399488550316263
/root/New_CheckLiuliang_remote/datasets/toniot/test/normal/test_00015622_orig63610_63611_63612.png,0,0.008733714313179944
/root/New_CheckLiuliang_remote/datasets/toniot/test/normal/test_00015623_orig63613_63614_63615.png,0,0.4848402096463763
/root/New_CheckLiuliang_remote/datasets/toniot/test/normal/test_00015624_orig63616_63617_63618.png,0,0.002336232087717877
/root/New_CheckLiuliang_remote/datasets/toniot/test/normal/test_00015625_orig63619_63620_63621.png,0,0.00729674092025469
/root/New_CheckLiuliang_remote/datasets/toniot/test/normal/test_00015626_orig63622_63623_63624.png,0,0.005277298100355733
/root/New_CheckLiuliang_remote/datasets/toniot/test/normal/test_00015627_orig63625_63626_63627.png,0,0.008859467018556217
/root/New_CheckLiuliang_remote/datasets/toniot/test/normal/test_00015628_orig63628_63629_63630.png,0,0.012740391355461296
/root/New_CheckLiuliang_remote/datasets/toniot/test/normal/test_00015629_orig63631_63632_63633.png,0,0.006334658865943712
/root/New_CheckLiuliang_remote/datasets/toniot/test/normal/test_00015630_orig63634_63635_63636.png,0,0.0017612953990700678
/root/New_CheckLiuliang_remote/datasets/toniot/test/normal/test_00015631_orig63637_63638_63639.png,0,0.003919120124864177
/root/New_CheckLiuliang_remote/datasets/toniot/test/normal/test_00015632_orig63640_63641_63642.png,0,0.005947787166173579
/root/New_CheckLiuliang_remote/datasets/toniot/test/normal/test_00015633_orig63643_63644_63645.png,0,0.005947787166173579
/root/New_CheckLiuliang_remote/datasets/toniot/test/normal/test_00015634_orig63646_63647_63648.png,0,0.007945455021234688
/root/New_CheckLiuliang_remote/datasets/toniot/test/normal/test_00015635_orig63649_63650_63651.png,0,0.007443089122308828
/root/New_CheckLiuliang_remote/datasets/toniot/test/normal/test_00015636_orig63652_63653_63654.png,0,0.006811879768105911
/root/New_CheckLiuliang_remote/datasets/toniot/test/normal/test_00015637_orig63655_63656_63657.png,0,0.007672022374312465
/root/New_CheckLiuliang_remote/datasets/toniot/test/normal/test_00015638_orig63658_63659_63660.png,0,0.006812377685672412
/root/New_CheckLiuliang_remote/datasets/toniot/test/normal/test_00015639_orig63661_63662_63663.png,0,0.23847738571822605
/root/New_CheckLiuliang_remote/datasets/toniot/test/normal/test_00015640_orig63664_63665_63666.png,0,0.003600099131546476
/root/New_CheckLiuliang_remote/datasets/toniot/test/normal/test_00015641_orig63667_63668_63669.png,0,0.011922956005973399
/root/New_CheckLiuliang_remote/datasets/toniot/test/normal/test_00015642_orig63670_63671_63672.png,0,0.0021399488550316263
/root/New_CheckLiuliang_remote/datasets/toniot/test/normal/test_00015643_orig63673_63674_63675.png,0,0.22681315365661286
/root/New_CheckLiuliang_remote/datasets/toniot/test/normal/test_00015644_orig63676_63677_63678.png,0,0.008143396908845333
/root/New_CheckLiuliang_remote/datasets/toniot/test/normal/test_00015645_orig63679_63680_63681.png,0,0.007330648716123073
/root/New_CheckLiuliang_remote/datasets/toniot/test/normal/test_00015646_orig63682_63683_63684.png,0,0.0011987837741153054
/root/New_CheckLiuliang_remote/datasets/toniot/test/normal/test_00015647_orig63685_63686_63687.png,0,0.0017612953990700678
/root/New_CheckLiuliang_remote/datasets/toniot/test/normal/test_00015648_orig63688_63689_63690.png,0,0.0033234067972252547
/root/New_CheckLiuliang_remote/datasets/toniot/test/normal/test_00015649_orig63691_63692_63693.png,0,0.005738564881953699
/root/New_CheckLiuliang_remote/datasets/toniot/test/normal/test_00015650_orig63694_63695_63696.png,0,0.00081617828419442
/root/New_CheckLiuliang_remote/datasets/toniot/test/normal/test_00015651_orig63697_63698_63699.png,0,0.0026730412215979966
/root/New_CheckLiuliang_remote/datasets/toniot/test/normal/test_00015652_orig63700_63701_63702.png,0,0.00081617828419442
/root/New_CheckLiuliang_remote/datasets/toniot/test/normal/test_00015653_orig63703_63704_63705.png,0,0.00026683277800768
/root/New_CheckLiuliang_remote/datasets/toniot/test/normal/test_00015654_orig63706_63707_63708.png,0,0.009619944197873835
/root/New_CheckLiuliang_remote/datasets/toniot/test/normal/test_00015655_orig63709_63710_63711.png,0,0.004931497484172586
/root/New_CheckLiuliang_remote/datasets/toniot/test/normal/test_00015656_orig63712_63713_63714.png,0,0.004994821323096381
/root/New_CheckLiuliang_remote/datasets/toniot/test/normal/test_00015657_orig63715_63716_63717.png,0,0.6001322013658484
/root/New_CheckLiuliang_remote/datasets/toniot/test/normal/test_00015658_orig63718_63719_63720.png,0,0.22655183628342346
/root/New_CheckLiuliang_remote/datasets/toniot/test/normal/test_00015659_orig63721_63722_63723.png,0,0.47544600331996323
/root/New_CheckLiuliang_remote/datasets/toniot/test/normal/test_00015660_orig63724_63725_63726.png,0,0.3447037253705888
/root/New_CheckLiuliang_remote/datasets/toniot/test/normal/test_00015661_orig63727_63728_63729.png,0,0.00798899355844732
/root/New_CheckLiuliang_remote/datasets/toniot/test/normal/test_00015662_orig63730_63731_63732.png,0,0.4811180685339756
/root/New_CheckLiuliang_remote/datasets/toniot/test/normal/test_00015663_orig63733_63734_63735.png,0,0.31704866223704287
/root/New_CheckLiuliang_remote/datasets/toniot/test/normal/test_00015664_orig63736_63737_63738.png,0,0.25794295594654093
/root/New_CheckLiuliang_remote/datasets/toniot/test/normal/test_00015665_orig63739_63740_63741.png,0,0.583651587656032
/root/New_CheckLiuliang_remote/datasets/toniot/test/normal/test_00015666_orig63742_63743_63744.png,0,0.005618497025449832
/root/New_CheckLiuliang_remote/datasets/toniot/test/normal/test_00015667_orig63745_63746_63747.png,0,0.0015006411869411948
/root/New_CheckLiuliang_remote/datasets/toniot/test/normal/test_00015668_orig63748_63749_63750.png,0,0.015048810050599147
/root/New_CheckLiuliang_remote/datasets/toniot/test/normal/test_00015669_orig63751_63752_63753.png,0,0.3321992095449136
/root/New_CheckLiuliang_remote/datasets/toniot/test/normal/test_00015670_orig63754_63755_63756.png,0,0.3672942810883539
/root/New_CheckLiuliang_remote/datasets/toniot/test/normal/test_00015671_orig63757_63758_63759.png,0,0.0029724594925346196
/root/New_CheckLiuliang_remote/datasets/toniot/test/normal/test_00015672_orig63760_63761_63762.png,0,0.0017612953990700678
/root/New_CheckLiuliang_remote/datasets/toniot/test/normal/test_00015673_orig63763_63764_63765.png,0,0.008056125200790652
/root/New_CheckLiuliang_remote/datasets/toniot/test/normal/test_00015674_orig63766_63767_63768.png,0,0.007945455021234688
/root/New_CheckLiuliang_remote/datasets/toniot/test/normal/test_00015675_orig63769_63770_63771.png,0,0.004579911332585252
/root/New_CheckLiuliang_remote/datasets/toniot/test/normal/test_00015676_orig63772_63773_63774.png,0,0.413765005180193
/root/New_CheckLiuliang_remote/datasets/toniot/test/normal/test_00015677_orig63775_63776_63777.png,0,0.007523526647297107
/root/New_CheckLiuliang_remote/datasets/toniot/test/normal/test_00015678_orig63778_63779_63780.png,0,0.00026683277800768
/root/New_CheckLiuliang_remote/datasets/toniot/test/normal/test_00015679_orig63781_63782_63783.png,0,0.00081617828419442
/root/New_CheckLiuliang_remote/datasets/toniot/test/normal/test_00015680_orig63784_63785_63786.png,0,0.008992743526651418
/root/New_CheckLiuliang_remote/datasets/toniot/test/normal/test_00015681_orig63787_63788_63789.png,0,0.004329665947315365
/root/New_CheckLiuliang_remote/datasets/toniot/test/normal/test_00015682_orig63790_63791_63792.png,0,0.005778316734291729
/root/New_CheckLiuliang_remote/datasets/toniot/test/normal/test_00015683_orig63793_63794_63795.png,0,0.0074280815235835155
/root/New_CheckLiuliang_remote/datasets/toniot/test/normal/test_00015684_orig63796_63797_63798.png,0,0.48061543897878206
/root/New_CheckLiuliang_remote/datasets/toniot/test/normal/test_00015685_orig63799_63800_63801.png,0,0.007263042264754037
/root/New_CheckLiuliang_remote/datasets/toniot/test/normal/test_00015686_orig63802_63803_63804.png,0,0.0008218724437437405
/root/New_CheckLiuliang_remote/datasets/toniot/test/normal/test_00015687_orig63805_63806_63807.png,0,0.0029956704498092118
/root/New_CheckLiuliang_remote/datasets/toniot/test/normal/test_00015688_orig63808_63809_63810.png,0,0.013110715193627116
/root/New_CheckLiuliang_remote/datasets/toniot/test/normal/test_00015689_orig63811_63812_63813.png,0,0.007173040600967008
/root/New_CheckLiuliang_remote/datasets/toniot/test/normal/test_00015690_orig63814_63815_63816.png,0,0.013110715193627116
/root/New_CheckLiuliang_remote/datasets/toniot/test/normal/test_00015691_orig63817_63818_63819.png,0,0.30715049703206027
/root/New_CheckLiuliang_remote/datasets/toniot/test/normal/test_00015692_orig63820_63821_63822.png,0,0.007625946263371561
/root/New_CheckLiuliang_remote/datasets/toniot/test/normal/test_00015693_orig63823_63824_63825.png,0,0.006336951342100388
/root/New_CheckLiuliang_remote/datasets/toniot/test/normal/test_00015694_orig63826_63827_63828.png,0,0.000514477275131215
/root/New_CheckLiuliang_remote/datasets/toniot/test/normal/test_00015695_orig63829_63830_63831.png,0,0.00201570356480525
/root/New_CheckLiuliang_remote/datasets/toniot/test/normal/test_00015696_orig63832_63833_63834.png,0,0.010492246709958672
/root/New_CheckLiuliang_remote/datasets/toniot/test/normal/test_00015697_orig63835_63836_63837.png,0,0.00665199417751254
/root/New_CheckLiuliang_remote/datasets/toniot/test/normal/test_00015698_orig63838_63839_63840.png,0,0.006811879768105911
/root/New_CheckLiuliang_remote/datasets/toniot/test/normal/test_00015699_orig63841_63842_63843.png,0,0.010183585200614981
/root/New_CheckLiuliang_remote/datasets/toniot/test/normal/test_00015700_orig63844_63845_63846.png,0,0.4899533397452216
/root/New_CheckLiuliang_remote/datasets/toniot/test/normal/test_00015701_orig63847_63848_63849.png,0,0.006812377685672412
/root/New_CheckLiuliang_remote/datasets/toniot/test/normal/test_00015702_orig63850_63851_63852.png,0,0.009524589981281058
/root/New_CheckLiuliang_remote/datasets/toniot/test/normal/test_00015703_orig63853_63854_63855.png,0,0.0029616793284507853
/root/New_CheckLiuliang_remote/datasets/toniot/test/normal/test_00015704_orig63856_63857_63858.png,0,0.007263042264754037
/root/New_CheckLiuliang_remote/datasets/toniot/test/normal/test_00015705_orig63859_63860_63861.png,0,0.004772483352224867
/root/New_CheckLiuliang_remote/datasets/toniot/test/normal/test_00015706_orig63862_63863_63864.png,0,0.018446404952312014
/root/New_CheckLiuliang_remote/datasets/toniot/test/normal/test_00015707_orig63865_63866_63867.png,0,0.007175828425990935
/root/New_CheckLiuliang_remote/datasets/toniot/test/normal/test_00015708_orig63868_63869_63870.png,0,0.0037622493162177257
/root/New_CheckLiuliang_remote/datasets/toniot/test/normal/test_00015709_orig63871_63872_63873.png,0,0.002253965810900938
/root/New_CheckLiuliang_remote/datasets/toniot/test/normal/test_00015710_orig63874_63875_63876.png,0,0.6369199717679298
/root/New_CheckLiuliang_remote/datasets/toniot/test/normal/test_00015711_orig63877_63878_63879.png,0,0.007154755446996302
/root/New_CheckLiuliang_remote/datasets/toniot/test/normal/test_00015712_orig63880_63881_63882.png,0,0.1968563892207995
/root/New_CheckLiuliang_remote/datasets/toniot/test/normal/test_00015713_orig63883_63884_63885.png,0,0.44242485728519704
/root/New_CheckLiuliang_remote/datasets/toniot/test/normal/test_00015714_orig63886_63887_63888.png,0,0.0035113157423068905
/root/New_CheckLiuliang_remote/datasets/toniot/test/normal/test_00015715_orig63889_63890_63891.png,0,0.37453450710313246
/root/New_CheckLiuliang_remote/datasets/toniot/test/normal/test_00015716_orig63892_63893_63894.png,0,0.4186031009768143
/root/New_CheckLiuliang_remote/datasets/toniot/test/normal/test_00015717_orig63895_63896_63897.png,0,0.00374495186897001
/root/New_CheckLiuliang_remote/datasets/toniot/test/normal/test_00015718_orig63898_63899_63900.png,0,0.35928723583515465
/root/New_CheckLiuliang_remote/datasets/toniot/test/normal/test_00015719_orig63901_63902_63903.png,0,0.25424838269520483
/root/New_CheckLiuliang_remote/datasets/toniot/test/normal/test_00015720_orig63904_63905_63906.png,0,0.007173040600967008
/root/New_CheckLiuliang_remote/datasets/toniot/test/normal/test_00015721_orig63907_63908_63909.png,0,0.5543793599748498
/root/New_CheckLiuliang_remote/datasets/toniot/test/normal/test_00015722_orig63910_63911_63912.png,0,0.004030744095643299
/root/New_CheckLiuliang_remote/datasets/toniot/test/normal/test_00015723_orig63913_63914_63915.png,0,0.004131143764249267
/root/New_CheckLiuliang_remote/datasets/toniot/test/normal/test_00015724_orig63916_63917_63918.png,0,0.010506667610234407
/root/New_CheckLiuliang_remote/datasets/toniot/test/normal/test_00015725_orig63919_63920_63921.png,0,0.006811879768105911
/root/New_CheckLiuliang_remote/datasets/toniot/test/normal/test_00015726_orig63922_63923_63924.png,0,0.007625946263371561
/root/New_CheckLiuliang_remote/datasets/toniot/test/normal/test_00015727_orig63925_63926_63927.png,0,0.008143396908845333
/root/New_CheckLiuliang_remote/datasets/toniot/test/normal/test_00015728_orig63928_63929_63930.png,0,0.004146165774650807
/root/New_CheckLiuliang_remote/datasets/toniot/test/normal/test_00015729_orig63931_63932_63933.png,0,0.008573597048141358
/root/New_CheckLiuliang_remote/datasets/toniot/test/normal/test_00015730_orig63934_63935_63936.png,0,0.007175828425990935
/root/New_CheckLiuliang_remote/datasets/toniot/test/normal/test_00015731_orig63937_63938_63939.png,0,0.01046126388774879
/root/New_CheckLiuliang_remote/datasets/toniot/test/normal/test_00015732_orig63940_63941_63942.png,0,0.005261787878479867
/root/New_CheckLiuliang_remote/datasets/toniot/test/normal/test_00015733_orig63943_63944_63945.png,0,0.008248854440119224
/root/New_CheckLiuliang_remote/datasets/toniot/test/normal/test_00015734_orig63946_63947_63948.png,0,0.004329665947315365
/root/New_CheckLiuliang_remote/datasets/toniot/test/normal/test_00015735_orig63949_63950_63951.png,0,0.006811879768105911
/root/New_CheckLiuliang_remote/datasets/toniot/test/normal/test_00015736_orig63952_63953_63954.png,0,0.004472431751121706
/root/New_CheckLiuliang_remote/datasets/toniot/test/normal/test_00015737_orig63955_63956_63957.png,0,0.004278193499212025
/root/New_CheckLiuliang_remote/datasets/toniot/test/normal/test_00015738_orig63958_63959_63960.png,0,0.30593598805152283
/root/New_CheckLiuliang_remote/datasets/toniot/test/normal/test_00015739_orig63961_63962_63963.png,0,0.01370016635254563
/root/New_CheckLiuliang_remote/datasets/toniot/test/normal/test_00015740_orig63964_63965_63966.png,0,0.008439692681991203
/root/New_CheckLiuliang_remote/datasets/toniot/test/normal/test_00015741_orig63967_63968_63969.png,0,0.007212221731286212
/root/New_CheckLiuliang_remote/datasets/toniot/test/normal/test_00015742_orig63970_63971_63972.png,0,0.0031535052864771263
/root/New_CheckLiuliang_remote/datasets/toniot/test/normal/test_00015743_orig63973_63974_63975.png,0,0.007555940164831161
/root/New_CheckLiuliang_remote/datasets/toniot/test/normal/test_00015744_orig63976_63977_63978.png,0,0.0015006411869411948
/root/New_CheckLiuliang_remote/datasets/toniot/test/normal/test_00015745_orig63979_63980_63981.png,0,0.004115980091888283
/root/New_CheckLiuliang_remote/datasets/toniot/test/normal/test_00015746_orig63982_63983_63984.png,0,0.30087846275863567
/root/New_CheckLiuliang_remote/datasets/toniot/test/normal/test_00015747_orig63985_63986_63987.png,0,0.0006840397906234953
/root/New_CheckLiuliang_remote/datasets/toniot/test/normal/test_00015748_orig63988_63989_63990.png,0,0.004961035824682762
/root/New_CheckLiuliang_remote/datasets/toniot/test/normal/test_00015749_orig63991_63992_63993.png,0,0.006682965120195006
/root/New_CheckLiuliang_remote/datasets/toniot/test/normal/test_00015750_orig63994_63995_63996.png,0,0.002945889127491448
/root/New_CheckLiuliang_remote/datasets/toniot/test/normal/test_00015751_orig63997_63998_63999.png,0,0.011203705189388149
/root/New_CheckLiuliang_remote/datasets/toniot/test/normal/test_00015752_orig64000_64001_64002.png,0,0.01546139142725146
/root/New_CheckLiuliang_remote/datasets/toniot/test/normal/test_00015753_orig64003_64004_64005.png,0,0.0
/root/New_CheckLiuliang_remote/datasets/toniot/test/normal/test_00015754_orig64006_64007_64008.png,0,0.26431045418032895
/root/New_CheckLiuliang_remote/datasets/toniot/test/normal/test_00015755_orig64009_64010_64011.png,0,0.00374495186897001
/root/New_CheckLiuliang_remote/datasets/toniot/test/normal/test_00015756_orig64012_64013_64014.png,0,0.004033435385769577
/root/New_CheckLiuliang_remote/datasets/toniot/test/normal/test_00015757_orig64015_64016_64017.png,0,0.0038137017029415427
/root/New_CheckLiuliang_remote/datasets/toniot/test/normal/test_00015758_orig64018_64019_64020.png,0,0.007510637173825069
/root/New_CheckLiuliang_remote/datasets/toniot/test/normal/test_00015759_orig64021_64022_64023.png,0,0.0038137017029415427
/root/New_CheckLiuliang_remote/datasets/toniot/test/normal/test_00015760_orig64024_64025_64026.png,0,0.00026683277800768
/root/New_CheckLiuliang_remote/datasets/toniot/test/normal/test_00015761_orig64027_64028_64029.png,0,0.009989400646096559
/root/New_CheckLiuliang_remote/datasets/toniot/test/normal/test_00015762_orig64030_64031_64032.png,0,0.006811879768105911
/root/New_CheckLiuliang_remote/datasets/toniot/test/normal/test_00015763_orig64033_64034_64035.png,0,0.013110715193627116
/root/New_CheckLiuliang_remote/datasets/toniot/test/normal/test_00015764_orig64036_64037_64038.png,0,0.004772483352224867
/root/New_CheckLiuliang_remote/datasets/toniot/test/normal/test_00015765_orig64039_64040_64041.png,0,0.5532753241408396
/root/New_CheckLiuliang_remote/datasets/toniot/test/normal/test_00015766_orig64042_64043_64044.png,0,0.4273857549394889
/root/New_CheckLiuliang_remote/datasets/toniot/test/normal/test_00015767_orig64045_64046_64047.png,0,0.41989386205094315
/root/New_CheckLiuliang_remote/datasets/toniot/test/normal/test_00015768_orig64048_64049_64050.png,0,0.47369667537087023
/root/New_CheckLiuliang_remote/datasets/toniot/test/normal/test_00015769_orig64051_64052_64053.png,0,0.0017612953990700678
/root/New_CheckLiuliang_remote/datasets/toniot/test/normal/test_00015770_orig64054_64055_64056.png,0,0.0037252925089949077
/root/New_CheckLiuliang_remote/datasets/toniot/test/normal/test_00015771_orig64057_64058_64059.png,0,0.33816914761400574
/root/New_CheckLiuliang_remote/datasets/toniot/test/normal/test_00015772_orig64060_64061_64062.png,0,0.5425498025323492
/root/New_CheckLiuliang_remote/datasets/toniot/test/normal/test_00015773_orig64063_64064_64065.png,0,0.007173040600967008
/root/New_CheckLiuliang_remote/datasets/toniot/test/normal/test_00015774_orig64066_64067_64068.png,0,0.013110715193627116
/root/New_CheckLiuliang_remote/datasets/toniot/test/normal/test_00015775_orig64069_64070_64071.png,0,0.000514477275131215
/root/New_CheckLiuliang_remote/datasets/toniot/test/normal/test_00015776_orig64072_64073_64074.png,0,0.2758243300225017
/root/New_CheckLiuliang_remote/datasets/toniot/test/normal/test_00015777_orig64075_64076_64077.png,0,0.0020689809164011162
/root/New_CheckLiuliang_remote/datasets/toniot/test/normal/test_00015778_orig64078_64079_64080.png,0,0.007173040600967008
/root/New_CheckLiuliang_remote/datasets/toniot/test/normal/test_00015779_orig64081_64082_64083.png,0,0.0006840397906234953
/root/New_CheckLiuliang_remote/datasets/toniot/test/normal/test_00015780_orig64084_64085_64086.png,0,0.0
/root/New_CheckLiuliang_remote/datasets/toniot/test/normal/test_00015781_orig64087_64088_64089.png,0,0.008688371115500968
/root/New_CheckLiuliang_remote/datasets/toniot/test/normal/test_00015782_orig64090_64091_64092.png,0,0.0027821999203945175
/root/New_CheckLiuliang_remote/datasets/toniot/test/normal/test_00015783_orig64093_64094_64095.png,0,0.0030271256254843903
/root/New_CheckLiuliang_remote/datasets/toniot/test/normal/test_00015784_orig64096_64097_64098.png,0,0.004047391229023868
/root/New_CheckLiuliang_remote/datasets/toniot/test/normal/test_00015785_orig64099_64100_64101.png,0,0.00201570356480525
/root/New_CheckLiuliang_remote/datasets/toniot/test/normal/test_00015786_orig64102_64103_64104.png,0,0.006811879768105911
/root/New_CheckLiuliang_remote/datasets/toniot/test/normal/test_00015787_orig64105_64106_64107.png,0,0.0017612953990700678
/root/New_CheckLiuliang_remote/datasets/toniot/test/normal/test_00015788_orig64108_64109_64110.png,0,0.008143396908845333
/root/New_CheckLiuliang_remote/datasets/toniot/test/normal/test_00015789_orig64111_64112_64113.png,0,0.005947787166173579
/root/New_CheckLiuliang_remote/datasets/toniot/test/normal/test_00015790_orig64114_64115_64116.png,0,0.00026683277800768
/root/New_CheckLiuliang_remote/datasets/toniot/test/normal/test_00015791_orig64117_64118_64119.png,0,0.004329665947315365
/root/New_CheckLiuliang_remote/datasets/toniot/test/normal/test_00015792_orig64120_64121_64122.png,0,0.0010831761113480633
/root/New_CheckLiuliang_remote/datasets/toniot/test/normal/test_00015793_orig64123_64124_64125.png,0,0.0029280501617496494
/root/New_CheckLiuliang_remote/datasets/toniot/test/normal/test_00015794_orig64126_64127_64128.png,0,0.0011987837741153054
/root/New_CheckLiuliang_remote/datasets/toniot/test/normal/test_00015795_orig64129_64130_64131.png,0,0.5727653390257038
/root/New_CheckLiuliang_remote/datasets/toniot/test/normal/test_00015796_orig64132_64133_64134.png,0,0.0006840397906234953
/root/New_CheckLiuliang_remote/datasets/toniot/test/normal/test_00015797_orig64135_64136_64137.png,0,0.004329665947315365
/root/New_CheckLiuliang_remote/datasets/toniot/test/normal/test_00015798_orig64138_64139_64140.png,0,0.0025842648909612585
/root/New_CheckLiuliang_remote/datasets/toniot/test/normal/test_00015799_orig64141_64142_64143.png,0,0.01051883084476549
/root/New_CheckLiuliang_remote/datasets/toniot/test/normal/test_00015800_orig64144_64145_64146.png,0,0.015077349547412628
/root/New_CheckLiuliang_remote/datasets/toniot/test/normal/test_00015801_orig64147_64148_64149.png,0,0.008679235288318038
/root/New_CheckLiuliang_remote/datasets/toniot/test/normal/test_00015802_orig64150_64151_64152.png,0,0.000514477275131215
/root/New_CheckLiuliang_remote/datasets/toniot/test/normal/test_00015803_orig64153_64154_64155.png,0,0.00876654795862597
/root/New_CheckLiuliang_remote/datasets/toniot/test/normal/test_00015804_orig64156_64157_64158.png,0,0.0
/root/New_CheckLiuliang_remote/datasets/toniot/test/normal/test_00015805_orig64159_64160_64161.png,0,0.0048133664940953735
/root/New_CheckLiuliang_remote/datasets/toniot/test/normal/test_00015806_orig64162_64163_64164.png,0,0.002336232087717877
/root/New_CheckLiuliang_remote/datasets/toniot/test/normal/test_00015807_orig64165_64166_64167.png,0,0.0075109402790019585
/root/New_CheckLiuliang_remote/datasets/toniot/test/normal/test_00015808_orig64168_64169_64170.png,0,0.008778388247442885
/root/New_CheckLiuliang_remote/datasets/toniot/test/normal/test_00015809_orig64171_64172_64173.png,0,0.008143396908845333
/root/New_CheckLiuliang_remote/datasets/toniot/test/normal/test_00015810_orig64174_64175_64176.png,0,0.0025842648909612585
/root/New_CheckLiuliang_remote/datasets/toniot/test/normal/test_00015811_orig64177_64178_64179.png,0,0.008056125200790652
/root/New_CheckLiuliang_remote/datasets/toniot/test/normal/test_00015812_orig64180_64181_64182.png,0,0.012014260116730336
/root/New_CheckLiuliang_remote/datasets/toniot/test/normal/test_00015813_orig64183_64184_64185.png,0,0.0031535052864771263
/root/New_CheckLiuliang_remote/datasets/toniot/test/normal/test_00015814_orig64186_64187_64188.png,0,0.006599763555545798
/root/New_CheckLiuliang_remote/datasets/toniot/test/normal/test_00015815_orig64189_64190_64191.png,0,0.003229215516825394
/root/New_CheckLiuliang_remote/datasets/toniot/test/normal/test_00015816_orig64192_64193_64194.png,0,0.0006840397906234953
/root/New_CheckLiuliang_remote/datasets/toniot/test/normal/test_00015817_orig64195_64196_64197.png,0,0.002028484349628644
/root/New_CheckLiuliang_remote/datasets/toniot/test/normal/test_00015818_orig64198_64199_64200.png,0,0.37027592390587727
/root/New_CheckLiuliang_remote/datasets/toniot/test/normal/test_00015819_orig64201_64202_64203.png,0,0.012432700165199992
/root/New_CheckLiuliang_remote/datasets/toniot/test/normal/test_00015820_orig64204_64205_64206.png,0,0.6335819276832719
/root/New_CheckLiuliang_remote/datasets/toniot/test/normal/test_00015821_orig64207_64208_64209.png,0,0.0021399488550316263
/root/New_CheckLiuliang_remote/datasets/toniot/test/normal/test_00015822_orig64210_64211_64212.png,0,0.49705639481604286
/root/New_CheckLiuliang_remote/datasets/toniot/test/normal/test_00015823_orig64213_64214_64215.png,0,0.33844014994350413
/root/New_CheckLiuliang_remote/datasets/toniot/test/normal/test_00015824_orig64216_64217_64218.png,0,0.0035113157423068905
/root/New_CheckLiuliang_remote/datasets/toniot/test/normal/test_00015825_orig64219_64220_64221.png,0,0.17842368029952033
/root/New_CheckLiuliang_remote/datasets/toniot/test/normal/test_00015826_orig64222_64223_64224.png,0,0.0003657088657424572
/root/New_CheckLiuliang_remote/datasets/toniot/test/normal/test_00015827_orig64225_64226_64227.png,0,0.4743742652587374
/root/New_CheckLiuliang_remote/datasets/toniot/test/normal/test_00015828_orig64228_64229_64230.png,0,0.40704315721867385
/root/New_CheckLiuliang_remote/datasets/toniot/test/normal/test_00015829_orig64231_64232_64233.png,0,0.008040937359176041
/root/New_CheckLiuliang_remote/datasets/toniot/test/normal/test_00015830_orig64234_64235_64236.png,0,0.00201570356480525
/root/New_CheckLiuliang_remote/datasets/toniot/test/normal/test_00015831_orig64237_64238_64239.png,0,0.0011987837741153054
/root/New_CheckLiuliang_remote/datasets/toniot/test/normal/test_00015832_orig64240_64241_64242.png,0,0.004994821323096381
/root/New_CheckLiuliang_remote/datasets/toniot/test/normal/test_00015833_orig64243_64244_64245.png,0,0.008143396908845333
/root/New_CheckLiuliang_remote/datasets/toniot/test/normal/test_00015834_orig64246_64247_64248.png,0,0.0031885607203717948
/root/New_CheckLiuliang_remote/datasets/toniot/test/normal/test_00015835_orig64249_64250_64251.png,0,0.007555940164831161
/root/New_CheckLiuliang_remote/datasets/toniot/test/normal/test_00015836_orig64252_64253_64254.png,0,0.0024462482566675286
/root/New_CheckLiuliang_remote/datasets/toniot/test/normal/test_00015837_orig64255_64256_64257.png,0,0.008143396908845333
/root/New_CheckLiuliang_remote/datasets/toniot/test/normal/test_00015838_orig64258_64259_64260.png,0,0.0015006411869411948
/root/New_CheckLiuliang_remote/datasets/toniot/test/normal/test_00015839_orig64261_64262_64263.png,0,0.013110715193627116
/root/New_CheckLiuliang_remote/datasets/toniot/test/normal/test_00015840_orig64264_64265_64266.png,0,0.0011987837741153054
/root/New_CheckLiuliang_remote/datasets/toniot/test/normal/test_00015841_orig64267_64268_64269.png,0,0.004640281067385804
/root/New_CheckLiuliang_remote/datasets/toniot/test/normal/test_00015842_orig64270_64271_64272.png,0,0.0
/root/New_CheckLiuliang_remote/datasets/toniot/test/normal/test_00015843_orig64273_64274_64275.png,0,0.008106897329178209
/root/New_CheckLiuliang_remote/datasets/toniot/test/normal/test_00015844_orig64276_64277_64278.png,0,0.008143396908845333
/root/New_CheckLiuliang_remote/datasets/toniot/test/normal/test_00015845_orig64279_64280_64281.png,0,0.004442861466802177
/root/New_CheckLiuliang_remote/datasets/toniot/test/normal/test_00015846_orig64282_64283_64284.png,0,0.018446404952312014
/root/New_CheckLiuliang_remote/datasets/toniot/test/normal/test_00015847_orig64285_64286_64287.png,0,0.01098270481247279
/root/New_CheckLiuliang_remote/datasets/toniot/test/normal/test_00015848_orig64288_64289_64290.png,0,0.008095547298408771
/root/New_CheckLiuliang_remote/datasets/toniot/test/normal/test_00015849_orig64291_64292_64293.png,0,0.009071177965409799
/root/New_CheckLiuliang_remote/datasets/toniot/test/normal/test_00015850_orig64294_64295_64296.png,0,0.005947787166173579
/root/New_CheckLiuliang_remote/datasets/toniot/test/normal/test_00015851_orig64297_64298_64299.png,0,0.011133982955636569
/root/New_CheckLiuliang_remote/datasets/toniot/test/normal/test_00015852_orig64300_64301_64302.png,0,0.004442861466802177
/root/New_CheckLiuliang_remote/datasets/toniot/test/normal/test_00015853_orig64303_64304_64305.png,0,0.008248854440119224
/root/New_CheckLiuliang_remote/datasets/toniot/test/normal/test_00015854_orig64306_64307_64308.png,0,0.005947787166173579
/root/New_CheckLiuliang_remote/datasets/toniot/test/normal/test_00015855_orig64309_64310_64311.png,0,0.008556014907208285
/root/New_CheckLiuliang_remote/datasets/toniot/test/normal/test_00015856_orig64312_64313_64314.png,0,0.0
/root/New_CheckLiuliang_remote/datasets/toniot/test/normal/test_00015857_orig64315_64316_64317.png,0,0.005947787166173579
/root/New_CheckLiuliang_remote/datasets/toniot/test/normal/test_00015858_orig64318_64319_64320.png,0,0.006851606036108679
/root/New_CheckLiuliang_remote/datasets/toniot/test/normal/test_00015859_orig64321_64322_64323.png,0,0.0038137017029415427
/root/New_CheckLiuliang_remote/datasets/toniot/test/normal/test_00015860_orig64324_64325_64326.png,0,0.005618497025449832
/root/New_CheckLiuliang_remote/datasets/toniot/test/normal/test_00015861_orig64327_64328_64329.png,0,0.008889035780013117
/root/New_CheckLiuliang_remote/datasets/toniot/test/normal/test_00015862_orig64330_64331_64332.png,0,0.00201570356480525
/root/New_CheckLiuliang_remote/datasets/toniot/test/normal/test_00015863_orig64333_64334_64335.png,0,0.0029616793284507853
/root/New_CheckLiuliang_remote/datasets/toniot/test/normal/test_00015864_orig64336_64337_64338.png,0,0.00081617828419442
/root/New_CheckLiuliang_remote/datasets/toniot/test/normal/test_00015865_orig64339_64340_64341.png,0,0.005947787166173579
/root/New_CheckLiuliang_remote/datasets/toniot/test/normal/test_00015866_orig64342_64343_64344.png,0,0.0015006411869411948
/root/New_CheckLiuliang_remote/datasets/toniot/test/normal/test_00015867_orig64345_64346_64347.png,0,0.01096003938153354
/root/New_CheckLiuliang_remote/datasets/toniot/test/normal/test_00015868_orig64348_64349_64350.png,0,0.011010814931199348
/root/New_CheckLiuliang_remote/datasets/toniot/test/normal/test_00015869_orig64351_64352_64353.png,0,0.005778316734291729
/root/New_CheckLiuliang_remote/datasets/toniot/test/normal/test_00015870_orig64354_64355_64356.png,0,0.0025032232425618943
/root/New_CheckLiuliang_remote/datasets/toniot/test/normal/test_00015871_orig64357_64358_64359.png,0,9.885609686408722e-05
/root/New_CheckLiuliang_remote/datasets/toniot/test/normal/test_00015872_orig64360_64361_64362.png,0,0.006811879768105911
/root/New_CheckLiuliang_remote/datasets/toniot/test/normal/test_00015873_orig64363_64364_64365.png,0,0.43071905542228694
/root/New_CheckLiuliang_remote/datasets/toniot/test/normal/test_00015874_orig64366_64367_64368.png,0,0.20693874792396044
/root/New_CheckLiuliang_remote/datasets/toniot/test/normal/test_00015875_orig64369_64370_64371.png,0,0.4879755082091238
/root/New_CheckLiuliang_remote/datasets/toniot/test/normal/test_00015876_orig64372_64373_64374.png,0,0.23837975890029006
/root/New_CheckLiuliang_remote/datasets/toniot/test/normal/test_00015877_orig64375_64376_64377.png,0,0.011950229389618604
/root/New_CheckLiuliang_remote/datasets/toniot/test/normal/test_00015878_orig64378_64379_64380.png,0,0.43583749821531653
/root/New_CheckLiuliang_remote/datasets/toniot/test/normal/test_00015879_orig64381_64382_64383.png,0,0.2391829803632036
/root/New_CheckLiuliang_remote/datasets/toniot/test/normal/test_00015880_orig64384_64385_64386.png,0,0.004772483352224867
/root/New_CheckLiuliang_remote/datasets/toniot/test/normal/test_00015881_orig64387_64388_64389.png,0,0.4245110591484
/root/New_CheckLiuliang_remote/datasets/toniot/test/normal/test_00015882_orig64390_64391_64392.png,0,0.3477925501186145
/root/New_CheckLiuliang_remote/datasets/toniot/test/normal/test_00015883_orig64393_64394_64395.png,0,0.009989400646096559
/root/New_CheckLiuliang_remote/datasets/toniot/test/normal/test_00015884_orig64396_64397_64398.png,0,0.013110715193627116
/root/New_CheckLiuliang_remote/datasets/toniot/test/normal/test_00015885_orig64399_64400_64401.png,0,0.009989400646096559
/root/New_CheckLiuliang_remote/datasets/toniot/test/normal/test_00015886_orig64402_64403_64404.png,0,0.0019879708539729127
/root/New_CheckLiuliang_remote/datasets/toniot/test/normal/test_00015887_orig64405_64406_64407.png,0,0.009989400646096559
/root/New_CheckLiuliang_remote/datasets/toniot/test/normal/test_00015888_orig64408_64409_64410.png,0,0.003839179874721758
/root/New_CheckLiuliang_remote/datasets/toniot/test/normal/test_00015889_orig64411_64412_64413.png,0,0.0047609645164848995
/root/New_CheckLiuliang_remote/datasets/toniot/test/normal/test_00015890_orig64414_64415_64416.png,0,0.003280427055767061
/root/New_CheckLiuliang_remote/datasets/toniot/test/normal/test_00015891_orig64417_64418_64419.png,0,0.00026683277800768
/root/New_CheckLiuliang_remote/datasets/toniot/test/normal/test_00015892_orig64420_64421_64422.png,0,0.008688371115500968
/root/New_CheckLiuliang_remote/datasets/toniot/test/normal/test_00015893_orig64423_64424_64425.png,0,0.00374495186897001
/root/New_CheckLiuliang_remote/datasets/toniot/test/normal/test_00015894_orig64426_64427_64428.png,0,0.004640281067385804
/root/New_CheckLiuliang_remote/datasets/toniot/test/normal/test_00015895_orig64429_64430_64431.png,0,0.0003657088657424572
/root/New_CheckLiuliang_remote/datasets/toniot/test/normal/test_00015896_orig64432_64433_64434.png,0,0.0038137017029415427
/root/New_CheckLiuliang_remote/datasets/toniot/test/normal/test_00015897_orig64435_64436_64437.png,0,0.01474967216174482
/root/New_CheckLiuliang_remote/datasets/toniot/test/normal/test_00015898_orig64438_64439_64440.png,0,0.007173040600967008
/root/New_CheckLiuliang_remote/datasets/toniot/test/normal/test_00015899_orig64441_64442_64443.png,0,0.000514477275131215
/root/New_CheckLiuliang_remote/datasets/toniot/test/normal/test_00015900_orig64444_64445_64446.png,0,0.007717021764252264
/root/New_CheckLiuliang_remote/datasets/toniot/test/normal/test_00015901_orig64447_64448_64449.png,0,0.004030744095643299
/root/New_CheckLiuliang_remote/datasets/toniot/test/normal/test_00015902_orig64450_64451_64452.png,0,0.00026683277800768
/root/New_CheckLiuliang_remote/datasets/toniot/test/normal/test_00015903_orig64453_64454_64455.png,0,0.00201570356480525
/root/New_CheckLiuliang_remote/datasets/toniot/test/normal/test_00015904_orig64456_64457_64458.png,0,0.011010814931199348
/root/New_CheckLiuliang_remote/datasets/toniot/test/normal/test_00015905_orig64459_64460_64461.png,0,0.007538708569452668
/root/New_CheckLiuliang_remote/datasets/toniot/test/normal/test_00015906_orig64462_64463_64464.png,0,0.008653085141995084
/root/New_CheckLiuliang_remote/datasets/toniot/test/normal/test_00015907_orig64465_64466_64467.png,0,0.001638559096310037
/root/New_CheckLiuliang_remote/datasets/toniot/test/normal/test_00015908_orig64468_64469_64470.png,0,0.0010831761113480633
/root/New_CheckLiuliang_remote/datasets/toniot/test/normal/test_00015909_orig64471_64472_64473.png,0,0.006390438357042731
/root/New_CheckLiuliang_remote/datasets/toniot/test/normal/test_00015910_orig64474_64475_64476.png,0,0.0029616793284507853
/root/New_CheckLiuliang_remote/datasets/toniot/test/normal/test_00015911_orig64477_64478_64479.png,0,0.006450832999977745
/root/New_CheckLiuliang_remote/datasets/toniot/test/normal/test_00015912_orig64480_64481_64482.png,0,0.004959071021714045
/root/New_CheckLiuliang_remote/datasets/toniot/test/normal/test_00015913_orig64483_64484_64485.png,0,0.014972378591960867
/root/New_CheckLiuliang_remote/datasets/toniot/test/normal/test_00015914_orig64486_64487_64488.png,0,0.02005561650858627
/root/New_CheckLiuliang_remote/datasets/toniot/test/normal/test_00015915_orig64489_64490_64491.png,0,0.00081617828419442
/root/New_CheckLiuliang_remote/datasets/toniot/test/normal/test_00015916_orig64492_64493_64494.png,0,0.007263042264754037
/root/New_CheckLiuliang_remote/datasets/toniot/test/normal/test_00015917_orig64495_64496_64497.png,0,0.010492246709958672
/root/New_CheckLiuliang_remote/datasets/toniot/test/normal/test_00015918_orig64498_64499_64500.png,0,0.003209563819082882
/root/New_CheckLiuliang_remote/datasets/toniot/test/normal/test_00015919_orig64501_64502_64503.png,0,0.0029724594925346196
/root/New_CheckLiuliang_remote/datasets/toniot/test/normal/test_00015920_orig64504_64505_64506.png,0,0.0022764594064866054
/root/New_CheckLiuliang_remote/datasets/toniot/test/normal/test_00015921_orig64507_64508_64509.png,0,0.004797255965047961
/root/New_CheckLiuliang_remote/datasets/toniot/test/normal/test_00015922_orig64510_64511_64512.png,0,0.006811879768105911
/root/New_CheckLiuliang_remote/datasets/toniot/test/normal/test_00015923_orig64513_64514_64515.png,0,0.002336232087717877
/root/New_CheckLiuliang_remote/datasets/toniot/test/normal/test_00015924_orig64516_64517_64518.png,0,0.25702209644716034
/root/New_CheckLiuliang_remote/datasets/toniot/test/normal/test_00015925_orig64519_64520_64521.png,0,0.003839179874721758
/root/New_CheckLiuliang_remote/datasets/toniot/test/normal/test_00015926_orig64522_64523_64524.png,0,0.011506011450132948
/root/New_CheckLiuliang_remote/datasets/toniot/test/normal/test_00015927_orig64525_64526_64527.png,0,0.5280116773294998
/root/New_CheckLiuliang_remote/datasets/toniot/test/normal/test_00015928_orig64528_64529_64530.png,0,0.20087988381791475
/root/New_CheckLiuliang_remote/datasets/toniot/test/normal/test_00015929_orig64531_64532_64533.png,0,0.023653897061102182
/root/New_CheckLiuliang_remote/datasets/toniot/test/normal/test_00015930_orig64534_64535_64536.png,0,0.4828343244304258
/root/New_CheckLiuliang_remote/datasets/toniot/test/normal/test_00015931_orig64537_64538_64539.png,0,0.011010814931199348
/root/New_CheckLiuliang_remote/datasets/toniot/test/normal/test_00015932_orig64540_64541_64542.png,0,0.3814876171020655
/root/New_CheckLiuliang_remote/datasets/toniot/test/normal/test_00015933_orig64543_64544_64545.png,0,0.003919120124864177
/root/New_CheckLiuliang_remote/datasets/toniot/test/normal/test_00015934_orig64546_64547_64548.png,0,0.3192699065896854
/root/New_CheckLiuliang_remote/datasets/toniot/test/normal/test_00015935_orig64549_64550_64551.png,0,0.3219197499057932
/root/New_CheckLiuliang_remote/datasets/toniot/test/normal/test_00015936_orig64552_64553_64554.png,0,0.4131353549676995
/root/New_CheckLiuliang_remote/datasets/toniot/test/normal/test_00015937_orig64555_64556_64557.png,0,0.006811879768105911
/root/New_CheckLiuliang_remote/datasets/toniot/test/normal/test_00015938_orig64558_64559_64560.png,0,0.004849415592536229
/root/New_CheckLiuliang_remote/datasets/toniot/test/normal/test_00015939_orig64561_64562_64563.png,0,0.0029280501617496494
/root/New_CheckLiuliang_remote/datasets/toniot/test/normal/test_00015940_orig64564_64565_64566.png,0,0.0038137017029415427
/root/New_CheckLiuliang_remote/datasets/toniot/test/normal/test_00015941_orig64567_64568_64569.png,0,0.0
/root/New_CheckLiuliang_remote/datasets/toniot/test/normal/test_00015942_orig64570_64571_64572.png,0,0.0013309737887256272
/root/New_CheckLiuliang_remote/datasets/toniot/test/normal/test_00015943_orig64573_64574_64575.png,0,0.008143396908845333
/root/New_CheckLiuliang_remote/datasets/toniot/test/normal/test_00015944_orig64576_64577_64578.png,0,0.0011987837741153054
/root/New_CheckLiuliang_remote/datasets/toniot/test/normal/test_00015945_orig64579_64580_64581.png,0,0.0
/root/New_CheckLiuliang_remote/datasets/toniot/test/normal/test_00015946_orig64582_64583_64584.png,0,0.0035113157423068905
/root/New_CheckLiuliang_remote/datasets/toniot/test/normal/test_00015947_orig64585_64586_64587.png,0,0.39692311665729546
/root/New_CheckLiuliang_remote/datasets/toniot/test/normal/test_00015948_orig64588_64589_64590.png,0,0.2645638484574155
/root/New_CheckLiuliang_remote/datasets/toniot/test/normal/test_00015949_orig64591_64592_64593.png,0,0.30775255257782097
/root/New_CheckLiuliang_remote/datasets/toniot/test/normal/test_00015950_orig64594_64595_64596.png,0,0.5908006461956657
/root/New_CheckLiuliang_remote/datasets/toniot/test/normal/test_00015951_orig64597_64598_64599.png,0,0.5644713946006479
/root/New_CheckLiuliang_remote/datasets/toniot/test/normal/test_00015952_orig64600_64601_64602.png,0,0.0029956704498092118
/root/New_CheckLiuliang_remote/datasets/toniot/test/normal/test_00015953_orig64603_64604_64605.png,0,0.0017612953990700678
/root/New_CheckLiuliang_remote/datasets/toniot/test/normal/test_00015954_orig64606_64607_64608.png,0,0.0045472090432806585
/root/New_CheckLiuliang_remote/datasets/toniot/test/normal/test_00015955_orig64609_64610_64611.png,0,0.020782182187340327
/root/New_CheckLiuliang_remote/datasets/toniot/test/normal/test_00015956_orig64612_64613_64614.png,0,0.0010831761113480633
/root/New_CheckLiuliang_remote/datasets/toniot/test/normal/test_00015957_orig64615_64616_64617.png,0,0.005209561151215105
/root/New_CheckLiuliang_remote/datasets/toniot/test/normal/test_00015958_orig64618_64619_64620.png,0,0.008095547298408771
/root/New_CheckLiuliang_remote/datasets/toniot/test/normal/test_00015959_orig64621_64622_64623.png,0,0.008143396908845333
/root/New_CheckLiuliang_remote/datasets/toniot/test/normal/test_00015960_orig64624_64625_64626.png,0,0.008143396908845333
/root/New_CheckLiuliang_remote/datasets/toniot/test/normal/test_00015961_orig64627_64628_64629.png,0,0.008056125200790652
/root/New_CheckLiuliang_remote/datasets/toniot/test/normal/test_00015962_orig64630_64631_64632.png,0,0.3041270022382822
/root/New_CheckLiuliang_remote/datasets/toniot/test/normal/test_00015963_orig64633_64634_64635.png,0,0.0034615150101607608
/root/New_CheckLiuliang_remote/datasets/toniot/test/normal/test_00015964_orig64636_64637_64638.png,0,0.000514477275131215
/root/New_CheckLiuliang_remote/datasets/toniot/test/normal/test_00015965_orig64639_64640_64641.png,0,0.005209561151215105
/root/New_CheckLiuliang_remote/datasets/toniot/test/normal/test_00015966_orig64642_64643_64644.png,0,0.009425996994122244
/root/New_CheckLiuliang_remote/datasets/toniot/test/normal/test_00015967_orig64645_64646_64647.png,0,0.005947787166173579
/root/New_CheckLiuliang_remote/datasets/toniot/test/normal/test_00015968_orig64648_64649_64650.png,0,0.004227308138614397
/root/New_CheckLiuliang_remote/datasets/toniot/test/normal/test_00015969_orig64651_64652_64653.png,0,0.004740168952899233
/root/New_CheckLiuliang_remote/datasets/toniot/test/normal/test_00015970_orig64654_64655_64656.png,0,0.007830334271028602
/root/New_CheckLiuliang_remote/datasets/toniot/test/normal/test_00015971_orig64657_64658_64659.png,0,0.0037622493162177257
/root/New_CheckLiuliang_remote/datasets/toniot/test/normal/test_00015972_orig64660_64661_64662.png,0,0.006811879768105911
/root/New_CheckLiuliang_remote/datasets/toniot/test/normal/test_00015973_orig64663_64664_64665.png,0,0.004131143764249267
/root/New_CheckLiuliang_remote/datasets/toniot/test/normal/test_00015974_orig64666_64667_64668.png,0,0.0022764594064866054
/root/New_CheckLiuliang_remote/datasets/toniot/test/normal/test_00015975_orig64669_64670_64671.png,0,0.008976454337366319
/root/New_CheckLiuliang_remote/datasets/toniot/test/normal/test_00015976_orig64672_64673_64674.png,0,0.006813514839141694
/root/New_CheckLiuliang_remote/datasets/toniot/test/normal/test_00015977_orig64675_64676_64677.png,0,0.0066346841676356415
/root/New_CheckLiuliang_remote/datasets/toniot/test/normal/test_00015978_orig64678_64679_64680.png,0,0.0035175865972148597
/root/New_CheckLiuliang_remote/datasets/toniot/test/normal/test_00015979_orig64681_64682_64683.png,0,0.00608855324207481
/root/New_CheckLiuliang_remote/datasets/toniot/test/normal/test_00015980_orig64684_64685_64686.png,0,0.0047609645164848995
/root/New_CheckLiuliang_remote/datasets/toniot/test/normal/test_00015981_orig64687_64688_64689.png,0,0.2652601941280352
/root/New_CheckLiuliang_remote/datasets/toniot/test/normal/test_00015982_orig64690_64691_64692.png,0,0.5314573135322515
/root/New_CheckLiuliang_remote/datasets/toniot/test/normal/test_00015983_orig64693_64694_64695.png,0,0.002566782552181185
/root/New_CheckLiuliang_remote/datasets/toniot/test/normal/test_00015984_orig64696_64697_64698.png,0,0.005947787166173579
/root/New_CheckLiuliang_remote/datasets/toniot/test/normal/test_00015985_orig64699_64700_64701.png,0,0.6520744141083579
/root/New_CheckLiuliang_remote/datasets/toniot/test/normal/test_00015986_orig64702_64703_64704.png,0,0.48628518151595357
/root/New_CheckLiuliang_remote/datasets/toniot/test/normal/test_00015987_orig64705_64706_64707.png,0,0.0026379994505539286
/root/New_CheckLiuliang_remote/datasets/toniot/test/normal/test_00015988_orig64708_64709_64710.png,0,0.3967511081991911
/root/New_CheckLiuliang_remote/datasets/toniot/test/normal/test_00015989_orig64711_64712_64713.png,0,0.0022389652749291496
/root/New_CheckLiuliang_remote/datasets/toniot/test/normal/test_00015990_orig64714_64715_64716.png,0,0.6557690124875843
/root/New_CheckLiuliang_remote/datasets/toniot/test/normal/test_00015991_orig64717_64718_64719.png,0,0.01182739958467898
/root/New_CheckLiuliang_remote/datasets/toniot/test/normal/test_00015992_orig64720_64721_64722.png,0,0.46862218918840115
/root/New_CheckLiuliang_remote/datasets/toniot/test/normal/test_00015993_orig64723_64724_64725.png,0,0.5017503176710709
/root/New_CheckLiuliang_remote/datasets/toniot/test/normal/test_00015994_orig64726_64727_64728.png,0,0.3367363964143563
/root/New_CheckLiuliang_remote/datasets/toniot/test/normal/test_00015995_orig64729_64730_64731.png,0,0.01815005431178078
/root/New_CheckLiuliang_remote/datasets/toniot/test/normal/test_00015996_orig64732_64733_64734.png,0,0.013110715193627116
/root/New_CheckLiuliang_remote/datasets/toniot/test/normal/test_00015997_orig64735_64736_64737.png,0,0.004906165945621816
/root/New_CheckLiuliang_remote/datasets/toniot/test/normal/test_00015998_orig64738_64739_64740.png,0,0.0013309737887256272
/root/New_CheckLiuliang_remote/datasets/toniot/test/normal/test_00015999_orig64741_64742_64743.png,0,0.0029574508024339235
/root/New_CheckLiuliang_remote/datasets/toniot/test/normal/test_00016000_orig64744_64745_64746.png,0,0.008778388247442885
/root/New_CheckLiuliang_remote/datasets/toniot/test/normal/test_00016001_orig64747_64748_64749.png,0,0.010089844023446294
/root/New_CheckLiuliang_remote/datasets/toniot/test/normal/test_00016002_orig64750_64751_64752.png,0,0.004047391229023868
/root/New_CheckLiuliang_remote/datasets/toniot/test/normal/test_00016003_orig64753_64754_64755.png,0,0.005080870090163138
/root/New_CheckLiuliang_remote/datasets/toniot/test/normal/test_00016004_orig64756_64757_64758.png,0,0.4919443760384641
/root/New_CheckLiuliang_remote/datasets/toniot/test/normal/test_00016005_orig64759_64760_64761.png,0,0.0038137017029415427
/root/New_CheckLiuliang_remote/datasets/toniot/test/normal/test_00016006_orig64762_64763_64764.png,0,0.000514477275131215
/root/New_CheckLiuliang_remote/datasets/toniot/test/normal/test_00016007_orig64765_64766_64767.png,0,0.01096003938153354
/root/New_CheckLiuliang_remote/datasets/toniot/test/normal/test_00016008_orig64768_64769_64770.png,0,0.008935415388295573
/root/New_CheckLiuliang_remote/datasets/toniot/test/normal/test_00016009_orig64771_64772_64773.png,0,0.0003072753613893255
/root/New_CheckLiuliang_remote/datasets/toniot/test/normal/test_00016010_orig64774_64775_64776.png,0,0.31246264977379046
/root/New_CheckLiuliang_remote/datasets/toniot/test/normal/test_00016011_orig64777_64778_64779.png,0,0.013110715193627116
/root/New_CheckLiuliang_remote/datasets/toniot/test/normal/test_00016012_orig64780_64781_64782.png,0,0.024112606649099366
/root/New_CheckLiuliang_remote/datasets/toniot/test/normal/test_00016013_orig64783_64784_64785.png,0,0.00374495186897001
/root/New_CheckLiuliang_remote/datasets/toniot/test/normal/test_00016014_orig64786_64787_64788.png,0,0.006745934737377355
/root/New_CheckLiuliang_remote/datasets/toniot/test/normal/test_00016015_orig64789_64790_64791.png,0,0.0
/root/New_CheckLiuliang_remote/datasets/toniot/test/normal/test_00016016_orig64792_64793_64794.png,0,0.00081617828419442
/root/New_CheckLiuliang_remote/datasets/toniot/test/normal/test_00016017_orig64795_64796_64797.png,0,0.008733714313179944
/root/New_CheckLiuliang_remote/datasets/toniot/test/normal/test_00016018_orig64798_64799_64800.png,0,0.010742353896573464
/root/New_CheckLiuliang_remote/datasets/toniot/test/normal/test_00016019_orig64801_64802_64803.png,0,0.007510637173825069
/root/New_CheckLiuliang_remote/datasets/toniot/test/normal/test_00016020_orig64804_64805_64806.png,0,0.007828966068445836
/root/New_CheckLiuliang_remote/datasets/toniot/test/normal/test_00016021_orig64807_64808_64809.png,0,0.007945455021234688
/root/New_CheckLiuliang_remote/datasets/toniot/test/normal/test_00016022_orig64810_64811_64812.png,0,0.000514477275131215
/root/New_CheckLiuliang_remote/datasets/toniot/test/normal/test_00016023_orig64813_64814_64815.png,0,0.0029280501617496494
/root/New_CheckLiuliang_remote/datasets/toniot/test/normal/test_00016024_orig64816_64817_64818.png,0,0.0075109402790019585
/root/New_CheckLiuliang_remote/datasets/toniot/test/normal/test_00016025_orig64819_64820_64821.png,0,0.004942081428097711
/root/New_CheckLiuliang_remote/datasets/toniot/test/normal/test_00016026_orig64822_64823_64824.png,0,0.00665199417751254
/root/New_CheckLiuliang_remote/datasets/toniot/test/normal/test_00016027_orig64825_64826_64827.png,0,0.008889035780013117
/root/New_CheckLiuliang_remote/datasets/toniot/test/normal/test_00016028_orig64828_64829_64830.png,0,0.004887689918398015
/root/New_CheckLiuliang_remote/datasets/toniot/test/normal/test_00016029_orig64831_64832_64833.png,0,0.004994821323096381
/root/New_CheckLiuliang_remote/datasets/toniot/test/normal/test_00016030_orig64834_64835_64836.png,0,0.005080870090163138
/root/New_CheckLiuliang_remote/datasets/toniot/test/normal/test_00016031_orig64837_64838_64839.png,0,0.009600711693442635
/root/New_CheckLiuliang_remote/datasets/toniot/test/normal/test_00016032_orig64840_64841_64842.png,0,0.0011987837741153054
/root/New_CheckLiuliang_remote/datasets/toniot/test/normal/test_00016033_orig64843_64844_64845.png,0,0.00978029110855349
/root/New_CheckLiuliang_remote/datasets/toniot/test/normal/test_00016034_orig64846_64847_64848.png,0,0.000514477275131215
/root/New_CheckLiuliang_remote/datasets/toniot/test/normal/test_00016035_orig64849_64850_64851.png,0,0.005618497025449832
/root/New_CheckLiuliang_remote/datasets/toniot/test/normal/test_00016036_orig64852_64853_64854.png,0,0.007858196324705235
/root/New_CheckLiuliang_remote/datasets/toniot/test/normal/test_00016037_orig64855_64856_64857.png,0,0.004772483352224867
/root/New_CheckLiuliang_remote/datasets/toniot/test/normal/test_00016038_orig64858_64859_64860.png,0,0.41540439637334203
/root/New_CheckLiuliang_remote/datasets/toniot/test/normal/test_00016039_orig64861_64862_64863.png,0,0.6483348296890697
/root/New_CheckLiuliang_remote/datasets/toniot/test/normal/test_00016040_orig64864_64865_64866.png,0,0.00639164743158749
/root/New_CheckLiuliang_remote/datasets/toniot/test/normal/test_00016041_orig64867_64868_64869.png,0,0.2103264042050957
/root/New_CheckLiuliang_remote/datasets/toniot/test/normal/test_00016042_orig64870_64871_64872.png,0,0.4770619270324512
/root/New_CheckLiuliang_remote/datasets/toniot/test/normal/test_00016043_orig64873_64874_64875.png,0,0.006811879768105911
/root/New_CheckLiuliang_remote/datasets/toniot/test/normal/test_00016044_orig64876_64877_64878.png,0,0.23092873489836405
/root/New_CheckLiuliang_remote/datasets/toniot/test/normal/test_00016045_orig64879_64880_64881.png,0,0.32075350044428647
/root/New_CheckLiuliang_remote/datasets/toniot/test/normal/test_00016046_orig64882_64883_64884.png,0,0.35143398027142103
/root/New_CheckLiuliang_remote/datasets/toniot/test/normal/test_00016047_orig64885_64886_64887.png,0,0.4230226075660911
/root/New_CheckLiuliang_remote/datasets/toniot/test/normal/test_00016048_orig64888_64889_64890.png,0,0.3633117239173624
/root/New_CheckLiuliang_remote/datasets/toniot/test/normal/test_00016049_orig64891_64892_64893.png,0,0.008653085141995084
/root/New_CheckLiuliang_remote/datasets/toniot/test/normal/test_00016050_orig64894_64895_64896.png,0,0.0015006411869411948
/root/New_CheckLiuliang_remote/datasets/toniot/test/normal/test_00016051_orig64897_64898_64899.png,0,0.007175828425990935
/root/New_CheckLiuliang_remote/datasets/toniot/test/normal/test_00016052_orig64900_64901_64902.png,0,0.007858196324705235
/root/New_CheckLiuliang_remote/datasets/toniot/test/normal/test_00016053_orig64903_64904_64905.png,0,0.006811879768105911
/root/New_CheckLiuliang_remote/datasets/toniot/test/normal/test_00016054_orig64906_64907_64908.png,0,0.010736435666308395
/root/New_CheckLiuliang_remote/datasets/toniot/test/normal/test_00016055_orig64909_64910_64911.png,0,0.017569565784455964
/root/New_CheckLiuliang_remote/datasets/toniot/test/normal/test_00016056_orig64912_64913_64914.png,0,0.004115980091888283
/root/New_CheckLiuliang_remote/datasets/toniot/test/normal/test_00016057_orig64915_64916_64917.png,0,0.0036104349037717888
/root/New_CheckLiuliang_remote/datasets/toniot/test/normal/test_00016058_orig64918_64919_64920.png,0,0.0029280501617496494
/root/New_CheckLiuliang_remote/datasets/toniot/test/normal/test_00016059_orig64921_64922_64923.png,0,0.008710996261644774
/root/New_CheckLiuliang_remote/datasets/toniot/test/normal/test_00016060_orig64924_64925_64926.png,0,0.20825699766605696
/root/New_CheckLiuliang_remote/datasets/toniot/test/normal/test_00016061_orig64927_64928_64929.png,0,0.007468054313694489
/root/New_CheckLiuliang_remote/datasets/toniot/test/normal/test_00016062_orig64930_64931_64932.png,0,0.009405281575931991
/root/New_CheckLiuliang_remote/datasets/toniot/test/normal/test_00016063_orig64933_64934_64935.png,0,0.004772483352224867
/root/New_CheckLiuliang_remote/datasets/toniot/test/normal/test_00016064_orig64936_64937_64938.png,0,0.007725563921264811
/root/New_CheckLiuliang_remote/datasets/toniot/test/normal/test_00016065_orig64939_64940_64941.png,0,0.008976454337366319
/root/New_CheckLiuliang_remote/datasets/toniot/test/normal/test_00016066_orig64942_64943_64944.png,0,0.009510227144730219
/root/New_CheckLiuliang_remote/datasets/toniot/test/normal/test_00016067_orig64945_64946_64947.png,0,0.011010814931199348
/root/New_CheckLiuliang_remote/datasets/toniot/test/normal/test_00016068_orig64948_64949_64950.png,0,0.0037252925089949077
/root/New_CheckLiuliang_remote/datasets/toniot/test/normal/test_00016069_orig64951_64952_64953.png,0,0.0035113157423068905
/root/New_CheckLiuliang_remote/datasets/toniot/test/normal/test_00016070_orig64954_64955_64956.png,0,0.0022764594064866054
/root/New_CheckLiuliang_remote/datasets/toniot/test/normal/test_00016071_orig64957_64958_64959.png,0,0.00040615447904575086
/root/New_CheckLiuliang_remote/datasets/toniot/test/normal/test_00016072_orig64960_64961_64962.png,0,0.000514477275131215
/root/New_CheckLiuliang_remote/datasets/toniot/test/normal/test_00016073_orig64963_64964_64965.png,0,0.015048810050599147
/root/New_CheckLiuliang_remote/datasets/toniot/test/normal/test_00016074_orig64966_64967_64968.png,0,0.008583793794735629
/root/New_CheckLiuliang_remote/datasets/toniot/test/normal/test_00016075_orig64969_64970_64971.png,0,0.012740391355461296
/root/New_CheckLiuliang_remote/datasets/toniot/test/normal/test_00016076_orig64972_64973_64974.png,0,0.008056125200790652
/root/New_CheckLiuliang_remote/datasets/toniot/test/normal/test_00016077_orig64975_64976_64977.png,0,0.0017612953990700678
/root/New_CheckLiuliang_remote/datasets/toniot/test/normal/test_00016078_orig64978_64979_64980.png,0,0.005209561151215105
/root/New_CheckLiuliang_remote/datasets/toniot/test/normal/test_00016079_orig64981_64982_64983.png,0,0.0029574508024339235
/root/New_CheckLiuliang_remote/datasets/toniot/test/normal/test_00016080_orig64984_64985_64986.png,0,0.0024462482566675286
/root/New_CheckLiuliang_remote/datasets/toniot/test/normal/test_00016081_orig64987_64988_64989.png,0,0.004329665947315365
/root/New_CheckLiuliang_remote/datasets/toniot/test/normal/test_00016082_orig64990_64991_64992.png,0,0.00081617828419442
/root/New_CheckLiuliang_remote/datasets/toniot/test/normal/test_00016083_orig64993_64994_64995.png,0,0.003209563819082882
/root/New_CheckLiuliang_remote/datasets/toniot/test/normal/test_00016084_orig64996_64997_64998.png,0,0.00798899355844732
/root/New_CheckLiuliang_remote/datasets/toniot/test/normal/test_00016085_orig64999_65000_65001.png,0,0.0
/root/New_CheckLiuliang_remote/datasets/toniot/test/normal/test_00016086_orig65002_65003_65004.png,0,0.006256447599167381
/root/New_CheckLiuliang_remote/datasets/toniot/test/normal/test_00016087_orig65005_65006_65007.png,0,0.01798134047004212
/root/New_CheckLiuliang_remote/datasets/toniot/test/normal/test_00016088_orig65008_65009_65010.png,0,0.004693253967810826
/root/New_CheckLiuliang_remote/datasets/toniot/test/normal/test_00016089_orig65011_65012_65013.png,0,0.0047609645164848995
/root/New_CheckLiuliang_remote/datasets/toniot/test/normal/test_00016090_orig65014_65015_65016.png,0,0.6722945811744516
/root/New_CheckLiuliang_remote/datasets/toniot/test/normal/test_00016091_orig65017_65018_65019.png,0,0.37017358565753833
/root/New_CheckLiuliang_remote/datasets/toniot/test/normal/test_00016092_orig65020_65021_65022.png,0,0.3793590430374515
/root/New_CheckLiuliang_remote/datasets/toniot/test/normal/test_00016093_orig65023_65024_65025.png,0,0.660330030710578
/root/New_CheckLiuliang_remote/datasets/toniot/test/normal/test_00016094_orig65026_65027_65028.png,0,0.4744420554127467
/root/New_CheckLiuliang_remote/datasets/toniot/test/normal/test_00016095_orig65029_65030_65031.png,0,0.47896790021970786
/root/New_CheckLiuliang_remote/datasets/toniot/test/normal/test_00016096_orig65032_65033_65034.png,0,0.013110715193627116
/root/New_CheckLiuliang_remote/datasets/toniot/test/normal/test_00016097_orig65035_65036_65037.png,0,0.012740391355461296
/root/New_CheckLiuliang_remote/datasets/toniot/test/normal/test_00016098_orig65038_65039_65040.png,0,0.00536975378358514
/root/New_CheckLiuliang_remote/datasets/toniot/test/normal/test_00016099_orig65041_65042_65043.png,0,0.6335819276832719
/root/New_CheckLiuliang_remote/datasets/toniot/test/normal/test_00016100_orig65044_65045_65046.png,0,0.4443974607819912
/root/New_CheckLiuliang_remote/datasets/toniot/test/normal/test_00016101_orig65047_65048_65049.png,0,0.21046511496671108
/root/New_CheckLiuliang_remote/datasets/toniot/test/normal/test_00016102_orig65050_65051_65052.png,0,0.43520234702668853
/root/New_CheckLiuliang_remote/datasets/toniot/test/normal/test_00016103_orig65053_65054_65055.png,0,0.013110715193627116
/root/New_CheckLiuliang_remote/datasets/toniot/test/normal/test_00016104_orig65056_65057_65058.png,0,0.4682061084609309
/root/New_CheckLiuliang_remote/datasets/toniot/test/normal/test_00016105_orig65059_65060_65061.png,0,0.3433001512146025
/root/New_CheckLiuliang_remote/datasets/toniot/test/normal/test_00016106_orig65062_65063_65064.png,0,0.27259357310359206
/root/New_CheckLiuliang_remote/datasets/toniot/test/normal/test_00016107_orig65065_65066_65067.png,0,0.026034565345212757
/root/New_CheckLiuliang_remote/datasets/toniot/test/normal/test_00016108_orig65068_65069_65070.png,0,0.013110715193627116
/root/New_CheckLiuliang_remote/datasets/toniot/test/normal/test_00016109_orig65071_65072_65073.png,0,0.007395964878806037
/root/New_CheckLiuliang_remote/datasets/toniot/test/normal/test_00016110_orig65074_65075_65076.png,0,0.00081617828419442
/root/New_CheckLiuliang_remote/datasets/toniot/test/normal/test_00016111_orig65077_65078_65079.png,0,0.003209563819082882
/root/New_CheckLiuliang_remote/datasets/toniot/test/normal/test_00016112_orig65080_65081_65082.png,0,0.00201570356480525
/root/New_CheckLiuliang_remote/datasets/toniot/test/normal/test_00016113_orig65083_65084_65085.png,0,0.00081617828419442
/root/New_CheckLiuliang_remote/datasets/toniot/test/normal/test_00016114_orig65086_65087_65088.png,0,0.02096552295300313
/root/New_CheckLiuliang_remote/datasets/toniot/test/normal/test_00016115_orig65089_65090_65091.png,0,0.01718733209801494
/root/New_CheckLiuliang_remote/datasets/toniot/test/normal/test_00016116_orig65092_65093_65094.png,0,0.002154948267260838
/root/New_CheckLiuliang_remote/datasets/toniot/test/normal/test_00016117_orig65095_65096_65097.png,0,0.0010831761113480633
/root/New_CheckLiuliang_remote/datasets/toniot/test/normal/test_00016118_orig65098_65099_65100.png,0,0.010742353896573464
/root/New_CheckLiuliang_remote/datasets/toniot/test/normal/test_00016119_orig65101_65102_65103.png,0,0.007828966068445836
/root/New_CheckLiuliang_remote/datasets/toniot/test/normal/test_00016120_orig65104_65105_65106.png,0,0.0029574508024339235
/root/New_CheckLiuliang_remote/datasets/toniot/test/normal/test_00016121_orig65107_65108_65109.png,0,0.006811879768105911
/root/New_CheckLiuliang_remote/datasets/toniot/test/normal/test_00016122_orig65110_65111_65112.png,0,0.00201570356480525
/root/New_CheckLiuliang_remote/datasets/toniot/test/normal/test_00016123_orig65113_65114_65115.png,0,0.0
/root/New_CheckLiuliang_remote/datasets/toniot/test/normal/test_00016124_orig65116_65117_65118.png,0,0.0
/root/New_CheckLiuliang_remote/datasets/toniot/test/normal/test_00016125_orig65119_65120_65121.png,0,0.003600099131546476
/root/New_CheckLiuliang_remote/datasets/toniot/test/normal/test_00016126_orig65122_65123_65124.png,0,0.00729674092025469
/root/New_CheckLiuliang_remote/datasets/toniot/test/normal/test_00016127_orig65125_65126_65127.png,0,0.0022764594064866054
/root/New_CheckLiuliang_remote/datasets/toniot/test/normal/test_00016128_orig65128_65129_65130.png,0,0.005277298100355733
/root/New_CheckLiuliang_remote/datasets/toniot/test/normal/test_00016129_orig65131_65132_65133.png,0,0.265379781861993
/root/New_CheckLiuliang_remote/datasets/toniot/test/normal/test_00016130_orig65134_65135_65136.png,0,0.24000141429388816
/root/New_CheckLiuliang_remote/datasets/toniot/test/normal/test_00016131_orig65137_65138_65139.png,0,0.008976454337366319
/root/New_CheckLiuliang_remote/datasets/toniot/test/normal/test_00016132_orig65140_65141_65142.png,0,0.008778388247442885
/root/New_CheckLiuliang_remote/datasets/toniot/test/normal/test_00016133_orig65143_65144_65145.png,0,0.0033234067972252547
/root/New_CheckLiuliang_remote/datasets/toniot/test/normal/test_00016134_orig65146_65147_65148.png,0,0.007154755446996302
/root/New_CheckLiuliang_remote/datasets/toniot/test/normal/test_00016135_orig65149_65150_65151.png,0,0.001638559096310037
/root/New_CheckLiuliang_remote/datasets/toniot/test/normal/test_00016136_orig65152_65153_65154.png,0,0.0015006411869411948
/root/New_CheckLiuliang_remote/datasets/toniot/test/normal/test_00016137_orig65155_65156_65157.png,0,0.0008218724437437405
/root/New_CheckLiuliang_remote/datasets/toniot/test/normal/test_00016138_orig65158_65159_65160.png,0,0.000514477275131215
/root/New_CheckLiuliang_remote/datasets/toniot/test/normal/test_00016139_orig65161_65162_65163.png,0,0.003443669088973662
/root/New_CheckLiuliang_remote/datasets/toniot/test/normal/test_00016140_orig65164_65165_65166.png,0,0.003443669088973662
/root/New_CheckLiuliang_remote/datasets/toniot/test/normal/test_00016141_orig65167_65168_65169.png,0,0.006745934737377355
/root/New_CheckLiuliang_remote/datasets/toniot/test/normal/test_00016142_orig65170_65171_65172.png,0,0.0
/root/New_CheckLiuliang_remote/datasets/toniot/test/normal/test_00016143_orig65173_65174_65175.png,0,0.007717021764252264
/root/New_CheckLiuliang_remote/datasets/toniot/test/normal/test_00016144_orig65176_65177_65178.png,0,0.013789072501761567
/root/New_CheckLiuliang_remote/datasets/toniot/test/normal/test_00016145_orig65179_65180_65181.png,0,0.005209561151215105
