path,label,score,rec_score,disc_score
/root/New_CheckLiuliang_remote/datasets/toniot/test/abnormal/test_00000000_orig0_1_2.png,1,0.7457688038798697,0.6270586947649927,0.9321645765384354
/root/New_CheckLiuliang_remote/datasets/toniot/test/abnormal/test_00000002_orig6_7_8.png,1,0.563624802598994,0.3975698760333033,0.9454674830209432
/root/New_CheckLiuliang_remote/datasets/toniot/test/abnormal/test_00000004_orig12_13_14.png,1,0.5612454504526476,0.39511345018721,0.9443780090054756
/root/New_CheckLiuliang_remote/datasets/toniot/test/abnormal/test_00000005_orig15_16_17.png,1,0.5645062693589364,0.3986090548037837,0.9455697242756743
/root/New_CheckLiuliang_remote/datasets/toniot/test/abnormal/test_00000007_orig21_22_23.png,1,0.5645144998834121,0.39860090970564804,0.9456123247984789
/root/New_CheckLiuliang_remote/datasets/toniot/test/abnormal/test_00000009_orig27_28_29.png,1,0.5645062693589364,0.3986090548037837,0.9455697242756743
/root/New_CheckLiuliang_remote/datasets/toniot/test/abnormal/test_00000011_orig33_34_35.png,1,0.5611932042950802,0.3942103624314136,0.9463354343178269
/root/New_CheckLiuliang_remote/datasets/toniot/test/abnormal/test_00000013_orig39_40_41.png,1,0.5669777733578555,0.4013763518953898,0.9461980132765216
/root/New_CheckLiuliang_remote/datasets/toniot/test/abnormal/test_00000015_orig45_46_47.png,1,0.5624654669953317,0.3959659704587472,0.9458863423548415
/root/New_CheckLiuliang_remote/datasets/toniot/test/abnormal/test_00000016_orig48_49_50.png,1,0.5645867548662259,0.3986647129743777,0.9456705913199923
/root/New_CheckLiuliang_remote/datasets/toniot/test/abnormal/test_00000018_orig54_55_56.png,1,0.5674477306267567,0.4020021669354832,0.9460850531805688
/root/New_CheckLiuliang_remote/datasets/toniot/test/abnormal/test_00000020_orig60_61_62.png,1,0.5398867898950486,0.37016806900934396,0.9413528222021832
/root/New_CheckLiuliang_remote/datasets/toniot/test/abnormal/test_00000022_orig66_67_68.png,1,0.5654574790665703,0.400041234559312,0.9449549025368749
/root/New_CheckLiuliang_remote/datasets/toniot/test/abnormal/test_00000024_orig72_73_74.png,1,0.5670982923985811,0.4018989956924309,0.9453240154538206
/root/New_CheckLiuliang_remote/datasets/toniot/test/abnormal/test_00000026_orig78_79_80.png,1,0.5645808489096232,0.398740733890311,0.9454762779675868
/root/New_CheckLiuliang_remote/datasets/toniot/test/abnormal/test_00000027_orig81_82_83.png,1,0.5640768692061036,0.39806027881689054,0.9456191958505442
/root/New_CheckLiuliang_remote/datasets/toniot/test/abnormal/test_00000029_orig87_88_89.png,1,0.5572240666356398,0.3893182128636553,0.9463717134727314
/root/New_CheckLiuliang_remote/datasets/toniot/test/abnormal/test_00000031_orig93_94_95.png,1,0.829401076855183,0.8216970142276199,0.717765764735727
/root/New_CheckLiuliang_remote/datasets/toniot/test/abnormal/test_00000033_orig99_100_101.png,1,0.7093178274126495,0.6394154873950364,0.7988342847908163
/root/New_CheckLiuliang_remote/datasets/toniot/test/abnormal/test_00000035_orig105_106_107.png,1,0.7093783634125869,0.6394799694219441,0.7988573715257556
/root/New_CheckLiuliang_remote/datasets/toniot/test/abnormal/test_00000036_orig108_109_110.png,1,0.710148778194302,0.6398943512895982,0.8000991080549893
/root/New_CheckLiuliang_remote/datasets/toniot/test/abnormal/test_00000038_orig114_115_116.png,1,0.7283856472929433,0.6282159774584409,0.8796301614999562
/root/New_CheckLiuliang_remote/datasets/toniot/test/abnormal/test_00000040_orig120_121_122.png,1,0.557297537918624,0.3907802579790145,0.9431709025786509
/root/New_CheckLiuliang_remote/datasets/toniot/test/abnormal/test_00000042_orig126_127_128.png,1,0.564055375970978,0.3981179732620185,0.9454229586035604
/root/New_CheckLiuliang_remote/datasets/toniot/test/abnormal/test_00000044_orig132_133_134.png,1,0.5636232875809081,0.3974921582219251,0.9456444813221443
/root/New_CheckLiuliang_remote/datasets/toniot/test/abnormal/test_00000046_orig138_139_140.png,1,0.5645144998834121,0.39860090970564804,0.9456123247984789
/root/New_CheckLiuliang_remote/datasets/toniot/test/abnormal/test_00000047_orig141_142_143.png,1,0.5640659813895074,0.3981790614980363,0.9453108230338553
/root/New_CheckLiuliang_remote/datasets/toniot/test/abnormal/test_00000049_orig147_148_149.png,1,0.5704907873136316,0.40591045652426605,0.9456895554236925
/root/New_CheckLiuliang_remote/datasets/toniot/test/abnormal/test_00000051_orig153_154_155.png,1,0.5650527777963036,0.39930206690349673,0.9455194281745566
/root/New_CheckLiuliang_remote/datasets/toniot/test/abnormal/test_00000053_orig159_160_161.png,1,0.5584371126758815,0.3915815320081146,0.9445681997266421
/root/New_CheckLiuliang_remote/datasets/toniot/test/abnormal/test_00000055_orig165_166_167.png,1,0.563624802598994,0.3975698760333033,0.9454674830209432
/root/New_CheckLiuliang_remote/datasets/toniot/test/abnormal/test_00000057_orig171_172_173.png,1,0.565017203226054,0.39916224271883377,0.9457436993139666
/root/New_CheckLiuliang_remote/datasets/toniot/test/abnormal/test_00000058_orig174_175_176.png,1,0.528215730059063,0.4544165521969281,0.7113143965306135
/root/New_CheckLiuliang_remote/datasets/toniot/test/abnormal/test_00000060_orig180_181_182.png,1,0.7170395927760995,0.6562704104705237,0.7816429125235368
/root/New_CheckLiuliang_remote/datasets/toniot/test/abnormal/test_00000062_orig186_187_188.png,1,0.7089255428335338,0.6388948798725292,0.7989244329939125
/root/New_CheckLiuliang_remote/datasets/toniot/test/abnormal/test_00000064_orig192_193_194.png,1,0.7085596925489284,0.6385636458816771,0.7986484915429717
/root/New_CheckLiuliang_remote/datasets/toniot/test/abnormal/test_00000066_orig198_199_200.png,1,0.6918114169657411,0.6169482523249589,0.8010703999749345
/root/New_CheckLiuliang_remote/datasets/toniot/test/abnormal/test_00000068_orig204_205_206.png,1,0.6365507540462587,0.6014287859646384,0.6788610434159793
/root/New_CheckLiuliang_remote/datasets/toniot/test/abnormal/test_00000069_orig207_208_209.png,1,0.883229657675242,0.8847967501058438,0.7248489948887618
/root/New_CheckLiuliang_remote/datasets/toniot/test/abnormal/test_00000071_orig213_214_215.png,1,0.7089579477371775,0.6391606136992066,0.7983972858794658
/root/New_CheckLiuliang_remote/datasets/toniot/test/abnormal/test_00000073_orig219_220_221.png,1,0.7088732790224587,0.6388867347743935,0.7987936081625899
/root/New_CheckLiuliang_remote/datasets/toniot/test/abnormal/test_00000075_orig225_226_227.png,1,0.7124594497173474,0.6436292181639082,0.7980086591746547
/root/New_CheckLiuliang_remote/datasets/toniot/test/abnormal/test_00000077_orig231_232_233.png,1,0.5671248709083587,0.4015782824533375,0.9461485417016517
/root/New_CheckLiuliang_remote/datasets/toniot/test/abnormal/test_00000078_orig234_235_236.png,1,0.5444044422568107,0.3754362506077007,0.9420116186742002
/root/New_CheckLiuliang_remote/datasets/toniot/test/abnormal/test_00000080_orig240_241_242.png,1,0.783449012601709,0.733234121512986,0.7924436566859596
/root/New_CheckLiuliang_remote/datasets/toniot/test/abnormal/test_00000082_orig246_247_248.png,1,0.7096288123688513,0.6399761416500441,0.798417624193579
/root/New_CheckLiuliang_remote/datasets/toniot/test/abnormal/test_00000084_orig252_253_254.png,1,0.7079608903971008,0.6384034589516749,0.7973056131273374
/root/New_CheckLiuliang_remote/datasets/toniot/test/abnormal/test_00000086_orig258_259_260.png,1,0.7368490506571805,0.6669574579827476,0.8134962853718325
/root/New_CheckLiuliang_remote/datasets/toniot/test/abnormal/test_00000088_orig264_265_266.png,1,0.5665959694010576,0.400954843066867,0.946086977075147
/root/New_CheckLiuliang_remote/datasets/toniot/test/abnormal/test_00000089_orig267_268_269.png,1,0.5645144998834121,0.39860090970564804,0.9456123247984789
/root/New_CheckLiuliang_remote/datasets/toniot/test/abnormal/test_00000091_orig273_274_275.png,1,0.563624802598994,0.3975698760333033,0.9454674830209432
/root/New_CheckLiuliang_remote/datasets/toniot/test/abnormal/test_00000093_orig279_280_281.png,1,0.563624802598994,0.3975698760333033,0.9454674830209432
/root/New_CheckLiuliang_remote/datasets/toniot/test/abnormal/test_00000095_orig285_286_287.png,1,0.564055375970978,0.3981179732620185,0.9454229586035604
/root/New_CheckLiuliang_remote/datasets/toniot/test/abnormal/test_00000097_orig291_292_293.png,1,0.5673583357789043,0.4018005757566245,0.9462991551629223
/root/New_CheckLiuliang_remote/datasets/toniot/test/abnormal/test_00000099_orig297_298_299.png,1,0.5127855553333207,0.3664121606315166,0.8724227027255814
/root/New_CheckLiuliang_remote/datasets/toniot/test/abnormal/test_00000100_orig300_301_302.png,1,0.563615859081136,0.39756783975876936,0.9454465950226648
/root/New_CheckLiuliang_remote/datasets/toniot/test/abnormal/test_00000102_orig306_307_308.png,1,0.7587007115779744,0.701114605773008,0.7964406850933625
/root/New_CheckLiuliang_remote/datasets/toniot/test/abnormal/test_00000104_orig312_313_314.png,1,0.7349955373573147,0.6568602513271844,0.8317427763942533
/root/New_CheckLiuliang_remote/datasets/toniot/test/abnormal/test_00000106_orig318_319_320.png,1,0.7105010063917988,0.6405201663296916,0.7996486418815909
/root/New_CheckLiuliang_remote/datasets/toniot/test/abnormal/test_00000108_orig324_325_326.png,1,0.7327737490954312,0.654268073845496,0.8314217608417643
/root/New_CheckLiuliang_remote/datasets/toniot/test/abnormal/test_00000109_orig327_328_329.png,1,0.7057449250761072,0.607559329828113,0.862922511298071
/root/New_CheckLiuliang_remote/datasets/toniot/test/abnormal/test_00000111_orig333_334_335.png,1,0.5615421170611002,0.3951378854816171,0.9451714780979719
/root/New_CheckLiuliang_remote/datasets/toniot/test/abnormal/test_00000113_orig339_340_341.png,1,0.5628258610457776,0.39657413778621325,0.9455004640708565
/root/New_CheckLiuliang_remote/datasets/toniot/test/abnormal/test_00000115_orig345_346_347.png,1,0.5422873636047135,0.37428371922149833,0.9386316107422578
/root/New_CheckLiuliang_remote/datasets/toniot/test/abnormal/test_00000117_orig351_352_353.png,1,0.5643643285368823,0.39852488878971476,0.9453591952403948
/root/New_CheckLiuliang_remote/datasets/toniot/test/abnormal/test_00000119_orig357_358_359.png,1,0.5386521142334317,0.3661090951050506,0.9472841891869979
/root/New_CheckLiuliang_remote/datasets/toniot/test/abnormal/test_00000120_orig360_361_362.png,1,0.5635445589241034,0.3975698760333033,0.9452374401977983
/root/New_CheckLiuliang_remote/datasets/toniot/test/abnormal/test_00000122_orig366_367_368.png,1,0.7262896836080681,0.6785645622052174,0.7561414150464497
/root/New_CheckLiuliang_remote/datasets/toniot/test/abnormal/test_00000124_orig372_373_374.png,1,0.7478495611958753,0.6405754851211966,0.9065905207515392
/root/New_CheckLiuliang_remote/datasets/toniot/test/abnormal/test_00000126_orig378_379_380.png,1,0.698102541717747,0.6487385703486187,0.7449284077601113
/root/New_CheckLiuliang_remote/datasets/toniot/test/abnormal/test_00000128_orig384_385_386.png,1,0.7606900304987488,0.6988512866285488,0.8074247489248865
/root/New_CheckLiuliang_remote/datasets/toniot/test/abnormal/test_00000130_orig390_391_392.png,1,0.5695101075157799,0.40463371239149415,0.9458572090940848
/root/New_CheckLiuliang_remote/datasets/toniot/test/abnormal/test_00000131_orig393_394_395.png,1,0.6562707615448142,0.5757248925228847,0.795370175181595
/root/New_CheckLiuliang_remote/datasets/toniot/test/abnormal/test_00000133_orig399_400_401.png,1,0.933906991396483,0.9037951915073776,0.825801240252382
/root/New_CheckLiuliang_remote/datasets/toniot/test/abnormal/test_00000135_orig405_406_407.png,1,0.7101951972963526,0.6040800154078106,0.8837989662089905
/root/New_CheckLiuliang_remote/datasets/toniot/test/abnormal/test_00000137_orig411_412_413.png,1,0.5644849535196239,0.398658604150776,0.9453930008165559
/root/New_CheckLiuliang_remote/datasets/toniot/test/abnormal/test_00000139_orig417_418_419.png,1,0.5410970346818388,0.3728549332568599,0.9385530059066312
/root/New_CheckLiuliang_remote/datasets/toniot/test/abnormal/test_00000140_orig420_421_422.png,1,0.7627840897984469,0.7029645611870802,0.8038303641685078
/root/New_CheckLiuliang_remote/datasets/toniot/test/abnormal/test_00000142_orig426_427_428.png,1,0.5643643285368823,0.39852488878971476,0.9453591952403948
/root/New_CheckLiuliang_remote/datasets/toniot/test/abnormal/test_00000144_orig432_433_434.png,1,0.5631855343808088,0.3970180456346092,0.9454957917554521
/root/New_CheckLiuliang_remote/datasets/toniot/test/abnormal/test_00000146_orig438_439_440.png,1,0.5641362383562671,0.39817668584441335,0.9455177791220609
/root/New_CheckLiuliang_remote/datasets/toniot/test/abnormal/test_00000148_orig444_445_446.png,1,0.5643643285368823,0.39852488878971476,0.9453591952403948
/root/New_CheckLiuliang_remote/datasets/toniot/test/abnormal/test_00000150_orig450_451_452.png,1,0.5631855343808088,0.3970180456346092,0.9454957917554521
/root/New_CheckLiuliang_remote/datasets/toniot/test/abnormal/test_00000151_orig453_454_455.png,1,0.5644238022384149,0.398435292710222,0.9457387521564797
/root/New_CheckLiuliang_remote/datasets/toniot/test/abnormal/test_00000153_orig459_460_461.png,1,0.5625732555508378,0.3962279711154457,0.94558401606397
/root/New_CheckLiuliang_remote/datasets/toniot/test/abnormal/test_00000155_orig465_466_467.png,1,0.5630982263453911,0.3969942890983801,0.9453009287188814
/root/New_CheckLiuliang_remote/datasets/toniot/test/abnormal/test_00000157_orig471_472_473.png,1,0.56309736876184,0.3968884028226159,0.9455455381724046
/root/New_CheckLiuliang_remote/datasets/toniot/test/abnormal/test_00000159_orig477_478_479.png,1,0.5640143604706727,0.3979031462986892,0.9458066381508845
/root/New_CheckLiuliang_remote/datasets/toniot/test/abnormal/test_00000161_orig483_484_485.png,1,0.5618472013503539,0.39538291718386626,0.9454743540730085
/root/New_CheckLiuliang_remote/datasets/toniot/test/abnormal/test_00000162_orig486_487_488.png,1,0.5226435006894444,0.3494452424566634,0.940272967659607
/root/New_CheckLiuliang_remote/datasets/toniot/test/abnormal/test_00000164_orig492_493_494.png,1,0.5636308160472162,0.397439215084043,0.9457895979417626
/root/New_CheckLiuliang_remote/datasets/toniot/test/abnormal/test_00000166_orig498_499_500.png,1,0.5616275778430614,0.3950109577023357,0.9457126421586317
/root/New_CheckLiuliang_remote/datasets/toniot/test/abnormal/test_00000168_orig504_505_506.png,1,0.5534426991743366,0.38583889844335295,0.9436496774865581
/root/New_CheckLiuliang_remote/datasets/toniot/test/abnormal/test_00000170_orig510_511_512.png,1,0.5572009022541933,0.3903458527451102,0.9439074793600467
/root/New_CheckLiuliang_remote/datasets/toniot/test/abnormal/test_00000172_orig516_517_518.png,1,0.5084161198860728,0.3330769889947846,0.9376784583997649
/root/New_CheckLiuliang_remote/datasets/toniot/test/abnormal/test_00000173_orig519_520_521.png,1,0.5397051631050184,0.3708553116645441,0.9392285677456875
/root/New_CheckLiuliang_remote/datasets/toniot/test/abnormal/test_00000175_orig525_526_527.png,1,0.5622925075925006,0.3959405170270731,0.9454498931276561
/root/New_CheckLiuliang_remote/datasets/toniot/test/abnormal/test_00000177_orig531_532_533.png,1,0.562277526050681,0.3959327113080264,0.9454251573402213
/root/New_CheckLiuliang_remote/datasets/toniot/test/abnormal/test_00000179_orig537_538_539.png,1,0.526574517426257,0.35401056996172653,0.9408899881350673
/root/New_CheckLiuliang_remote/datasets/toniot/test/abnormal/test_00000181_orig543_544_545.png,1,0.5412210052533789,0.37194879108926265,0.9410227368609682
/root/New_CheckLiuliang_remote/datasets/toniot/test/abnormal/test_00000182_orig546_547_548.png,1,0.5361933339374619,0.3632311604304345,0.9469505308987088
/root/New_CheckLiuliang_remote/datasets/toniot/test/abnormal/test_00000184_orig552_553_554.png,1,0.5617317458348164,0.39546945885155815,0.944941435274827
/root/New_CheckLiuliang_remote/datasets/toniot/test/abnormal/test_00000186_orig558_559_560.png,1,0.565332007288432,0.39975479860820634,0.9452635501956463
/root/New_CheckLiuliang_remote/datasets/toniot/test/abnormal/test_00000188_orig564_565_566.png,1,0.537494299955229,0.36852615297682123,0.9383251618201471
/root/New_CheckLiuliang_remote/datasets/toniot/test/abnormal/test_00000190_orig570_571_572.png,1,0.5227284776736366,0.3502071485114409,0.9387387991544758
/root/New_CheckLiuliang_remote/datasets/toniot/test/abnormal/test_00000192_orig576_577_578.png,1,0.5198925323572231,0.3449691716520041,0.9428306480803792
/root/New_CheckLiuliang_remote/datasets/toniot/test/abnormal/test_00000193_orig579_580_581.png,1,0.5614020210981169,0.39437292501503873,0.9465547582997499
/root/New_CheckLiuliang_remote/datasets/toniot/test/abnormal/test_00000195_orig585_586_587.png,1,0.5625863294605792,0.39632978484214204,0.9453839310278297
/root/New_CheckLiuliang_remote/datasets/toniot/test/abnormal/test_00000197_orig591_592_593.png,1,0.5325309099802163,0.3597813719908741,0.94450058857432
/root/New_CheckLiuliang_remote/datasets/toniot/test/abnormal/test_00000199_orig597_598_599.png,1,0.5260825047104412,0.35320488400446964,0.9413594184121659
/root/New_CheckLiuliang_remote/datasets/toniot/test/abnormal/test_00000201_orig603_604_605.png,1,0.5386253810810449,0.36658015328056553,0.9461084147575907
/root/New_CheckLiuliang_remote/datasets/toniot/test/abnormal/test_00000203_orig609_610_611.png,1,0.5632869943603653,0.39712291377310643,0.9455419652253306
/root/New_CheckLiuliang_remote/datasets/toniot/test/abnormal/test_00000204_orig612_613_614.png,1,0.5651348015257672,0.3996119200117425,0.9450315834779232
/root/New_CheckLiuliang_remote/datasets/toniot/test/abnormal/test_00000206_orig618_619_620.png,1,0.5266998652269805,0.35331484282930165,0.9428726989190186
/root/New_CheckLiuliang_remote/datasets/toniot/test/abnormal/test_00000208_orig624_625_626.png,1,0.5185590049846469,0.34288504466653036,0.943870650520977
/root/New_CheckLiuliang_remote/datasets/toniot/test/abnormal/test_00000210_orig630_631_632.png,1,0.5574347132355743,0.3907578589591413,0.9436164215945623
/root/New_CheckLiuliang_remote/datasets/toniot/test/abnormal/test_00000212_orig636_637_638.png,1,0.5189857819796465,0.3471496822987503,0.9351433150297668
/root/New_CheckLiuliang_remote/datasets/toniot/test/abnormal/test_00000213_orig639_640_641.png,1,0.49507279169996293,0.31711361478606814,0.9366736357457414
/root/New_CheckLiuliang_remote/datasets/toniot/test/abnormal/test_00000215_orig645_646_647.png,1,0.5610271427161945,0.394753708352883,0.944591561303664
/root/New_CheckLiuliang_remote/datasets/toniot/test/abnormal/test_00000217_orig651_652_653.png,1,0.6173280294914629,0.5468437320500279,0.7511184011446623
/root/New_CheckLiuliang_remote/datasets/toniot/test/abnormal/test_00000219_orig657_658_659.png,1,0.7337417183989692,0.655649346737676,0.8309737682471094
/root/New_CheckLiuliang_remote/datasets/toniot/test/abnormal/test_00000221_orig663_664_665.png,1,0.7123029846130067,0.6418576593193922,0.8016937418182948
/root/New_CheckLiuliang_remote/datasets/toniot/test/abnormal/test_00000223_orig669_670_671.png,1,0.7097329595059221,0.6397151591306126,0.7993251527503584
/root/New_CheckLiuliang_remote/datasets/toniot/test/abnormal/test_00000224_orig672_673_674.png,1,0.7097982398453553,0.6397925375629018,0.7993317489603411
/root/New_CheckLiuliang_remote/datasets/toniot/test/abnormal/test_00000226_orig678_679_680.png,1,0.5266184641639107,0.35242634837433173,0.9447124918200125
/root/New_CheckLiuliang_remote/datasets/toniot/test/abnormal/test_00000228_orig684_685_686.png,1,0.5465098225457754,0.3773632450749731,0.943551009178901
/root/New_CheckLiuliang_remote/datasets/toniot/test/abnormal/test_00000230_orig690_691_692.png,1,0.5607561695369749,0.3938720014796928,0.9458720505665458
/root/New_CheckLiuliang_remote/datasets/toniot/test/abnormal/test_00000232_orig696_697_698.png,1,0.8077652795788102,0.7088208867466527,0.9191178228769205
/root/New_CheckLiuliang_remote/datasets/toniot/test/abnormal/test_00000234_orig702_703_704.png,1,0.521275493354801,0.3458627567933088,0.9447102930833516
/root/New_CheckLiuliang_remote/datasets/toniot/test/abnormal/test_00000235_orig705_706_707.png,1,0.5353956655699326,0.36225748182412865,0.946935689426248
/root/New_CheckLiuliang_remote/datasets/toniot/test/abnormal/test_00000237_orig711_712_713.png,1,0.5294201138552972,0.3570463159127219,0.9419643458359913
/root/New_CheckLiuliang_remote/datasets/toniot/test/abnormal/test_00000239_orig717_718_719.png,1,0.5216213107272973,0.3466453649725145,0.9438755976784639
/root/New_CheckLiuliang_remote/datasets/toniot/test/abnormal/test_00000241_orig723_724_725.png,1,0.5376598354931192,0.3663096681466423,0.943971517565295
/root/New_CheckLiuliang_remote/datasets/toniot/test/abnormal/test_00000243_orig729_730_731.png,1,0.5579738925298632,0.3909977999750556,0.9446022801448858
/root/New_CheckLiuliang_remote/datasets/toniot/test/abnormal/test_00000244_orig732_733_734.png,1,0.5105462906612632,0.33607676076234727,0.9367857713154464
/root/New_CheckLiuliang_remote/datasets/toniot/test/abnormal/test_00000246_orig738_739_740.png,1,0.49641042077373093,0.31928122902743283,0.9354505884781252
/root/New_CheckLiuliang_remote/datasets/toniot/test/abnormal/test_00000248_orig744_745_746.png,1,0.5627962552811215,0.3963735647446215,0.9458835939340153
/root/New_CheckLiuliang_remote/datasets/toniot/test/abnormal/test_00000250_orig750_751_752.png,1,0.5217040367828449,0.35012332187646095,0.9359975242225198
/root/New_CheckLiuliang_remote/datasets/toniot/test/abnormal/test_00000252_orig756_757_758.png,1,0.5323537995227501,0.36263147758019315,0.9373426013748151
/root/New_CheckLiuliang_remote/datasets/toniot/test/abnormal/test_00000254_orig762_763_764.png,1,0.530465665528622,0.3596042161064225,0.938993302922973
/root/New_CheckLiuliang_remote/datasets/toniot/test/abnormal/test_00000255_orig765_766_767.png,1,0.547787095504784,0.3795753179769952,0.9420511959340961
/root/New_CheckLiuliang_remote/datasets/toniot/test/abnormal/test_00000257_orig771_772_773.png,1,0.5118660428467351,0.3372798596328088,0.9377620103928785
/root/New_CheckLiuliang_remote/datasets/toniot/test/abnormal/test_00000259_orig777_778_779.png,1,0.544758077079004,0.3761258689165238,0.9414163107232661
/root/New_CheckLiuliang_remote/datasets/toniot/test/abnormal/test_00000261_orig783_784_785.png,1,0.5526994636033844,0.3853087883063541,0.9427558910339092
/root/New_CheckLiuliang_remote/datasets/toniot/test/abnormal/test_00000263_orig789_790_791.png,1,0.49684157871681023,0.31974617837934605,0.9356017516235609
/root/New_CheckLiuliang_remote/datasets/toniot/test/abnormal/test_00000265_orig795_796_797.png,1,0.5031131312994752,0.32582174283040466,0.9394047415206408
/root/New_CheckLiuliang_remote/datasets/toniot/test/abnormal/test_00000266_orig798_799_800.png,1,0.5428490887669994,0.37366876431225254,0.9416768610175809
/root/New_CheckLiuliang_remote/datasets/toniot/test/abnormal/test_00000268_orig804_805_806.png,1,0.5220123914100614,0.35010228037294366,0.9369306130929821
/root/New_CheckLiuliang_remote/datasets/toniot/test/abnormal/test_00000270_orig810_811_812.png,1,0.5392643096396502,0.36748459855271787,0.9458297248858237
/root/New_CheckLiuliang_remote/datasets/toniot/test/abnormal/test_00000272_orig816_817_818.png,1,0.4966861317451163,0.3197502509284139,0.9351466131347581
/root/New_CheckLiuliang_remote/datasets/toniot/test/abnormal/test_00000274_orig822_823_824.png,1,0.5564413970195424,0.38908336253407577,0.9446759378230253
/root/New_CheckLiuliang_remote/datasets/toniot/test/abnormal/test_00000276_orig828_829_830.png,1,0.5117505370430085,0.33707928659121705,0.9378988817500185
/root/New_CheckLiuliang_remote/datasets/toniot/test/abnormal/test_00000277_orig831_832_833.png,1,0.5472810382604654,0.37920539476999854,0.9414635835614752
/root/New_CheckLiuliang_remote/datasets/toniot/test/abnormal/test_00000279_orig837_838_839.png,1,0.5344404713182596,0.36163845436581504,0.9456417329013183
/root/New_CheckLiuliang_remote/datasets/toniot/test/abnormal/test_00000281_orig843_844_845.png,1,0.5451804035616821,0.37644827905106215,0.9418747473170603
/root/New_CheckLiuliang_remote/datasets/toniot/test/abnormal/test_00000283_orig849_850_851.png,1,0.5322805874837421,0.3587242061286773,0.9462496835880524
/root/New_CheckLiuliang_remote/datasets/toniot/test/abnormal/test_00000285_orig855_856_857.png,1,0.5592672786994308,0.39229524623225576,0.945282789141429
/root/New_CheckLiuliang_remote/datasets/toniot/test/abnormal/test_00000286_orig858_859_860.png,1,0.5404447401119002,0.37136302278166977,0.9401641301948933
/root/New_CheckLiuliang_remote/datasets/toniot/test/abnormal/test_00000288_orig864_865_866.png,1,0.5347277008765585,0.3638301645224979,0.9413511731496875
/root/New_CheckLiuliang_remote/datasets/toniot/test/abnormal/test_00000290_orig870_871_872.png,1,0.5271855559261829,0.352585856546156,0.9459660465587985
/root/New_CheckLiuliang_remote/datasets/toniot/test/abnormal/test_00000292_orig876_877_878.png,1,0.5298684759980321,0.356767006922485,0.9439014328342292
/root/New_CheckLiuliang_remote/datasets/toniot/test/abnormal/test_00000294_orig882_883_884.png,1,0.5299123822979727,0.3578815278507207,0.9414267547224053
/root/New_CheckLiuliang_remote/datasets/toniot/test/abnormal/test_00000296_orig888_889_890.png,1,0.5170504960063277,0.34449913161375606,0.9357798492930924
/root/New_CheckLiuliang_remote/datasets/toniot/test/abnormal/test_00000297_orig891_892_893.png,1,0.4894904124382874,0.3107906429791375,0.9354236539540294
/root/New_CheckLiuliang_remote/datasets/toniot/test/abnormal/test_00000299_orig897_898_899.png,1,0.534803974314764,0.36493721911077587,0.9389867067129903
/root/New_CheckLiuliang_remote/datasets/toniot/test/abnormal/test_00000301_orig903_904_905.png,1,0.5064966373872092,0.3297782242498237,0.9398727975873262
/root/New_CheckLiuliang_remote/datasets/toniot/test/abnormal/test_00000303_orig909_910_911.png,1,0.49906823781597137,0.3215045014393916,0.9378823912250619
/root/New_CheckLiuliang_remote/datasets/toniot/test/abnormal/test_00000305_orig915_916_917.png,1,0.5201135004350063,0.3479757310013465,0.9364488149221661
/root/New_CheckLiuliang_remote/datasets/toniot/test/abnormal/test_00000307_orig921_922_923.png,1,0.5483020917201191,0.3798902617715758,0.942792719872979
/root/New_CheckLiuliang_remote/datasets/toniot/test/abnormal/test_00000308_orig924_925_926.png,1,0.5340141675886753,0.36376636125376816,0.9394544879375932
/root/New_CheckLiuliang_remote/datasets/toniot/test/abnormal/test_00000310_orig930_931_932.png,1,0.50546528735035,0.3303575443547258,0.9355643731003259
/root/New_CheckLiuliang_remote/datasets/toniot/test/abnormal/test_00000312_orig936_937_938.png,1,0.5007459808230494,0.32397891437720117,0.9369185200413472
/root/New_CheckLiuliang_remote/datasets/toniot/test/abnormal/test_00000314_orig942_943_944.png,1,0.5023957927808808,0.3258427843339219,0.9372991763257627
/root/New_CheckLiuliang_remote/datasets/toniot/test/abnormal/test_00000316_orig948_949_950.png,1,0.49948970552140054,0.3221354071658198,0.9376185428257559
/root/New_CheckLiuliang_remote/datasets/toniot/test/abnormal/test_00000317_orig951_952_953.png,1,0.5284460762375048,0.3573975732698242,0.9383523711863256
/root/New_CheckLiuliang_remote/datasets/toniot/test/abnormal/test_00000319_orig957_958_959.png,1,0.5039625956702396,0.3273204408873745,0.9383430265555168
/root/New_CheckLiuliang_remote/datasets/toniot/test/abnormal/test_00000321_orig963_964_965.png,1,0.5334581372347835,0.36297425046007076,0.9397087168640078
/root/New_CheckLiuliang_remote/datasets/toniot/test/abnormal/test_00000323_orig969_970_971.png,1,0.5496586949127017,0.38078079250107966,0.9446039291973815
/root/New_CheckLiuliang_remote/datasets/toniot/test/abnormal/test_00000325_orig975_976_977.png,1,0.5319755799569358,0.3583254356991167,0.946305751372905
/root/New_CheckLiuliang_remote/datasets/toniot/test/abnormal/test_00000327_orig981_982_983.png,1,0.5383736461623471,0.36624518611973467,0.9461683303315997
/root/New_CheckLiuliang_remote/datasets/toniot/test/abnormal/test_00000328_orig984_985_986.png,1,0.527091880585663,0.3559552121416263,0.9378356680710181
/root/New_CheckLiuliang_remote/datasets/toniot/test/abnormal/test_00000330_orig990_991_992.png,1,0.5313924865596746,0.36085177363754145,0.9387393488386411
/root/New_CheckLiuliang_remote/datasets/toniot/test/abnormal/test_00000332_orig996_997_998.png,1,0.5431011298147211,0.37346310058432597,0.9428792951290013
/root/New_CheckLiuliang_remote/datasets/toniot/test/abnormal/test_00000334_orig1002_1003_1004.png,1,0.5218913917967555,0.3484766545366924,0.9403768579668337
/root/New_CheckLiuliang_remote/datasets/toniot/test/abnormal/test_00000336_orig1008_1009_1010.png,1,0.5195071343749103,0.3455349165933466,0.9404057163855079
/root/New_CheckLiuliang_remote/datasets/toniot/test/abnormal/test_00000338_orig1014_1015_1016.png,1,0.5025458761188245,0.32673297568433673,0.9356523225667612
/root/New_CheckLiuliang_remote/datasets/toniot/test/abnormal/test_00000339_orig1017_1018_1019.png,1,0.498196372402319,0.32090210355643833,0.9367885197362725
/root/New_CheckLiuliang_remote/datasets/toniot/test/abnormal/test_00000341_orig1023_1024_1025.png,1,0.499446806551863,0.32183098412299777,0.9382058803562943
/root/New_CheckLiuliang_remote/datasets/toniot/test/abnormal/test_00000343_orig1029_1030_1031.png,1,0.5361798557426906,0.36544459084881253,0.9417472205907291
/root/New_CheckLiuliang_remote/datasets/toniot/test/abnormal/test_00000345_orig1035_1036_1037.png,1,0.5399770487788029,0.37161552082387667,0.9382341890908031
/root/New_CheckLiuliang_remote/datasets/toniot/test/abnormal/test_00000347_orig1041_1042_1043.png,1,0.50151932814477,0.32478595785081404,0.9372524531717189
/root/New_CheckLiuliang_remote/datasets/toniot/test/abnormal/test_00000348_orig1044_1045_1046.png,1,0.5095298435102726,0.33393154554085575,0.9388773195641115
/root/New_CheckLiuliang_remote/datasets/toniot/test/abnormal/test_00000350_orig1050_1051_1052.png,1,0.5136011459317428,0.33903614641832036,0.9386382069522404
/root/New_CheckLiuliang_remote/datasets/toniot/test/abnormal/test_00000352_orig1056_1057_1058.png,1,0.49843305432540064,0.32084848166037827,0.9375921579858253
/root/New_CheckLiuliang_remote/datasets/toniot/test/abnormal/test_00000354_orig1062_1063_1064.png,1,0.5090867309433426,0.33308852788381016,0.9395740442435287
/root/New_CheckLiuliang_remote/datasets/toniot/test/abnormal/test_00000356_orig1068_1069_1070.png,1,0.495011659996767,0.3169354407643496,0.9369141225680255
/root/New_CheckLiuliang_remote/datasets/toniot/test/abnormal/test_00000358_orig1074_1075_1076.png,1,0.5295969287580325,0.3574169178778965,0.9416065014444326
/root/New_CheckLiuliang_remote/datasets/toniot/test/abnormal/test_00000359_orig1077_1078_1079.png,1,0.5221861783530972,0.3501144980201472,0.9374003182121633
/root/New_CheckLiuliang_remote/datasets/toniot/test/abnormal/test_00000361_orig1083_1084_1085.png,1,0.5344966132184692,0.3650800977072397,0.9377721795499351
/root/New_CheckLiuliang_remote/datasets/toniot/test/abnormal/test_00000363_orig1089_1090_1091.png,1,0.519488321737963,0.346604300102747,0.9378565560692965
/root/New_CheckLiuliang_remote/datasets/toniot/test/abnormal/test_00000365_orig1095_1096_1097.png,1,0.508306470360602,0.33306477134758106,0.9373926226338501
/root/New_CheckLiuliang_remote/datasets/toniot/test/abnormal/test_00000367_orig1101_1102_1103.png,1,0.5024463728208552,0.32586111080472724,0.9374014175804937
/root/New_CheckLiuliang_remote/datasets/toniot/test/abnormal/test_00000369_orig1107_1108_1109.png,1,0.5473416098473403,0.3788001761377472,0.9425827405218646
/root/New_CheckLiuliang_remote/datasets/toniot/test/abnormal/test_00000370_orig1110_1111_1112.png,1,0.5224680168116542,0.35082380031613164,0.936553254913558
/root/New_CheckLiuliang_remote/datasets/toniot/test/abnormal/test_00000372_orig1116_1117_1118.png,1,0.5144885107932845,0.340845376341714,0.9369605708799866
/root/New_CheckLiuliang_remote/datasets/toniot/test/abnormal/test_00000374_orig1122_1123_1124.png,1,0.5040262247332923,0.3279299657311965,0.9371032139208614
/root/New_CheckLiuliang_remote/datasets/toniot/test/abnormal/test_00000376_orig1128_1129_1130.png,1,0.5428383538774622,0.37112545741937836,0.9475804689520518
/root/New_CheckLiuliang_remote/datasets/toniot/test/abnormal/test_00000378_orig1134_1135_1136.png,1,0.533429229971213,0.3604553788616037,0.9455032124916826
/root/New_CheckLiuliang_remote/datasets/toniot/test/abnormal/test_00000379_orig1137_1138_1139.png,1,0.5341821255275144,0.36227207512495513,0.943422657926322
/root/New_CheckLiuliang_remote/datasets/toniot/test/abnormal/test_00000381_orig1143_1144_1145.png,1,0.5039163626499704,0.3269125072224112,0.9391623308037784
/root/New_CheckLiuliang_remote/datasets/toniot/test/abnormal/test_00000383_orig1149_1150_1151.png,1,0.5314584390779017,0.3579086781778397,0.94579564446758
/root/New_CheckLiuliang_remote/datasets/toniot/test/abnormal/test_00000385_orig1155_1156_1157.png,1,0.5134067841856348,0.33883421586037266,0.9385521813803833
/root/New_CheckLiuliang_remote/datasets/toniot/test/abnormal/test_00000387_orig1161_1162_1163.png,1,0.5193364096378627,0.34350542964119996,0.9446517517197556
/root/New_CheckLiuliang_remote/datasets/toniot/test/abnormal/test_00000389_orig1167_1168_1169.png,1,0.5206609809957564,0.34709096971635545,0.9400827769384406
/root/New_CheckLiuliang_remote/datasets/toniot/test/abnormal/test_00000390_orig1170_1171_1172.png,1,0.4965201967969837,0.318446695847612,0.9377125388180086
/root/New_CheckLiuliang_remote/datasets/toniot/test/abnormal/test_00000392_orig1176_1177_1178.png,1,0.5092016838259117,0.33339702347570005,0.939183768486222
/root/New_CheckLiuliang_remote/datasets/toniot/test/abnormal/test_00000394_orig1182_1183_1184.png,1,0.5119781991936572,0.3367830086465307,0.9392428595339832
/root/New_CheckLiuliang_remote/datasets/toniot/test/abnormal/test_00000396_orig1188_1189_1190.png,1,0.5300472999989871,0.35948950597434465,0.9380615882629239
/root/New_CheckLiuliang_remote/datasets/toniot/test/abnormal/test_00000398_orig1194_1195_1196.png,1,0.5243951567689891,0.34987659327876686,0.9442881356444621
/root/New_CheckLiuliang_remote/datasets/toniot/test/abnormal/test_00000400_orig1200_1201_1202.png,1,0.4925053200764428,0.3146178209656523,0.9351367188197841
/root/New_CheckLiuliang_remote/datasets/toniot/test/abnormal/test_00000401_orig1203_1204_1205.png,1,0.522509637616774,0.3508719921467679,0.9365601259656233
/root/New_CheckLiuliang_remote/datasets/toniot/test/abnormal/test_00000403_orig1209_1210_1211.png,1,0.5308885336483272,0.36076489259076056,0.9374973374673247
/root/New_CheckLiuliang_remote/datasets/toniot/test/abnormal/test_00000405_orig1215_1216_1217.png,1,0.5414007155145968,0.37147298160650183,0.9426481529375259
/root/New_CheckLiuliang_remote/datasets/toniot/test/abnormal/test_00000407_orig1221_1222_1223.png,1,0.5017416093760723,0.3252244356337862,0.9368665748877338
/root/New_CheckLiuliang_remote/datasets/toniot/test/abnormal/test_00000409_orig1227_1228_1229.png,1,0.5081594295436482,0.33262968735549875,0.9379862815322886
/root/New_CheckLiuliang_remote/datasets/toniot/test/abnormal/test_00000411_orig1233_1234_1235.png,1,0.5115145520663931,0.3379436851308688,0.9352054293404367
/root/New_CheckLiuliang_remote/datasets/toniot/test/abnormal/test_00000412_orig1236_1237_1238.png,1,0.5406693141591684,0.37089875218793456,0.9418912378420169
/root/New_CheckLiuliang_remote/datasets/toniot/test/abnormal/test_00000414_orig1242_1243_1244.png,1,0.5313544778534606,0.36090166236362264,0.9385139783309006
/root/New_CheckLiuliang_remote/datasets/toniot/test/abnormal/test_00000416_orig1248_1249_1250.png,1,0.49738418405239815,0.32015546956066526,0.9362022815740646
/root/New_CheckLiuliang_remote/datasets/toniot/test/abnormal/test_00000418_orig1254_1255_1256.png,1,0.5075273115742174,0.33071355301907396,0.9406451038394614
/root/New_CheckLiuliang_remote/datasets/toniot/test/abnormal/test_00000420_orig1260_1261_1262.png,1,0.503622633382301,0.327140569970211,0.9377881203907265
/root/New_CheckLiuliang_remote/datasets/toniot/test/abnormal/test_00000421_orig1263_1264_1265.png,1,0.5115472506332382,0.33722623773674876,0.9369732136157867
/root/New_CheckLiuliang_remote/datasets/toniot/test/abnormal/test_00000423_orig1269_1270_1271.png,1,0.5012865881235874,0.32446490523263166,0.9373343561123367
/root/New_CheckLiuliang_remote/datasets/toniot/test/abnormal/test_00000425_orig1275_1276_1277.png,1,0.5324149606594508,0.3623772826425413,0.9381110598377937
/root/New_CheckLiuliang_remote/datasets/toniot/test/abnormal/test_00000427_orig1281_1282_1283.png,1,0.5372351420803501,0.3676780446334409,0.9395611266656461
/root/New_CheckLiuliang_remote/datasets/toniot/test/abnormal/test_00000429_orig1287_1288_1289.png,1,0.4973343728565818,0.31970273785595565,0.9371158566566615
/root/New_CheckLiuliang_remote/datasets/toniot/test/abnormal/test_00000431_orig1293_1294_1295.png,1,0.5277516603369519,0.35410355983210917,0.944047648822178
/root/New_CheckLiuliang_remote/datasets/toniot/test/abnormal/test_00000432_orig1296_1297_1298.png,1,0.49571595381117417,0.3180947597323317,0.93622811672983
/root/New_CheckLiuliang_remote/datasets/toniot/test/abnormal/test_00000434_orig1302_1303_1304.png,1,0.5433601977185174,0.37447105647861956,0.9412700947353174
/root/New_CheckLiuliang_remote/datasets/toniot/test/abnormal/test_00000436_orig1308_1309_1310.png,1,0.5017460574800278,0.3250146993567918,0.9373687113726631
/root/New_CheckLiuliang_remote/datasets/toniot/test/abnormal/test_00000438_orig1314_1315_1316.png,1,0.517655683555644,0.34220866214217777,0.9428592316569707
/root/New_CheckLiuliang_remote/datasets/toniot/test/abnormal/test_00000440_orig1320_1321_1322.png,1,0.5052608169381807,0.32939676215380154,0.9372200218059709
/root/New_CheckLiuliang_remote/datasets/toniot/test/abnormal/test_00000442_orig1326_1327_1328.png,1,0.5208382824465523,0.3481528868857981,0.9381132585744546
/root/New_CheckLiuliang_remote/datasets/toniot/test/abnormal/test_00000443_orig1329_1330_1331.png,1,0.49630065428805614,0.3186038283658133,0.9367165111106286
/root/New_CheckLiuliang_remote/datasets/toniot/test/abnormal/test_00000445_orig1335_1336_1337.png,1,0.5201577287519303,0.34723181203828535,0.9383114197160166
/root/New_CheckLiuliang_remote/datasets/toniot/test/abnormal/test_00000447_orig1341_1342_1343.png,1,0.49653663501674805,0.31885972019891007,0.936795940472503
/root/New_CheckLiuliang_remote/datasets/toniot/test/abnormal/test_00000449_orig1347_1348_1349.png,1,0.522058325164577,0.34738724766104173,0.9433973724547219
/root/New_CheckLiuliang_remote/datasets/toniot/test/abnormal/test_00000451_orig1353_1354_1355.png,1,0.5148502152609379,0.34062579807113896,0.9385098556996614
/root/New_CheckLiuliang_remote/datasets/toniot/test/abnormal/test_00000452_orig1356_1357_1358.png,1,0.5180509630158832,0.343531561831052,0.9409056541337761
/root/New_CheckLiuliang_remote/datasets/toniot/test/abnormal/test_00000454_orig1362_1363_1364.png,1,0.5243597915314023,0.35273382582895463,0.9375198745180988
/root/New_CheckLiuliang_remote/datasets/toniot/test/abnormal/test_00000456_orig1368_1369_1370.png,1,0.5201734933312864,0.3479563863932742,0.9366659401674283
/root/New_CheckLiuliang_remote/datasets/toniot/test/abnormal/test_00000458_orig1374_1375_1376.png,1,0.5228568906535742,0.35082312155795364,0.9376696634531214
/root/New_CheckLiuliang_remote/datasets/toniot/test/abnormal/test_00000460_orig1380_1381_1382.png,1,0.5298666000608735,0.358260274914031,0.9404117629113252
/root/New_CheckLiuliang_remote/datasets/toniot/test/abnormal/test_00000462_orig1386_1387_1388.png,1,0.5078684349593845,0.3330019862161183,0.9362833599884346
/root/New_CheckLiuliang_remote/datasets/toniot/test/abnormal/test_00000463_orig1389_1390_1391.png,1,0.532615791112825,0.3604003994491877,0.9432995286733126
/root/New_CheckLiuliang_remote/datasets/toniot/test/abnormal/test_00000465_orig1395_1396_1397.png,1,0.490287971726602,0.3117704304090451,0.935423928796112
/root/New_CheckLiuliang_remote/datasets/toniot/test/abnormal/test_00000467_orig1401_1402_1403.png,1,0.4203340909753623,0.27006990360785427,0.8321811495160168
/root/New_CheckLiuliang_remote/datasets/toniot/test/abnormal/test_00000469_orig1407_1408_1409.png,1,0.5109356203340775,0.334865177414661,0.9407289306746576
/root/New_CheckLiuliang_remote/datasets/toniot/test/abnormal/test_00000471_orig1413_1414_1415.png,1,0.4989274494603535,0.3216460225194995,0.9371485628644921
/root/New_CheckLiuliang_remote/datasets/toniot/test/abnormal/test_00000473_orig1419_1420_1421.png,1,0.4923603941527738,0.31382537079286593,0.9365702951226799
/root/New_CheckLiuliang_remote/datasets/toniot/test/abnormal/test_00000474_orig1422_1423_1424.png,1,0.5003148249184504,0.323596773523001,0.9365741429118364
/root/New_CheckLiuliang_remote/datasets/toniot/test/abnormal/test_00000476_orig1428_1429_1430.png,1,0.5122276595027511,0.33810590833540494,0.9368712472031383
/root/New_CheckLiuliang_remote/datasets/toniot/test/abnormal/test_00000478_orig1434_1435_1436.png,1,0.5240612490927763,0.3516851444439825,0.9391109353343303
/root/New_CheckLiuliang_remote/datasets/toniot/test/abnormal/test_00000480_orig1440_1441_1442.png,1,0.5216938853466884,0.34733973458858347,0.9424634590580118
/root/New_CheckLiuliang_remote/datasets/toniot/test/abnormal/test_00000482_orig1446_1447_1448.png,1,0.5054116387660119,0.33035924125017074,0.9354066137449075
/root/New_CheckLiuliang_remote/datasets/toniot/test/abnormal/test_00000483_orig1449_1450_1451.png,1,0.4993133302886677,0.322211767460842,0.9369347357242213
/root/New_CheckLiuliang_remote/datasets/toniot/test/abnormal/test_00000485_orig1455_1456_1457.png,1,0.5174778911379015,0.3428616275093902,0.940825949929819
/root/New_CheckLiuliang_remote/datasets/toniot/test/abnormal/test_00000487_orig1461_1462_1463.png,1,0.5371140386584878,0.36580976274856336,0.9435732713875925
/root/New_CheckLiuliang_remote/datasets/toniot/test/abnormal/test_00000489_orig1467_1468_1469.png,1,0.5296206813936379,0.35600883403768635,0.9449601245364445
/root/New_CheckLiuliang_remote/datasets/toniot/test/abnormal/test_00000491_orig1473_1474_1475.png,1,0.5440689239128936,0.37379229830064403,0.9448856423320571
/root/New_CheckLiuliang_remote/datasets/toniot/test/abnormal/test_00000493_orig1479_1480_1481.png,1,0.49602404058261834,0.3184931907828033,0.9361816684178688
/root/New_CheckLiuliang_remote/datasets/toniot/test/abnormal/test_00000494_orig1482_1483_1484.png,1,0.49204188821735567,0.3135260384363787,0.9363556434561612
/root/New_CheckLiuliang_remote/datasets/toniot/test/abnormal/test_00000496_orig1488_1489_1490.png,1,0.5057704849737318,0.33113641936395266,0.9346219395990548
/root/New_CheckLiuliang_remote/datasets/toniot/test/abnormal/test_00000498_orig1494_1495_1496.png,1,0.4943400010434259,0.31634933307766777,0.9363561931403264
/root/New_CheckLiuliang_remote/datasets/toniot/test/abnormal/test_00000500_orig1500_1501_1502.png,1,0.4959371121495059,0.3185352737898378,0.9358342680254492
/root/New_CheckLiuliang_remote/datasets/toniot/test/abnormal/test_00000502_orig1506_1507_1508.png,1,0.5191687351768132,0.3452627345639785,0.9400706838868057
/root/New_CheckLiuliang_remote/datasets/toniot/test/abnormal/test_00000504_orig1512_1513_1514.png,1,0.541700384313312,0.37213375269276094,0.9419654452043217
/root/New_CheckLiuliang_remote/datasets/toniot/test/abnormal/test_00000505_orig1515_1516_1517.png,1,0.5395975908404244,0.3692123774947545,0.9427536922972483
/root/New_CheckLiuliang_remote/datasets/toniot/test/abnormal/test_00000507_orig1521_1522_1523.png,1,0.5071559334116968,0.33170725499163006,0.9372617978025276
/root/New_CheckLiuliang_remote/datasets/toniot/test/abnormal/test_00000509_orig1527_1528_1529.png,1,0.5045765573885372,0.32788890086142897,0.938776727361876
/root/New_CheckLiuliang_remote/datasets/toniot/test/abnormal/test_00000511_orig1533_1534_1535.png,1,0.49669568638431166,0.3186567715036954,0.9377254563958913
/root/New_CheckLiuliang_remote/datasets/toniot/test/abnormal/test_00000513_orig1539_1540_1541.png,1,0.5163833745491849,0.3410459493833058,0.9419247685760954
/root/New_CheckLiuliang_remote/datasets/toniot/test/abnormal/test_00000515_orig1545_1546_1547.png,1,0.5121948286266169,0.337135623519989,0.9390411254453472
/root/New_CheckLiuliang_remote/datasets/toniot/test/abnormal/test_00000516_orig1548_1549_1550.png,1,0.5133104763427045,0.3374156112684039,0.9415861631303194
/root/New_CheckLiuliang_remote/datasets/toniot/test/abnormal/test_00000518_orig1554_1555_1556.png,1,0.5363917992972608,0.3662597794205611,0.9404527143816341
/root/New_CheckLiuliang_remote/datasets/toniot/test/abnormal/test_00000520_orig1560_1561_1562.png,1,0.4898943231079423,0.3111761776242276,0.9356820055116831
/root/New_CheckLiuliang_remote/datasets/toniot/test/abnormal/test_00000522_orig1566_1567_1568.png,1,0.5069374806151942,0.3313604095626846,0.9374448426295461
/root/New_CheckLiuliang_remote/datasets/toniot/test/abnormal/test_00000524_orig1572_1573_1574.png,1,0.5137335006996042,0.34013471652937366,0.9364543117638183
/root/New_CheckLiuliang_remote/datasets/toniot/test/abnormal/test_00000525_orig1575_1576_1577.png,1,0.5152400724293722,0.3421360350171344,0.9361036132664075
/root/New_CheckLiuliang_remote/datasets/toniot/test/abnormal/test_00000527_orig1581_1582_1583.png,1,0.4980455832661567,0.3206930460376219,0.9368440378369598
/root/New_CheckLiuliang_remote/datasets/toniot/test/abnormal/test_00000529_orig1587_1588_1589.png,1,0.5147270446426454,0.33833906176953954,0.943492467815305
/root/New_CheckLiuliang_remote/datasets/toniot/test/abnormal/test_00000531_orig1593_1594_1595.png,1,0.5192096004293838,0.34682795092238994,0.936535665020271
/root/New_CheckLiuliang_remote/datasets/toniot/test/abnormal/test_00000533_orig1599_1600_1601.png,1,0.5052845445161599,0.32976397032808624,0.936431225028879
/root/New_CheckLiuliang_remote/datasets/toniot/test/abnormal/test_00000535_orig1605_1606_1607.png,1,0.5063478127186439,0.33018785481023194,0.938490341911796
/root/New_CheckLiuliang_remote/datasets/toniot/test/abnormal/test_00000536_orig1608_1609_1610.png,1,0.5009168328576797,0.3242843555572902,0.9366956231123502
/root/New_CheckLiuliang_remote/datasets/toniot/test/abnormal/test_00000538_orig1614_1615_1616.png,1,0.5106835774068326,0.3355052463764919,0.9385128789625701
/root/New_CheckLiuliang_remote/datasets/toniot/test/abnormal/test_00000540_orig1620_1621_1622.png,1,0.5290424068938926,0.35613406492152283,0.9430101199603238
/root/New_CheckLiuliang_remote/datasets/toniot/test/abnormal/test_00000542_orig1626_1627_1628.png,1,0.5088228283610562,0.3332819739645332,0.9383661132904562
/root/New_CheckLiuliang_remote/datasets/toniot/test/abnormal/test_00000544_orig1632_1633_1634.png,1,0.5031352553998976,0.326891126339805,0.9369729387737041
/root/New_CheckLiuliang_remote/datasets/toniot/test/abnormal/test_00000546_orig1638_1639_1640.png,1,0.5173393242344158,0.34446858749574716,0.9366791325873935
/root/New_CheckLiuliang_remote/datasets/toniot/test/abnormal/test_00000547_orig1641_1642_1643.png,1,0.5435390030862374,0.3734678518915718,0.9441235052369784
/root/New_CheckLiuliang_remote/datasets/toniot/test/abnormal/test_00000549_orig1647_1648_1649.png,1,0.5017665297702112,0.3254932238722645,0.9363108441966956
/root/New_CheckLiuliang_remote/datasets/toniot/test/abnormal/test_00000551_orig1653_1654_1655.png,1,0.507332190293579,0.33114863701115627,0.9390705335481866
/root/New_CheckLiuliang_remote/datasets/toniot/test/abnormal/test_00000553_orig1659_1660_1661.png,1,0.4896305991531585,0.3106613395462332,0.936127249685512
/root/New_CheckLiuliang_remote/datasets/toniot/test/abnormal/test_00000555_orig1665_1666_1667.png,1,0.5292118403338705,0.3573419150992302,0.9406775352052095
/root/New_CheckLiuliang_remote/datasets/toniot/test/abnormal/test_00000556_orig1668_1669_1670.png,1,0.5135978519767982,0.3388057080168977,0.9391664534350176
/root/New_CheckLiuliang_remote/datasets/toniot/test/abnormal/test_00000558_orig1674_1675_1676.png,1,0.5141202893356808,0.33986185574182753,0.9381998338304769
/root/New_CheckLiuliang_remote/datasets/toniot/test/abnormal/test_00000560_orig1680_1681_1682.png,1,0.49958722049985077,0.32194637301325363,0.9383391787663603
/root/New_CheckLiuliang_remote/datasets/toniot/test/abnormal/test_00000562_orig1686_1687_1688.png,1,0.5025306412565373,0.32572400165277615,0.9379629199552667
/root/New_CheckLiuliang_remote/datasets/toniot/test/abnormal/test_00000564_orig1692_1693_1694.png,1,0.501983303164502,0.32553293122567606,0.9368396403636381
/root/New_CheckLiuliang_remote/datasets/toniot/test/abnormal/test_00000566_orig1698_1699_1700.png,1,0.5035858019911946,0.3272125183370764,0.9375146525185292
/root/New_CheckLiuliang_remote/datasets/toniot/test/abnormal/test_00000567_orig1701_1702_1703.png,1,0.498452157343373,0.321216368592841,0.9367885197362725
/root/New_CheckLiuliang_remote/datasets/toniot/test/abnormal/test_00000569_orig1707_1708_1709.png,1,0.5186307848574716,0.3452919211656314,0.9384603841247915
/root/New_CheckLiuliang_remote/datasets/toniot/test/abnormal/test_00000571_orig1713_1714_1715.png,1,0.49300979719925997,0.31472336786232746,0.936336679352461
/root/New_CheckLiuliang_remote/datasets/toniot/test/abnormal/test_00000573_orig1719_1720_1721.png,1,0.5107115881327913,0.33459604979709373,0.9407146388863619
/root/New_CheckLiuliang_remote/datasets/toniot/test/abnormal/test_00000575_orig1725_1726_1727.png,1,0.5023772400167476,0.3248755539303068,0.9395028601441326
/root/New_CheckLiuliang_remote/datasets/toniot/test/abnormal/test_00000577_orig1731_1732_1733.png,1,0.5010299526541852,0.3240759767966517,0.9375061324139683
/root/New_CheckLiuliang_remote/datasets/toniot/test/abnormal/test_00000578_orig1734_1735_1736.png,1,0.528821817480627,0.3585341538388441,0.9367775260529682
/root/New_CheckLiuliang_remote/datasets/toniot/test/abnormal/test_00000580_orig1740_1741_1742.png,1,0.4984731008325319,0.3213636591174617,0.9365048827070186
/root/New_CheckLiuliang_remote/datasets/toniot/test/abnormal/test_00000582_orig1746_1747_1748.png,1,0.5032237513747138,0.327528140889835,0.9357402720331965
/root/New_CheckLiuliang_remote/datasets/toniot/test/abnormal/test_00000584_orig1752_1753_1754.png,1,0.5166037756454028,0.342009107237853,0.9403092468145116
/root/New_CheckLiuliang_remote/datasets/toniot/test/abnormal/test_00000586_orig1758_1759_1760.png,1,0.499038229638819,0.32152452480564186,0.937749642499161
/root/New_CheckLiuliang_remote/datasets/toniot/test/abnormal/test_00000587_orig1761_1762_1763.png,1,0.5200620493869007,0.347769049136153,0.9367835725787855
/root/New_CheckLiuliang_remote/datasets/toniot/test/abnormal/test_00000589_orig1767_1768_1769.png,1,0.5092382305835219,0.3331906809895955,0.93977000664843
/root/New_CheckLiuliang_remote/datasets/toniot/test/abnormal/test_00000591_orig1773_1774_1775.png,1,0.5115593104872934,0.3357180370652872,0.9405269217439389
/root/New_CheckLiuliang_remote/datasets/toniot/test/abnormal/test_00000593_orig1779_1780_1781.png,1,0.521918080548444,0.3496814503025989,0.9376421792448604
/root/New_CheckLiuliang_remote/datasets/toniot/test/abnormal/test_00000595_orig1785_1786_1787.png,1,0.5419125758917054,0.3726815105423872,0.9412956550490003
/root/New_CheckLiuliang_remote/datasets/toniot/test/abnormal/test_00000597_orig1791_1792_1793.png,1,0.49468398956577625,0.3172978976313885,0.9351290232414711
/root/New_CheckLiuliang_remote/datasets/toniot/test/abnormal/test_00000598_orig1794_1795_1796.png,1,0.5152976139540895,0.34005801685526243,0.9411172825373861
/root/New_CheckLiuliang_remote/datasets/toniot/test/abnormal/test_00000600_orig1800_1801_1802.png,1,0.5075250581302215,0.3317951541756779,0.9381149076269503
/root/New_CheckLiuliang_remote/datasets/toniot/test/abnormal/test_00000602_orig1806_1807_1808.png,1,0.5300725406705472,0.35899435188351153,0.9392893078459444
/root/New_CheckLiuliang_remote/datasets/toniot/test/abnormal/test_00000604_orig1812_1813_1814.png,1,0.5029102706082589,0.32687042421537676,0.9363762566123569
/root/New_CheckLiuliang_remote/datasets/toniot/test/abnormal/test_00000606_orig1818_1819_1820.png,1,0.5228090863255646,0.3489446583004065,0.9419156987873692
/root/New_CheckLiuliang_remote/datasets/toniot/test/abnormal/test_00000608_orig1824_1825_1826.png,1,0.5242011522088926,0.35048985129256766,0.942301027387189
/root/New_CheckLiuliang_remote/datasets/toniot/test/abnormal/test_00000609_orig1827_1828_1829.png,1,0.5522344733982458,0.3845977891149248,0.9430818537438851
/root/New_CheckLiuliang_remote/datasets/toniot/test/abnormal/test_00000611_orig1833_1834_1835.png,1,0.5079603998075988,0.3319410871839426,0.9390224361837297
/root/New_CheckLiuliang_remote/datasets/toniot/test/abnormal/test_00000613_orig1839_1840_1841.png,1,0.5007677944375653,0.3241031271237707,0.9366912256390284
/root/New_CheckLiuliang_remote/datasets/toniot/test/abnormal/test_00000615_orig1845_1846_1847.png,1,0.4999708200952474,0.32364598349090423,0.9354731255288993
/root/New_CheckLiuliang_remote/datasets/toniot/test/abnormal/test_00000617_orig1851_1852_1853.png,1,0.5206986172688431,0.34614919274441447,0.9423881523273765
/root/New_CheckLiuliang_remote/datasets/toniot/test/abnormal/test_00000619_orig1857_1858_1859.png,1,0.4984120583955972,0.32118853950754395,0.9367384984772374
/root/New_CheckLiuliang_remote/datasets/toniot/test/abnormal/test_00000620_orig1860_1861_1862.png,1,0.5090297204623633,0.33346761432620947,0.9385260713825354
/root/New_CheckLiuliang_remote/datasets/toniot/test/abnormal/test_00000622_orig1866_1867_1868.png,1,0.5190798312389198,0.3437748966378562,0.9432874356216777
/root/New_CheckLiuliang_remote/datasets/toniot/test/abnormal/test_00000624_orig1872_1873_1874.png,1,0.5187531497230156,0.34643393180007515,0.9361464886312947
/root/New_CheckLiuliang_remote/datasets/toniot/test/abnormal/test_00000626_orig1878_1879_1880.png,1,0.49170987315405584,0.3134493387622675,0.9355827875198608
/root/New_CheckLiuliang_remote/datasets/toniot/test/abnormal/test_00000628_orig1884_1885_1886.png,1,0.4988860788764944,0.32193042219607115,0.936366362297383
/root/New_CheckLiuliang_remote/datasets/toniot/test/abnormal/test_00000629_orig1887_1888_1889.png,1,0.5169055342917824,0.34228468305811105,0.9405313192172607
/root/New_CheckLiuliang_remote/datasets/toniot/test/abnormal/test_00000631_orig1893_1894_1895.png,1,0.4978032965747575,0.31976212919652847,0.9383215888730733
/root/New_CheckLiuliang_remote/datasets/toniot/test/abnormal/test_00000633_orig1899_1900_1901.png,1,0.5285581866461309,0.3564391667225228,0.9409100516070978
/root/New_CheckLiuliang_remote/datasets/toniot/test/abnormal/test_00000635_orig1905_1906_1907.png,1,0.41867063962583034,0.26848398512501453,0.8311128383409103
/root/New_CheckLiuliang_remote/datasets/toniot/test/abnormal/test_00000637_orig1911_1912_1913.png,1,0.5090156830460509,0.3335059641632651,0.9383963459195432
/root/New_CheckLiuliang_remote/datasets/toniot/test/abnormal/test_00000639_orig1917_1918_1919.png,1,0.5070497882135903,0.3305275732783087,0.9397100910744209
/root/New_CheckLiuliang_remote/datasets/toniot/test/abnormal/test_00000640_orig1920_1921_1922.png,1,0.5218178707404448,0.34799337871397384,0.9412937311544219
/root/New_CheckLiuliang_remote/datasets/toniot/test/abnormal/test_00000642_orig1926_1927_1928.png,1,0.5048155997843431,0.32846788158724205,0.9381110598377937
/root/New_CheckLiuliang_remote/datasets/toniot/test/abnormal/test_00000644_orig1932_1933_1934.png,1,0.5087131464618304,0.3335507622030115,0.937424504315433
/root/New_CheckLiuliang_remote/datasets/toniot/test/abnormal/test_00000646_orig1938_1939_1940.png,1,0.5017634464866044,0.3250421890629998,0.9373544195843673
/root/New_CheckLiuliang_remote/datasets/toniot/test/abnormal/test_00000648_orig1944_1945_1946.png,1,0.5039421852512934,0.3273601482407861,0.9381918634100812
/root/New_CheckLiuliang_remote/datasets/toniot/test/abnormal/test_00000650_orig1950_1951_1952.png,1,0.5122491102477034,0.3373436629015385,0.9387113149462147
/root/New_CheckLiuliang_remote/datasets/toniot/test/abnormal/test_00000651_orig1953_1954_1955.png,1,0.5132452698964358,0.33992498025237927,0.9355440347862127
/root/New_CheckLiuliang_remote/datasets/toniot/test/abnormal/test_00000653_orig1959_1960_1961.png,1,0.5108351879297667,0.3357383998106265,0.9384034918136911
/root/New_CheckLiuliang_remote/datasets/toniot/test/abnormal/test_00000655_orig1965_1966_1967.png,1,0.6983269160387614,0.6740783100278884,0.6864455855276954
/root/New_CheckLiuliang_remote/datasets/toniot/test/abnormal/test_00000657_orig1971_1972_1973.png,1,0.7997823779458654,0.8038161481661227,0.6745768050322486
/root/New_CheckLiuliang_remote/datasets/toniot/test/abnormal/test_00000665_orig1995_1996_1997.png,1,0.024882194918256956,0.09004338113204986,0.11856027822813707
/root/New_CheckLiuliang_remote/datasets/toniot/test/abnormal/test_00000672_orig2016_2017_2018.png,1,0.36522327461605747,0.2713200064821406,0.6712723786730239
/root/New_CheckLiuliang_remote/datasets/toniot/test/abnormal/test_00000680_orig2040_2041_2042.png,1,0.5102279807185498,0.40999386572296653,0.76339999444819
/root/New_CheckLiuliang_remote/datasets/toniot/test/abnormal/test_00000688_orig2064_2065_2066.png,1,0.43632060532730327,0.3415346552714481,0.7112602526403392
/root/New_CheckLiuliang_remote/datasets/toniot/test/abnormal/test_00000695_orig2085_2086_2087.png,1,0.3611320594778214,0.2746857985971765,0.6516901551291167
/root/New_CheckLiuliang_remote/datasets/toniot/test/abnormal/test_00000703_orig2109_2110_2111.png,1,0.37095516726886246,0.27738284421736215,0.6735579654320119
/root/New_CheckLiuliang_remote/datasets/toniot/test/abnormal/test_00000711_orig2133_2134_2135.png,1,0.5265102268870759,0.47803326424140713,0.6513193931596752
/root/New_CheckLiuliang_remote/datasets/toniot/test/abnormal/test_00000718_orig2154_2155_2156.png,1,0.3469111175653331,0.2517432631129717,0.6644540962876255
/root/New_CheckLiuliang_remote/datasets/toniot/test/abnormal/test_00000726_orig2178_2179_2180.png,1,0.1247703369188715,0.18386965127950158,0.18599195867034699
/root/New_CheckLiuliang_remote/datasets/toniot/test/abnormal/test_00000734_orig2202_2203_2204.png,1,0.3692809795051072,0.28814727016187536,0.6436414047398716
/root/New_CheckLiuliang_remote/datasets/toniot/test/abnormal/test_00000741_orig2223_2224_2225.png,1,0.3615778882108713,0.27621368325579937,0.6494031941597157
/root/New_CheckLiuliang_remote/datasets/toniot/test/abnormal/test_00000749_orig2247_2248_2249.png,1,0.3611320594778214,0.2746857985971765,0.6516901551291167
/root/New_CheckLiuliang_remote/datasets/toniot/test/abnormal/test_00000757_orig2271_2272_2273.png,1,0.5652576903390676,0.5569097158294043,0.5783556912786836
/root/New_CheckLiuliang_remote/datasets/toniot/test/abnormal/test_00000764_orig2292_2293_2294.png,1,0.3692809795051072,0.28814727016187536,0.6436414047398716
/root/New_CheckLiuliang_remote/datasets/toniot/test/abnormal/test_00000772_orig2316_2317_2318.png,1,0.3692809795051072,0.28814727016187536,0.6436414047398716
/root/New_CheckLiuliang_remote/datasets/toniot/test/abnormal/test_00000780_orig2340_2341_2342.png,1,0.4298731439579641,0.3606766540276238,0.648111986055612
/root/New_CheckLiuliang_remote/datasets/toniot/test/abnormal/test_00000787_orig2361_2362_2363.png,1,0.3377968236344228,0.23129092169421436,0.686047339349993
/root/New_CheckLiuliang_remote/datasets/toniot/test/abnormal/test_00000795_orig2385_2386_2387.png,1,0.5419798104628379,0.47434692857682226,0.7042690945849789
/root/New_CheckLiuliang_remote/datasets/toniot/test/abnormal/test_00000803_orig2409_2410_2411.png,1,0.33872162208667494,0.23309455186263972,0.6844900841099225
/root/New_CheckLiuliang_remote/datasets/toniot/test/abnormal/test_00000811_orig2433_2434_2435.png,1,0.4886278078139673,0.4519329760237158,0.6036186258280648
/root/New_CheckLiuliang_remote/datasets/toniot/test/abnormal/test_00000818_orig2454_2455_2456.png,1,0.4362026271873022,0.34966040879908167,0.6919619409677684
/root/New_CheckLiuliang_remote/datasets/toniot/test/abnormal/test_00000826_orig2478_2479_2480.png,1,0.5037716368137314,0.4466145663201889,0.6594426257533078
/root/New_CheckLiuliang_remote/datasets/toniot/test/abnormal/test_00000834_orig2502_2503_2504.png,1,0.4093180476741226,0.5235565571009559,0.20913146328948046
/root/New_CheckLiuliang_remote/datasets/toniot/test/abnormal/test_00000841_orig2523_2524_2525.png,1,0.33211610445143,0.22533159458113408,0.6836669320725044
/root/New_CheckLiuliang_remote/datasets/toniot/test/abnormal/test_00000849_orig2547_2548_2549.png,1,0.3381056185624537,0.23724906098048315,0.6730302686334
/root/New_CheckLiuliang_remote/datasets/toniot/test/abnormal/test_00000857_orig2571_2572_2573.png,1,0.3567963304085589,0.2695145097287258,0.6513268138959057
/root/New_CheckLiuliang_remote/datasets/toniot/test/abnormal/test_00000864_orig2592_2593_2594.png,1,0.47875812160272674,0.43130144244597296,0.6234644229291955
/root/New_CheckLiuliang_remote/datasets/toniot/test/abnormal/test_00000872_orig2616_2617_2618.png,1,0.42326619988523223,0.3203142989743116,0.7233500061702047
/root/New_CheckLiuliang_remote/datasets/toniot/test/abnormal/test_00000880_orig2640_2641_2642.png,1,0.3482671900721383,0.24393262306946326,0.686566516044044
/root/New_CheckLiuliang_remote/datasets/toniot/test/abnormal/test_00000887_orig2661_2662_2663.png,1,0.4610922604851605,0.3704548443395386,0.7147952715068739
/root/New_CheckLiuliang_remote/datasets/toniot/test/abnormal/test_00000895_orig2685_2686_2687.png,1,0.3428203044297423,0.24598145462968227,0.66617075993561
/root/New_CheckLiuliang_remote/datasets/toniot/test/abnormal/test_00000903_orig2709_2710_2711.png,1,0.3490691616865253,0.2440393577929499,0.6886165631382348
/root/New_CheckLiuliang_remote/datasets/toniot/test/abnormal/test_00000910_orig2730_2731_2732.png,1,0.3533937168530454,0.253269959944783,0.6794761399968613
/root/New_CheckLiuliang_remote/datasets/toniot/test/abnormal/test_00000918_orig2754_2755_2756.png,1,0.37573382454712634,0.2612636950068003,0.7248687835187098
/root/New_CheckLiuliang_remote/datasets/toniot/test/abnormal/test_00000926_orig2778_2779_2780.png,1,0.4306717896576944,0.33117103603102943,0.7192479880872448
/root/New_CheckLiuliang_remote/datasets/toniot/test/abnormal/test_00000933_orig2799_2800_2801.png,1,0.3428203044297423,0.24598145462968227,0.66617075993561
/root/New_CheckLiuliang_remote/datasets/toniot/test/abnormal/test_00000941_orig2823_2824_2825.png,1,0.3478079074401343,0.24343441456682927,0.6864123296356995
/root/New_CheckLiuliang_remote/datasets/toniot/test/abnormal/test_00000949_orig2847_2848_2849.png,1,0.47001497872432224,0.3829925260240128,0.7111203580202905
/root/New_CheckLiuliang_remote/datasets/toniot/test/abnormal/test_00000956_orig2868_2869_2870.png,1,0.4374026820207802,0.34295529613795084,0.7110475248683987
/root/New_CheckLiuliang_remote/datasets/toniot/test/abnormal/test_00000964_orig2892_2893_2894.png,1,0.35087782991161504,0.24613044204974788,0.6889224623761802
/root/New_CheckLiuliang_remote/datasets/toniot/test/abnormal/test_00000972_orig2916_2917_2918.png,1,0.35456946508786696,0.2798969645085833,0.620717101471422
/root/New_CheckLiuliang_remote/datasets/toniot/test/abnormal/test_00000979_orig2937_2938_2939.png,1,0.4212659799983503,0.29485272220209513,0.7770261152198475
/root/New_CheckLiuliang_remote/datasets/toniot/test/abnormal/test_00000987_orig2961_2962_2963.png,1,0.45834512220937823,0.35558596769280765,0.74161381224383
/root/New_CheckLiuliang_remote/datasets/toniot/test/abnormal/test_00000995_orig2985_2986_2987.png,1,0.4369740790859513,0.3272434018341743,0.7464798913164469
/root/New_CheckLiuliang_remote/datasets/toniot/test/abnormal/test_00001002_orig3006_3007_3008.png,1,0.4363498801843259,0.3265371539499908,0.7463383476439025
/root/New_CheckLiuliang_remote/datasets/toniot/test/abnormal/test_00001010_orig3030_3031_3032.png,1,0.4306717896576944,0.33117103603102943,0.7192479880872448
/root/New_CheckLiuliang_remote/datasets/toniot/test/abnormal/test_00001018_orig3054_3055_3056.png,1,0.31449407440287036,0.18506460505182742,0.7271043490186626
/root/New_CheckLiuliang_remote/datasets/toniot/test/abnormal/test_00001025_orig3075_3076_3077.png,1,0.44263789272314524,0.34766723540945665,0.7150613186428408
/root/New_CheckLiuliang_remote/datasets/toniot/test/abnormal/test_00001033_orig3099_3100_3101.png,1,0.540684313426786,0.5082061015269513,0.6215504226658968
/root/New_CheckLiuliang_remote/datasets/toniot/test/abnormal/test_00001041_orig3123_3124_3125.png,1,0.3368878724214969,0.22509436859793167,0.6979001790046484
/root/New_CheckLiuliang_remote/datasets/toniot/test/abnormal/test_00001048_orig3144_3145_3146.png,1,0.4243844888674935,0.32626497192062265,0.7126710170503783
/root/New_CheckLiuliang_remote/datasets/toniot/test/abnormal/test_00001056_orig3168_3169_3170.png,1,0.3650289520658593,0.2923185785446237,0.6217186260204542
/root/New_CheckLiuliang_remote/datasets/toniot/test/abnormal/test_00001064_orig3192_3193_3194.png,1,0.42290511650443563,0.3078563713757495,0.7513833489122987
/root/New_CheckLiuliang_remote/datasets/toniot/test/abnormal/test_00001072_orig3216_3217_3218.png,1,0.3429517425841386,0.23707445043919897,0.6873305770337008
/root/New_CheckLiuliang_remote/datasets/toniot/test/abnormal/test_00001079_orig3237_3238_3239.png,1,0.5375420702493647,0.47909009072451497,0.6804795884404718
/root/New_CheckLiuliang_remote/datasets/toniot/test/abnormal/test_00001087_orig3261_3262_3263.png,1,0.34624263485997175,0.24092385775604244,0.6877829671016775
/root/New_CheckLiuliang_remote/datasets/toniot/test/abnormal/test_00001095_orig3285_3286_3287.png,1,0.42195614485676275,0.29601882875185703,0.7762837667547169
/root/New_CheckLiuliang_remote/datasets/toniot/test/abnormal/test_00001102_orig3306_3307_3308.png,1,0.3313772402520821,0.20396530527573278,0.7314034288748542
/root/New_CheckLiuliang_remote/datasets/toniot/test/abnormal/test_00001110_orig3330_3331_3332.png,1,0.46889745519705744,0.381545413588569,0.7112932336902524
/root/New_CheckLiuliang_remote/datasets/toniot/test/abnormal/test_00001118_orig3354_3355_3356.png,1,0.36117747472645695,0.263293521338036,0.6784023319801026
/root/New_CheckLiuliang_remote/datasets/toniot/test/abnormal/test_00001125_orig3375_3376_3377.png,1,0.42813073188278333,0.35076271208011384,0.6662493647712365
/root/New_CheckLiuliang_remote/datasets/toniot/test/abnormal/test_00001133_orig3399_3400_3401.png,1,0.37869976512714126,0.3247703464127206,0.5851893648207082
/root/New_CheckLiuliang_remote/datasets/toniot/test/abnormal/test_00001141_orig3423_3424_3425.png,1,0.4205348702284203,0.33975359381244047,0.6701614669751128
/root/New_CheckLiuliang_remote/datasets/toniot/test/abnormal/test_00001148_orig3444_3445_3446.png,1,0.389565198449236,0.34043438826494987,0.5797889927394967
/root/New_CheckLiuliang_remote/datasets/toniot/test/abnormal/test_00001156_orig3468_3469_3470.png,1,0.42813073188278333,0.35076271208011384,0.6662493647712365
/root/New_CheckLiuliang_remote/datasets/toniot/test/abnormal/test_00001164_orig3492_3493_3494.png,1,0.4449663931426622,0.3622123444052933,0.6877980834162212
/root/New_CheckLiuliang_remote/datasets/toniot/test/abnormal/test_00001171_orig3513_3514_3515.png,1,0.46889745519705744,0.381545413588569,0.7112932336902524
/root/New_CheckLiuliang_remote/datasets/toniot/test/abnormal/test_00001179_orig3537_3538_3539.png,1,0.38783247621929384,0.4326494561874323,0.3596531273043791
/root/New_CheckLiuliang_remote/datasets/toniot/test/abnormal/test_00001187_orig3561_3562_3563.png,1,0.4449663931426622,0.3622123444052933,0.6877980834162212
/root/New_CheckLiuliang_remote/datasets/toniot/test/abnormal/test_00001194_orig3582_3583_3584.png,1,0.389565198449236,0.34043438826494987,0.5797889927394967
/root/New_CheckLiuliang_remote/datasets/toniot/test/abnormal/test_00001202_orig3606_3607_3608.png,1,0.3692809795051072,0.28814727016187536,0.6436414047398716
/root/New_CheckLiuliang_remote/datasets/toniot/test/abnormal/test_00001210_orig3630_3631_3632.png,1,0.34270720889607825,0.24182847271773927,0.6755368284268066
/root/New_CheckLiuliang_remote/datasets/toniot/test/abnormal/test_00001217_orig3651_3652_3653.png,1,0.3615778882108713,0.27621368325579937,0.6494031941597157
/root/New_CheckLiuliang_remote/datasets/toniot/test/abnormal/test_00001225_orig3675_3676_3677.png,1,0.3682506599896652,0.3052268621942725,0.6008353000574694
/root/New_CheckLiuliang_remote/datasets/toniot/test/abnormal/test_00001233_orig3699_3700_3701.png,1,0.35369825881344363,0.25359830921337867,0.6795830535669968
/root/New_CheckLiuliang_remote/datasets/toniot/test/abnormal/test_00001240_orig3720_3721_3722.png,1,0.46889745519705744,0.381545413588569,0.7112932336902524
/root/New_CheckLiuliang_remote/datasets/toniot/test/abnormal/test_00001248_orig3744_3745_3746.png,1,0.3615778882108713,0.27621368325579937,0.6494031941597157
/root/New_CheckLiuliang_remote/datasets/toniot/test/abnormal/test_00001256_orig3768_3769_3770.png,1,0.3611320594778214,0.2746857985971765,0.6516901551291167
/root/New_CheckLiuliang_remote/datasets/toniot/test/abnormal/test_00001263_orig3789_3790_3791.png,1,0.3545908539306616,0.2642901080328485,0.6571944175175548
/root/New_CheckLiuliang_remote/datasets/toniot/test/abnormal/test_00001271_orig3813_3814_3815.png,1,0.34987292902643224,0.256760134495933,0.6612389936052493
/root/New_CheckLiuliang_remote/datasets/toniot/test/abnormal/test_00001279_orig3837_3838_3839.png,1,0.348795764041809,0.2571076586830564,0.6573400838213384
/root/New_CheckLiuliang_remote/datasets/toniot/test/abnormal/test_00001286_orig3858_3859_3860.png,1,0.3692809795051072,0.28814727016187536,0.6436414047398716
/root/New_CheckLiuliang_remote/datasets/toniot/test/abnormal/test_00001294_orig3882_3883_3884.png,1,0.3692809795051072,0.28814727016187536,0.6436414047398716
/root/New_CheckLiuliang_remote/datasets/toniot/test/abnormal/test_00001302_orig3906_3907_3908.png,1,0.3615778882108713,0.27621368325579937,0.6494031941597157
/root/New_CheckLiuliang_remote/datasets/toniot/test/abnormal/test_00001309_orig3927_3928_3929.png,1,0.3692809795051072,0.28814727016187536,0.6436414047398716
/root/New_CheckLiuliang_remote/datasets/toniot/test/abnormal/test_00001317_orig3951_3952_3953.png,1,0.11791305174422752,0.17791015447687683,0.1802389641971464
/root/New_CheckLiuliang_remote/datasets/toniot/test/abnormal/test_00001325_orig3975_3976_3977.png,1,0.3692809795051072,0.28814727016187536,0.6436414047398716
/root/New_CheckLiuliang_remote/datasets/toniot/test/abnormal/test_00001333_orig3999_4000_4001.png,1,0.3692809795051072,0.28814727016187536,0.6436414047398716
/root/New_CheckLiuliang_remote/datasets/toniot/test/abnormal/test_00001340_orig4020_4021_4022.png,1,0.389565198449236,0.34043438826494987,0.5797889927394967
/root/New_CheckLiuliang_remote/datasets/toniot/test/abnormal/test_00001348_orig4044_4045_4046.png,1,0.3692809795051072,0.28814727016187536,0.6436414047398716
/root/New_CheckLiuliang_remote/datasets/toniot/test/abnormal/test_00001356_orig4068_4069_4070.png,1,0.3692809795051072,0.28814727016187536,0.6436414047398716
/root/New_CheckLiuliang_remote/datasets/toniot/test/abnormal/test_00001363_orig4089_4090_4091.png,1,0.5514324779173875,0.49463501051650954,0.6840291739373849
/root/New_CheckLiuliang_remote/datasets/toniot/test/abnormal/test_00001371_orig4113_4114_4115.png,1,0.28532828422723716,0.15044081101420895,0.7242806214619235
/root/New_CheckLiuliang_remote/datasets/toniot/test/abnormal/test_00001379_orig4137_4138_4139.png,1,0.2890675164514591,0.1539472757616303,0.7268185132527478
/root/New_CheckLiuliang_remote/datasets/toniot/test/abnormal/test_00001386_orig4158_4159_4160.png,1,0.6786621866935624,0.6775372617028516,0.6219997894709647
/root/New_CheckLiuliang_remote/datasets/toniot/test/abnormal/test_00001394_orig4182_4183_4184.png,1,0.341065843005887,0.22621516803931369,0.7072623997066886
/root/New_CheckLiuliang_remote/datasets/toniot/test/abnormal/test_00001402_orig4206_4207_4208.png,1,0.412418846571702,0.30395419061056844,0.7304263652711743
/root/New_CheckLiuliang_remote/datasets/toniot/test/abnormal/test_00001409_orig4227_4228_4229.png,1,0.3681728693429265,0.305102310068614,0.6009029112097917
/root/New_CheckLiuliang_remote/datasets/toniot/test/abnormal/test_00001417_orig4251_4252_4253.png,1,0.4668719798092464,0.3859037198493496,0.695317213112276
/root/New_CheckLiuliang_remote/datasets/toniot/test/abnormal/test_00001425_orig4275_4276_4277.png,1,0.5122450026765528,0.6280571480447946,0.26036807401387346
/root/New_CheckLiuliang_remote/datasets/toniot/test/abnormal/test_00001432_orig4296_4297_4298.png,1,0.436945235437871,0.3857744164164453,0.6098248348954899
/root/New_CheckLiuliang_remote/datasets/toniot/test/abnormal/test_00001440_orig4320_4321_4322.png,1,0.3692809795051072,0.28814727016187536,0.6436414047398716
/root/New_CheckLiuliang_remote/datasets/toniot/test/abnormal/test_00001448_orig4344_4345_4346.png,1,0.4821096765145106,0.38108793057661355,0.750237532269896
/root/New_CheckLiuliang_remote/datasets/toniot/test/abnormal/test_00001455_orig4365_4366_4367.png,1,0.3488405154395769,0.2391942122290164,0.6992664189973046
/root/New_CheckLiuliang_remote/datasets/toniot/test/abnormal/test_00001463_orig4389_4390_4391.png,1,0.3017249546472333,0.16979729735462484,0.7261215137312479
/root/New_CheckLiuliang_remote/datasets/toniot/test/abnormal/test_00001471_orig4413_4414_4415.png,1,0.34682178882669046,0.24159396176724873,0.6878797115147564
/root/New_CheckLiuliang_remote/datasets/toniot/test/abnormal/test_00001478_orig4434_4435_4436.png,1,0.3372451844729843,0.23014789292250362,0.687132965576304
/root/New_CheckLiuliang_remote/datasets/toniot/test/abnormal/test_00001486_orig4458_4459_4460.png,1,0.34216472152048577,0.23285155643492447,0.6949277618812171
/root/New_CheckLiuliang_remote/datasets/toniot/test/abnormal/test_00001494_orig4482_4483_4484.png,1,0.32171099828033667,0.1976027958049351,0.7185380709878622
/root/New_CheckLiuliang_remote/datasets/toniot/test/abnormal/test_00001501_orig4503_4504_4505.png,1,0.461561987180713,0.3873956303245397,0.6766133848643915
/root/New_CheckLiuliang_remote/datasets/toniot/test/abnormal/test_00001509_orig4527_4528_4529.png,1,0.3428203044297423,0.24598145462968227,0.66617075993561
/root/New_CheckLiuliang_remote/datasets/toniot/test/abnormal/test_00001517_orig4551_4552_4553.png,1,0.3428203044297423,0.24598145462968227,0.66617075993561
/root/New_CheckLiuliang_remote/datasets/toniot/test/abnormal/test_00001524_orig4572_4573_4574.png,1,0.33341409441332276,0.22097243987263102,0.6975593748222115
/root/New_CheckLiuliang_remote/datasets/toniot/test/abnormal/test_00001532_orig4596_4597_4598.png,1,0.30787490585981486,0.18626549795821057,0.7053264120767809
/root/New_CheckLiuliang_remote/datasets/toniot/test/abnormal/test_00001540_orig4620_4621_4622.png,1,0.35037551430916464,0.25379447032681357,0.6695996897582571
/root/New_CheckLiuliang_remote/datasets/toniot/test/abnormal/test_00001547_orig4641_4642_4643.png,1,0.3705422293345043,0.31255439610460684,0.5903071992409961
/root/New_CheckLiuliang_remote/datasets/toniot/test/abnormal/test_00001555_orig4665_4666_4667.png,1,0.34682178882669046,0.24159396176724873,0.6878797115147564
/root/New_CheckLiuliang_remote/datasets/toniot/test/abnormal/test_00001563_orig4689_4690_4691.png,1,0.29106158643898605,0.15762037564174464,0.7239645530669215
/root/New_CheckLiuliang_remote/datasets/toniot/test/abnormal/test_00001570_orig4710_4711_4712.png,1,0.3256629943501426,0.20933394308442987,0.7024949889417288
/root/New_CheckLiuliang_remote/datasets/toniot/test/abnormal/test_00001578_orig4734_4735_4736.png,1,0.33542236479172705,0.20889003523603392,0.7315089682345767
/root/New_CheckLiuliang_remote/datasets/toniot/test/abnormal/test_00001586_orig4758_4759_4760.png,1,0.4595297560819284,0.35681587751129923,0.7421401348320289
/root/New_CheckLiuliang_remote/datasets/toniot/test/abnormal/test_00001594_orig4782_4783_4784.png,1,0.5269281707640171,0.49804916415172623,0.6058137895418739
/root/New_CheckLiuliang_remote/datasets/toniot/test/abnormal/test_00001601_orig4803_4804_4805.png,1,0.39798492085667625,0.2691987174864227,0.7701432449450357
/root/New_CheckLiuliang_remote/datasets/toniot/test/abnormal/test_00001609_orig4827_4828_4829.png,1,0.4059562944875803,0.27755355189912295,0.7735009906682868
/root/New_CheckLiuliang_remote/datasets/toniot/test/abnormal/test_00001617_orig4851_4852_4853.png,1,0.3491044741315912,0.23489563668789765,0.7100531462135143
/root/New_CheckLiuliang_remote/datasets/toniot/test/abnormal/test_00001624_orig4872_4873_4874.png,1,0.389565198449236,0.34043438826494987,0.5797889927394967
/root/New_CheckLiuliang_remote/datasets/toniot/test/abnormal/test_00001632_orig4896_4897_4898.png,1,0.4610922604851605,0.3704548443395386,0.7147952715068739
/root/New_CheckLiuliang_remote/datasets/toniot/test/abnormal/test_00001640_orig4920_4921_4922.png,1,0.6195043321075302,0.583330717286189,0.672221133542195
/root/New_CheckLiuliang_remote/datasets/toniot/test/abnormal/test_00001647_orig4941_4942_4943.png,1,0.4089780012306263,0.3222155006308209,0.6779524154908694
/root/New_CheckLiuliang_remote/datasets/toniot/test/abnormal/test_00001655_orig4965_4966_4967.png,1,0.37869976512714126,0.3247703464127206,0.5851893648207082
/root/New_CheckLiuliang_remote/datasets/toniot/test/abnormal/test_00001663_orig4989_4990_4991.png,1,0.436945235437871,0.3857744164164453,0.6098248348954899
/root/New_CheckLiuliang_remote/datasets/toniot/test/abnormal/test_00001670_orig5010_5011_5012.png,1,0.5666131852651785,0.5128752790332447,0.6849886476477778
/root/New_CheckLiuliang_remote/datasets/toniot/test/abnormal/test_00001678_orig5034_5035_5036.png,1,0.5398739890082127,0.4797970173668764,0.6855152450780593
/root/New_CheckLiuliang_remote/datasets/toniot/test/abnormal/test_00001686_orig5058_5059_5060.png,1,0.46889745519705744,0.381545413588569,0.7112932336902524
/root/New_CheckLiuliang_remote/datasets/toniot/test/abnormal/test_00001693_orig5079_5080_5081.png,1,0.4668719798092464,0.3859037198493496,0.695317213112276
/root/New_CheckLiuliang_remote/datasets/toniot/test/abnormal/test_00001701_orig5103_5104_5105.png,1,0.4449663931426622,0.3622123444052933,0.6877980834162212
/root/New_CheckLiuliang_remote/datasets/toniot/test/abnormal/test_00001709_orig5127_5128_5129.png,1,0.359901991352447,0.29076388293797084,0.6106482617749907
/root/New_CheckLiuliang_remote/datasets/toniot/test/abnormal/test_00001716_orig5148_5149_5150.png,1,0.48926923271577843,0.4352233071983153,0.6444466920419201
/root/New_CheckLiuliang_remote/datasets/toniot/test/abnormal/test_00001724_orig5172_5173_5174.png,1,0.5056614347649386,0.46335138547270843,0.6258077265255316
/root/New_CheckLiuliang_remote/datasets/toniot/test/abnormal/test_00001732_orig5196_5197_5198.png,1,0.32247457470097773,0.1938146464136539,0.7295661095526038
/root/New_CheckLiuliang_remote/datasets/toniot/test/abnormal/test_00001739_orig5217_5218_5219.png,1,0.3080750766852462,0.17769159434356874,0.7259060375384814
/root/New_CheckLiuliang_remote/datasets/toniot/test/abnormal/test_00001747_orig5241_5242_5243.png,1,0.4836309392328787,0.4292010252642278,0.6423348054791418
/root/New_CheckLiuliang_remote/datasets/toniot/test/abnormal/test_00001755_orig5265_5266_5267.png,1,0.32218304072111886,0.19276138341098045,0.7311879526820877
/root/New_CheckLiuliang_remote/datasets/toniot/test/abnormal/test_00001762_orig5286_5287_5288.png,1,0.3708622389440107,0.2903484829330498,0.6430384012106244
/root/New_CheckLiuliang_remote/datasets/toniot/test/abnormal/test_00001770_orig5310_5311_5312.png,1,0.3561595690119328,0.2664894542190336,0.6565598071488075
/root/New_CheckLiuliang_remote/datasets/toniot/test/abnormal/test_00001778_orig5334_5335_5336.png,1,0.43000248224613663,0.37441268327531363,0.6164320385614436
/root/New_CheckLiuliang_remote/datasets/toniot/test/abnormal/test_00001785_orig5355_5356_5357.png,1,0.46833576547171596,0.38795730271681445,0.6947219051613419
/root/New_CheckLiuliang_remote/datasets/toniot/test/abnormal/test_00001793_orig5379_5380_5381.png,1,0.3958495841795144,0.43784942258890247,0.3705033430416718
/root/New_CheckLiuliang_remote/datasets/toniot/test/abnormal/test_00001801_orig5403_5404_5405.png,1,0.591146179160143,0.5417594939179025,0.6879234114058914
/root/New_CheckLiuliang_remote/datasets/toniot/test/abnormal/test_00001808_orig5424_5425_5426.png,1,0.373293848513059,0.2929046862313055,0.6440448729171436
/root/New_CheckLiuliang_remote/datasets/toniot/test/abnormal/test_00001816_orig5448_5449_5450.png,1,0.3732248463096798,0.2927553594321509,0.6441954863784142
/root/New_CheckLiuliang_remote/datasets/toniot/test/abnormal/test_00001824_orig5472_5473_5474.png,1,0.3732248463096798,0.2927553594321509,0.6441954863784142
/root/New_CheckLiuliang_remote/datasets/toniot/test/abnormal/test_00001831_orig5493_5494_5495.png,1,0.34918967670620965,0.2576783246211893,0.6571378000485371
/root/New_CheckLiuliang_remote/datasets/toniot/test/abnormal/test_00001839_orig5517_5518_5519.png,1,0.3469287371292233,0.2432840696304077,0.6842427262355733
/root/New_CheckLiuliang_remote/datasets/toniot/test/abnormal/test_00001847_orig5541_5542_5543.png,1,0.36645144480975533,0.2808608011213085,0.6525314467439871
/root/New_CheckLiuliang_remote/datasets/toniot/test/abnormal/test_00001855_orig5565_5566_5567.png,1,0.3733419523017973,0.29301396629795956,0.6439277901899516
/root/New_CheckLiuliang_remote/datasets/toniot/test/abnormal/test_00001862_orig5586_5587_5588.png,1,0.39237880603917114,0.4389860031579224,0.3579012838698205
/root/New_CheckLiuliang_remote/datasets/toniot/test/abnormal/test_00001870_orig5610_5611_5612.png,1,0.3732248463096798,0.2927553594321509,0.6441954863784142
/root/New_CheckLiuliang_remote/datasets/toniot/test/abnormal/test_00001878_orig5634_5635_5636.png,1,0.2981498927026606,0.165459523528728,0.7259939870049167
/root/New_CheckLiuliang_remote/datasets/toniot/test/abnormal/test_00001885_orig5655_5656_5657.png,1,0.29806568859559224,0.16561614697829585,0.7253871356865129
/root/New_CheckLiuliang_remote/datasets/toniot/test/abnormal/test_00001893_orig5679_5680_5681.png,1,0.3176405803405883,0.18811833809453912,0.7289993851782612
/root/New_CheckLiuliang_remote/datasets/toniot/test/abnormal/test_00001901_orig5703_5704_5705.png,1,0.3119733617696476,0.18175803458781986,0.7275932930836265
/root/New_CheckLiuliang_remote/datasets/toniot/test/abnormal/test_00001908_orig5724_5725_5726.png,1,0.30603206680895173,0.17493142421283142,0.7264895272798632
/root/New_CheckLiuliang_remote/datasets/toniot/test/abnormal/test_00001916_orig5748_5749_5750.png,1,0.29643792122544427,0.16339525021996007,0.72590273943349
/root/New_CheckLiuliang_remote/datasets/toniot/test/abnormal/test_00001924_orig5772_5773_5774.png,1,0.29311900826619114,0.1599866963397117,0.7243413615621804
/root/New_CheckLiuliang_remote/datasets/toniot/test/abnormal/test_00001931_orig5793_5794_5795.png,1,0.3128188503461562,0.1816321249458054,0.730310931596478
/root/New_CheckLiuliang_remote/datasets/toniot/test/abnormal/test_00001939_orig5817_5818_5819.png,1,0.29016921980951826,0.1565774637012853,0.7238397747614165
/root/New_CheckLiuliang_remote/datasets/toniot/test/abnormal/test_00001947_orig5841_5842_5843.png,1,0.3139304666661326,0.18399827595422794,0.727976697788868
/root/New_CheckLiuliang_remote/datasets/toniot/test/abnormal/test_00001954_orig5862_5863_5864.png,1,0.3027238017514111,0.17062826705401132,0.7270460824971492
/root/New_CheckLiuliang_remote/datasets/toniot/test/abnormal/test_00001962_orig5886_5887_5888.png,1,0.2878605180567172,0.1538283233909401,0.7236358419361195
/root/New_CheckLiuliang_remote/datasets/toniot/test/abnormal/test_00001970_orig5910_5911_5912.png,1,0.29692947318862284,0.16474903340593217,0.7241530947355923
/root/New_CheckLiuliang_remote/datasets/toniot/test/abnormal/test_00001977_orig5931_5932_5933.png,1,0.3078232298610585,0.17635410135386803,0.7283048592355048
/root/New_CheckLiuliang_remote/datasets/toniot/test/abnormal/test_00001985_orig5955_5956_5957.png,1,0.2965248829980593,0.16437232261715579,0.7238722061271645
/root/New_CheckLiuliang_remote/datasets/toniot/test/abnormal/test_00001993_orig5979_5980_5981.png,1,0.293996281715279,0.16058077943498472,0.7254701379954612
/root/New_CheckLiuliang_remote/datasets/toniot/test/abnormal/test_00002000_orig6000_6001_6002.png,1,0.27401226289837893,0.13765707949021866,0.7216685223087944
/root/New_CheckLiuliang_remote/datasets/toniot/test/abnormal/test_00002008_orig6024_6025_6026.png,1,0.2760767838602551,0.13969606905685703,0.7228294552657407
/root/New_CheckLiuliang_remote/datasets/toniot/test/abnormal/test_00002016_orig6048_6049_6050.png,1,0.29888878971275,0.16698622036053937,0.7245499667028817
/root/New_CheckLiuliang_remote/datasets/toniot/test/abnormal/test_00002023_orig6069_6070_6071.png,1,0.3788087130024843,0.2959764063657336,0.6526875570469097
/root/New_CheckLiuliang_remote/datasets/toniot/test/abnormal/test_00002031_orig6093_6094_6095.png,1,0.3969419096389499,0.3231705133872324,0.6412189466237437
/root/New_CheckLiuliang_remote/datasets/toniot/test/abnormal/test_00002039_orig6117_6118_6119.png,1,0.39948297274438677,0.32685922470544015,0.6398966813643051
/root/New_CheckLiuliang_remote/datasets/toniot/test/abnormal/test_00002046_orig6138_6139_6140.png,1,0.379824096236473,0.2998650119673551,0.6465250478706197
/root/New_CheckLiuliang_remote/datasets/toniot/test/abnormal/test_00002054_orig6162_6163_6164.png,1,0.39506460780060115,0.31904026987425155,0.6454743265888002
/root/New_CheckLiuliang_remote/datasets/toniot/test/abnormal/test_00002062_orig6186_6187_6188.png,1,0.39678366942077475,0.3216090301987998,0.6444087638345197
/root/New_CheckLiuliang_remote/datasets/toniot/test/abnormal/test_00002069_orig6207_6208_6209.png,1,0.41341759093084873,0.345358439467073,0.6366796547873506
/root/New_CheckLiuliang_remote/datasets/toniot/test/abnormal/test_00002077_orig6231_6232_6233.png,1,0.399052009240786,0.3249396965781255,0.6431400927811902
/root/New_CheckLiuliang_remote/datasets/toniot/test/abnormal/test_00002085_orig6255_6256_6257.png,1,0.38903937304649405,0.31547000185810053,0.6365317897469062
/root/New_CheckLiuliang_remote/datasets/toniot/test/abnormal/test_00002092_orig6276_6277_6278.png,1,0.3920821798540341,0.31647388520332626,0.6429125235367888
/root/New_CheckLiuliang_remote/datasets/toniot/test/abnormal/test_00002100_orig6300_6301_6302.png,1,0.3829792102244998,0.3031793881504094,0.6478365942888364
/root/New_CheckLiuliang_remote/datasets/toniot/test/abnormal/test_00002108_orig6324_6325_6326.png,1,0.4169929166102385,0.3502984414863786,0.6354027384715427
/root/New_CheckLiuliang_remote/datasets/toniot/test/abnormal/test_00002115_orig6345_6346_6347.png,1,0.30573745251172213,0.17509585338144598,0.7252612580126774
/root/New_CheckLiuliang_remote/datasets/toniot/test/abnormal/test_00002123_orig6369_6370_6371.png,1,0.3026267121736011,0.1706846039827833,0.7266362929519771
/root/New_CheckLiuliang_remote/datasets/toniot/test/abnormal/test_00002131_orig6393_6394_6395.png,1,0.2812653612133166,0.14567796487935497,0.723746328453329
/root/New_CheckLiuliang_remote/datasets/toniot/test/abnormal/test_00002139_orig6417_6418_6419.png,1,0.29434531081266524,0.16176487307646295,0.7237078505617635
/root/New_CheckLiuliang_remote/datasets/toniot/test/abnormal/test_00002146_orig6438_6439_6440.png,1,0.46727472475794213,0.3658610089910005,0.7432381289520573
/root/New_CheckLiuliang_remote/datasets/toniot/test/abnormal/test_00002154_orig6462_6463_6464.png,1,0.3074541205296106,0.1770029941720126,0.7257326121843541
/root/New_CheckLiuliang_remote/datasets/toniot/test/abnormal/test_00002162_orig6486_6487_6488.png,1,0.34683950729122176,0.4664102092017549,0.16335926285154706
/root/New_CheckLiuliang_remote/datasets/toniot/test/abnormal/test_00002169_orig6507_6508_6509.png,1,0.17206223891968828,0.23848049800487517,0.19414322515640575
/root/New_CheckLiuliang_remote/datasets/toniot/test/abnormal/test_00002177_orig6531_6532_6533.png,1,0.1472625256209141,0.2176891168762191,0.17156055059664094
/root/New_CheckLiuliang_remote/datasets/toniot/test/abnormal/test_00002185_orig6555_6556_6557.png,1,0.1456361766934515,0.21570883989197565,0.17151877460008416
/root/New_CheckLiuliang_remote/datasets/toniot/test/abnormal/test_00002192_orig6576_6577_6578.png,1,0.1488357107845426,0.21965378242236916,0.17148634323433612
/root/New_CheckLiuliang_remote/datasets/toniot/test/abnormal/test_00002200_orig6600_6601_6602.png,1,0.14717668868477066,0.2175072096845217,0.1717389231082551
/root/New_CheckLiuliang_remote/datasets/toniot/test/abnormal/test_00002208_orig6624_6625_6626.png,1,0.14706838169032302,0.21748498035419297,0.1714802967085187
/root/New_CheckLiuliang_remote/datasets/toniot/test/abnormal/test_00002215_orig6645_6646_6647.png,1,0.15583544765110408,0.22672237008780585,0.17505983999243635
/root/New_CheckLiuliang_remote/datasets/toniot/test/abnormal/test_00002223_orig6669_6670_6671.png,1,0.28538503798460735,0.1506780369974114,0.7238897960204516
/root/New_CheckLiuliang_remote/datasets/toniot/test/abnormal/test_00002231_orig6693_6694_6695.png,1,0.28255814682186015,0.14743051849488767,0.7233631985901701
/root/New_CheckLiuliang_remote/datasets/toniot/test/abnormal/test_00002238_orig6714_6715_6716.png,1,0.3014102366439374,0.16849493010063438,0.728258136081461
/root/New_CheckLiuliang_remote/datasets/toniot/test/abnormal/test_00002246_orig6738_6739_6740.png,1,0.146794125993243,0.21684542046099559,0.1721863660187448
/root/New_CheckLiuliang_remote/datasets/toniot/test/abnormal/test_00002254_orig6762_6763_6764.png,1,0.3498283595364613,0.4479792096370086,0.21493337965338566
/root/New_CheckLiuliang_remote/datasets/toniot/test/abnormal/test_00002261_orig6783_6784_6785.png,1,0.14665940978189382,0.217277450041277,0.1707920921336623
/root/New_CheckLiuliang_remote/datasets/toniot/test/abnormal/test_00002269_orig6807_6808_6809.png,1,0.4664013757796107,0.481442666569378,0.4710438749655417
/root/New_CheckLiuliang_remote/datasets/toniot/test/abnormal/test_00002277_orig6831_6832_6833.png,1,0.2910455818057721,0.15802169141447264,0.7229822674636721
/root/New_CheckLiuliang_remote/datasets/toniot/test/abnormal/test_00002284_orig6852_6853_6854.png,1,0.2977896894096169,0.16625587656103774,0.7231031979800207
/root/New_CheckLiuliang_remote/datasets/toniot/test/abnormal/test_00002292_orig6876_6877_6878.png,1,0.14621897980664067,0.21615444463581654,0.1721498120217576
/root/New_CheckLiuliang_remote/datasets/toniot/test/abnormal/test_00002300_orig6900_6901_6902.png,1,0.14831737783216173,0.21888678568125686,0.1717900437356206
/root/New_CheckLiuliang_remote/datasets/toniot/test/abnormal/test_00002307_orig6921_6922_6923.png,1,0.15535543406279356,0.22812655106849264,0.17040731321800776
/root/New_CheckLiuliang_remote/datasets/toniot/test/abnormal/test_00002315_orig6945_6946_6947.png,1,0.14900561322605857,0.21993037637989415,0.17132803419475254
/root/New_CheckLiuliang_remote/datasets/toniot/test/abnormal/test_00002323_orig6969_6970_6971.png,1,0.1468481070288965,0.2170052680119088,0.17196814140515213
/root/New_CheckLiuliang_remote/datasets/toniot/test/abnormal/test_00002330_orig6990_6991_6992.png,1,0.2801278845466212,0.14500989714268261,0.7220442314357228
/root/New_CheckLiuliang_remote/datasets/toniot/test/abnormal/test_00002338_orig7014_7015_7016.png,1,0.1460577480864715,0.2157794307424851,0.1725626248298384
/root/New_CheckLiuliang_remote/datasets/toniot/test/abnormal/test_00002346_orig7038_7039_7040.png,1,0.228496924465243,0.34182448501344365,0.11479439201220959
/root/New_CheckLiuliang_remote/datasets/toniot/test/abnormal/test_00002353_orig7059_7060_7061.png,1,0.1625110566572757,0.2373725949688747,0.1693469724632969
/root/New_CheckLiuliang_remote/datasets/toniot/test/abnormal/test_00002361_orig7083_7084_7085.png,1,0.14652865191325734,0.2169971229137731,0.17107133168959446
/root/New_CheckLiuliang_remote/datasets/toniot/test/abnormal/test_00002369_orig7107_7108_7109.png,1,0.288884486351884,0.15532786989563244,0.7230724156667683
/root/New_CheckLiuliang_remote/datasets/toniot/test/abnormal/test_00002376_orig7128_7129_7130.png,1,0.27554805196974685,0.13933904225524193,0.7221467475325365
/root/New_CheckLiuliang_remote/datasets/toniot/test/abnormal/test_00002384_orig7152_7153_7154.png,1,0.14680114620001822,0.2166876091846163,0.17257471788147324
/root/New_CheckLiuliang_remote/datasets/toniot/test/abnormal/test_00002392_orig7176_7177_7178.png,1,0.1548689103867813,0.2269400817733915,0.17178097394689446
/root/New_CheckLiuliang_remote/datasets/toniot/test/abnormal/test_00002400_orig7200_7201_7202.png,1,0.21458152868234526,0.32324381927045376,0.1182565777268526
/root/New_CheckLiuliang_remote/datasets/toniot/test/abnormal/test_00002407_orig7221_7222_7223.png,1,0.14344890278588793,0.21199789924343918,0.17390715229796838
/root/New_CheckLiuliang_remote/datasets/toniot/test/abnormal/test_00002415_orig7245_7246_7247.png,1,0.2814216747482694,0.14675108155873423,0.7216905096754033
/root/New_CheckLiuliang_remote/datasets/toniot/test/abnormal/test_00002423_orig7269_7270_7271.png,1,0.14467212879303396,0.213982079087206,0.17278414754842236
/root/New_CheckLiuliang_remote/datasets/toniot/test/abnormal/test_00002430_orig7290_7291_7292.png,1,0.1466405945026274,0.21681097348346334,0.17182659773260778
/root/New_CheckLiuliang_remote/datasets/toniot/test/abnormal/test_00002438_orig7314_7315_7316.png,1,0.14711145520439936,0.2178170627927675,0.17082892097273208
/root/New_CheckLiuliang_remote/datasets/toniot/test/abnormal/test_00002446_orig7338_7339_7340.png,1,0.2989957996756837,0.3472005891620985,0.30435654933566547
/root/New_CheckLiuliang_remote/datasets/toniot/test/abnormal/test_00002453_orig7359_7360_7361.png,1,0.5085356383271118,0.44659454295393863,0.6731468016764268
/root/New_CheckLiuliang_remote/datasets/toniot/test/abnormal/test_00002461_orig7383_7384_7385.png,1,0.44005986665905783,0.35562465690895223,0.6891033084665379
/root/New_CheckLiuliang_remote/datasets/toniot/test/abnormal/test_00002469_orig7407_7408_7409.png,1,0.30142127142108716,0.3707399227742883,0.2563847877106012
/root/New_CheckLiuliang_remote/datasets/toniot/test/abnormal/test_00002476_orig7428_7429_7430.png,1,0.24300039743326815,0.28509964594276543,0.28873095241301727
/root/New_CheckLiuliang_remote/datasets/toniot/test/abnormal/test_00002484_orig7452_7453_7454.png,1,0.14985839314926483,0.22193033735129894,0.1691062107989302
/root/New_CheckLiuliang_remote/datasets/toniot/test/abnormal/test_00002492_orig7476_7477_7478.png,1,0.44019536628284534,0.3565151876384561,0.6874138541847318
/root/New_CheckLiuliang_remote/datasets/toniot/test/abnormal/test_00002499_orig7497_7498_7499.png,1,0.5469067650628097,0.4950850271885073,0.6700048069880249
/root/New_CheckLiuliang_remote/datasets/toniot/test/abnormal/test_00002507_orig7521_7522_7523.png,1,0.44082044526728903,0.3576667008873915,0.6865189683637524
/root/New_CheckLiuliang_remote/datasets/toniot/test/abnormal/test_00002515_orig7545_7546_7547.png,1,0.1979378672433624,0.2828936818643451,0.16469279663637265
/root/New_CheckLiuliang_remote/datasets/toniot/test/abnormal/test_00002522_orig7566_7567_7568.png,1,0.28168507659225095,0.3176861473091905,0.32359714417088803
/root/New_CheckLiuliang_remote/datasets/toniot/test/abnormal/test_00002530_orig7590_7591_7592.png,1,0.27076195015294474,0.3258421055757439,0.27325212116248304
/root/New_CheckLiuliang_remote/datasets/toniot/test/abnormal/test_00002538_orig7614_7615_7616.png,1,0.34324738002819394,0.34741711302087264,0.43071189871079824
/root/New_CheckLiuliang_remote/datasets/toniot/test/abnormal/test_00002545_orig7635_7636_7637.png,1,0.31046661069859194,0.17384405361171468,0.7417396899176656
/root/New_CheckLiuliang_remote/datasets/toniot/test/abnormal/test_00002553_orig7659_7660_7661.png,1,0.46862844426242917,0.49563346379631146,0.44431658180001227
/root/New_CheckLiuliang_remote/datasets/toniot/test/abnormal/test_00002561_orig7683_7684_7685.png,1,0.21250093512491414,0.2521437304379772,0.2781921327553221
/root/New_CheckLiuliang_remote/datasets/toniot/test/abnormal/test_00002568_orig7704_7705_7706.png,1,0.2760119117839776,0.30949421485920436,0.3264478062517229
/root/New_CheckLiuliang_remote/datasets/toniot/test/abnormal/test_00002576_orig7728_7729_7730.png,1,0.25709530603047265,0.34440783863881835,0.19075249838324146
/root/New_CheckLiuliang_remote/datasets/toniot/test/abnormal/test_00002584_orig7752_7753_7754.png,1,0.2606802019613682,0.29077406431064046,0.3261751629057734
/root/New_CheckLiuliang_remote/datasets/toniot/test/abnormal/test_00002591_orig7773_7774_7775.png,1,0.14583692488576916,0.21584900345572758,0.17176723184276393
/root/New_CheckLiuliang_remote/datasets/toniot/test/abnormal/test_00002599_orig7797_7798_7799.png,1,0.24874575454994993,0.3673909299241573,0.11318876456559972
/root/New_CheckLiuliang_remote/datasets/toniot/test/abnormal/test_00002607_orig7821_7822_7823.png,1,0.30548509668518875,0.17410215140888988,0.726856441460148
/root/New_CheckLiuliang_remote/datasets/toniot/test/abnormal/test_00002614_orig7842_7843_7844.png,1,0.27504380303880394,0.1391181064683109,0.721216681924983
/root/New_CheckLiuliang_remote/datasets/toniot/test/abnormal/test_00002622_orig7866_7867_7868.png,1,0.18505180689547912,0.26680847056268203,0.16528315742981975
/root/New_CheckLiuliang_remote/datasets/toniot/test/abnormal/test_00002630_orig7890_7891_7892.png,1,0.21424580289655185,0.2649863442339069,0.2532282263918209
/root/New_CheckLiuliang_remote/datasets/toniot/test/abnormal/test_00002637_orig7911_7912_7913.png,1,0.22297180035859399,0.26070711330086044,0.28822881592808813
/root/New_CheckLiuliang_remote/datasets/toniot/test/abnormal/test_00002645_orig7935_7936_7937.png,1,0.2724004226802073,0.32986137212662575,0.268571010811463
/root/New_CheckLiuliang_remote/datasets/toniot/test/abnormal/test_00002653_orig7959_7960_7961.png,1,0.6079238489397322,0.5928088964834387,0.6169064159960291
/root/New_CheckLiuliang_remote/datasets/toniot/test/abnormal/test_00002661_orig7983_7984_7985.png,1,0.5452290199602636,0.49295644154237617,0.6701617418171953
/root/New_CheckLiuliang_remote/datasets/toniot/test/abnormal/test_00002668_orig8004_8005_8006.png,1,0.21480603166905216,0.25521035988607044,0.27764492216884484
/root/New_CheckLiuliang_remote/datasets/toniot/test/abnormal/test_00002676_orig8028_8029_8030.png,1,0.23438105756980354,0.292060650436993,0.24777865757782222
/root/New_CheckLiuliang_remote/datasets/toniot/test/abnormal/test_00002684_orig8052_8053_8054.png,1,0.18104675196508466,0.26162954566472907,0.16588561127490173
/root/New_CheckLiuliang_remote/datasets/toniot/test/abnormal/test_00002691_orig8073_8074_8075.png,1,0.5466691012678383,0.494676414765366,0.6702769006498092
/root/New_CheckLiuliang_remote/datasets/toniot/test/abnormal/test_00002699_orig8097_8098_8099.png,1,0.22715488521020671,0.2704438993639187,0.2775017294438048
/root/New_CheckLiuliang_remote/datasets/toniot/test/abnormal/test_00002707_orig8121_8122_8123.png,1,0.5358932144064095,0.5926317405989872,0.41082212687645
/root/New_CheckLiuliang_remote/datasets/toniot/test/abnormal/test_00002714_orig8142_8143_8144.png,1,0.24436377230290385,0.291617760725864,0.27743054534440875
/root/New_CheckLiuliang_remote/datasets/toniot/test/abnormal/test_00002722_orig8166_8167_8168.png,1,0.21493420392131257,0.25516912532675845,0.27810858076220857
/root/New_CheckLiuliang_remote/datasets/toniot/test/abnormal/test_00002730_orig8190_8191_8192.png,1,0.26398601835848534,0.12703705934806975,0.7177052994775527
/root/New_CheckLiuliang_remote/datasets/toniot/test/abnormal/test_00002737_orig8211_8212_8213.png,1,0.18776251377532202,0.27059288678398435,0.16422391604343933
/root/New_CheckLiuliang_remote/datasets/toniot/test/abnormal/test_00002745_orig8235_8236_8237.png,1,0.26822137912715305,0.3240590078422023,0.2701293654198639
/root/New_CheckLiuliang_remote/datasets/toniot/test/abnormal/test_00002753_orig8259_8260_8261.png,1,0.2640473510626434,0.2947923127242553,0.3264522037250447
/root/New_CheckLiuliang_remote/datasets/toniot/test/abnormal/test_00002760_orig8280_8281_8282.png,1,0.6021076558583944,0.5868684049097973,0.6140936821225944
/root/New_CheckLiuliang_remote/datasets/toniot/test/abnormal/test_00002768_orig8304_8305_8306.png,1,0.38488773759983,0.3229841942673781,0.6070967523834992
/root/New_CheckLiuliang_remote/datasets/toniot/test/abnormal/test_00002776_orig8328_8329_8330.png,1,0.26161471678261644,0.2919808963510809,0.32603829154863345
/root/New_CheckLiuliang_remote/datasets/toniot/test/abnormal/test_00002783_orig8349_8350_8351.png,1,0.22767794596324806,0.28086283739584245,0.2546903862713082
/root/New_CheckLiuliang_remote/datasets/toniot/test/abnormal/test_00002791_orig8373_8374_8375.png,1,0.18659804911116706,0.26801598136130045,0.166898404349321
/root/New_CheckLiuliang_remote/datasets/toniot/test/abnormal/test_00002799_orig8397_8398_8399.png,1,0.28217678026164417,0.1474274640830868,0.7222770226796938
/root/New_CheckLiuliang_remote/datasets/toniot/test/abnormal/test_00002806_orig8418_8419_8420.png,1,0.4394450236262522,0.35531107063072753,0.6880723758146663
/root/New_CheckLiuliang_remote/datasets/toniot/test/abnormal/test_00002814_orig8442_8443_8444.png,1,0.14531181745801974,0.2150867580218611,0.17204042487287866
/root/New_CheckLiuliang_remote/datasets/toniot/test/abnormal/test_00002822_orig8466_8467_8468.png,1,0.5377618367716542,0.5941745579375254,0.41257919231057816
/root/New_CheckLiuliang_remote/datasets/toniot/test/abnormal/test_00002829_orig8487_8488_8489.png,1,0.327443719099234,0.39420595050325674,0.27623195902214487
/root/New_CheckLiuliang_remote/datasets/toniot/test/abnormal/test_00002837_orig8511_8512_8513.png,1,0.2928427405708617,0.310694938076043,0.3718967924005065
/root/New_CheckLiuliang_remote/datasets/toniot/test/abnormal/test_00002845_orig8535_8536_8537.png,1,0.6111782347187023,0.5963533716888267,0.6179656573824095
/root/New_CheckLiuliang_remote/datasets/toniot/test/abnormal/test_00002852_orig8556_8557_8558.png,1,0.1868880616335822,0.26861023414611795,0.16634322334244803
/root/New_CheckLiuliang_remote/datasets/toniot/test/abnormal/test_00002860_orig8580_8581_8582.png,1,0.18518378079036682,0.2662652943307572,0.16692891182049074
/root/New_CheckLiuliang_remote/datasets/toniot/test/abnormal/test_00002868_orig8604_8605_8606.png,1,0.21970393239785527,0.2619594221392252,0.275938427677917
/root/New_CheckLiuliang_remote/datasets/toniot/test/abnormal/test_00002875_orig8625_8626_8627.png,1,0.6316390328098738,0.5981106766116052,0.672522360464736
/root/New_CheckLiuliang_remote/datasets/toniot/test/abnormal/test_00002883_orig8649_8650_8651.png,1,0.26272961231014386,0.12459879028323731,0.7197927250949786
/root/New_CheckLiuliang_remote/datasets/toniot/test/abnormal/test_00002891_orig8673_8674_8675.png,1,0.22454803292589554,0.27778602657507956,0.2528967668401928
/root/New_CheckLiuliang_remote/datasets/toniot/test/abnormal/test_00002898_orig8694_8695_8696.png,1,0.2678304321294392,0.299952232393225,0.32525774003401997
/root/New_CheckLiuliang_remote/datasets/toniot/test/abnormal/test_00002906_orig8718_8719_8720.png,1,0.3314184219910491,0.4028499358997746,0.26745735069272575
/root/New_CheckLiuliang_remote/datasets/toniot/test/abnormal/test_00002914_orig8742_8743_8744.png,1,0.583299803043819,0.6067444806354534,0.5137977596522478
/root/New_CheckLiuliang_remote/datasets/toniot/test/abnormal/test_00002922_orig8766_8767_8768.png,1,0.25647604954901587,0.1178984289293523,0.7174991679155949
/root/New_CheckLiuliang_remote/datasets/toniot/test/abnormal/test_00002929_orig8787_8788_8789.png,1,0.14812301027553373,0.21871217513997265,0.17164025480059794
/root/New_CheckLiuliang_remote/datasets/toniot/test/abnormal/test_00002937_orig8811_8812_8813.png,1,0.21514693684875277,0.2672852981827098,0.25044737419996904
/root/New_CheckLiuliang_remote/datasets/toniot/test/abnormal/test_00002945_orig8835_8836_8837.png,1,0.6310375419059465,0.5966075666264785,0.6743052610546295
/root/New_CheckLiuliang_remote/datasets/toniot/test/abnormal/test_00002952_orig8856_8857_8858.png,1,0.38807892658311743,0.43000433556786183,0.36653160010586916
/root/New_CheckLiuliang_remote/datasets/toniot/test/abnormal/test_00002960_orig8880_8881_8882.png,1,0.2656971917301623,0.29652959428078357,0.32712831524826624
/root/New_CheckLiuliang_remote/datasets/toniot/test/abnormal/test_00002968_orig8904_8905_8906.png,1,0.3425770607546023,0.3468567981449539,0.430097626656164
/root/New_CheckLiuliang_remote/datasets/toniot/test/abnormal/test_00002975_orig8925_8926_8927.png,1,0.5696880892762769,0.607004784396707,0.4741682797606565
/root/New_CheckLiuliang_remote/datasets/toniot/test/abnormal/test_00002983_orig8949_8950_8951.png,1,0.5531130074965669,0.5146203663088197,0.6422144246469584
/root/New_CheckLiuliang_remote/datasets/toniot/test/abnormal/test_00002991_orig8973_8974_8975.png,1,0.30476052918791696,0.3905888481728254,0.21964362326516243
/root/New_CheckLiuliang_remote/datasets/toniot/test/abnormal/test_00002998_orig8994_8995_8996.png,1,0.634173599538857,0.6510887705398588,0.5561729119491169
/root/New_CheckLiuliang_remote/datasets/toniot/test/abnormal/test_00003006_orig9018_9019_9020.png,1,0.34492047732865316,0.3496556574918358,0.4302850689565043
/root/New_CheckLiuliang_remote/datasets/toniot/test/abnormal/test_00003014_orig9042_9043_9044.png,1,0.25380252575968754,0.11501743984293536,0.7165570092564065
/root/New_CheckLiuliang_remote/datasets/toniot/test/abnormal/test_00003021_orig9063_9064_9065.png,1,0.15577703343469404,0.22671609157465958,0.17490702779450498
/root/New_CheckLiuliang_remote/datasets/toniot/test/abnormal/test_00003029_orig9087_9088_9089.png,1,0.1483143449957008,0.2192400793128931,0.17095699738322853
/root/New_CheckLiuliang_remote/datasets/toniot/test/abnormal/test_00003037_orig9111_9112_9113.png,1,0.29390359145309647,0.31157664494923315,0.37288072705625164
/root/New_CheckLiuliang_remote/datasets/toniot/test/abnormal/test_00003044_orig9132_9133_9134.png,1,0.25700133473448666,0.1184996389854941,0.7176022336965738
/root/New_CheckLiuliang_remote/datasets/toniot/test/abnormal/test_00003052_orig9156_9157_9158.png,1,0.2779572594173449,0.310196050815231,0.33038711782177754
/root/New_CheckLiuliang_remote/datasets/toniot/test/abnormal/test_00003060_orig9180_9181_9182.png,1,0.14746952974168637,0.21802001148798217,0.1713819032429442
/root/New_CheckLiuliang_remote/datasets/toniot/test/abnormal/test_00003067_orig9201_9202_9203.png,1,0.4108986566807247,0.32239028086164956,0.6830507361232919
/root/New_CheckLiuliang_remote/datasets/toniot/test/abnormal/test_00003075_orig9225_9226_9227.png,1,0.35898691341737404,0.4404341337306331,0.2587943282488464
/root/New_CheckLiuliang_remote/datasets/toniot/test/abnormal/test_00003083_orig9249_9250_9251.png,1,0.5053926638102398,0.5657362871757975,0.3861391091213766
/root/New_CheckLiuliang_remote/datasets/toniot/test/abnormal/test_00003090_orig9270_9271_9272.png,1,0.4710017500527773,0.529923308810366,0.37111074404424077
/root/New_CheckLiuliang_remote/datasets/toniot/test/abnormal/test_00003098_orig9294_9295_9296.png,1,0.24608561843375493,0.3015103217907677,0.2592840968400581
/root/New_CheckLiuliang_remote/datasets/toniot/test/abnormal/test_00003106_orig9318_9319_9320.png,1,0.528400291970656,0.6111248465370182,0.34619081241395727
/root/New_CheckLiuliang_remote/datasets/toniot/test/abnormal/test_00003113_orig9339_9340_9341.png,1,0.42403060762913647,0.3120378611311675,0.744853101029476
/root/New_CheckLiuliang_remote/datasets/toniot/test/abnormal/test_00003121_orig9363_9364_9365.png,1,0.21568981449797828,0.26714496492941336,0.25233114183418065
/root/New_CheckLiuliang_remote/datasets/toniot/test/abnormal/test_00003129_orig9387_9388_9389.png,1,0.18633414535417855,0.26848093071321366,0.16505696239583142
/root/New_CheckLiuliang_remote/datasets/toniot/test/abnormal/test_00003136_orig9408_9409_9410.png,1,0.5582591251263548,0.6900752827664147,0.24757252601586444
/root/New_CheckLiuliang_remote/datasets/toniot/test/abnormal/test_00003144_orig9432_9433_9434.png,1,0.2235598855482298,0.27592317475562583,0.2544105970312108
/root/New_CheckLiuliang_remote/datasets/toniot/test/abnormal/test_00003152_orig9456_9457_9458.png,1,0.2159306221861703,0.2574584069715252,0.27562345865124543
/root/New_CheckLiuliang_remote/datasets/toniot/test/abnormal/test_00003159_orig9477_9478_9479.png,1,0.1481642850018065,0.21918645741683304,0.170651922671531
/root/New_CheckLiuliang_remote/datasets/toniot/test/abnormal/test_00003167_orig9501_9502_9503.png,1,0.39878529187060335,0.30403394469648054,0.6911555542973896
/root/New_CheckLiuliang_remote/datasets/toniot/test/abnormal/test_00003175_orig9525_9526_9527.png,1,0.7179775754186571,0.7270669247079007,0.6191400576014037
/root/New_CheckLiuliang_remote/datasets/toniot/test/abnormal/test_00003183_orig9549_9550_9551.png,1,0.2527763699807289,0.11348022225936538,0.7172020636242931
/root/New_CheckLiuliang_remote/datasets/toniot/test/abnormal/test_00003190_orig9570_9571_9572.png,1,0.5505798608008362,0.667447182008157,0.2783564883207231
/root/New_CheckLiuliang_remote/datasets/toniot/test/abnormal/test_00003198_orig9594_9595_9596.png,1,0.526688096814607,0.5709488106035603,0.4350263697236161
/root/New_CheckLiuliang_remote/datasets/toniot/test/abnormal/test_00003206_orig9618_9619_9620.png,1,0.4141652626617867,0.34816238950028977,0.6322805324130888
/root/New_CheckLiuliang_remote/datasets/toniot/test/abnormal/test_00003213_orig9639_9640_9641.png,1,0.6415470961954964,0.6134377150284697,0.6651637385449255
/root/New_CheckLiuliang_remote/datasets/toniot/test/abnormal/test_00003221_orig9663_9664_9665.png,1,0.47668773109632107,0.559687873051858,0.31796068274071426
/root/New_CheckLiuliang_remote/datasets/toniot/test/abnormal/test_00003229_orig9687_9688_9689.png,1,0.35675038753791566,0.36220725371895846,0.43491203541725015
/root/New_CheckLiuliang_remote/datasets/toniot/test/abnormal/test_00003236_orig9708_9709_9710.png,1,0.2724596621925104,0.3064839223398831,0.32328822167003396
/root/New_CheckLiuliang_remote/datasets/toniot/test/abnormal/test_00003244_orig9732_9733_9734.png,1,0.2742503053859196,0.33167128080819736,0.2696511401961218
/root/New_CheckLiuliang_remote/datasets/toniot/test/abnormal/test_00003252_orig9756_9757_9758.png,1,0.29519595061803783,0.3589885824389987,0.2659578122900035
/root/New_CheckLiuliang_remote/datasets/toniot/test/abnormal/test_00003259_orig9777_9778_9779.png,1,0.49200243534269944,0.5753458060804855,0.32532974865966385
/root/New_CheckLiuliang_remote/datasets/toniot/test/abnormal/test_00003267_orig9801_9802_9803.png,1,0.4991793583681927,0.4298115682453168,0.6854844627648069
/root/New_CheckLiuliang_remote/datasets/toniot/test/abnormal/test_00003275_orig9825_9826_9827.png,1,0.37420043690089555,0.2913262340884235,0.6503269383993692
/root/New_CheckLiuliang_remote/datasets/toniot/test/abnormal/test_00003282_orig9846_9847_9848.png,1,0.5910060806384754,0.6081987200317659,0.5324969155847279
/root/New_CheckLiuliang_remote/datasets/toniot/test/abnormal/test_00003290_orig9870_9871_9872.png,1,0.34284191893146865,0.3477978963587169,0.4286610270903596
/root/New_CheckLiuliang_remote/datasets/toniot/test/abnormal/test_00003298_orig9894_9895_9896.png,1,0.4468827573650322,0.32509241716817,0.7799050860351914
/root/New_CheckLiuliang_remote/datasets/toniot/test/abnormal/test_00003305_orig9915_9916_9917.png,1,0.4122197248418804,0.3443314783437961,0.6356418510834138
/root/New_CheckLiuliang_remote/datasets/toniot/test/abnormal/test_00003313_orig9939_9940_9941.png,1,0.5474632989813734,0.5073152314183585,0.6430631369980594
/root/New_CheckLiuliang_remote/datasets/toniot/test/abnormal/test_00003321_orig9963_9964_9965.png,1,0.30735698023197744,0.32560827338343135,0.3787084785759222
/root/New_CheckLiuliang_remote/datasets/toniot/test/abnormal/test_00003328_orig9984_9985_9986.png,1,0.22988529704571306,0.27063768482373074,0.28487711673065447
/root/New_CheckLiuliang_remote/datasets/toniot/test/abnormal/test_00003336_orig10008_10009_10010.png,1,0.3558292733716354,0.26972628228025414,0.6480603157440813
/root/New_CheckLiuliang_remote/datasets/toniot/test/abnormal/test_00003344_orig10032_10033_10034.png,1,0.7549881959300554,0.7584408245893726,0.6520364561532058
/root/New_CheckLiuliang_remote/datasets/toniot/test/abnormal/test_00003351_orig10053_10054_10055.png,1,0.6958868150454154,0.7275376435043267,0.55471185143796
/root/New_CheckLiuliang_remote/datasets/toniot/test/abnormal/test_00003359_orig10077_10078_10079.png,1,0.15072746945737417,0.22236440320611425,0.17058486120337407
/root/New_CheckLiuliang_remote/datasets/toniot/test/abnormal/test_00003367_orig10101_10102_10103.png,1,0.2817344836419303,0.33482479130307147,0.28374861513945626
/root/New_CheckLiuliang_remote/datasets/toniot/test/abnormal/test_00003374_orig10122_10123_10124.png,1,0.5153145369766851,0.4758992485298522,0.6242029236051696
/root/New_CheckLiuliang_remote/datasets/toniot/test/abnormal/test_00003382_orig10146_10147_10148.png,1,0.4243851620770809,0.31206569021646446,0.7458046043194732
/root/New_CheckLiuliang_remote/datasets/toniot/test/abnormal/test_00003390_orig10170_10171_10172.png,1,0.5111553894507439,0.4424256102248132,0.6903846222556674
/root/New_CheckLiuliang_remote/datasets/toniot/test/abnormal/test_00003397_orig10191_10192_10193.png,1,0.4681214656903712,0.38026561504399625,0.7120548211011658
/root/New_CheckLiuliang_remote/datasets/toniot/test/abnormal/test_00003405_orig10215_10216_10217.png,1,0.6093500354276644,0.5959546012592661,0.6136550341587482
/root/New_CheckLiuliang_remote/datasets/toniot/test/abnormal/test_00003413_orig10239_10240_10241.png,1,0.27932917873561636,0.2917901653030698,0.37726720669471336
/root/New_CheckLiuliang_remote/datasets/toniot/test/abnormal/test_00003420_orig10260_10261_10262.png,1,0.36847665444120975,0.28682335233573414,0.6444247046753112
/root/New_CheckLiuliang_remote/datasets/toniot/test/abnormal/test_00003428_orig10284_10285_10286.png,1,0.3692809795051072,0.28814727016187536,0.6436414047398716
/root/New_CheckLiuliang_remote/datasets/toniot/test/abnormal/test_00003436_orig10308_10309_10310.png,1,0.3692809795051072,0.28814727016187536,0.6436414047398716
/root/New_CheckLiuliang_remote/datasets/toniot/test/abnormal/test_00003443_orig10329_10330_10331.png,1,0.573102980614595,0.5695027163053835,0.5714629266888978
/root/New_CheckLiuliang_remote/datasets/toniot/test/abnormal/test_00003451_orig10353_10354_10355.png,1,0.7414688447344474,0.7515789187891293,0.6292902505542878
/root/New_CheckLiuliang_remote/datasets/toniot/test/abnormal/test_00003459_orig10377_10378_10379.png,1,0.3542144006274278,0.3614619772395414,0.42938083850471614
/root/New_CheckLiuliang_remote/datasets/toniot/test/abnormal/test_00003467_orig10401_10402_10403.png,1,0.5123187407409282,0.560103951814957,0.4191369244016619
/root/New_CheckLiuliang_remote/datasets/toniot/test/abnormal/test_00003474_orig10422_10423_10424.png,1,0.3692809795051072,0.28814727016187536,0.6436414047398716
/root/New_CheckLiuliang_remote/datasets/toniot/test/abnormal/test_00003482_orig10446_10447_10448.png,1,0.2880139973766706,0.34415500121752246,0.27998025534478527
/root/New_CheckLiuliang_remote/datasets/toniot/test/abnormal/test_00003490_orig10470_10471_10472.png,1,0.38802828216626134,0.4859961158063265,0.23573892530699173
/root/New_CheckLiuliang_remote/datasets/toniot/test/abnormal/test_00003497_orig10491_10492_10493.png,1,0.3428203044297423,0.24598145462968227,0.66617075993561
/root/New_CheckLiuliang_remote/datasets/toniot/test/abnormal/test_00003505_orig10515_10516_10517.png,1,0.63433842340806,0.6423239661876614,0.5770966396982454
/root/New_CheckLiuliang_remote/datasets/toniot/test/abnormal/test_00003513_orig10539_10540_10541.png,1,0.3671788746848031,0.2850453452885274,0.6448529086400182
/root/New_CheckLiuliang_remote/datasets/toniot/test/abnormal/test_00003520_orig10560_10561_10562.png,1,0.42813073188278333,0.35076271208011384,0.6662493647712365
/root/New_CheckLiuliang_remote/datasets/toniot/test/abnormal/test_00003528_orig10584_10585_10586.png,1,0.5871901018893283,0.6489459309719902,0.42648043000692876
/root/New_CheckLiuliang_remote/datasets/toniot/test/abnormal/test_00003536_orig10608_10609_10610.png,1,0.549217247454284,0.44836101111211984,0.7856512094563266
/root/New_CheckLiuliang_remote/datasets/toniot/test/abnormal/test_00003543_orig10629_10630_10631.png,1,0.5078521958766057,0.5904064319124945,0.3356264324425793
/root/New_CheckLiuliang_remote/datasets/toniot/test/abnormal/test_00003551_orig10653_10654_10655.png,1,0.489573960178874,0.4456490328120188,0.6209935926065281
/root/New_CheckLiuliang_remote/datasets/toniot/test/abnormal/test_00003559_orig10677_10678_10679.png,1,0.36859902716175713,0.2871192909013315,0.6440849998612047
/root/New_CheckLiuliang_remote/datasets/toniot/test/abnormal/test_00003566_orig10698_10699_10700.png,1,0.46742184255723557,0.37647814441089306,0.7188865707486121
/root/New_CheckLiuliang_remote/datasets/toniot/test/abnormal/test_00003574_orig10722_10723_10724.png,1,0.3428203044297423,0.24598145462968227,0.66617075993561
/root/New_CheckLiuliang_remote/datasets/toniot/test/abnormal/test_00003582_orig10746_10747_10748.png,1,0.4089780012306263,0.3222155006308209,0.6779524154908694
/root/New_CheckLiuliang_remote/datasets/toniot/test/abnormal/test_00003589_orig10767_10768_10769.png,1,0.689727178299252,0.6578688859796559,0.6996138193897241
/root/New_CheckLiuliang_remote/datasets/toniot/test/abnormal/test_00003597_orig10791_10792_10793.png,1,0.5970005128459016,0.5866861583390108,0.5998777502416549
/root/New_CheckLiuliang_remote/datasets/toniot/test/abnormal/test_00003605_orig10815_10816_10817.png,1,0.2663065974198353,0.12933787988186213,0.7189893616875084
/root/New_CheckLiuliang_remote/datasets/toniot/test/abnormal/test_00003612_orig10836_10837_10838.png,1,0.348795764041809,0.2571076586830564,0.6573400838213384
/root/New_CheckLiuliang_remote/datasets/toniot/test/abnormal/test_00003620_orig10860_10861_10862.png,1,0.5999023326125583,0.5629852802804629,0.6634987452084719
/root/New_CheckLiuliang_remote/datasets/toniot/test/abnormal/test_00003628_orig10884_10885_10886.png,1,0.4668719798092464,0.3859037198493496,0.695317213112276
/root/New_CheckLiuliang_remote/datasets/toniot/test/abnormal/test_00003635_orig10905_10906_10907.png,1,0.5139220166471878,0.46001121647889104,0.6572829166681554
/root/New_CheckLiuliang_remote/datasets/toniot/test/abnormal/test_00003643_orig10929_10930_10931.png,1,0.34000921989214133,0.3434232999016649,0.4307476281815376
/root/New_CheckLiuliang_remote/datasets/toniot/test/abnormal/test_00003651_orig10953_10954_10955.png,1,0.671410237542078,0.634637029822089,0.7013104195656781
/root/New_CheckLiuliang_remote/datasets/toniot/test/abnormal/test_00003658_orig10974_10975_10976.png,1,0.36859902716175713,0.2871192909013315,0.6440849998612047
/root/New_CheckLiuliang_remote/datasets/toniot/test/abnormal/test_00003666_orig10998_10999_11000.png,1,0.5347319481529171,0.5141798522513136,0.5905474112211976
/root/New_CheckLiuliang_remote/datasets/toniot/test/abnormal/test_00003674_orig11022_11023_11024.png,1,0.49393092523697624,0.4133462523639875,0.7088573083120766
/root/New_CheckLiuliang_remote/datasets/toniot/test/abnormal/test_00003681_orig11043_11044_11045.png,1,0.3428203044297423,0.24598145462968227,0.66617075993561
/root/New_CheckLiuliang_remote/datasets/toniot/test/abnormal/test_00003689_orig11067_11068_11069.png,1,0.2850951426922862,0.15899587908941196,0.7036504250570229
/root/New_CheckLiuliang_remote/datasets/toniot/test/abnormal/test_00003697_orig11091_11092_11093.png,1,0.5615825064774028,0.4918626227385687,0.7195962130059121
/root/New_CheckLiuliang_remote/datasets/toniot/test/abnormal/test_00003704_orig11112_11113_11114.png,1,0.26483606308861285,0.2894491283472323,0.34118071609005257
/root/New_CheckLiuliang_remote/datasets/toniot/test/abnormal/test_00003712_orig11136_11137_11138.png,1,0.5935457260363072,0.5581589702559682,0.6565369952559508
/root/New_CheckLiuliang_remote/datasets/toniot/test/abnormal/test_00003720_orig11160_11161_11162.png,1,0.3428203044297423,0.24598145462968227,0.66617075993561
/root/New_CheckLiuliang_remote/datasets/toniot/test/abnormal/test_00003728_orig11184_11185_11186.png,1,0.3428203044297423,0.24598145462968227,0.66617075993561
/root/New_CheckLiuliang_remote/datasets/toniot/test/abnormal/test_00003735_orig11205_11206_11207.png,1,0.3428203044297423,0.24598145462968227,0.66617075993561
/root/New_CheckLiuliang_remote/datasets/toniot/test/abnormal/test_00003743_orig11229_11230_11231.png,1,0.3692809795051072,0.28814727016187536,0.6436414047398716
/root/New_CheckLiuliang_remote/datasets/toniot/test/abnormal/test_00003751_orig11253_11254_11255.png,1,0.4102836099607461,0.5335393930035304,0.18860625656013696
/root/New_CheckLiuliang_remote/datasets/toniot/test/abnormal/test_00003758_orig11274_11275_11276.png,1,0.3615778882108713,0.27621368325579937,0.6494031941597157
/root/New_CheckLiuliang_remote/datasets/toniot/test/abnormal/test_00003766_orig11298_11299_11300.png,1,0.5302631965359029,0.5061053449661173,0.5965768968295042
/root/New_CheckLiuliang_remote/datasets/toniot/test/abnormal/test_00003774_orig11322_11323_11324.png,1,0.5801325716386158,0.5617394196447889,0.6097297395349067
/root/New_CheckLiuliang_remote/datasets/toniot/test/abnormal/test_00003781_orig11343_11344_11345.png,1,0.3478613102465276,0.35355614136157193,0.4296147291170176
/root/New_CheckLiuliang_remote/datasets/toniot/test/abnormal/test_00003789_orig11367_11368_11369.png,1,0.40728623183833546,0.33786460980313465,0.6365878575317587
/root/New_CheckLiuliang_remote/datasets/toniot/test/abnormal/test_00003797_orig11391_11392_11393.png,1,0.3934868624255626,0.31951472184065643,0.6398441865265265
/root/New_CheckLiuliang_remote/datasets/toniot/test/abnormal/test_00003804_orig11412_11413_11414.png,1,0.4118270580761146,0.34434233847464374,0.6344908124414415
/root/New_CheckLiuliang_remote/datasets/toniot/test/abnormal/test_00003812_orig11436_11437_11438.png,1,0.286508976660698,0.16654893040437868,0.6900798223860526
/root/New_CheckLiuliang_remote/datasets/toniot/test/abnormal/test_00003820_orig11460_11461_11462.png,1,0.5284794205688449,0.55918762827469,0.46760450114375535
/root/New_CheckLiuliang_remote/datasets/toniot/test/abnormal/test_00003827_orig11481_11482_11483.png,1,0.3476120329006866,0.3805747893940641,0.3658565879509781
/root/New_CheckLiuliang_remote/datasets/toniot/test/abnormal/test_00003835_orig11505_11506_11507.png,1,0.6092269374819472,0.5763174484122574,0.6591221598849841
/root/New_CheckLiuliang_remote/datasets/toniot/test/abnormal/test_00003843_orig11529_11530_11531.png,1,0.32262079906680113,0.21448130572710697,0.6817631009662624
/root/New_CheckLiuliang_remote/datasets/toniot/test/abnormal/test_00003850_orig11550_11551_11552.png,1,0.15369114029788197,0.21939755121018342,0.18600377687989922
/root/New_CheckLiuliang_remote/datasets/toniot/test/abnormal/test_00003858_orig11574_11575_11576.png,1,0.6964150747353457,0.6997903485677778,0.6209699561874236
/root/New_CheckLiuliang_remote/datasets/toniot/test/abnormal/test_00003866_orig11598_11599_11600.png,1,0.4449663931426622,0.3622123444052933,0.6877980834162212
/root/New_CheckLiuliang_remote/datasets/toniot/test/abnormal/test_00003873_orig11619_11620_11621.png,1,0.46889745519705744,0.381545413588569,0.7112932336902524
/root/New_CheckLiuliang_remote/datasets/toniot/test/abnormal/test_00003881_orig11643_11644_11645.png,1,0.6393887668666588,0.6801358873872307,0.5033471643030706
/root/New_CheckLiuliang_remote/datasets/toniot/test/abnormal/test_00003889_orig11667_11668_11669.png,1,0.3199087667445825,0.2106349528220644,0.6829630614989393
/root/New_CheckLiuliang_remote/datasets/toniot/test/abnormal/test_00003896_orig11688_11689_11690.png,1,0.31417571451628523,0.3777148418111644,0.27667445477514757
/root/New_CheckLiuliang_remote/datasets/toniot/test/abnormal/test_00003904_orig11712_11713_11714.png,1,0.6051892077743006,0.6412796967308461,0.495968204069147
/root/New_CheckLiuliang_remote/datasets/toniot/test/abnormal/test_00003912_orig11736_11737_11738.png,1,0.353568239388726,0.24945398146820486,0.6888804115375409
/root/New_CheckLiuliang_remote/datasets/toniot/test/abnormal/test_00003919_orig11757_11758_11759.png,1,0.35632433501194405,0.2442329735632174,0.7089639470401294
/root/New_CheckLiuliang_remote/datasets/toniot/test/abnormal/test_00003927_orig11781_11782_11783.png,1,0.4449663931426622,0.3622123444052933,0.6877980834162212
/root/New_CheckLiuliang_remote/datasets/toniot/test/abnormal/test_00003935_orig11805_11806_11807.png,1,0.48558645733471373,0.4008669438828192,0.7140537475679911
/root/New_CheckLiuliang_remote/datasets/toniot/test/abnormal/test_00003942_orig11826_11827_11828.png,1,0.4875870095250544,0.4053355483475208,0.7093621932178319
/root/New_CheckLiuliang_remote/datasets/toniot/test/abnormal/test_00003950_orig11850_11851_11852.png,1,0.2604425629181151,0.2857526113099778,0.3372106222067456
/root/New_CheckLiuliang_remote/datasets/toniot/test/abnormal/test_00003958_orig11874_11875_11876.png,1,0.5820707019413892,0.5688287094346538,0.5987443014929696
/root/New_CheckLiuliang_remote/datasets/toniot/test/abnormal/test_00003965_orig11895_11896_11897.png,1,0.4852267753207038,0.43829740298636627,0.6256848721146048
/root/New_CheckLiuliang_remote/datasets/toniot/test/abnormal/test_00003973_orig11919_11920_11921.png,1,0.4668719798092464,0.3859037198493496,0.695317213112276
/root/New_CheckLiuliang_remote/datasets/toniot/test/abnormal/test_00003981_orig11943_11944_11945.png,1,0.16961610300882193,0.2454457447377151,0.17087839254760195
/root/New_CheckLiuliang_remote/datasets/toniot/test/abnormal/test_00003989_orig11967_11968_11969.png,1,0.3534792925976826,0.2611250586489488,0.6613929051715111
/root/New_CheckLiuliang_remote/datasets/toniot/test/abnormal/test_00003996_orig11988_11989_11990.png,1,0.5921802409338783,0.6162874812386997,0.5169892259155195
/root/New_CheckLiuliang_remote/datasets/toniot/test/abnormal/test_00004004_orig12012_12013_12014.png,1,0.47204865597856766,0.44687690635597643,0.567886956352054
/root/New_CheckLiuliang_remote/datasets/toniot/test/abnormal/test_00004012_orig12036_12037_12038.png,1,0.5055038431987019,0.42847712966741697,0.7067292060664244
/root/New_CheckLiuliang_remote/datasets/toniot/test/abnormal/test_00004019_orig12057_12058_12059.png,1,0.5105692023621097,0.5279219903226052,0.4892125856785837
/root/New_CheckLiuliang_remote/datasets/toniot/test/abnormal/test_00004027_orig12081_12082_12083.png,1,0.674904891792422,0.6625502811331528,0.6461979857923134
/root/New_CheckLiuliang_remote/datasets/toniot/test/abnormal/test_00004035_orig12105_12106_12107.png,1,0.32633393013562734,0.223063524129429,0.67238274068677
/root/New_CheckLiuliang_remote/datasets/toniot/test/abnormal/test_00004042_orig12126_12127_12128.png,1,0.3504592825433503,0.2357639380870728,0.7119110786919606
/root/New_CheckLiuliang_remote/datasets/toniot/test/abnormal/test_00004050_orig12150_12151_12152.png,1,0.6297390654399883,0.59908808838789,0.6647949004700624
/root/New_CheckLiuliang_remote/datasets/toniot/test/abnormal/test_00004058_orig12174_12175_12176.png,1,0.5877493951790385,0.6554759240232033,0.41284716334112326
/root/New_CheckLiuliang_remote/datasets/toniot/test/abnormal/test_00004065_orig12195_12196_12197.png,1,0.3567963304085589,0.2695145097287258,0.6513268138959057
/root/New_CheckLiuliang_remote/datasets/toniot/test/abnormal/test_00004073_orig12219_12220_12221.png,1,0.5258242056291824,0.47696082632020587,0.6518550603786829
/root/New_CheckLiuliang_remote/datasets/toniot/test/abnormal/test_00004081_orig12243_12244_12245.png,1,0.5118910569103234,0.47571462630544287,0.6148192652206859
/root/New_CheckLiuliang_remote/datasets/toniot/test/abnormal/test_00004088_orig12264_12265_12266.png,1,0.36809404569239484,0.2900206427330877,0.6358674964332369
/root/New_CheckLiuliang_remote/datasets/toniot/test/abnormal/test_00004096_orig12288_12289_12290.png,1,0.348795764041809,0.2571076586830564,0.6573400838213384
/root/New_CheckLiuliang_remote/datasets/toniot/test/abnormal/test_00004104_orig12312_12313_12314.png,1,0.20446957494013437,0.23978031991569823,0.28401576164375353
/root/New_CheckLiuliang_remote/datasets/toniot/test/abnormal/test_00004111_orig12333_12334_12335.png,1,0.4968214503051679,0.4921141026435086,0.5333522241458114
/root/New_CheckLiuliang_remote/datasets/toniot/test/abnormal/test_00004119_orig12357_12358_12359.png,1,0.3606450724648271,0.274644733727409,0.6503898772362869
/root/New_CheckLiuliang_remote/datasets/toniot/test/abnormal/test_00004127_orig12381_12382_12383.png,1,0.5219956571832878,0.43167577758112646,0.7465444792058603
/root/New_CheckLiuliang_remote/datasets/toniot/test/abnormal/test_00004134_orig12402_12403_12404.png,1,0.3692809795051072,0.28814727016187536,0.6436414047398716
/root/New_CheckLiuliang_remote/datasets/toniot/test/abnormal/test_00004142_orig12426_12427_12428.png,1,0.656255499410279,0.6137024307178801,0.7067121658573026
/root/New_CheckLiuliang_remote/datasets/toniot/test/abnormal/test_00004150_orig12450_12451_12452.png,1,0.4343968616438953,0.3336050628572495,0.7242476404120103
/root/New_CheckLiuliang_remote/datasets/toniot/test/abnormal/test_00004157_orig12471_12472_12473.png,1,0.6028209558528964,0.5483420907279087,0.7060333059132549
/root/New_CheckLiuliang_remote/datasets/toniot/test/abnormal/test_00004165_orig12495_12496_12497.png,1,0.27475641408325985,0.3064387849210477,0.3299778779607707
/root/New_CheckLiuliang_remote/datasets/toniot/test/abnormal/test_00004173_orig12519_12520_12521.png,1,0.3874419641792823,0.3091208978613178,0.6467669089033169
/root/New_CheckLiuliang_remote/datasets/toniot/test/abnormal/test_00004180_orig12540_12541_12542.png,1,0.5000265314464465,0.46357469691326236,0.6091325076893944
/root/New_CheckLiuliang_remote/datasets/toniot/test/abnormal/test_00004188_orig12564_12565_12566.png,1,0.3543629182320611,0.3908915743202025,0.36113754939255777
/root/New_CheckLiuliang_remote/datasets/toniot/test/abnormal/test_00004196_orig12588_12589_12590.png,1,0.3664030996323505,0.31161465540719974,0.580633857301441
/root/New_CheckLiuliang_remote/datasets/toniot/test/abnormal/test_00004203_orig12609_12610_12611.png,1,0.3567963304085589,0.2695145097287258,0.6513268138959057
/root/New_CheckLiuliang_remote/datasets/toniot/test/abnormal/test_00004211_orig12633_12634_12635.png,1,0.34987292902643224,0.256760134495933,0.6612389936052493
/root/New_CheckLiuliang_remote/datasets/toniot/test/abnormal/test_00004219_orig12657_12658_12659.png,1,0.3937042179451713,0.39952877213494054,0.45376785133681813
/root/New_CheckLiuliang_remote/datasets/toniot/test/abnormal/test_00004226_orig12678_12679_12680.png,1,0.4786313396632911,0.43676917894865447,0.6103429122212105
/root/New_CheckLiuliang_remote/datasets/toniot/test/abnormal/test_00004234_orig12702_12703_12704.png,1,0.22389920567153043,0.3188570051661982,0.15520442341841437
/root/New_CheckLiuliang_remote/datasets/toniot/test/abnormal/test_00004242_orig12726_12727_12728.png,1,0.29499121343483503,0.3554267989000724,0.2736816993376031
/root/New_CheckLiuliang_remote/datasets/toniot/test/abnormal/test_00004250_orig12750_12751_12752.png,1,0.15425970837704728,0.22982599185659877,0.16330072148795105
/root/New_CheckLiuliang_remote/datasets/toniot/test/abnormal/test_00004257_orig12771_12772_12773.png,1,0.7201133170459594,0.7001134374604941,0.6881542787552842
/root/New_CheckLiuliang_remote/datasets/toniot/test/abnormal/test_00004265_orig12795_12796_12797.png,1,0.1837508784850395,0.2801036463737769,0.13053157482039757
/root/New_CheckLiuliang_remote/datasets/toniot/test/abnormal/test_00004273_orig12819_12820_12821.png,1,0.8472481130717553,0.8981750737937406,0.5904808994372058
/root/New_CheckLiuliang_remote/datasets/toniot/test/abnormal/test_00004280_orig12840_12841_12842.png,1,0.3669569663926082,0.2637084122743235,0.6940029182732331
/root/New_CheckLiuliang_remote/datasets/toniot/test/abnormal/test_00004288_orig12864_12865_12866.png,1,0.4239689171886775,0.42936494536420894,0.47091305013421914
/root/New_CheckLiuliang_remote/datasets/toniot/test/abnormal/test_00004296_orig12888_12889_12890.png,1,0.6450370959910867,0.713765979452293,0.4410695974360532
/root/New_CheckLiuliang_remote/datasets/toniot/test/abnormal/test_00004303_orig12909_12910_12911.png,1,0.3903994751466948,0.34054265019433694,0.5819280886684534
/root/New_CheckLiuliang_remote/datasets/toniot/test/abnormal/test_00004311_orig12933_12934_12935.png,1,0.3702807222251441,0.2899188290063914,0.6423738330548725
/root/New_CheckLiuliang_remote/datasets/toniot/test/abnormal/test_00004319_orig12957_12958_12959.png,1,0.4531471623421129,0.38348292880760004,0.6616193750475821
/root/New_CheckLiuliang_remote/datasets/toniot/test/abnormal/test_00004326_orig12978_12979_12980.png,1,0.4582826524355782,0.44433495697945824,0.5343537486948436
/root/New_CheckLiuliang_remote/datasets/toniot/test/abnormal/test_00004334_orig13002_13003_13004.png,1,0.5062451606878708,0.5025608697607292,0.5359923571913667
/root/New_CheckLiuliang_remote/datasets/toniot/test/abnormal/test_00004342_orig13026_13027_13028.png,1,0.5755785466509702,0.540112826578134,0.6471362966623452
/root/New_CheckLiuliang_remote/datasets/toniot/test/abnormal/test_00004349_orig13047_13048_13049.png,1,0.414852461674898,0.3048389518955595,0.7353386178136697
/root/New_CheckLiuliang_remote/datasets/toniot/test/abnormal/test_00004357_orig13071_13072_13073.png,1,0.2626210707524815,0.3173474469783807,0.26973469218923535
/root/New_CheckLiuliang_remote/datasets/toniot/test/abnormal/test_00004365_orig13095_13096_13097.png,1,0.3692809795051072,0.28814727016187536,0.6436414047398716
/root/New_CheckLiuliang_remote/datasets/toniot/test/abnormal/test_00004372_orig13116_13117_13118.png,1,0.3692809795051072,0.28814727016187536,0.6436414047398716
/root/New_CheckLiuliang_remote/datasets/toniot/test/abnormal/test_00004380_orig13140_13141_13142.png,1,0.15359979276440336,0.22416345175683827,0.1746214668706728
/root/New_CheckLiuliang_remote/datasets/toniot/test/abnormal/test_00004388_orig13164_13165_13166.png,1,0.5926780389344898,0.5260845919348256,0.7288897231872996
/root/New_CheckLiuliang_remote/datasets/toniot/test/abnormal/test_00004395_orig13185_13186_13187.png,1,0.5695648817488137,0.5192152197946247,0.678657385432765
/root/New_CheckLiuliang_remote/datasets/toniot/test/abnormal/test_00004403_orig13209_13210_13211.png,1,0.47601418287852015,0.4998322618852678,0.4556928452834213
/root/New_CheckLiuliang_remote/datasets/toniot/test/abnormal/test_00004411_orig13233_13234_13235.png,1,0.4944404893568233,0.44990552534610306,0.6250131580647049
/root/New_CheckLiuliang_remote/datasets/toniot/test/abnormal/test_00004418_orig13254_13255_13256.png,1,0.3240970900218278,0.22175725401591517,0.6690181239114535
/root/New_CheckLiuliang_remote/datasets/toniot/test/abnormal/test_00004426_orig13278_13279_13280.png,1,0.14559310370723053,0.2174013234087575,0.16744616461996348
/root/New_CheckLiuliang_remote/datasets/toniot/test/abnormal/test_00004434_orig13302_13303_13304.png,1,0.3692809795051072,0.28814727016187536,0.6436414047398716
/root/New_CheckLiuliang_remote/datasets/toniot/test/abnormal/test_00004441_orig13323_13324_13325.png,1,0.1560913871657738,0.22911804707697034,0.17020365523479347
/root/New_CheckLiuliang_remote/datasets/toniot/test/abnormal/test_00004449_orig13347_13348_13349.png,1,0.1591407655313655,0.23110765698616098,0.17430319973900996
/root/New_CheckLiuliang_remote/datasets/toniot/test/abnormal/test_00004457_orig13371_13372_13373.png,1,0.5745621223382931,0.5117773876803694,0.7103384322952639
/root/New_CheckLiuliang_remote/datasets/toniot/test/abnormal/test_00004464_orig13392_13393_13394.png,1,0.5003605499142194,0.5054035090100906,0.5124895113390224
/root/New_CheckLiuliang_remote/datasets/toniot/test/abnormal/test_00004472_orig13416_13417_13418.png,1,0.48614583047588367,0.44738325995674616,0.6071192894342733
/root/New_CheckLiuliang_remote/datasets/toniot/test/abnormal/test_00004480_orig13440_13441_13442.png,1,0.5439044350986014,0.5309916741824994,0.5776155415502138
/root/New_CheckLiuliang_remote/datasets/toniot/test/abnormal/test_00004487_orig13461_13462_13463.png,1,0.5384914572640703,0.523442865106145,0.5797114872722006
/root/New_CheckLiuliang_remote/datasets/toniot/test/abnormal/test_00004495_orig13485_13486_13487.png,1,0.5838372364357495,0.6238474898249907,0.47543145397233383
/root/New_CheckLiuliang_remote/datasets/toniot/test/abnormal/test_00004503_orig13509_13510_13511.png,1,0.6316521328637913,0.6310850882767433,0.5956196218557722
/root/New_CheckLiuliang_remote/datasets/toniot/test/abnormal/test_00004511_orig13533_13534_13535.png,1,0.4164620609107153,0.3505590846267212,0.6332727123313122
/root/New_CheckLiuliang_remote/datasets/toniot/test/abnormal/test_00004518_orig13554_13555_13556.png,1,0.48424898331670324,0.5478822320623303,0.3671838003679036
/root/New_CheckLiuliang_remote/datasets/toniot/test/abnormal/test_00004526_orig13578_13579_13580.png,1,0.6603941856134842,0.5984615945896186,0.7541389156325504
/root/New_CheckLiuliang_remote/datasets/toniot/test/abnormal/test_00004534_orig13602_13603_13604.png,1,0.5593763287049579,0.5236702490957669,0.6390537406969391
/root/New_CheckLiuliang_remote/datasets/toniot/test/abnormal/test_00004541_orig13623_13624_13625.png,1,0.6770041439416906,0.6023451095049053,0.7926948623494655
/root/New_CheckLiuliang_remote/datasets/toniot/test/abnormal/test_00004549_orig13647_13648_13649.png,1,0.4481720190356405,0.44125814615869535,0.5125477778605357
/root/New_CheckLiuliang_remote/datasets/toniot/test/abnormal/test_00004557_orig13671_13672_13673.png,1,0.4668719798092464,0.3859037198493496,0.695317213112276
/root/New_CheckLiuliang_remote/datasets/toniot/test/abnormal/test_00004564_orig13692_13693_13694.png,1,0.6799133378614777,0.6756072128237782,0.630090041014684
/root/New_CheckLiuliang_remote/datasets/toniot/test/abnormal/test_00004572_orig13716_13717_13718.png,1,0.5791602194773783,0.5853724218855393,0.55179852536229
/root/New_CheckLiuliang_remote/datasets/toniot/test/abnormal/test_00004580_orig13740_13741_13742.png,1,0.14521556671753755,0.2149423522194968,0.17210143981521817
/root/New_CheckLiuliang_remote/datasets/toniot/test/abnormal/test_00004587_orig13761_13762_13763.png,1,0.5342817829756862,0.46946631789808957,0.6935884564126567
/root/New_CheckLiuliang_remote/datasets/toniot/test/abnormal/test_00004595_orig13785_13786_13787.png,1,0.6014387281164869,0.5577310132247546,0.6801632452033872
/root/New_CheckLiuliang_remote/datasets/toniot/test/abnormal/test_00004603_orig13809_13810_13811.png,1,0.3692809795051072,0.28814727016187536,0.6436414047398716
/root/New_CheckLiuliang_remote/datasets/toniot/test/abnormal/test_00004610_orig13830_13831_13832.png,1,0.4093752504790482,0.5359221735873133,0.1804423473382781
/root/New_CheckLiuliang_remote/datasets/toniot/test/abnormal/test_00004618_orig13854_13855_13856.png,1,0.43632060532730327,0.3415346552714481,0.7112602526403392
/root/New_CheckLiuliang_remote/datasets/toniot/test/abnormal/test_00004626_orig13878_13879_13880.png,1,0.6118889903631257,0.5956769891644741,0.6215814798212317
/root/New_CheckLiuliang_remote/datasets/toniot/test/abnormal/test_00004633_orig13899_13900_13901.png,1,0.5610449446279104,0.5314545872598787,0.6256738784313003
/root/New_CheckLiuliang_remote/datasets/toniot/test/abnormal/test_00004641_orig13923_13924_13925.png,1,0.34439909844465216,0.24819471535851584,0.6655325766197887
/root/New_CheckLiuliang_remote/datasets/toniot/test/abnormal/test_00004643_orig13929_13930_13931.png,1,0.5235497658202242,0.4275652180553069,0.7605911083639119
/root/New_CheckLiuliang_remote/datasets/toniot/test/abnormal/test_00004648_orig13944_13945_13946.png,1,0.572686244422731,0.4084330612927119,0.9460974210742863
/root/New_CheckLiuliang_remote/datasets/toniot/test/abnormal/test_00004653_orig13959_13960_13961.png,1,0.5638300386991263,0.3978563119844089,0.9453875039749036
/root/New_CheckLiuliang_remote/datasets/toniot/test/abnormal/test_00004658_orig13974_13975_13976.png,1,0.5638300386991263,0.3978563119844089,0.9453875039749036
/root/New_CheckLiuliang_remote/datasets/toniot/test/abnormal/test_00004663_orig13989_13990_13991.png,1,0.552267667205947,0.3825625327182653,0.9479259454498932
/root/New_CheckLiuliang_remote/datasets/toniot/test/abnormal/test_00004668_orig14004_14005_14006.png,1,0.5615124399636124,0.3953595000267261,0.9445692990949726
/root/New_CheckLiuliang_remote/datasets/toniot/test/abnormal/test_00004673_orig14019_14020_14021.png,1,0.5042266953380277,0.3862726249190793,0.8015450522516026
/root/New_CheckLiuliang_remote/datasets/toniot/test/abnormal/test_00004678_orig14034_14035_14036.png,1,0.5623876596918345,0.3960905225844057,0.9453726625024427
/root/New_CheckLiuliang_remote/datasets/toniot/test/abnormal/test_00004683_orig14049_14050_14051.png,1,0.5391271592473548,0.36673185573334305,0.9471929416155712
/root/New_CheckLiuliang_remote/datasets/toniot/test/abnormal/test_00004688_orig14064_14065_14066.png,1,0.5096925932312978,0.42842079273864503,0.718868980855325
/root/New_CheckLiuliang_remote/datasets/toniot/test/abnormal/test_00004693_orig14079_14080_14081.png,1,0.5664281523813297,0.401039009080936,0.9454094913415124
/root/New_CheckLiuliang_remote/datasets/toniot/test/abnormal/test_00004698_orig14094_14095_14096.png,1,0.5623876596918345,0.3960905225844057,0.9453726625024427
/root/New_CheckLiuliang_remote/datasets/toniot/test/abnormal/test_00004703_orig14109_14110_14111.png,1,0.5523960072534516,0.38535528324154544,0.9417774532198162
/root/New_CheckLiuliang_remote/datasets/toniot/test/abnormal/test_00004708_orig14124_14125_14126.png,1,0.5524054188520818,0.3845003873163853,0.9437991915794982
/root/New_CheckLiuliang_remote/datasets/toniot/test/abnormal/test_00004713_orig14139_14140_14141.png,1,0.5638300386991263,0.3978563119844089,0.9453875039749036
/root/New_CheckLiuliang_remote/datasets/toniot/test/abnormal/test_00004718_orig14154_14155_14156.png,1,0.5582285085826628,0.3912811815143604,0.9446709906655384
/root/New_CheckLiuliang_remote/datasets/toniot/test/abnormal/test_00004723_orig14169_14170_14171.png,1,0.5371386465117981,0.45424075382883244,0.7373048380726644
/root/New_CheckLiuliang_remote/datasets/toniot/test/abnormal/test_00004728_orig14184_14185_14186.png,1,0.5628782655670094,0.3967438273307071,0.9452547552490028
/root/New_CheckLiuliang_remote/datasets/toniot/test/abnormal/test_00004733_orig14199_14200_14201.png,1,0.522849204286493,0.34984061909533415,0.9399401338975658
/root/New_CheckLiuliang_remote/datasets/toniot/test/abnormal/test_00004738_orig14214_14215_14216.png,1,0.5659866750248678,0.40060731887974355,0.9451511397838587
/root/New_CheckLiuliang_remote/datasets/toniot/test/abnormal/test_00004743_orig14229_14230_14231.png,1,0.5578707216951057,0.39079247562621805,0.9447855998139869
/root/New_CheckLiuliang_remote/datasets/toniot/test/abnormal/test_00004748_orig14244_14245_14246.png,1,0.5039366962724252,0.3375595080021347,0.9143776214781392
/root/New_CheckLiuliang_remote/datasets/toniot/test/abnormal/test_00004753_orig14259_14260_14261.png,1,0.5119204570997151,0.4018362105609682,0.7872865198478585
/root/New_CheckLiuliang_remote/datasets/toniot/test/abnormal/test_00004758_orig14274_14275_14276.png,1,0.49581343969509556,0.5059112201272162,0.4982691819847611
/root/New_CheckLiuliang_remote/datasets/toniot/test/abnormal/test_00004763_orig14289_14290_14291.png,1,0.565581373015624,0.39994892344710736,0.9455254747003741
/root/New_CheckLiuliang_remote/datasets/toniot/test/abnormal/test_00004768_orig14304_14305_14306.png,1,0.527579433747446,0.3557393670410301,0.9397370255985167
/root/New_CheckLiuliang_remote/datasets/toniot/test/abnormal/test_00004773_orig14319_14320_14321.png,1,0.5919301934300296,0.4806281567558074,0.8328108127272772
/root/New_CheckLiuliang_remote/datasets/toniot/test/abnormal/test_00004778_orig14334_14335_14336.png,1,0.5346581270757792,0.36381217743078154,0.9411936886363518
/root/New_CheckLiuliang_remote/datasets/toniot/test/abnormal/test_00004783_orig14349_14350_14351.png,1,0.44418178515774465,0.27638846348662804,0.8858044888857984
/root/New_CheckLiuliang_remote/datasets/toniot/test/abnormal/test_00004788_orig14364_14365_14366.png,1,0.5451338387974729,0.46476320248289743,0.7356731006282066
/root/New_CheckLiuliang_remote/datasets/toniot/test/abnormal/test_00004793_orig14379_14380_14381.png,1,0.5591184568311547,0.39219614753827137,0.9450873764206931
/root/New_CheckLiuliang_remote/datasets/toniot/test/abnormal/test_00004798_orig14394_14395_14396.png,1,0.5612239862001419,0.3947044983849798,0.9452706960897942
/root/New_CheckLiuliang_remote/datasets/toniot/test/abnormal/test_00004803_orig14409_14410_14411.png,1,0.5363991677103398,0.36594585376324745,0.9412063313721518
/root/New_CheckLiuliang_remote/datasets/toniot/test/abnormal/test_00004808_orig14424_14425_14426.png,1,0.5497729432714243,0.4424106775448977,0.8011283916543652
/root/New_CheckLiuliang_remote/datasets/toniot/test/abnormal/test_00004813_orig14439_14440_14441.png,1,0.5019460043791918,0.37782072808692857,0.8147278527440096
/root/New_CheckLiuliang_remote/datasets/toniot/test/abnormal/test_00004818_orig14454_14455_14456.png,1,0.4384762903737332,0.2695859490269577,0.8853204919783215
/root/New_CheckLiuliang_remote/datasets/toniot/test/abnormal/test_00004823_orig14469_14470_14471.png,1,0.026693050272463926,0.04516813264292314,0.22846055727530354
/root/New_CheckLiuliang_remote/datasets/toniot/test/abnormal/test_00004828_orig14484_14485_14486.png,1,0.568050599707362,0.4565376715031015,0.8205638495261585
/root/New_CheckLiuliang_remote/datasets/toniot/test/abnormal/test_00004833_orig14499_14500_14501.png,1,0.28210905054744373,0.2844259784511248,0.4024196547268853
/root/New_CheckLiuliang_remote/datasets/toniot/test/abnormal/test_00004838_orig14514_14515_14516.png,1,0.5113440374548188,0.3363737174652115,0.9383798553945867
/root/New_CheckLiuliang_remote/datasets/toniot/test/abnormal/test_00004843_orig14529_14530_14531.png,1,0.5088247942341851,0.35587240364391326,0.8856607464765932
/root/New_CheckLiuliang_remote/datasets/toniot/test/abnormal/test_00004848_orig14544_14545_14546.png,1,0.5546503422018683,0.38715738620407036,0.9440352809284606
/root/New_CheckLiuliang_remote/datasets/toniot/test/abnormal/test_00004853_orig14559_14560_14561.png,1,0.5250701841352995,0.35245689249234063,0.9402026080864587
/root/New_CheckLiuliang_remote/datasets/toniot/test/abnormal/test_00004858_orig14574_14575_14576.png,1,0.3271247029910411,0.3396796091710411,0.40254553240072083
/root/New_CheckLiuliang_remote/datasets/toniot/test/abnormal/test_00004863_orig14589_14590_14591.png,1,0.433257358460657,0.2826086034295954,0.8399726477159386
/root/New_CheckLiuliang_remote/datasets/toniot/test/abnormal/test_00004868_orig14604_14605_14606.png,1,0.4250528339712865,0.46084371338417796,0.4005699675109174
/root/New_CheckLiuliang_remote/datasets/toniot/test/abnormal/test_00004873_orig14619_14620_14621.png,1,0.5478270849724576,0.37748610030518664,0.9470406791018051
/root/New_CheckLiuliang_remote/datasets/toniot/test/abnormal/test_00004878_orig14634_14635_14636.png,1,0.5623876596918345,0.3960905225844057,0.9453726625024427
/root/New_CheckLiuliang_remote/datasets/toniot/test/abnormal/test_00004883_orig14649_14650_14651.png,1,0.5019619788118321,0.4307238192365158,0.6913331022827559
/root/New_CheckLiuliang_remote/datasets/toniot/test/abnormal/test_00004888_orig14664_14665_14666.png,1,0.3030000597847593,0.30840820177444356,0.40635154556070946
/root/New_CheckLiuliang_remote/datasets/toniot/test/abnormal/test_00004893_orig14679_14680_14681.png,1,0.38328481792995084,0.398491290259905,0.42631827317818866
/root/New_CheckLiuliang_remote/datasets/toniot/test/abnormal/test_00004898_orig14694_14695_14696.png,1,0.5372466774120116,0.36677699315217843,0.9416966496475287
/root/New_CheckLiuliang_remote/datasets/toniot/test/abnormal/test_00004903_orig14709_14710_14711.png,1,0.596352260808836,0.4633731057344036,0.885749795311359
/root/New_CheckLiuliang_remote/datasets/toniot/test/abnormal/test_00004908_orig14724_14725_14726.png,1,0.522377104373377,0.34933867742272123,0.9397579135967952
/root/New_CheckLiuliang_remote/datasets/toniot/test/abnormal/test_00004913_orig14739_14740_14741.png,1,0.45093291589850154,0.307815306505982,0.8318293516502755
/root/New_CheckLiuliang_remote/datasets/toniot/test/abnormal/test_00004918_orig14754_14755_14756.png,1,0.5437920246487583,0.461008651621426,0.7405870022231976
/root/New_CheckLiuliang_remote/datasets/toniot/test/abnormal/test_00004923_orig14769_14770_14771.png,1,0.5291769785600546,0.35698081574854723,0.9414201585124228
/root/New_CheckLiuliang_remote/datasets/toniot/test/abnormal/test_00004928_orig14784_14785_14786.png,1,0.5623876596918345,0.3960905225844057,0.9453726625024427
/root/New_CheckLiuliang_remote/datasets/toniot/test/abnormal/test_00004933_orig14799_14800_14801.png,1,0.5127549729748409,0.483629286039726,0.5988284031702484
/root/New_CheckLiuliang_remote/datasets/toniot/test/abnormal/test_00004938_orig14814_14815_14816.png,1,0.5376215991434494,0.45484213357451875,0.7372861488110469
/root/New_CheckLiuliang_remote/datasets/toniot/test/abnormal/test_00004943_orig14829_14830_14831.png,1,0.5646901896197561,0.3989450401018816,0.9453130217705162
/root/New_CheckLiuliang_remote/datasets/toniot/test/abnormal/test_00004948_orig14844_14845_14846.png,1,0.5580621861392301,0.391043616152069,0.9447484961328345
/root/New_CheckLiuliang_remote/datasets/toniot/test/abnormal/test_00004953_orig14859_14860_14861.png,1,0.5622369053997966,0.395860423562072,0.9454773773359172
/root/New_CheckLiuliang_remote/datasets/toniot/test/abnormal/test_00004958_orig14874_14875_14876.png,1,0.43509420208085087,0.26560435355495354,0.8849150999064712
/root/New_CheckLiuliang_remote/datasets/toniot/test/abnormal/test_00004963_orig14889_14890_14891.png,1,0.30241303211766785,0.3087143217127105,0.4039543729161817
/root/New_CheckLiuliang_remote/datasets/toniot/test/abnormal/test_00004968_orig14904_14905_14906.png,1,0.0,0.0,0.25732914510645044
/root/New_CheckLiuliang_remote/datasets/toniot/test/abnormal/test_00004973_orig14919_14920_14921.png,1,0.49193182381447165,0.33212604878744095,0.8926400863224013
/root/New_CheckLiuliang_remote/datasets/toniot/test/abnormal/test_00004978_orig14934_14935_14936.png,1,0.4849309300676035,0.3237746081656306,0.8920565965810194
/root/New_CheckLiuliang_remote/datasets/toniot/test/abnormal/test_00004983_orig14949_14950_14951.png,1,0.4832782606876312,0.32174444245530587,0.8920557720547716
/root/New_CheckLiuliang_remote/datasets/toniot/test/abnormal/test_00004988_orig14964_14965_14966.png,1,0.47626508567011416,0.3137276296152374,0.8906562761701196
/root/New_CheckLiuliang_remote/datasets/toniot/test/abnormal/test_00004993_orig14979_14980_14981.png,1,0.4578707693674545,0.29234199570176383,0.8878232039825718
/root/New_CheckLiuliang_remote/datasets/toniot/test/abnormal/test_00004998_orig14994_14995_14996.png,1,0.5099171980901309,0.345220651556944,0.9136465415383955
/root/New_CheckLiuliang_remote/datasets/toniot/test/abnormal/test_00005004_orig15012_15013_15014.png,1,0.48355149383918106,0.32211300814594657,0.8919790911137233
/root/New_CheckLiuliang_remote/datasets/toniot/test/abnormal/test_00005009_orig15027_15028_15029.png,1,0.4588325169198328,0.29338864081220206,0.8881381730092432
/root/New_CheckLiuliang_remote/datasets/toniot/test/abnormal/test_00005014_orig15042_15043_15044.png,1,0.5630662666643047,0.4033705434222818,0.9303313798474242
/root/New_CheckLiuliang_remote/datasets/toniot/test/abnormal/test_00005019_orig15057_15058_15059.png,1,0.011064308275573791,0.015842894632125796,0.2520815852231704
/root/New_CheckLiuliang_remote/datasets/toniot/test/abnormal/test_00005024_orig15072_15073_15074.png,1,0.4881737106677064,0.3277450041276982,0.8920887531046848
/root/New_CheckLiuliang_remote/datasets/toniot/test/abnormal/test_00005029_orig15087_15088_15089.png,1,0.48339855251423614,0.321879515332723,0.8920854549996936
/root/New_CheckLiuliang_remote/datasets/toniot/test/abnormal/test_00005034_orig15102_15103_15104.png,1,0.4344823070191221,0.26523290314205644,0.8840276348217223
/root/New_CheckLiuliang_remote/datasets/toniot/test/abnormal/test_00005039_orig15117_15118_15119.png,1,0.48402327743087126,0.3227415382187519,0.89186503164944
/root/New_CheckLiuliang_remote/datasets/toniot/test/abnormal/test_00005044_orig15132_15133_15134.png,1,0.469576584170974,0.30612350174737807,0.8892246237618021
/root/New_CheckLiuliang_remote/datasets/toniot/test/abnormal/test_00005049_orig15147_15148_15149.png,1,0.4907813410717591,0.3307040504045823,0.8926598749523492
/root/New_CheckLiuliang_remote/datasets/toniot/test/abnormal/test_00005054_orig15162_15163_15164.png,1,0.4849309300676035,0.3237746081656306,0.8920565965810194
/root/New_CheckLiuliang_remote/datasets/toniot/test/abnormal/test_00005059_orig15177_15178_15179.png,1,0.48339855251423614,0.321879515332723,0.8920854549996936
/root/New_CheckLiuliang_remote/datasets/toniot/test/abnormal/test_00005064_orig15192_15193_15194.png,1,0.44839345821823295,0.2819240758071071,0.8849620979025976
/root/New_CheckLiuliang_remote/datasets/toniot/test/abnormal/test_00005069_orig15207_15208_15209.png,1,0.4849309300676035,0.3237746081656306,0.8920565965810194
/root/New_CheckLiuliang_remote/datasets/toniot/test/abnormal/test_00005074_orig15222_15223_15224.png,1,0.4666686644352719,0.30245074124635274,0.8894579646899383
/root/New_CheckLiuliang_remote/datasets/toniot/test/abnormal/test_00005079_orig15237_15238_15239.png,1,0.432396281854917,0.2626704213306545,0.8840265354533918
/root/New_CheckLiuliang_remote/datasets/toniot/test/abnormal/test_00005084_orig15252_15253_15254.png,1,0.5220496948485477,0.4255330160704483,0.7610325047485841
/root/New_CheckLiuliang_remote/datasets/toniot/test/abnormal/test_00005089_orig15267_15268_15269.png,1,0.2842119899652103,0.27639711765339725,0.4271823766859157
/root/New_CheckLiuliang_remote/datasets/toniot/test/abnormal/test_00005094_orig15282_15283_15284.png,1,0.4849309300676035,0.3237746081656306,0.8920565965810194
/root/New_CheckLiuliang_remote/datasets/toniot/test/abnormal/test_00005099_orig15297_15298_15299.png,1,0.4773177150835645,0.31501727015339087,0.8906647962746804
/root/New_CheckLiuliang_remote/datasets/toniot/test/abnormal/test_00005104_orig15312_15313_15314.png,1,0.45773559326815183,0.3125106162021274,0.8403755662090454
/root/New_CheckLiuliang_remote/datasets/toniot/test/abnormal/test_00005109_orig15327_15328_15329.png,1,0.5312130112443163,0.420032020417046,0.8001375859465547
/root/New_CheckLiuliang_remote/datasets/toniot/test/abnormal/test_00005114_orig15342_15343_15344.png,1,0.014304761123567785,0.02913688261640915,0.2303520204878282
/root/New_CheckLiuliang_remote/datasets/toniot/test/abnormal/test_00005119_orig15357_15358_15359.png,1,0.602649740095282,0.47477963691528163,0.8771881895959629
/root/New_CheckLiuliang_remote/datasets/toniot/test/abnormal/test_00005124_orig15372_15373_15374.png,1,0.4768725667139066,0.3739436613743326,0.7518937306597062
/root/New_CheckLiuliang_remote/datasets/toniot/test/abnormal/test_00005129_orig15387_15388_15389.png,1,0.5582781367371065,0.3913850315155907,0.9445709481474681
/root/New_CheckLiuliang_remote/datasets/toniot/test/abnormal/test_00005134_orig15402_15403_15404.png,1,0.49924428775530366,0.37362260875615017,0.8167781746802831
/root/New_CheckLiuliang_remote/datasets/toniot/test/abnormal/test_00005139_orig15417_15418_15419.png,1,0.4483485342064342,0.29984838239199474,0.843009927570866
/root/New_CheckLiuliang_remote/datasets/toniot/test/abnormal/test_00005144_orig15432_15433_15434.png,1,0.419458606215761,0.4472013527650487,0.41636459231437095
/root/New_CheckLiuliang_remote/datasets/toniot/test/abnormal/test_00005149_orig15447_15448_15449.png,1,0.4827439259723062,0.32120007839656955,0.8917941223921265
/root/New_CheckLiuliang_remote/datasets/toniot/test/abnormal/test_00005154_orig15462_15463_15464.png,1,0.44449025770392275,0.2766725237841108,0.8860260116043824
/root/New_CheckLiuliang_remote/datasets/toniot/test/abnormal/test_00005159_orig15477_15478_15479.png,1,0.4514154345657401,0.2993111452941271,0.8530556805323581
/root/New_CheckLiuliang_remote/datasets/toniot/test/abnormal/test_00005164_orig15492_15493_15494.png,1,0.6651712930057806,0.7349052241471615,0.4494654733756352
/root/New_CheckLiuliang_remote/datasets/toniot/test/abnormal/test_00005169_orig15507_15508_15509.png,1,0.4849309300676035,0.3237746081656306,0.8920565965810194
/root/New_CheckLiuliang_remote/datasets/toniot/test/abnormal/test_00005174_orig15522_15523_15524.png,1,0.45974755339471246,0.2945588199110318,0.8880309845970251
/root/New_CheckLiuliang_remote/datasets/toniot/test/abnormal/test_00005179_orig15537_15538_15539.png,1,0.6678729230763577,0.6107871643434754,0.7468193212884707
/root/New_CheckLiuliang_remote/datasets/toniot/test/abnormal/test_00005184_orig15552_15553_15554.png,1,0.5237039491851686,0.3520649096445598,0.9372005080181055
/root/New_CheckLiuliang_remote/datasets/toniot/test/abnormal/test_00005189_orig15567_15568_15569.png,1,0.6054866994407451,0.6102892952199304,0.5691319909862791
/root/New_CheckLiuliang_remote/datasets/toniot/test/abnormal/test_00005194_orig15582_15583_15584.png,1,0.7559292036547167,0.6953733297246023,0.8018916281177743
/root/New_CheckLiuliang_remote/datasets/toniot/test/abnormal/test_00005199_orig15597_15598_15599.png,1,0.5595435562683533,0.4199627870828925,0.881517227239159
/root/New_CheckLiuliang_remote/datasets/toniot/test/abnormal/test_00005204_orig15612_15613_15614.png,1,0.5785236358668506,0.7052957561493369,0.27015245215480316
/root/New_CheckLiuliang_remote/datasets/toniot/test/abnormal/test_00005209_orig15627_15628_15629.png,1,0.47221266966668385,0.5302239986832091,0.3738806025527882
/root/New_CheckLiuliang_remote/datasets/toniot/test/abnormal/test_00005214_orig15642_15643_15644.png,1,0.18067889739101425,0.26302829657999205,0.16156729247292737
/root/New_CheckLiuliang_remote/datasets/toniot/test/abnormal/test_00005219_orig15657_15658_15659.png,1,0.14883164188562747,0.2931429303517749,0.0
/root/New_CheckLiuliang_remote/datasets/toniot/test/abnormal/test_00005224_orig15672_15673_15674.png,1,0.5079796325464051,0.35689155904814346,0.880859804977555
/root/New_CheckLiuliang_remote/datasets/toniot/test/abnormal/test_00005229_orig15687_15688_15689.png,1,0.46265266248921544,0.32644518221687513,0.8219578485691583
/root/New_CheckLiuliang_remote/datasets/toniot/test/abnormal/test_00005234_orig15702_15703_15704.png,1,0.5815289339522428,0.6213964940443212,0.4745329952042805
/root/New_CheckLiuliang_remote/datasets/toniot/test/abnormal/test_00005239_orig15717_15718_15719.png,1,0.5108576618104553,0.6639508986334053,0.17263875608672147
/root/New_CheckLiuliang_remote/datasets/toniot/test/abnormal/test_00005244_orig15732_15733_15734.png,1,0.13126265623340042,0.23436382965545385,0.0867844108471375
/root/New_CheckLiuliang_remote/datasets/toniot/test/abnormal/test_00005249_orig15747_15748_15749.png,1,0.6926131493471328,0.8038422803559747,0.36728274351764334
/root/New_CheckLiuliang_remote/datasets/toniot/test/abnormal/test_00005254_orig15762_15763_15764.png,1,0.4811519197704669,0.601023227953298,0.23430947163533514
/root/New_CheckLiuliang_remote/datasets/toniot/test/abnormal/test_00005259_orig15777_15778_15779.png,1,0.3850860498010892,0.4366106889140972,0.3425367869256522
/root/New_CheckLiuliang_remote/datasets/toniot/test/abnormal/test_00005264_orig15792_15793_15794.png,1,0.5315247334458043,0.404334040655918,0.8376598515907723
/root/New_CheckLiuliang_remote/datasets/toniot/test/abnormal/test_00005269_orig15807_15808_15809.png,1,0.3692887046189433,0.3642367406711052,0.4661214532659897
/root/New_CheckLiuliang_remote/datasets/toniot/test/abnormal/test_00005274_orig15822_15823_15824.png,1,0.12106845962316225,0.22734394288928692,0.0739393912742586
/root/New_CheckLiuliang_remote/datasets/toniot/test/abnormal/test_00005279_orig15837_15838_15839.png,1,0.7931404821248673,0.8369290264995677,0.5782724141276526
/root/New_CheckLiuliang_remote/datasets/toniot/test/abnormal/test_00005284_orig15852_15853_15854.png,1,0.5921492762977876,0.5308949511421379,0.7161496932899779
/root/New_CheckLiuliang_remote/datasets/toniot/test/abnormal/test_00005289_orig15867_15868_15869.png,1,0.754698593478354,0.7240036890506973,0.7315595391777769
/root/New_CheckLiuliang_remote/datasets/toniot/test/abnormal/test_00005294_orig15882_15883_15884.png,1,0.1574255126457826,0.2740377542267544,0.06921568040043392
/root/New_CheckLiuliang_remote/datasets/toniot/test/abnormal/test_00005299_orig15897_15898_15899.png,1,0.6981916612178115,0.8341725895388092,0.31250451771673293
/root/New_CheckLiuliang_remote/datasets/toniot/test/abnormal/test_00005304_orig15912_15913_15914.png,1,0.8040521965345511,0.9402180340957201,0.3685464674134859
/root/New_CheckLiuliang_remote/datasets/toniot/test/abnormal/test_00005309_orig15927_15928_15929.png,1,0.20069053186127342,0.33196857689015064,0.058076055950152444
/root/New_CheckLiuliang_remote/datasets/toniot/test/abnormal/test_00005314_orig15942_15943_15944.png,1,0.5450701249174666,0.3758747283906728,0.9428968850222883
/root/New_CheckLiuliang_remote/datasets/toniot/test/abnormal/test_00005319_orig15957_15958_15959.png,1,0.1867643475374739,0.31701281919663876,0.05304919425920852
/root/New_CheckLiuliang_remote/datasets/toniot/test/abnormal/test_00005324_orig15972_15973_15974.png,1,0.21728302001176425,0.2989130536227445,0.18277300819881417
/root/New_CheckLiuliang_remote/datasets/toniot/test/abnormal/test_00005329_orig15987_15988_15989.png,1,0.4444738774592673,0.30094423747033616,0.8293450540655602
/root/New_CheckLiuliang_remote/datasets/toniot/test/abnormal/test_00005334_orig16002_16003_16004.png,1,0.6836920183407573,0.7723373801461536,0.4152190505140509
/root/New_CheckLiuliang_remote/datasets/toniot/test/abnormal/test_00005339_orig16017_16018_16019.png,1,0.4926601324423931,0.5934048461637011,0.28507747660887744
/root/New_CheckLiuliang_remote/datasets/toniot/test/abnormal/test_00005344_orig16032_16033_16034.png,1,0.7051737334264702,0.749539929222491,0.5299969520013038
/root/New_CheckLiuliang_remote/datasets/toniot/test/abnormal/test_00005349_orig16047_16048_16049.png,1,0.4565176781587347,0.4005513213300606,0.631455731323175
/root/New_CheckLiuliang_remote/datasets/toniot/test/abnormal/test_00005354_orig16062_16063_16064.png,1,0.2954137026713614,0.2945897034081297,0.41684611564310436
/root/New_CheckLiuliang_remote/datasets/toniot/test/abnormal/test_00005359_orig16077_16078_16079.png,1,0.2262700673400757,0.2297587947969792,0.36989704140743335
/root/New_CheckLiuliang_remote/datasets/toniot/test/abnormal/test_00005364_orig16092_16093_16094.png,1,0.5130753050726053,0.3806562403754212,0.8400171721333215
/root/New_CheckLiuliang_remote/datasets/toniot/test/abnormal/test_00005369_orig16107_16108_16109.png,1,0.4380878367567742,0.2689883024512503,0.8856013805867494
/root/New_CheckLiuliang_remote/datasets/toniot/test/abnormal/test_00005374_orig16122_16123_16124.png,1,0.35461916061668497,0.37272664796122257,0.40425697404913574
/root/New_CheckLiuliang_remote/datasets/toniot/test/abnormal/test_00005379_orig16137_16138_16139.png,1,0.26693529507963504,0.30550141987726354,0.309743454154829
/root/New_CheckLiuliang_remote/datasets/toniot/test/abnormal/test_00005384_orig16152_16153_16154.png,1,0.5178526829748259,0.35112754460077567,0.9226132644835594
/root/New_CheckLiuliang_remote/datasets/toniot/test/abnormal/test_00005389_orig16167_16168_16169.png,1,0.5297207881345002,0.43580568171501827,0.7590544662800371
/root/New_CheckLiuliang_remote/datasets/toniot/test/abnormal/test_00005394_orig16182_16183_16184.png,1,0.4311830912024685,0.2690412455891324,0.8656833000178922
/root/New_CheckLiuliang_remote/datasets/toniot/test/abnormal/test_00005399_orig16197_16198_16199.png,1,0.47545535937607675,0.3066152620473213,0.9049304745725725
/root/New_CheckLiuliang_remote/datasets/toniot/test/abnormal/test_00005404_orig16212_16213_16214.png,1,0.028956350844108383,0.04684873789159044,0.23102758232688453
/root/New_CheckLiuliang_remote/datasets/toniot/test/abnormal/test_00005409_orig16227_16228_16229.png,1,0.546767840697826,0.40716955294441054,0.8747426447448957
/root/New_CheckLiuliang_remote/datasets/toniot/test/abnormal/test_00005414_orig16242_16243_16244.png,1,0.4890206248689899,0.34406472637985175,0.8564373375167963
/root/New_CheckLiuliang_remote/datasets/toniot/test/abnormal/test_00005419_orig16257_16258_16259.png,1,0.5367508760887791,0.46026371452109793,0.7221396016383886
/root/New_CheckLiuliang_remote/datasets/toniot/test/abnormal/test_00005424_orig16272_16273_16274.png,1,0.5682885273513697,0.4078741039331491,0.9347942655848516
/root/New_CheckLiuliang_remote/datasets/toniot/test/abnormal/test_00005429_orig16287_16288_16289.png,1,0.5189986186348324,0.3453068538455469,0.9394800482512761
/root/New_CheckLiuliang_remote/datasets/toniot/test/abnormal/test_00005434_orig16302_16303_16304.png,1,0.5004643503778934,0.445809898500199,0.6518388446958089
/root/New_CheckLiuliang_remote/datasets/toniot/test/abnormal/test_00005439_orig16317_16318_16319.png,1,0.279966788590203,0.27791889348841825,0.41146140956060173
/root/New_CheckLiuliang_remote/datasets/toniot/test/abnormal/test_00005444_orig16332_16333_16334.png,1,0.5460649177473356,0.38387185724358003,0.9270887929567868
/root/New_CheckLiuliang_remote/datasets/toniot/test/abnormal/test_00005449_orig16347_16348_16349.png,1,0.4951375119377978,0.37130702523198683,0.8104078848895396
/root/New_CheckLiuliang_remote/datasets/toniot/test/abnormal/test_00005454_orig16362_16363_16364.png,1,0.5378361271178994,0.41616309880258573,0.8281522394270312
/root/New_CheckLiuliang_remote/datasets/toniot/test/abnormal/test_00005459_orig16377_16378_16379.png,1,0.5157694943539841,0.3678904959431472,0.8775276195679867
/root/New_CheckLiuliang_remote/datasets/toniot/test/abnormal/test_00005464_orig16392_16393_16394.png,1,0.4101570397445739,0.5000436950577072,0.2664000332009236
/root/New_CheckLiuliang_remote/datasets/toniot/test/abnormal/test_00005469_orig16407_16408_16409.png,1,0.45535562626436504,0.32212285013952724,0.8111241233568223
/root/New_CheckLiuliang_remote/datasets/toniot/test/abnormal/test_00005474_orig16422_16423_16424.png,1,0.47147261612544744,0.47768574005428366,0.49434828483424137
/root/New_CheckLiuliang_remote/datasets/toniot/test/abnormal/test_00005479_orig16437_16438_16439.png,1,0.5299182532135023,0.3575950918996151,0.9421119360343531
/root/New_CheckLiuliang_remote/datasets/toniot/test/abnormal/test_00005484_orig16452_16453_16454.png,1,0.5257327424504885,0.4163606174323766,0.7929933408511805
/root/New_CheckLiuliang_remote/datasets/toniot/test/abnormal/test_00005489_orig16467_16468_16469.png,1,0.4643113951457499,0.3218136757894594,0.8375199569707236
/root/New_CheckLiuliang_remote/datasets/toniot/test/abnormal/test_00005494_orig16482_16483_16484.png,1,0.470954398313034,0.417623786401589,0.6330072148795106
/root/New_CheckLiuliang_remote/datasets/toniot/test/abnormal/test_00005499_orig16497_16498_16499.png,1,0.4874745115875721,0.3202586408037176,0.9075524680406756
/root/New_CheckLiuliang_remote/datasets/toniot/test/abnormal/test_00005504_orig16512_16513_16514.png,1,0.5339860759783268,0.3632891942546514,0.940487344484043
/root/New_CheckLiuliang_remote/datasets/toniot/test/abnormal/test_00005509_orig16527_16528_16529.png,1,0.519190416393725,0.4111633660636183,0.7863646995027832
/root/New_CheckLiuliang_remote/datasets/toniot/test/abnormal/test_00005514_orig16542_16543_16544.png,1,0.4549866918250593,0.38441554254413834,0.6647168453186011
/root/New_CheckLiuliang_remote/datasets/toniot/test/abnormal/test_00005519_orig16557_16558_16559.png,1,0.5814267201606758,0.42644560644073637,0.9291253727889298
/root/New_CheckLiuliang_remote/datasets/toniot/test/abnormal/test_00005524_orig16572_16573_16574.png,1,0.5225071132364691,0.4166511259325501,0.7830682435639542
/root/New_CheckLiuliang_remote/datasets/toniot/test/abnormal/test_00005529_orig16587_16588_16589.png,1,0.48334357869047406,0.3211491715332214,0.8936319913985422
/root/New_CheckLiuliang_remote/datasets/toniot/test/abnormal/test_00005534_orig16602_16603_16604.png,1,0.48358336463589724,0.3179997335874151,0.9016680990519872
/root/New_CheckLiuliang_remote/datasets/toniot/test/abnormal/test_00005539_orig16617_16618_16619.png,1,0.6193963404296192,0.6121504501439392,0.6046654993207278
/root/New_CheckLiuliang_remote/datasets/toniot/test/abnormal/test_00005544_orig16632_16633_16634.png,1,0.5659198564550394,0.4448708365609699,0.8416780428385361
/root/New_CheckLiuliang_remote/datasets/toniot/test/abnormal/test_00005549_orig16647_16648_16649.png,1,0.4460806890984368,0.29061353800154927,0.858056432225454
/root/New_CheckLiuliang_remote/datasets/toniot/test/abnormal/test_00005554_orig16662_16663_16664.png,1,0.5386499346442835,0.4351527163478059,0.7861761578341124
/root/New_CheckLiuliang_remote/datasets/toniot/test/abnormal/test_00005559_orig16677_16678_16679.png,1,0.503021820894897,0.4589710195711436,0.6284613268331348
/root/New_CheckLiuliang_remote/datasets/toniot/test/abnormal/test_00005564_orig16692_16693_16694.png,1,0.23405642926681114,0.31124948350744897,0.202074068292211
/root/New_CheckLiuliang_remote/datasets/toniot/test/abnormal/test_00005569_orig16707_16708_16709.png,1,0.5412388547466506,0.3734284839172492,0.937621291246582
/root/New_CheckLiuliang_remote/datasets/toniot/test/abnormal/test_00005574_orig16722_16723_16724.png,1,0.5407531713560991,0.4716257870413186,0.707101891930444
/root/New_CheckLiuliang_remote/datasets/toniot/test/abnormal/test_00005579_orig16737_16738_16739.png,1,0.5137762765878299,0.47316792562167886,0.6261661206012555
/root/New_CheckLiuliang_remote/datasets/toniot/test/abnormal/test_00005584_orig16752_16753_16754.png,1,0.47970633515001176,0.34220968027944476,0.8340635429398153
/root/New_CheckLiuliang_remote/datasets/toniot/test/abnormal/test_00005589_orig16767_16768_16769.png,1,0.5909407788292452,0.4613005176379555,0.8750721804019456
/root/New_CheckLiuliang_remote/datasets/toniot/test/abnormal/test_00005594_orig16782_16783_16784.png,1,0.5186666471567314,0.48500071693832547,0.6125760041424199
/root/New_CheckLiuliang_remote/datasets/toniot/test/abnormal/test_00005599_orig16797_16798_16799.png,1,0.5647108961667693,0.49927975272839575,0.7112580539036782
/root/New_CheckLiuliang_remote/datasets/toniot/test/abnormal/test_00005604_orig16812_16813_16814.png,1,0.472665445208468,0.47903714758663285,0.4946146068122908
/root/New_CheckLiuliang_remote/datasets/toniot/test/abnormal/test_00005609_orig16827_16828_16829.png,1,0.5325767182244098,0.41557291856683604,0.8144516364509862
/root/New_CheckLiuliang_remote/datasets/toniot/test/abnormal/test_00005614_orig16842_16843_16844.png,1,0.43779524330972025,0.28159861126076785,0.8553385188705199
/root/New_CheckLiuliang_remote/datasets/toniot/test/abnormal/test_00005619_orig16857_16858_16859.png,1,0.35609479317948756,0.3666802701118169,0.422595537169231
/root/New_CheckLiuliang_remote/datasets/toniot/test/abnormal/test_00005624_orig16872_16873_16874.png,1,0.575678163236275,0.5024756856093934,0.7352418734005909
/root/New_CheckLiuliang_remote/datasets/toniot/test/abnormal/test_00005629_orig16887_16888_16889.png,1,0.5149167912072051,0.36905728125108705,0.8723605884149115
/root/New_CheckLiuliang_remote/datasets/toniot/test/abnormal/test_00005634_orig16902_16903_16904.png,1,0.4968259553372305,0.3703106082267188,0.8175732928252749
/root/New_CheckLiuliang_remote/datasets/toniot/test/abnormal/test_00005639_orig16917_16918_16919.png,1,0.5496294840994359,0.3816686081978716,0.9424486175855508
/root/New_CheckLiuliang_remote/datasets/toniot/test/abnormal/test_00005644_orig16932_16933_16934.png,1,0.5697021547719533,0.5036733544144311,0.7153152727271728
/root/New_CheckLiuliang_remote/datasets/toniot/test/abnormal/test_00005649_orig16947_16948_16949.png,1,0.5796292592570302,0.5774414719549847,0.5716487199367424
/root/New_CheckLiuliang_remote/datasets/toniot/test/abnormal/test_00005654_orig16962_16963_16964.png,1,0.5346436101282919,0.4285657076096428,0.790060500987645
/root/New_CheckLiuliang_remote/datasets/toniot/test/abnormal/test_00005659_orig16977_16978_16979.png,1,0.032998845397680734,0.051181760410241445,0.2325062327313284
/root/New_CheckLiuliang_remote/datasets/toniot/test/abnormal/test_00005664_orig16992_16993_16994.png,1,0.2544585143685621,0.33614565471741176,0.20247176478574822
/root/New_CheckLiuliang_remote/datasets/toniot/test/abnormal/test_00005669_orig17007_17008_17009.png,1,0.48365683544737376,0.6450179573960461,0.13883620318855294
/root/New_CheckLiuliang_remote/datasets/toniot/test/abnormal/test_00005674_orig17022_17023_17024.png,1,0.5308316938457736,0.38083034184807185,0.8905150073396578
/root/New_CheckLiuliang_remote/datasets/toniot/test/abnormal/test_00005679_orig17037_17038_17039.png,1,0.5715754899649057,0.4681960219680084,0.8034661984090491
/root/New_CheckLiuliang_remote/datasets/toniot/test/abnormal/test_00005684_orig17052_17053_17054.png,1,0.2560087405107144,0.2829493400349391,0.33104069229422506
/root/New_CheckLiuliang_remote/datasets/toniot/test/abnormal/test_00005689_orig17067_17068_17069.png,1,0.46847761610706795,0.3230232228626117,0.8466414160083969
/root/New_CheckLiuliang_remote/datasets/toniot/test/abnormal/test_00005694_orig17082_17083_17084.png,1,0.5792006159441005,0.43894425952997695,0.8935800462449288
/root/New_CheckLiuliang_remote/datasets/toniot/test/abnormal/test_00005699_orig17097_17098_17099.png,1,0.547217307997468,0.5231628773577301,0.6053800887355147
/root/New_CheckLiuliang_remote/datasets/toniot/test/abnormal/test_00005704_orig17112_17113_17114.png,1,0.470970888052677,0.417623786401589,0.6330544877177195
/root/New_CheckLiuliang_remote/datasets/toniot/test/abnormal/test_00005709_orig17127_17128_17129.png,1,0.4733484212987683,0.3351305718622494,0.832354574870144
/root/New_CheckLiuliang_remote/datasets/toniot/test/abnormal/test_00005714_orig17142_17143_17144.png,1,0.5049552738885573,0.3746634844220756,0.8307217380573557
/root/New_CheckLiuliang_remote/datasets/toniot/test/abnormal/test_00005720_orig17160_17161_17162.png,1,0.5297920347761816,0.43238474049802184,0.76724091255267
/root/New_CheckLiuliang_remote/datasets/toniot/test/abnormal/test_00005725_orig17175_17176_17177.png,1,0.4539509707849951,0.30714231777251927,0.8420518280708862
/root/New_CheckLiuliang_remote/datasets/toniot/test/abnormal/test_00005730_orig17190_17191_17192.png,1,0.5156691886442412,0.40069318178925745,0.8007004625317409
/root/New_CheckLiuliang_remote/datasets/toniot/test/abnormal/test_00005735_orig17205_17206_17207.png,1,0.5151003975741237,0.34098418238911,0.938390849077891
/root/New_CheckLiuliang_remote/datasets/toniot/test/abnormal/test_00005740_orig17220_17221_17222.png,1,0.5051280822838187,0.3817544711073855,0.8146715101170745
/root/New_CheckLiuliang_remote/datasets/toniot/test/abnormal/test_00005745_orig17235_17236_17237.png,1,0.4755845194354974,0.3506038826664676,0.8026606362649181
/root/New_CheckLiuliang_remote/datasets/toniot/test/abnormal/test_00005750_orig17250_17251_17252.png,1,0.3668856810462852,0.3672694322102997,0.45215617736439084
/root/New_CheckLiuliang_remote/datasets/toniot/test/abnormal/test_00005755_orig17265_17266_17267.png,1,0.48693656642475136,0.35344109185040506,0.8285845660229774
/root/New_CheckLiuliang_remote/datasets/toniot/test/abnormal/test_00005760_orig17280_17281_17282.png,1,0.44970223259596165,0.2972592593221072,0.8529320015951835
/root/New_CheckLiuliang_remote/datasets/toniot/test/abnormal/test_00005765_orig17295_17296_17297.png,1,0.16589328677474324,0.29907697372272557,0.03506627679401108
/root/New_CheckLiuliang_remote/datasets/toniot/test/abnormal/test_00005770_orig17310_17311_17312.png,1,0.6013576726396836,0.4976035594078853,0.8202282673432912
/root/New_CheckLiuliang_remote/datasets/toniot/test/abnormal/test_00005775_orig17325_17326_17327.png,1,0.4978329206884534,0.3772105244849286,0.8043602597037807
/root/New_CheckLiuliang_remote/datasets/toniot/test/abnormal/test_00005780_orig17340_17341_17342.png,1,0.5052515828303427,0.32952911999850676,0.9368847144651862
/root/New_CheckLiuliang_remote/datasets/toniot/test/abnormal/test_00005785_orig17355_17356_17357.png,1,0.43616207246199734,0.27507812082404637,0.8658710171603151
/root/New_CheckLiuliang_remote/datasets/toniot/test/abnormal/test_00005790_orig17370_17371_17372.png,1,0.5258355015324456,0.3534404130922271,0.9401017410421407
/root/New_CheckLiuliang_remote/datasets/toniot/test/abnormal/test_00005795_orig17385_17386_17387.png,1,0.40415761430050634,0.4307489332891009,0.4108886386604417
/root/New_CheckLiuliang_remote/datasets/toniot/test/abnormal/test_00005800_orig17400_17401_17402.png,1,0.4971627744414605,0.4420488994360368,0.6511495407526221
/root/New_CheckLiuliang_remote/datasets/toniot/test/abnormal/test_00005805_orig17415_17416_17417.png,1,0.5768898118564364,0.5125189309898076,0.7152811923089291
/root/New_CheckLiuliang_remote/datasets/toniot/test/abnormal/test_00005810_orig17430_17431_17432.png,1,0.5001962513938475,0.3840222021800016,0.7952415490869333
/root/New_CheckLiuliang_remote/datasets/toniot/test/abnormal/test_00005815_orig17445_17446_17447.png,1,0.3431186568501673,0.36767057829348315,0.3830847890573274
/root/New_CheckLiuliang_remote/datasets/toniot/test/abnormal/test_00005820_orig17460_17461_17462.png,1,0.5827321418091307,0.5016666058612466,0.7573520944203485
/root/New_CheckLiuliang_remote/datasets/toniot/test/abnormal/test_00005825_orig17475_17476_17477.png,1,0.531493143052588,0.42326969692598904,0.7933860901872307
/root/New_CheckLiuliang_remote/datasets/toniot/test/abnormal/test_00005830_orig17490_17491_17492.png,1,0.5115669820368489,0.3967669051087583,0.798101555798577
/root/New_CheckLiuliang_remote/datasets/toniot/test/abnormal/test_00005835_orig17505_17506_17507.png,1,0.6330296432937396,0.6375933610662612,0.5843827033082467
/root/New_CheckLiuliang_remote/datasets/toniot/test/abnormal/test_00005840_orig17520_17521_17522.png,1,0.5016645221778224,0.39005127169586884,0.7853829635836989
/root/New_CheckLiuliang_remote/datasets/toniot/test/abnormal/test_00005845_orig17535_17536_17537.png,1,0.48297634314372895,0.32107925944088994,0.8927423275771323
/root/New_CheckLiuliang_remote/datasets/toniot/test/abnormal/test_00005850_orig17550_17551_17552.png,1,0.5911590210923974,0.45740444569637617,0.8847886725484705
/root/New_CheckLiuliang_remote/datasets/toniot/test/abnormal/test_00005855_orig17565_17566_17567.png,1,0.584191653097416,0.49895259128661157,0.7678689267114348
/root/New_CheckLiuliang_remote/datasets/toniot/test/abnormal/test_00005860_orig17580_17581_17582.png,1,0.539119493701819,0.3958359882676649,0.879261323425093
/root/New_CheckLiuliang_remote/datasets/toniot/test/abnormal/test_00005865_orig17595_17596_17597.png,1,0.5082087978799662,0.3943074248508641,0.7942130900138054
/root/New_CheckLiuliang_remote/datasets/toniot/test/abnormal/test_00005870_orig17610_17611_17612.png,1,0.46939633066794884,0.3435237561120053,0.8014406122602106
/root/New_CheckLiuliang_remote/datasets/toniot/test/abnormal/test_00005875_orig17625_17626_17627.png,1,0.4204130134768518,0.2575960251921098,0.8615131210984449
/root/New_CheckLiuliang_remote/datasets/toniot/test/abnormal/test_00005880_orig17640_17641_17642.png,1,0.49945675751985846,0.3697014227619858,0.8265367176654473
/root/New_CheckLiuliang_remote/datasets/toniot/test/abnormal/test_00005885_orig17655_17656_17657.png,1,0.5109990457478568,0.36509367287079925,0.8703776027888775
/root/New_CheckLiuliang_remote/datasets/toniot/test/abnormal/test_00005890_orig17670_17671_17672.png,1,0.5206021817471816,0.3955675394082756,0.826802215117249
/root/New_CheckLiuliang_remote/datasets/toniot/test/abnormal/test_00005895_orig17685_17686_17687.png,1,0.5394821731075423,0.5133188475025517,0.6061743823542588
/root/New_CheckLiuliang_remote/datasets/toniot/test/abnormal/test_00005900_orig17700_17701_17702.png,1,0.6206459665025785,0.4975265203546851,0.8757037675077842
/root/New_CheckLiuliang_remote/datasets/toniot/test/abnormal/test_00005905_orig17715_17716_17717.png,1,0.07669587633782872,0.09802897109593144,0.24846686215267863
/root/New_CheckLiuliang_remote/datasets/toniot/test/abnormal/test_00005910_orig17730_17731_17732.png,1,0.5219044895321078,0.41259283078643466,0.7908099953469235
/root/New_CheckLiuliang_remote/datasets/toniot/test/abnormal/test_00005915_orig17745_17746_17747.png,1,0.5552481138498807,0.4494745139030886,0.8003423432980995
/root/New_CheckLiuliang_remote/datasets/toniot/test/abnormal/test_00005920_orig17760_17761_17762.png,1,0.4867904157480726,0.3497418597804387,0.8367971222934583
/root/New_CheckLiuliang_remote/datasets/toniot/test/abnormal/test_00005925_orig17775_17776_17777.png,1,0.47021737213078185,0.33913151194232594,0.8140429462741445
/root/New_CheckLiuliang_remote/datasets/toniot/test/abnormal/test_00005930_orig17790_17791_17792.png,1,0.5916559458918057,0.4931288461195819,0.8028563238277366
/root/New_CheckLiuliang_remote/datasets/toniot/test/abnormal/test_00005935_orig17805_17806_17807.png,1,0.3359178785809457,0.3666028916795277,0.36493284371132456
/root/New_CheckLiuliang_remote/datasets/toniot/test/abnormal/test_00005940_orig17820_17821_17822.png,1,0.6192997005145479,0.5563337895153921,0.7346273265038741
/root/New_CheckLiuliang_remote/datasets/toniot/test/abnormal/test_00005945_orig17835_17836_17837.png,1,0.5472574832601739,0.449326205241201,0.7777808315786957
/root/New_CheckLiuliang_remote/datasets/toniot/test/abnormal/test_00005950_orig17850_17851_17852.png,1,0.4401360033783771,0.2991445101614342,0.8211085865338923
/root/New_CheckLiuliang_remote/datasets/toniot/test/abnormal/test_00005955_orig17865_17866_17867.png,1,0.5493806455340884,0.5562757556911752,0.5343185689082696
/root/New_CheckLiuliang_remote/datasets/toniot/test/abnormal/test_00005960_orig17880_17881_17882.png,1,0.5242089104704614,0.3913588993257386,0.8469621567188033
/root/New_CheckLiuliang_remote/datasets/toniot/test/abnormal/test_00005965_orig17895_17896_17897.png,1,0.5144089150841816,0.3726421425680646,0.8625399311190772
/root/New_CheckLiuliang_remote/datasets/toniot/test/abnormal/test_00005970_orig17910_17911_17912.png,1,0.5008646025479435,0.34977036762391367,0.8770785276050014
/root/New_CheckLiuliang_remote/datasets/toniot/test/abnormal/test_00005975_orig17925_17926_17927.png,1,0.5706845274077893,0.6662603733339668,0.33876183092099854
/root/New_CheckLiuliang_remote/datasets/toniot/test/abnormal/test_00005980_orig17940_17941_17942.png,1,0.38194854210047324,0.39709203027600853,0.42575237333009386
/root/New_CheckLiuliang_remote/datasets/toniot/test/abnormal/test_00005985_orig17955_17956_17957.png,1,0.533464418177531,0.43022832576659376,0.7828005473754918
/root/New_CheckLiuliang_remote/datasets/toniot/test/abnormal/test_00005990_orig17970_17971_17972.png,1,0.48410715824125355,0.5301863276043315,0.40806765952452867
/root/New_CheckLiuliang_remote/datasets/toniot/test/abnormal/test_00005995_orig17985_17986_17987.png,1,0.4887821223606167,0.3523452367720637,0.8364324068498342
/root/New_CheckLiuliang_remote/datasets/toniot/test/abnormal/test_00006000_orig18000_18001_18002.png,1,0.5280861499675195,0.43355525897594055,0.7596192667598015
/root/New_CheckLiuliang_remote/datasets/toniot/test/abnormal/test_00006005_orig18015_18016_18017.png,1,0.5549506887147473,0.42880395173011215,0.8477209957088906
/root/New_CheckLiuliang_remote/datasets/toniot/test/abnormal/test_00006010_orig18030_18031_18032.png,1,0.5065347426806671,0.3603070701997161,0.8687480640810806
/root/New_CheckLiuliang_remote/datasets/toniot/test/abnormal/test_00006015_orig18045_18046_18047.png,1,0.4646658241096835,0.31677593259252534,0.8502907691812976
/root/New_CheckLiuliang_remote/datasets/toniot/test/abnormal/test_00006020_orig18060_18061_18062.png,1,0.49535834053012395,0.37179165857106133,0.8099101458779322
/root/New_CheckLiuliang_remote/datasets/toniot/test/abnormal/test_00006025_orig18075_18076_18077.png,1,0.4431919986875544,0.48315924600147797,0.40050180667443
/root/New_CheckLiuliang_remote/datasets/toniot/test/abnormal/test_00006030_orig18090_18091_18092.png,1,0.5185332669957587,0.34490095645511754,0.9390930705989606
/root/New_CheckLiuliang_remote/datasets/toniot/test/abnormal/test_00006035_orig18105_18106_18107.png,1,0.5013087574498439,0.4546775347163597,0.633568442412201
/root/New_CheckLiuliang_remote/datasets/toniot/test/abnormal/test_00006040_orig18120_18121_18122.png,1,0.6244978798574601,0.6178605033161579,0.6059671514239706
/root/New_CheckLiuliang_remote/datasets/toniot/test/abnormal/test_00006045_orig18135_18136_18137.png,1,0.5468080310293696,0.3981247608437982,0.8959623774169956
/root/New_CheckLiuliang_remote/datasets/toniot/test/abnormal/test_00006050_orig18150_18151_18152.png,1,0.5216972647898518,0.3485849164660795,0.9395677228756287
/root/New_CheckLiuliang_remote/datasets/toniot/test/abnormal/test_00006055_orig18165_18166_18167.png,1,0.4543276404927095,0.28909413782015114,0.8852440858793559
/root/New_CheckLiuliang_remote/datasets/toniot/test/abnormal/test_00006060_orig18180_18181_18182.png,1,0.4875457742002786,0.498166589316516,0.49263821739623953
/root/New_CheckLiuliang_remote/datasets/toniot/test/abnormal/test_00006065_orig18195_18196_18197.png,1,0.5885109038183954,0.4518430405651341,0.8901736534730558
/root/New_CheckLiuliang_remote/datasets/toniot/test/abnormal/test_00006070_orig18210_18211_18212.png,1,0.5699124756540762,0.4611562815251357,0.815124724711299
/root/New_CheckLiuliang_remote/datasets/toniot/test/abnormal/test_00006075_orig18225_18226_18227.png,1,0.5453726309300785,0.4550481366815343,0.7590261575455283
/root/New_CheckLiuliang_remote/datasets/toniot/test/abnormal/test_00006080_orig18240_18241_18242.png,1,0.452964588210351,0.39289968038974293,0.6391235505859221
/root/New_CheckLiuliang_remote/datasets/toniot/test/abnormal/test_00006085_orig18255_18256_18257.png,1,0.46657434967357825,0.31594920513175123,0.8576911670976649
/root/New_CheckLiuliang_remote/datasets/toniot/test/abnormal/test_00006090_orig18270_18271_18272.png,1,0.533418026940711,0.4003293674058626,0.8524317890048325
/root/New_CheckLiuliang_remote/datasets/toniot/test/abnormal/test_00006095_orig18285_18286_18287.png,1,0.4406445401431963,0.2799719672872496,0.86730239472655
/root/New_CheckLiuliang_remote/datasets/toniot/test/abnormal/test_00006100_orig18300_18301_18302.png,1,0.48770742790396704,0.4967059017175127,0.496509917813972
/root/New_CheckLiuliang_remote/datasets/toniot/test/abnormal/test_00006105_orig18315_18316_18317.png,1,0.5014591496615067,0.376146910420041,0.8172377106424077
/root/New_CheckLiuliang_remote/datasets/toniot/test/abnormal/test_00006110_orig18330_18331_18332.png,1,0.4689322272390039,0.3271697565718639,0.8382694513300021
/root/New_CheckLiuliang_remote/datasets/toniot/test/abnormal/test_00006115_orig18345_18346_18347.png,1,0.38224252772186634,0.392178499825644,0.43806007663146945
/root/New_CheckLiuliang_remote/datasets/toniot/test/abnormal/test_00006120_orig18360_18361_18362.png,1,0.5018938341878936,0.4529779242387091,0.6392115000523574
/root/New_CheckLiuliang_remote/datasets/toniot/test/abnormal/test_00006125_orig18375_18376_18377.png,1,0.3153999504163851,0.3398245240420389,0.3685948396200253
/root/New_CheckLiuliang_remote/datasets/toniot/test/abnormal/test_00006130_orig18390_18391_18392.png,1,0.5289453410920211,0.35720412718910116,0.9402350394522068
/root/New_CheckLiuliang_remote/datasets/toniot/test/abnormal/test_00006135_orig18405_18406_18407.png,1,0.49854199341963296,0.36152781678280504,0.8429860163096788
/root/New_CheckLiuliang_remote/datasets/toniot/test/abnormal/test_00006140_orig18420_18421_18422.png,1,0.47607570633406665,0.47206324668702376,0.5206635897179378
/root/New_CheckLiuliang_remote/datasets/toniot/test/abnormal/test_00006145_orig18435_18436_18437.png,1,0.628967707245971,0.5213248002117725,0.8440312407498461
/root/New_CheckLiuliang_remote/datasets/toniot/test/abnormal/test_00006150_orig18450_18451_18452.png,1,0.5348682921890318,0.43097292348783284,0.7850877831869754
/root/New_CheckLiuliang_remote/datasets/toniot/test/abnormal/test_00006155_orig18465_18466_18467.png,1,0.466106133342122,0.33409139309176894,0.8140171111183792
/root/New_CheckLiuliang_remote/datasets/toniot/test/abnormal/test_00006160_orig18480_18481_18482.png,1,0.5710855427518451,0.489111955222323,0.7532577719157015
/root/New_CheckLiuliang_remote/datasets/toniot/test/abnormal/test_00006165_orig18495_18496_18497.png,1,0.5605344861273427,0.4033057220162851,0.9232245132752849
/root/New_CheckLiuliang_remote/datasets/toniot/test/abnormal/test_00006170_orig18510_18511_18512.png,1,0.49149700788311984,0.3427231608410832,0.8666669598315548
/root/New_CheckLiuliang_remote/datasets/toniot/test/abnormal/test_00006175_orig18525_18526_18527.png,1,0.33416338495117476,0.37069105218547405,0.35036401459631333
/root/New_CheckLiuliang_remote/datasets/toniot/test/abnormal/test_00006180_orig18540_18541_18542.png,1,0.40271852230593386,0.22793293529822514,0.8800003737852323
/root/New_CheckLiuliang_remote/datasets/toniot/test/abnormal/test_00006185_orig18555_18556_18557.png,1,0.529945458878134,0.43598148008311394,0.7592883568923385
/root/New_CheckLiuliang_remote/datasets/toniot/test/abnormal/test_00006190_orig18570_18571_18572.png,1,0.48631177207092413,0.3284661846917971,0.8850681869464853
/root/New_CheckLiuliang_remote/datasets/toniot/test/abnormal/test_00006195_orig18585_18586_18587.png,1,0.4695295844048941,0.3297619340535523,0.8339335426347406
/root/New_CheckLiuliang_remote/datasets/toniot/test/abnormal/test_00006200_orig18600_18601_18602.png,1,0.533167061561866,0.42515800217711686,0.7937788395232809
/root/New_CheckLiuliang_remote/datasets/toniot/test/abnormal/test_00006205_orig18615_18616_18617.png,1,0.5295643176159173,0.3582860677247941,0.939484995408763
/root/New_CheckLiuliang_remote/datasets/toniot/test/abnormal/test_00006210_orig18630_18631_18632.png,1,0.5524175951760707,0.4627089408572546,0.7613474737752556
/root/New_CheckLiuliang_remote/datasets/toniot/test/abnormal/test_00006215_orig18645_18646_18647.png,1,0.5095041355235344,0.3774840640306527,0.8371810766828649
/root/New_CheckLiuliang_remote/datasets/toniot/test/abnormal/test_00006220_orig18660_18661_18662.png,1,0.4909025250389648,0.36048829863323556,0.8235107063359071
/root/New_CheckLiuliang_remote/datasets/toniot/test/abnormal/test_00006225_orig18675_18676_18677.png,1,0.4966855851787056,0.44676796566841137,0.6387703785097677
/root/New_CheckLiuliang_remote/datasets/toniot/test/abnormal/test_00006230_orig18690_18691_18692.png,1,0.5640518076385914,0.46448830542081737,0.7905486205263611
/root/New_CheckLiuliang_remote/datasets/toniot/test/abnormal/test_00006235_orig18705_18706_18707.png,1,0.520757578091803,0.3892611971767054,0.8419625043940377
/root/New_CheckLiuliang_remote/datasets/toniot/test/abnormal/test_00006240_orig18720_18721_18722.png,1,0.5304761599741079,0.42187484887024945,0.7937252453171719
/root/New_CheckLiuliang_remote/datasets/toniot/test/abnormal/test_00006245_orig18735_18736_18737.png,1,0.5681121838998268,0.5508646954963546,0.6006440099679726
/root/New_CheckLiuliang_remote/datasets/toniot/test/abnormal/test_00006250_orig18750_18751_18752.png,1,0.5307012286926813,0.3592896116909309,0.940402693122599
/root/New_CheckLiuliang_remote/datasets/toniot/test/abnormal/test_00006255_orig18765_18766_18767.png,1,0.5112253832768188,0.38511126967656323,0.8243187420587815
/root/New_CheckLiuliang_remote/datasets/toniot/test/abnormal/test_00006260_orig18780_18781_18782.png,1,0.4837253604659186,0.3222657287359911,0.8921211844704329
/root/New_CheckLiuliang_remote/datasets/toniot/test/abnormal/test_00006265_orig18795_18796_18797.png,1,0.5315372089728003,0.4381786203052206,0.7587249306229873
/root/New_CheckLiuliang_remote/datasets/toniot/test/abnormal/test_00006270_orig18810_18811_18812.png,1,0.5360523667833785,0.36536687303743437,0.9415630763953802
/root/New_CheckLiuliang_remote/datasets/toniot/test/abnormal/test_00006275_orig18825_18826_18827.png,1,0.4808077338578459,0.310278180554766,0.9117278689596925
/root/New_CheckLiuliang_remote/datasets/toniot/test/abnormal/test_00006280_orig18840_18841_18842.png,1,0.48855443163234613,0.3329337710192318,0.8810730824336607
/root/New_CheckLiuliang_remote/datasets/toniot/test/abnormal/test_00006285_orig18855_18856_18857.png,1,0.46782309163413177,0.32368093953706994,0.8432303509211195
/root/New_CheckLiuliang_remote/datasets/toniot/test/abnormal/test_00006290_orig18870_18871_18872.png,1,0.5324538565712856,0.43937221656119047,0.7585677209517342
/root/New_CheckLiuliang_remote/datasets/toniot/test/abnormal/test_00006295_orig18885_18886_18887.png,1,0.5021158370267047,0.33440158557910377,0.9165260620379045
/root/New_CheckLiuliang_remote/datasets/toniot/test/abnormal/test_00006300_orig18900_18901_18902.png,1,0.4847699214564722,0.3495253359216645,0.8315099851502823
/root/New_CheckLiuliang_remote/datasets/toniot/test/abnormal/test_00006305_orig18915_18916_18917.png,1,0.39519902180439,0.4266787598748709,0.39470318841551616
/root/New_CheckLiuliang_remote/datasets/toniot/test/abnormal/test_00006310_orig18930_18931_18932.png,1,0.5297218602324775,0.4222003134165887,0.7908033991369409
/root/New_CheckLiuliang_remote/datasets/toniot/test/abnormal/test_00006315_orig18945_18946_18947.png,1,0.490302422014335,0.39384892370164165,0.7439488705776878
/root/New_CheckLiuliang_remote/datasets/toniot/test/abnormal/test_00006320_orig18960_18961_18962.png,1,0.3140716803866277,0.3381466338260835,0.3687020280322434
/root/New_CheckLiuliang_remote/datasets/toniot/test/abnormal/test_00006325_orig18975_18976_18977.png,1,0.034510444080955834,0.05310468232844599,0.2323528708492318
/root/New_CheckLiuliang_remote/datasets/toniot/test/abnormal/test_00006330_orig18990_18991_18992.png,1,0.5110335245260955,0.3926244439485739,0.8062379808121748
/root/New_CheckLiuliang_remote/datasets/toniot/test/abnormal/test_00006335_orig19005_19006_19007.png,1,0.5026220147680824,0.3841980005480972,0.8017855390738866
/root/New_CheckLiuliang_remote/datasets/toniot/test/abnormal/test_00006340_orig19020_19021_19022.png,1,0.4829567856453804,0.34944626059393036,0.8264965907213863
/root/New_CheckLiuliang_remote/datasets/toniot/test/abnormal/test_00006345_orig19035_19036_19037.png,1,0.5286344592761522,0.43556336504548104,0.7565055808059085
/root/New_CheckLiuliang_remote/datasets/toniot/test/abnormal/test_00006350_orig19050_19051_19052.png,1,0.5329125782315738,0.36179287185130443,0.9409012566604543
/root/New_CheckLiuliang_remote/datasets/toniot/test/abnormal/test_00006355_orig19065_19066_19067.png,1,0.570053687798727,0.4644397742110921,0.807868069204137
/root/New_CheckLiuliang_remote/datasets/toniot/test/abnormal/test_00006360_orig19080_19081_19082.png,1,0.43270661871417126,0.27010282337948605,0.8675739387041691
/root/New_CheckLiuliang_remote/datasets/toniot/test/abnormal/test_00006365_orig19095_19096_19097.png,1,0.5365113114540324,0.45339366362271905,0.7374829357421959
/root/New_CheckLiuliang_remote/datasets/toniot/test/abnormal/test_00006370_orig19110_19111_19112.png,1,0.5173180540172965,0.38161362878545557,0.8499463920517868
/root/New_CheckLiuliang_remote/datasets/toniot/test/abnormal/test_00006375_orig19125_19126_19127.png,1,0.541088038735017,0.43662663973127963,0.7897265678572734
/root/New_CheckLiuliang_remote/datasets/toniot/test/abnormal/test_00006380_orig19140_19141_19142.png,1,0.542682133210184,0.5039720080127403,0.6371573303269275
/root/New_CheckLiuliang_remote/datasets/toniot/test/abnormal/test_00006385_orig19155_19156_19157.png,1,0.5184172026947257,0.4586879774109278,0.6732572881936362
/root/New_CheckLiuliang_remote/datasets/toniot/test/abnormal/test_00006390_orig19170_19171_19172.png,1,0.5159449453379781,0.40153518130903604,0.7995263371548292
/root/New_CheckLiuliang_remote/datasets/toniot/test/abnormal/test_00006395_orig19185_19186_19187.png,1,0.5928941033476384,0.4736691885361137,0.8518117452664635
/root/New_CheckLiuliang_remote/datasets/toniot/test/abnormal/test_00006400_orig19200_19201_19202.png,1,0.529645359859005,0.4357364483808648,0.7589997727055977
/root/New_CheckLiuliang_remote/datasets/toniot/test/abnormal/test_00006405_orig19215_19216_19217.png,1,0.5269111455874805,0.3546584446426041,0.9403433272327553
/root/New_CheckLiuliang_remote/datasets/toniot/test/abnormal/test_00006410_orig19230_19231_19232.png,1,0.5997677822664331,0.4685785022012976,0.8833954980317185
/root/New_CheckLiuliang_remote/datasets/toniot/test/abnormal/test_00006415_orig19245_19246_19247.png,1,0.44247887900632377,0.28134933731990636,0.8693472198211712
/root/New_CheckLiuliang_remote/datasets/toniot/test/abnormal/test_00006420_orig19260_19261_19262.png,1,0.5331043784047539,0.4471721661633958,0.7422327566138686
/root/New_CheckLiuliang_remote/datasets/toniot/test/abnormal/test_00006425_orig19275_19276_19277.png,1,0.5470411431306532,0.4225468194664452,0.8396458604797149
/root/New_CheckLiuliang_remote/datasets/toniot/test/abnormal/test_00006430_orig19290_19291_19292.png,1,0.5270693116723717,0.3896956024106097,0.8590433901441079
/root/New_CheckLiuliang_remote/datasets/toniot/test/abnormal/test_00006436_orig19308_19309_19310.png,1,0.3429153214860298,0.3352313674516788,0.45819335855101057
/root/New_CheckLiuliang_remote/datasets/toniot/test/abnormal/test_00006441_orig19323_19324_19325.png,1,0.4849309300676035,0.3237746081656306,0.8920565965810194
/root/New_CheckLiuliang_remote/datasets/toniot/test/abnormal/test_00006446_orig19338_19339_19340.png,1,0.4762069628184859,0.3137541011841785,0.8904278823994703
/root/New_CheckLiuliang_remote/datasets/toniot/test/abnormal/test_00006451_orig19353_19354_19355.png,1,0.549112987630013,0.4295197022287873,0.8293153711206384
/root/New_CheckLiuliang_remote/datasets/toniot/test/abnormal/test_00006456_orig19368_19369_19370.png,1,0.4976160154959512,0.3339569989725298,0.9046633280682752
/root/New_CheckLiuliang_remote/datasets/toniot/test/abnormal/test_00006461_orig19383_19384_19385.png,1,0.4676201745313901,0.3036996562938276,0.8892716217579284
/root/New_CheckLiuliang_remote/datasets/toniot/test/abnormal/test_00006466_orig19398_19399_19400.png,1,0.48558278624404816,0.358038660368922,0.8139758848059876
/root/New_CheckLiuliang_remote/datasets/toniot/test/abnormal/test_00006471_orig19413_19414_19415.png,1,0.45640431157864186,0.29064238522411323,0.8875849158969485
/root/New_CheckLiuliang_remote/datasets/toniot/test/abnormal/test_00006476_orig19428_19429_19430.png,1,0.4571029971196208,0.29148879667204863,0.8876129497893748
/root/New_CheckLiuliang_remote/datasets/toniot/test/abnormal/test_00006481_orig19443_19444_19445.png,1,0.43217713050823664,0.2855649346737676,0.8299777405397294
/root/New_CheckLiuliang_remote/datasets/toniot/test/abnormal/test_00006486_orig19458_19459_19460.png,1,0.46527663817785025,0.3008872217833862,0.8891155114550058
/root/New_CheckLiuliang_remote/datasets/toniot/test/abnormal/test_00006491_orig19473_19474_19475.png,1,0.4288377229775327,0.2702782823684927,0.8560731717573375
/root/New_CheckLiuliang_remote/datasets/toniot/test/abnormal/test_00006496_orig19488_19489_19490.png,1,0.4873124477617785,0.43645118074227296,0.6359719364246288
/root/New_CheckLiuliang_remote/datasets/toniot/test/abnormal/test_00006501_orig19503_19504_19505.png,1,0.6136847357792934,0.5359455907444535,0.7661027914885804
/root/New_CheckLiuliang_remote/datasets/toniot/test/abnormal/test_00006506_orig19518_19519_19520.png,1,0.5960725164248971,0.4561775902896855,0.901737359256805
/root/New_CheckLiuliang_remote/datasets/toniot/test/abnormal/test_00006511_orig19533_19534_19535.png,1,0.5266403712094755,0.3828893547809605,0.8736949467259849
/root/New_CheckLiuliang_remote/datasets/toniot/test/abnormal/test_00006516_orig19548_19549_19550.png,1,0.2556576481298856,0.28445855884366755,0.32651266898321896
/root/New_CheckLiuliang_remote/datasets/toniot/test/abnormal/test_00006521_orig19563_19564_19565.png,1,0.48984976318885043,0.43897140985709593,0.6373653857834635
/root/New_CheckLiuliang_remote/datasets/toniot/test/abnormal/test_00006526_orig19578_19579_19580.png,1,0.561323560165762,0.465244442031082,0.7809629532111587
/root/New_CheckLiuliang_remote/datasets/toniot/test/abnormal/test_00006531_orig19593_19594_19595.png,1,0.5018546453097832,0.3563088451523515,0.8646603377864164
/root/New_CheckLiuliang_remote/datasets/toniot/test/abnormal/test_00006536_orig19608_19609_19610.png,1,0.5399204019358608,0.4390392856748935,0.780749675755053
/root/New_CheckLiuliang_remote/datasets/toniot/test/abnormal/test_00006541_orig19623_19624_19625.png,1,0.4610130719747716,0.31464666818821624,0.8447873313191073
/root/New_CheckLiuliang_remote/datasets/toniot/test/abnormal/test_00006546_orig19638_19639_19640.png,1,0.45547067344496617,0.3119927237123321,0.8350909026446129
/root/New_CheckLiuliang_remote/datasets/toniot/test/abnormal/test_00006551_orig19653_19654_19655.png,1,0.4742450141037776,0.32493732092450256,0.8587091821716537
/root/New_CheckLiuliang_remote/datasets/toniot/test/abnormal/test_00006556_orig19668_19669_19670.png,1,0.4657882244187041,0.3189235234676398,0.8484974245922648
/root/New_CheckLiuliang_remote/datasets/toniot/test/abnormal/test_00006561_orig19683_19684_19685.png,1,0.5643543429626746,0.5561369496437792,0.5775690932382527
/root/New_CheckLiuliang_remote/datasets/toniot/test/abnormal/test_00006566_orig19698_19699_19700.png,1,0.30653351104375387,0.2888239920653169,0.4621777442226133
/root/New_CheckLiuliang_remote/datasets/toniot/test/abnormal/test_00006571_orig19713_19714_19715.png,1,0.36555675523858183,0.3634364847792721,0.45728995262547023
/root/New_CheckLiuliang_remote/datasets/toniot/test/abnormal/test_00006576_orig19728_19729_19730.png,1,0.4893403305213414,0.4379505575574208,0.6382869312864561
/root/New_CheckLiuliang_remote/datasets/toniot/test/abnormal/test_00006581_orig19743_19744_19745.png,1,0.3776276670845018,0.3925195758100767,0.42403433547169633
/root/New_CheckLiuliang_remote/datasets/toniot/test/abnormal/test_00006586_orig19758_19759_19760.png,1,0.5097503860594603,0.3346075886861193,0.9379321376420143
/root/New_CheckLiuliang_remote/datasets/toniot/test/abnormal/test_00006591_orig19773_19774_19775.png,1,0.5320925976091538,0.4389669979289391,0.7584775727486379
/root/New_CheckLiuliang_remote/datasets/toniot/test/abnormal/test_00006596_orig19788_19789_19790.png,1,0.5548809952972209,0.4720815731578291,0.7465400817325385
/root/New_CheckLiuliang_remote/datasets/toniot/test/abnormal/test_00006601_orig19803_19804_19805.png,1,0.10034835294080809,0.16366980790295116,0.1631119049771977
/root/New_CheckLiuliang_remote/datasets/toniot/test/abnormal/test_00006606_orig19818_19819_19820.png,1,0.5211858952467189,0.34666165516878594,0.9425893367318473
/root/New_CheckLiuliang_remote/datasets/toniot/test/abnormal/test_00006611_orig19833_19834_19835.png,1,0.5449015367479274,0.4245661250459222,0.8288003170578265
/root/New_CheckLiuliang_remote/datasets/toniot/test/abnormal/test_00006616_orig19848_19849_19850.png,1,0.5210351997559938,0.48822481828370906,0.6118432751501806
/root/New_CheckLiuliang_remote/datasets/toniot/test/abnormal/test_00006621_orig19863_19864_19865.png,1,0.49665511356292724,0.3818980284620273,0.7900462091993493
/root/New_CheckLiuliang_remote/datasets/toniot/test/abnormal/test_00006626_orig19878_19879_19880.png,1,0.577122842753605,0.49685183472577743,0.7525058039776795
/root/New_CheckLiuliang_remote/datasets/toniot/test/abnormal/test_00006631_orig19893_19894_19895.png,1,0.4829565857673224,0.34384854190016656,0.8395573613291143
/root/New_CheckLiuliang_remote/datasets/toniot/test/abnormal/test_00006636_orig19908_19909_19910.png,1,0.5112891635454584,0.3651761419894233,0.8710168854730294
/root/New_CheckLiuliang_remote/datasets/toniot/test/abnormal/test_00006641_orig19923_19924_19925.png,1,0.03703879124947062,0.055870791593240585,0.2331468896258932
/root/New_CheckLiuliang_remote/datasets/toniot/test/abnormal/test_00006646_orig19938_19939_19940.png,1,0.5194637954651548,0.40162613490488475,0.8094019628671856
/root/New_CheckLiuliang_remote/datasets/toniot/test/abnormal/test_00006651_orig19953_19954_19955.png,1,0.45305463693310216,0.3016627030017232,0.8522679831235968
/root/New_CheckLiuliang_remote/datasets/toniot/test/abnormal/test_00006656_orig19968_19969_19970.png,1,0.42249156834393775,0.4590002061727966,0.3975288398668335
/root/New_CheckLiuliang_remote/datasets/toniot/test/abnormal/test_00006661_orig19983_19984_19985.png,1,0.5023635623315685,0.3716728758899156,0.8302698976735442
/root/New_CheckLiuliang_remote/datasets/toniot/test/abnormal/test_00006666_orig19998_19999_20000.png,1,0.517173888343011,0.37309453489368527,0.8694109831843368
/root/New_CheckLiuliang_remote/datasets/toniot/test/abnormal/test_00006671_orig20013_20014_20015.png,1,0.42317185004184915,0.4589435298649356,0.3996113183267724
/root/New_CheckLiuliang_remote/datasets/toniot/test/abnormal/test_00006676_orig20028_20029_20030.png,1,0.569705267270821,0.5635693516926108,0.575566868666436
/root/New_CheckLiuliang_remote/datasets/toniot/test/abnormal/test_00006681_orig20043_20044_20045.png,1,0.5005255191229765,0.3814775377707715,0.8021230451513321
/root/New_CheckLiuliang_remote/datasets/toniot/test/abnormal/test_00006686_orig20058_20059_20060.png,1,0.25484646694927443,0.3114259606337226,0.2612632346769355
/root/New_CheckLiuliang_remote/datasets/toniot/test/abnormal/test_00006691_orig20073_20074_20075.png,1,0.2847171369349381,0.3689547887662128,0.21266263436685867
/root/New_CheckLiuliang_remote/datasets/toniot/test/abnormal/test_00006696_orig20088_20089_20090.png,1,0.21460307427669803,0.21026519930461224,0.3819351246257682
/root/New_CheckLiuliang_remote/datasets/toniot/test/abnormal/test_00006701_orig20103_20104_20105.png,1,0.1848904965152488,0.28599866114949396,0.12004360094798532
/root/New_CheckLiuliang_remote/datasets/toniot/test/abnormal/test_00006706_orig20118_20119_20120.png,1,0.5059651064833693,0.3917851594615072,0.7936661542694107
/root/New_CheckLiuliang_remote/datasets/toniot/test/abnormal/test_00006711_orig20133_20134_20135.png,1,0.5423952192147062,0.4611135197599232,0.7363379436260411
/root/New_CheckLiuliang_remote/datasets/toniot/test/abnormal/test_00006716_orig20148_20149_20150.png,1,0.5188812584844547,0.34521013080518537,0.9393692868919841
/root/New_CheckLiuliang_remote/datasets/toniot/test/abnormal/test_00006721_orig20163_20164_20165.png,1,0.5282168530521916,0.4176920015984755,0.7970082339939529
/root/New_CheckLiuliang_remote/datasets/toniot/test/abnormal/test_00006726_orig20178_20179_20180.png,1,0.5160074857256461,0.3417511791302223,0.9392016332215917
/root/New_CheckLiuliang_remote/datasets/toniot/test/abnormal/test_00006731_orig20193_20194_20195.png,1,0.5073039533725417,0.471307788834937,0.611951562930729
/root/New_CheckLiuliang_remote/datasets/toniot/test/abnormal/test_00006736_orig20208_20209_20210.png,1,0.5408021742941734,0.3972831007031086,0.8807086418321193
/root/New_CheckLiuliang_remote/datasets/toniot/test/abnormal/test_00006741_orig20223_20224_20225.png,1,0.50639319919452,0.33652474115981107,0.9238343878565973
/root/New_CheckLiuliang_remote/datasets/toniot/test/abnormal/test_00006746_orig20238_20239_20240.png,1,0.5366666245625608,0.5062098737255255,0.6146903642839415
/root/New_CheckLiuliang_remote/datasets/toniot/test/abnormal/test_00006751_orig20253_20254_20255.png,1,0.6995409419566514,0.626716600643293,0.8004366141324348
/root/New_CheckLiuliang_remote/datasets/toniot/test/abnormal/test_00006756_orig20268_20269_20270.png,1,0.5304155854111277,0.39499330998970833,0.8562751806880562
/root/New_CheckLiuliang_remote/datasets/toniot/test/abnormal/test_00006761_orig20283_20284_20285.png,1,0.44809780150643796,0.3010894917204229,0.8393952045003742
/root/New_CheckLiuliang_remote/datasets/toniot/test/abnormal/test_00006766_orig20298_20299_20300.png,1,0.26350197185218666,0.3834815712912441,0.1179471055418333
/root/New_CheckLiuliang_remote/datasets/toniot/test/abnormal/test_00006771_orig20313_20314_20315.png,1,0.25976102031457204,0.24908863987890953,0.42080604036935476
/root/New_CheckLiuliang_remote/datasets/toniot/test/abnormal/test_00006776_orig20328_20329_20330.png,1,0.5345584969895856,0.46702787914371263,0.7000714314572705
/root/New_CheckLiuliang_remote/datasets/toniot/test/abnormal/test_00006781_orig20343_20344_20345.png,1,0.5089224647188604,0.38843209406230833,0.809968137557363
/root/New_CheckLiuliang_remote/datasets/toniot/test/abnormal/test_00006786_orig20358_20359_20360.png,1,0.5769173544250591,0.429114483596536,0.9099705286834817
/root/New_CheckLiuliang_remote/datasets/toniot/test/abnormal/test_00006791_orig20373_20374_20375.png,1,0.5400737552187757,0.45803467266462644,0.7368667397929834
/root/New_CheckLiuliang_remote/datasets/toniot/test/abnormal/test_00006793_orig20379_20380_20381.png,1,0.28004538842482035,0.2781864939000851,0.41106233885665144
/root/New_CheckLiuliang_remote/datasets/toniot/test/abnormal/test_00006805_orig20415_20416_20417.png,1,0.6292299231253823,0.6254082942552454,0.6019214759679458
/root/New_CheckLiuliang_remote/datasets/toniot/test/abnormal/test_00006817_orig20451_20452_20453.png,1,0.5324993917499835,0.5056505769868737,0.6040487536873501
/root/New_CheckLiuliang_remote/datasets/toniot/test/abnormal/test_00006829_orig20487_20488_20489.png,1,0.6060127296475609,0.5866719044172733,0.6257472612673574
/root/New_CheckLiuliang_remote/datasets/toniot/test/abnormal/test_00006840_orig20520_20521_20522.png,1,0.6101862829601236,0.591609191403867,0.6261916809149383
/root/New_CheckLiuliang_remote/datasets/toniot/test/abnormal/test_00006852_orig20556_20557_20558.png,1,0.5633755744510989,0.5289937494856286,0.6380972902494549
/root/New_CheckLiuliang_remote/datasets/toniot/test/abnormal/test_00006864_orig20592_20593_20594.png,1,0.6141618014772012,0.595653911386423,0.6281510301218677
/root/New_CheckLiuliang_remote/datasets/toniot/test/abnormal/test_00006876_orig20628_20629_20630.png,1,0.6940512358283121,0.7112793488672798,0.5873856279028478
/root/New_CheckLiuliang_remote/datasets/toniot/test/abnormal/test_00006888_orig20664_20665_20666.png,1,0.6717588428131822,0.6840608065513739,0.5869876565672278
/root/New_CheckLiuliang_remote/datasets/toniot/test/abnormal/test_00006900_orig20700_20701_20702.png,1,0.6696322532297728,0.6806856815113909,0.5887664345258823
/root/New_CheckLiuliang_remote/datasets/toniot/test/abnormal/test_00006911_orig20733_20734_20735.png,1,0.6687303981182622,0.679848433298858,0.588134572577961
/root/New_CheckLiuliang_remote/datasets/toniot/test/abnormal/test_00006923_orig20769_20770_20771.png,1,0.6405425667545871,0.64609955855265,0.5860729821163005
/root/New_CheckLiuliang_remote/datasets/toniot/test/abnormal/test_00006935_orig20805_20806_20807.png,1,0.6078661512968114,0.589007850686776,0.6256101150681347
/root/New_CheckLiuliang_remote/datasets/toniot/test/abnormal/test_00006947_orig20841_20842_20843.png,1,0.5980056338020131,0.5787874494219102,0.6211895550114294
/root/New_CheckLiuliang_remote/datasets/toniot/test/abnormal/test_00006959_orig20877_20878_20879.png,1,0.6061806679203978,0.5875071163552722,0.6242798793883004
/root/New_CheckLiuliang_remote/datasets/toniot/test/abnormal/test_00006971_orig20913_20914_20915.png,1,0.6068429145892834,0.5889681433333644,0.6227693473022738
/root/New_CheckLiuliang_remote/datasets/toniot/test/abnormal/test_00006982_orig20946_20947_20948.png,1,0.6093216831097518,0.5900901306015579,0.6272575185113014
/root/New_CheckLiuliang_remote/datasets/toniot/test/abnormal/test_00006994_orig20982_20983_20984.png,1,0.6447232060251742,0.6513314265884851,0.5858503600293861
/root/New_CheckLiuliang_remote/datasets/toniot/test/abnormal/test_00007006_orig21018_21019_21020.png,1,0.6447636512807344,0.6517804251232158,0.5849186453693369
/root/New_CheckLiuliang_remote/datasets/toniot/test/abnormal/test_00007018_orig21054_21055_21056.png,1,0.6460038360800461,0.6533062735073047,0.5849136982118499
/root/New_CheckLiuliang_remote/datasets/toniot/test/abnormal/test_00007030_orig21090_21091_21092.png,1,0.5593502567069298,0.5697854190865103,0.5313769340980906
/root/New_CheckLiuliang_remote/datasets/toniot/test/abnormal/test_00007042_orig21126_21127_21128.png,1,0.6670510055813559,0.6784719117139237,0.5865319683942599
/root/New_CheckLiuliang_remote/datasets/toniot/test/abnormal/test_00007053_orig21159_21160_21161.png,1,0.6919633441755504,0.7085110336384068,0.587859455653268
/root/New_CheckLiuliang_remote/datasets/toniot/test/abnormal/test_00007065_orig21195_21196_21197.png,1,0.6953783729506502,0.7129195680043576,0.5873630908520737
/root/New_CheckLiuliang_remote/datasets/toniot/test/abnormal/test_00007077_orig21231_21232_21233.png,1,0.6956178061189163,0.7134754709521195,0.5867523917445134
/root/New_CheckLiuliang_remote/datasets/toniot/test/abnormal/test_00007089_orig21267_21268_21269.png,1,0.6777600369400286,0.6918967303370119,0.5859080768667343
/root/New_CheckLiuliang_remote/datasets/toniot/test/abnormal/test_00007101_orig21303_21304_21305.png,1,0.6739652803392872,0.6870819592015428,0.5862637225216322
/root/New_CheckLiuliang_remote/datasets/toniot/test/abnormal/test_00007113_orig21339_21340_21341.png,1,0.6747474438742932,0.6879548422184193,0.5864693043994247
/root/New_CheckLiuliang_remote/datasets/toniot/test/abnormal/test_00007124_orig21372_21373_21374.png,1,0.6727188056501705,0.6855978544453994,0.5861532360044227
/root/New_CheckLiuliang_remote/datasets/toniot/test/abnormal/test_00007136_orig21408_21409_21410.png,1,0.6792059990376206,0.6927098826342265,0.5881560102604046
/root/New_CheckLiuliang_remote/datasets/toniot/test/abnormal/test_00007148_orig21444_21445_21446.png,1,0.6798064650146246,0.6938692016022087,0.5871723504467421
/root/New_CheckLiuliang_remote/datasets/toniot/test/abnormal/test_00007160_orig21480_21481_21482.png,1,0.6700874803338216,0.6815076576649192,0.5881535366816611
/root/New_CheckLiuliang_remote/datasets/toniot/test/abnormal/test_00007172_orig21516_21517_21518.png,1,0.6693774103187579,0.6807633993227691,0.587854508495781
/root/New_CheckLiuliang_remote/datasets/toniot/test/abnormal/test_00007184_orig21552_21553_21554.png,1,0.6677984605755128,0.679159154369124,0.5870712085603415
/root/New_CheckLiuliang_remote/datasets/toniot/test/abnormal/test_00007195_orig21585_21586_21587.png,1,0.6789149107162372,0.6924505970102399,0.587926517121425
/root/New_CheckLiuliang_remote/datasets/toniot/test/abnormal/test_00007207_orig21621_21622_21623.png,1,0.6710264585061412,0.6825814531024763,0.588339879613671
/root/New_CheckLiuliang_remote/datasets/toniot/test/abnormal/test_00007219_orig21657_21658_21659.png,1,0.669820271527717,0.6812595715508691,0.5879663692234035
/root/New_CheckLiuliang_remote/datasets/toniot/test/abnormal/test_00007231_orig21693_21694_21695.png,1,0.6721469752059687,0.6839793555700169,0.5882904080388011
/root/New_CheckLiuliang_remote/datasets/toniot/test/abnormal/test_00007243_orig21729_21730_21731.png,1,0.2333760242565845,0.25650610924782563,0.3278580209775968
/root/New_CheckLiuliang_remote/datasets/toniot/test/abnormal/test_00007255_orig21765_21766_21767.png,1,0.609898669498556,0.6011477800789565,0.6031104428173183
/root/New_CheckLiuliang_remote/datasets/toniot/test/abnormal/test_00007266_orig21798_21799_21800.png,1,0.625141188816307,0.610521769895887,0.6249351029132436
/root/New_CheckLiuliang_remote/datasets/toniot/test/abnormal/test_00007278_orig21834_21835_21836.png,1,0.6720801675295782,0.6857020438257186,0.5840792776490448
/root/New_CheckLiuliang_remote/datasets/toniot/test/abnormal/test_00007290_orig21870_21871_21872.png,1,0.6077377011873226,0.5901875324000974,0.6224892832200938
/root/New_CheckLiuliang_remote/datasets/toniot/test/abnormal/test_00007302_orig21906_21907_21908.png,1,0.5969760491184755,0.5789198072666154,0.6179291033854223
/root/New_CheckLiuliang_remote/datasets/toniot/test/abnormal/test_00007314_orig21942_21943_21944.png,1,0.5982458331161172,0.5803635259111692,0.6182006473630414
/root/New_CheckLiuliang_remote/datasets/toniot/test/abnormal/test_00007326_orig21978_21979_21980.png,1,0.6009538659641078,0.5834189558493259,0.6188347080476235
/root/New_CheckLiuliang_remote/datasets/toniot/test/abnormal/test_00007337_orig22011_22012_22013.png,1,0.5969960408810602,0.5796698350532783,0.616236350998625
/root/New_CheckLiuliang_remote/datasets/toniot/test/abnormal/test_00007349_orig22047_22048_22049.png,1,0.6211455104094256,0.614810503443425,0.6034732343663639
/root/New_CheckLiuliang_remote/datasets/toniot/test/abnormal/test_00007361_orig22083_22084_22085.png,1,0.45336777141924417,0.4061744934554985,0.6093048336751911
/root/New_CheckLiuliang_remote/datasets/toniot/test/abnormal/test_00007373_orig22119_22120_22121.png,1,0.6761213701322444,0.6898492562931489,0.5859877810706913
/root/New_CheckLiuliang_remote/datasets/toniot/test/abnormal/test_00007385_orig22155_22156_22157.png,1,0.681702736209002,0.6965767679741529,0.5862909318878106
/root/New_CheckLiuliang_remote/datasets/toniot/test/abnormal/test_00007397_orig22191_22192_22193.png,1,0.6755034441837434,0.6880301843761746,0.5884608101300195
/root/New_CheckLiuliang_remote/datasets/toniot/test/abnormal/test_00007408_orig22224_22225_22226.png,1,0.6714293145044441,0.6836813807298856,0.5869282906773841
/root/New_CheckLiuliang_remote/datasets/toniot/test/abnormal/test_00007420_orig22260_22261_22262.png,1,0.573642121323803,0.5516554487736961,0.6146521612344588
/root/New_CheckLiuliang_remote/datasets/toniot/test/abnormal/test_00007432_orig22296_22297_22298.png,1,0.5894287546867859,0.5712837777643912,0.6141098978054684
/root/New_CheckLiuliang_remote/datasets/toniot/test/abnormal/test_00007444_orig22332_22333_22334.png,1,0.6050507184273041,0.5939400469870348,0.6060303651029709
/root/New_CheckLiuliang_remote/datasets/toniot/test/abnormal/test_00007456_orig22368_22369_22370.png,1,0.5739472076895287,0.5516975317807306,0.615428590117833
/root/New_CheckLiuliang_remote/datasets/toniot/test/abnormal/test_00007468_orig22404_22405_22406.png,1,0.5846704310501355,0.565362291419733,0.6142855218962564
/root/New_CheckLiuliang_remote/datasets/toniot/test/abnormal/test_00007479_orig22437_22438_22439.png,1,0.5793775770269916,0.5610511588523217,0.6091712604230425
/root/New_CheckLiuliang_remote/datasets/toniot/test/abnormal/test_00007491_orig22473_22474_22475.png,1,0.5788952156847285,0.5595063052392495,0.6113930838188648
/root/New_CheckLiuliang_remote/datasets/toniot/test/abnormal/test_00007503_orig22509_22510_22511.png,1,0.5852109452233958,0.5657681888101623,0.6148879757413385
/root/New_CheckLiuliang_remote/datasets/toniot/test/abnormal/test_00007515_orig22545_22546_22547.png,1,0.5921252878920218,0.57571640804566,0.6114975238102567
/root/New_CheckLiuliang_remote/datasets/toniot/test/abnormal/test_00007527_orig22581_22582_22583.png,1,0.5868088697212831,0.5681642051784158,0.6138782059298279
/root/New_CheckLiuliang_remote/datasets/toniot/test/abnormal/test_00007539_orig22617_22618_22619.png,1,0.6062772138615978,0.6050781293085236,0.5835576273762503
/root/New_CheckLiuliang_remote/datasets/toniot/test/abnormal/test_00007550_orig22650_22651_22652.png,1,0.6493054711254187,0.6578084765018161,0.5838736957712523
/root/New_CheckLiuliang_remote/datasets/toniot/test/abnormal/test_00007562_orig22686_22687_22688.png,1,0.6670976338449436,0.6794852976736412,0.5843010752097114
/root/New_CheckLiuliang_remote/datasets/toniot/test/abnormal/test_00007574_orig22722_22723_22724.png,1,0.6073451526781711,0.6427739828596591,0.498662206162894
/root/New_CheckLiuliang_remote/datasets/toniot/test/abnormal/test_00007586_orig22758_22759_22760.png,1,0.6221835689774033,0.6237897953798628,0.5854974627953143
/root/New_CheckLiuliang_remote/datasets/toniot/test/abnormal/test_00007598_orig22794_22795_22796.png,1,0.5831873118423946,0.5669197020590978,0.6063997528619993
/root/New_CheckLiuliang_remote/datasets/toniot/test/abnormal/test_00007610_orig22830_22831_22832.png,1,0.6019560894652004,0.590423061487855,0.6053649724209712
/root/New_CheckLiuliang_remote/datasets/toniot/test/abnormal/test_00007621_orig22863_22864_22865.png,1,0.6247453148454389,0.6223813721605637,0.5961278048665188
/root/New_CheckLiuliang_remote/datasets/toniot/test/abnormal/test_00007633_orig22899_22900_22901.png,1,0.5871442507651747,0.5696893748043268,0.6112809482491598
/root/New_CheckLiuliang_remote/datasets/toniot/test/abnormal/test_00007645_orig22935_22936_22937.png,1,0.5920928355264642,0.5761721941621706,0.6103409883266322
/root/New_CheckLiuliang_remote/datasets/toniot/test/abnormal/test_00007657_orig22971_22972_22973.png,1,0.6107544464603573,0.5997122065325384,0.6089134585495539
/root/New_CheckLiuliang_remote/datasets/toniot/test/abnormal/test_00007669_orig23007_23008_23009.png,1,0.5756265696632098,0.5551524109066258,0.6121816057538739
/root/New_CheckLiuliang_remote/datasets/toniot/test/abnormal/test_00007681_orig23043_23044_23045.png,1,0.5948378025273701,0.5821330484811513,0.6043016084033517
/root/New_CheckLiuliang_remote/datasets/toniot/test/abnormal/test_00007692_orig23076_23077_23078.png,1,0.5892129517922652,0.5750271291159259,0.6047567468921544
/root/New_CheckLiuliang_remote/datasets/toniot/test/abnormal/test_00007704_orig23112_23113_23114.png,1,0.6005827820925582,0.5975486648402415,0.5848015626421449
/root/New_CheckLiuliang_remote/datasets/toniot/test/abnormal/test_00007716_orig23148_23149_23150.png,1,0.6216829971756778,0.6483829010633595,0.5266785086958661
/root/New_CheckLiuliang_remote/datasets/toniot/test/abnormal/test_00007728_orig23184_23185_23186.png,1,0.5763033022891588,0.5553872612362053,0.6135736809022956
/root/New_CheckLiuliang_remote/datasets/toniot/test/abnormal/test_00007740_orig23220_23221_23222.png,1,0.5934046465767524,0.5760031833758547,0.614496050931536
/root/New_CheckLiuliang_remote/datasets/toniot/test/abnormal/test_00007752_orig23256_23257_23258.png,1,0.5924490728937369,0.5740324090061029,0.6163550827783126
/root/New_CheckLiuliang_remote/datasets/toniot/test/abnormal/test_00007763_orig23289_23290_23291.png,1,0.5782742056458303,0.5564532509547158,0.6167365635889759
/root/New_CheckLiuliang_remote/datasets/toniot/test/abnormal/test_00007775_orig23325_23326_23327.png,1,0.5822785784519755,0.5623811855020647,0.6143844650459962
/root/New_CheckLiuliang_remote/datasets/toniot/test/abnormal/test_00007787_orig23361_23362_23363.png,1,0.5848983130677741,0.5659052979621134,0.6136717995257874
/root/New_CheckLiuliang_remote/datasets/toniot/test/abnormal/test_00007799_orig23397_23398_23399.png,1,0.5828721609313838,0.5631227288115029,0.6143558814694047
/root/New_CheckLiuliang_remote/datasets/toniot/test/abnormal/test_00007811_orig23433_23434_23435.png,1,0.5798947973408072,0.5583422349640216,0.6169748516745991
/root/New_CheckLiuliang_remote/datasets/toniot/test/abnormal/test_00007823_orig23469_23470_23471.png,1,0.6129784918562895,0.6025857292789976,0.6085844725766693
/root/New_CheckLiuliang_remote/datasets/toniot/test/abnormal/test_00007834_orig23502_23503_23504.png,1,0.4262679153967645,0.5229494079107568,0.2591400795887703
/root/New_CheckLiuliang_remote/datasets/toniot/test/abnormal/test_00007846_orig23538_23539_23540.png,1,0.5118081645500925,0.48131438127374065,0.6015155342119302
/root/New_CheckLiuliang_remote/datasets/toniot/test/abnormal/test_00007858_orig23574_23575_23576.png,1,0.61351422112636,0.6083378654582509,0.5966986518721006
/root/New_CheckLiuliang_remote/datasets/toniot/test/abnormal/test_00007870_orig23610_23611_23612.png,1,0.6000584544332438,0.58440994278917,0.6139554365550414
/root/New_CheckLiuliang_remote/datasets/toniot/test/abnormal/test_00007882_orig23646_23647_23648.png,1,0.6042640872983194,0.5908571273426703,0.6109687276433143
/root/New_CheckLiuliang_remote/datasets/toniot/test/abnormal/test_00007894_orig23682_23683_23684.png,1,0.5798734660334183,0.5616898702977967,0.6091025499023899
/root/New_CheckLiuliang_remote/datasets/toniot/test/abnormal/test_00007905_orig23715_23716_23717.png,1,0.5805231675628797,0.561321643986245,0.6118243110464805
/root/New_CheckLiuliang_remote/datasets/toniot/test/abnormal/test_00007917_orig23751_23752_23753.png,1,0.5796726744801592,0.558830601473075,0.6151985472946881
/root/New_CheckLiuliang_remote/datasets/toniot/test/abnormal/test_00007929_orig23787_23788_23789.png,1,0.6065304929430004,0.596954412055424,0.6032390689119799
/root/New_CheckLiuliang_remote/datasets/toniot/test/abnormal/test_00007941_orig23823_23824_23825.png,1,0.5825014800832408,0.5638727565981658,0.6115431475959701
/root/New_CheckLiuliang_remote/datasets/toniot/test/abnormal/test_00007953_orig23859_23860_23861.png,1,0.5787690510820666,0.5599491949503785,0.6099979854075345
/root/New_CheckLiuliang_remote/datasets/toniot/test/abnormal/test_00007965_orig23895_23896_23897.png,1,0.6534100819843859,0.6619431319429537,0.5859932779123436
/root/New_CheckLiuliang_remote/datasets/toniot/test/abnormal/test_00007976_orig23928_23929_23930.png,1,0.6483553260276022,0.6562731255032356,0.5847323024373271
/root/New_CheckLiuliang_remote/datasets/toniot/test/abnormal/test_00007988_orig23964_23965_23966.png,1,0.44939550210157553,0.38957681972946395,0.6366450246849417
/root/New_CheckLiuliang_remote/datasets/toniot/test/abnormal/test_00008000_orig24000_24001_24002.png,1,0.6491875515205335,0.6607145796408181,0.5767547361474781
/root/New_CheckLiuliang_remote/datasets/toniot/test/abnormal/test_00008012_orig24036_24037_24038.png,1,0.6700096408535181,0.6821446722149491,0.5864440189278245
/root/New_CheckLiuliang_remote/datasets/toniot/test/abnormal/test_00008024_orig24072_24073_24074.png,1,0.6668556899112367,0.678272696188688,0.5864368730336766
/root/New_CheckLiuliang_remote/datasets/toniot/test/abnormal/test_00008036_orig24108_24109_24110.png,1,0.6718118471716209,0.6840811692967131,0.5870920965586198
/root/New_CheckLiuliang_remote/datasets/toniot/test/abnormal/test_00008047_orig24141_24142_24143.png,1,0.6769701034362355,0.6902524386508663,0.5874801735792657
/root/New_CheckLiuliang_remote/datasets/toniot/test/abnormal/test_00008059_orig24177_24178_24179.png,1,0.4463298102825082,0.5732019483753499,0.19939765609175109
/root/New_CheckLiuliang_remote/datasets/toniot/test/abnormal/test_00008071_orig24213_24214_24215.png,1,0.16111726960431147,0.2482205081692789,0.1400394618262212
/root/New_CheckLiuliang_remote/datasets/toniot/test/abnormal/test_00008083_orig24249_24250_24251.png,1,0.6424688166546204,0.649505227710642,0.5836486001055943
/root/New_CheckLiuliang_remote/datasets/toniot/test/abnormal/test_00008095_orig24285_24286_24287.png,1,0.768479879763291,0.7562345211318632,0.695862499804175
/root/New_CheckLiuliang_remote/datasets/toniot/test/abnormal/test_00008107_orig24321_24322_24323.png,1,0.6940425094651445,0.7102506908485581,0.5897608131807667
/root/New_CheckLiuliang_remote/datasets/toniot/test/abnormal/test_00008118_orig24354_24355_24356.png,1,0.6489894412822801,0.6569009768178629,0.5850851996713988
/root/New_CheckLiuliang_remote/datasets/toniot/test/abnormal/test_00008130_orig24390_24391_24392.png,1,0.6985759141854128,0.7088198686093857,0.6060957775186322
/root/New_CheckLiuliang_remote/datasets/toniot/test/abnormal/test_00008142_orig24426_24427_24428.png,1,0.607454828449207,0.5926809505668903,0.615860367029614
/root/New_CheckLiuliang_remote/datasets/toniot/test/abnormal/test_00008154_orig24462_24463_24464.png,1,0.40869175024880405,0.37096493111028717,0.5633831191443176
/root/New_CheckLiuliang_remote/datasets/toniot/test/abnormal/test_00008166_orig24498_24499_24500.png,1,0.6206496196374508,0.6137489256530714,0.6045286279635879
/root/New_CheckLiuliang_remote/datasets/toniot/test/abnormal/test_00008178_orig24534_24535_24536.png,1,0.40869175024880405,0.37096493111028717,0.5633831191443176
/root/New_CheckLiuliang_remote/datasets/toniot/test/abnormal/test_00008189_orig24567_24568_24569.png,1,0.5833222565914915,0.5740476810651073,0.5901546618851473
/root/New_CheckLiuliang_remote/datasets/toniot/test/abnormal/test_00008201_orig24603_24604_24605.png,1,0.5973205795887767,0.5800808231300424,0.6162077674220335
/root/New_CheckLiuliang_remote/datasets/toniot/test/abnormal/test_00008213_orig24639_24640_24641.png,1,0.5926129635484731,0.6013378323687897,0.5531122705171676
/root/New_CheckLiuliang_remote/datasets/toniot/test/abnormal/test_00008225_orig24675_24676_24677.png,1,0.613217733602379,0.5904654838739783,0.6375509041892254
/root/New_CheckLiuliang_remote/datasets/toniot/test/abnormal/test_00008237_orig24711_24712_24713.png,1,0.6284185428007251,0.6070007118476392,0.6425464338827518
/root/New_CheckLiuliang_remote/datasets/toniot/test/abnormal/test_00008249_orig24747_24748_24749.png,1,0.5713879819755872,0.5448067787579235,0.6241702173973389
/root/New_CheckLiuliang_remote/datasets/toniot/test/abnormal/test_00008260_orig24780_24781_24782.png,1,0.5965769412304266,0.5791655177270425,0.6162116152111901
/root/New_CheckLiuliang_remote/datasets/toniot/test/abnormal/test_00008272_orig24816_24817_24818.png,1,0.6394801410315416,0.6377779832906706,0.6024442256090706
/root/New_CheckLiuliang_remote/datasets/toniot/test/abnormal/test_00008284_orig24852_24853_24854.png,1,0.6111785973353977,0.5837264333039488,0.6474295531644905
/root/New_CheckLiuliang_remote/datasets/toniot/test/abnormal/test_00008296_orig24888_24889_24890.png,1,0.6305417593234226,0.5936682043367557,0.6797424619749107
/root/New_CheckLiuliang_remote/datasets/toniot/test/abnormal/test_00008308_orig24924_24925_24926.png,1,0.611598300739268,0.5786062209883907,0.6605799222911496
/root/New_CheckLiuliang_remote/datasets/toniot/test/abnormal/test_00008320_orig24960_24961_24962.png,1,0.6547935634986898,0.5998662846389389,0.7348054241734056
/root/New_CheckLiuliang_remote/datasets/toniot/test/abnormal/test_00008331_orig24993_24994_24995.png,1,0.6764597908269376,0.6757358374985046,0.6198892771185995
/root/New_CheckLiuliang_remote/datasets/toniot/test/abnormal/test_00008343_orig25029_25030_25031.png,1,0.6142655100250604,0.5816782805019077,0.6610581475148917
/root/New_CheckLiuliang_remote/datasets/toniot/test/abnormal/test_00008355_orig25065_25066_25067.png,1,0.6715915783877342,0.6762187739421341,0.6048062184670243
/root/New_CheckLiuliang_remote/datasets/toniot/test/abnormal/test_00008367_orig25101_25102_25103.png,1,0.6049834210977244,0.5789320249138189,0.640856155074698
/root/New_CheckLiuliang_remote/datasets/toniot/test/abnormal/test_00008379_orig25137_25138_25139.png,1,0.5508876609550629,0.5130629556694549,0.6394687522416808
/root/New_CheckLiuliang_remote/datasets/toniot/test/abnormal/test_00008391_orig25173_25174_25175.png,1,0.6011208252293216,0.5845148109276673,0.6167563522189238
/root/New_CheckLiuliang_remote/datasets/toniot/test/abnormal/test_00008402_orig25206_25207_25208.png,1,0.6278618151975017,0.5939733061377557,0.6713476854036592
/root/New_CheckLiuliang_remote/datasets/toniot/test/abnormal/test_00008414_orig25242_25243_25244.png,1,0.5924811861846656,0.573561011451499,0.6175470728905939
/root/New_CheckLiuliang_remote/datasets/toniot/test/abnormal/test_00008426_orig25278_25279_25280.png,1,0.5980520704334014,0.5824069274059644,0.6128772310649608
/root/New_CheckLiuliang_remote/datasets/toniot/test/abnormal/test_00008438_orig25314_25315_25316.png,1,0.48224635824793677,0.43157905454076495,0.6328167493162616
/root/New_CheckLiuliang_remote/datasets/toniot/test/abnormal/test_00008450_orig25350_25351_25352.png,1,0.6108479251910153,0.5850041955739876,0.6435001359094098
/root/New_CheckLiuliang_remote/datasets/toniot/test/abnormal/test_00008462_orig25386_25387_25388.png,1,0.526787471189732,0.5086924317614708,0.5805761404640929
/root/New_CheckLiuliang_remote/datasets/toniot/test/abnormal/test_00008473_orig25419_25420_25421.png,1,0.5986982499939966,0.5822979867183994,0.6149838956281695
/root/New_CheckLiuliang_remote/datasets/toniot/test/abnormal/test_00008485_orig25455_25456_25457.png,1,0.615520022826554,0.6053289304552856,0.6094697389247573
/root/New_CheckLiuliang_remote/datasets/toniot/test/abnormal/test_00008497_orig25491_25492_25493.png,1,0.6230862269886587,0.571866831039272,0.7092387891227399
/root/New_CheckLiuliang_remote/datasets/toniot/test/abnormal/test_00008509_orig25527_25528_25529.png,1,0.6433616535158302,0.5461588650484506,0.8273497005458089
/root/New_CheckLiuliang_remote/datasets/toniot/test/abnormal/test_00008521_orig25563_25564_25565.png,1,0.601110098163786,0.5830714316622024,0.6200934847859791
/root/New_CheckLiuliang_remote/datasets/toniot/test/abnormal/test_00008533_orig25599_25600_25601.png,1,0.6066078138294344,0.5900147884438026,0.6196531877696373
/root/New_CheckLiuliang_remote/datasets/toniot/test/abnormal/test_00008544_orig25632_25633_25634.png,1,0.6960701241599804,0.713741204778797,0.5874290529519002
/root/New_CheckLiuliang_remote/datasets/toniot/test/abnormal/test_00008556_orig25668_25669_25670.png,1,0.7021399456584193,0.774845391613773,0.4622536006374138
/root/New_CheckLiuliang_remote/datasets/toniot/test/abnormal/test_00008568_orig25704_25705_25706.png,1,0.6685689131795945,0.6794181006140216,0.5886757366386208
/root/New_CheckLiuliang_remote/datasets/toniot/test/abnormal/test_00008580_orig25740_25741_25742.png,1,0.6013642717842856,0.5831308230027753,0.6206835707373436
/root/New_CheckLiuliang_remote/datasets/toniot/test/abnormal/test_00008592_orig25776_25777_25778.png,1,0.6631023709982586,0.6737287495662311,0.5862793885203409
/root/New_CheckLiuliang_remote/datasets/toniot/test/abnormal/test_00008604_orig25812_25813_25814.png,1,0.5952697566056885,0.57557895951462,0.620832809988201
/root/New_CheckLiuliang_remote/datasets/toniot/test/abnormal/test_00008615_orig25845_25846_25847.png,1,0.6083665843037588,0.5909541897621207,0.622503300166307
/root/New_CheckLiuliang_remote/datasets/toniot/test/abnormal/test_00008627_orig25881_25882_25883.png,1,0.6750632405848187,0.6884578020282991,0.5862010585267969
/root/New_CheckLiuliang_remote/datasets/toniot/test/abnormal/test_00008639_orig25917_25918_25919.png,1,0.6770935815292171,0.6904411334243435,0.587393873165326
/root/New_CheckLiuliang_remote/datasets/toniot/test/abnormal/test_00008651_orig25953_25954_25955.png,1,0.6803593186846997,0.694470241968806,0.5873548455895954
/root/New_CheckLiuliang_remote/datasets/toniot/test/abnormal/test_00008663_orig25989_25990_25991.png,1,0.6754530020726325,0.6885392530096562,0.5871283757135244
/root/New_CheckLiuliang_remote/datasets/toniot/test/abnormal/test_00008675_orig26025_26026_26027.png,1,0.6827165114236082,0.6976471696208202,0.5866996220646522
/root/New_CheckLiuliang_remote/datasets/toniot/test/abnormal/test_00008686_orig26058_26059_26060.png,1,0.6744831883799046,0.6877301732615094,0.5862359634712885
/root/New_CheckLiuliang_remote/datasets/toniot/test/abnormal/test_00008698_orig26094_26095_26096.png,1,0.6780817537745499,0.6919574791939407,0.5866886283813478
/root/New_CheckLiuliang_remote/datasets/toniot/test/abnormal/test_00008710_orig26130_26131_26132.png,1,0.6699043442282532,0.6820455735209647,0.5863733845125937
/root/New_CheckLiuliang_remote/datasets/toniot/test/abnormal/test_00008722_orig26166_26167_26168.png,1,0.6724686523575962,0.6844870666871425,0.5880279338499081
/root/New_CheckLiuliang_remote/datasets/toniot/test/abnormal/test_00008734_orig26202_26203_26204.png,1,0.6743708069713172,0.6870649902470934,0.5874658817909699
/root/New_CheckLiuliang_remote/datasets/toniot/test/abnormal/test_00008746_orig26238_26239_26240.png,1,0.659946972960592,0.6693141063766785,0.58753431746954
/root/New_CheckLiuliang_remote/datasets/toniot/test/abnormal/test_00008757_orig26271_26272_26273.png,1,0.672809340358676,0.6849224900583138,0.5879886314320949
/root/New_CheckLiuliang_remote/datasets/toniot/test/abnormal/test_00008769_orig26307_26308_26309.png,1,0.6708736387642252,0.6824986446047634,0.5880949953180651
/root/New_CheckLiuliang_remote/datasets/toniot/test/abnormal/test_00008781_orig26343_26344_26345.png,1,0.6749956669905407,0.6874457735849376,0.588368738032345
/root/New_CheckLiuliang_remote/datasets/toniot/test/abnormal/test_00008793_orig26379_26380_26381.png,1,0.6051584241878951,0.5951960889953785,0.6034083716348679
/root/New_CheckLiuliang_remote/datasets/toniot/test/abnormal/test_00008805_orig26415_26416_26417.png,1,0.6257731475622431,0.623064202887607,0.5974811272812923
/root/New_CheckLiuliang_remote/datasets/toniot/test/abnormal/test_00008817_orig26451_26452_26453.png,1,0.5965000961448231,0.5802786811389223,0.6133939341802683
/root/New_CheckLiuliang_remote/datasets/toniot/test/abnormal/test_00008828_orig26484_26485_26486.png,1,0.5760074981220228,0.5548999128644189,0.6138628147732017
/root/New_CheckLiuliang_remote/datasets/toniot/test/abnormal/test_00008840_orig26520_26521_26522.png,1,0.5162173980107676,0.5155407623981545,0.5342943828049999
/root/New_CheckLiuliang_remote/datasets/toniot/test/abnormal/test_00008852_orig26556_26557_26558.png,1,0.6172355122676303,0.6124219534151294,0.5978373226203554
/root/New_CheckLiuliang_remote/datasets/toniot/test/abnormal/test_00008864_orig26592_26593_26594.png,1,0.6381684891466923,0.6414599070270985,0.59009282241656
/root/New_CheckLiuliang_remote/datasets/toniot/test/abnormal/test_00008876_orig26628_26629_26630.png,1,0.6175832618549337,0.6149072264837866,0.5930352817529868
/root/New_CheckLiuliang_remote/datasets/toniot/test/abnormal/test_00008888_orig26664_26665_26666.png,1,0.6002361270664812,0.5872067658615181,0.6079388685246174
/root/New_CheckLiuliang_remote/datasets/toniot/test/abnormal/test_00008899_orig26697_26698_26699.png,1,0.5978063501706035,0.5848474024348753,0.6064783576976259
/root/New_CheckLiuliang_remote/datasets/toniot/test/abnormal/test_00008911_orig26733_26734_26735.png,1,0.6108743269777313,0.6001853009825873,0.6081532453490536
/root/New_CheckLiuliang_remote/datasets/toniot/test/abnormal/test_00008923_orig26769_26770_26771.png,1,0.6007732335897471,0.58956307487636,0.6039805928508627
/root/New_CheckLiuliang_remote/datasets/toniot/test/abnormal/test_00008935_orig26805_26806_26807.png,1,0.5815274346794386,0.5628383291349311,0.611164415206133
/root/New_CheckLiuliang_remote/datasets/toniot/test/abnormal/test_00008947_orig26841_26842_26843.png,1,0.5897969797324737,0.5726843952646435,0.6118974190404548
/root/New_CheckLiuliang_remote/datasets/toniot/test/abnormal/test_00008959_orig26877_26878_26879.png,1,0.5967318516217814,0.583109442120169,0.607453222564645
/root/New_CheckLiuliang_remote/datasets/toniot/test/abnormal/test_00008970_orig26910_26911_26912.png,1,0.6322287402122708,0.6172961158911713,0.6294469105413757
/root/New_CheckLiuliang_remote/datasets/toniot/test/abnormal/test_00008982_orig26946_26947_26948.png,1,0.6000053232521194,0.5825416609042926,0.6181624443135585
/root/New_CheckLiuliang_remote/datasets/toniot/test/abnormal/test_00008994_orig26982_26983_26984.png,1,0.6172714634510051,0.6008545565460711,0.6249309802820044
/root/New_CheckLiuliang_remote/datasets/toniot/test/abnormal/test_00009006_orig27018_27019_27020.png,1,0.6092613217693155,0.5917578394448437,0.623193153793659
/root/New_CheckLiuliang_remote/datasets/toniot/test/abnormal/test_00009018_orig27054_27055_27056.png,1,0.6075687327548955,0.5889715371242543,0.6248422062893213
/root/New_CheckLiuliang_remote/datasets/toniot/test/abnormal/test_00009030_orig27090_27091_27092.png,1,0.6027670820967028,0.5908309951528181,0.6067380834656927
/root/New_CheckLiuliang_remote/datasets/toniot/test/abnormal/test_00009041_orig27123_27124_27125.png,1,0.6022392028780348,0.5829903200599343,0.6235196661878002
/root/New_CheckLiuliang_remote/datasets/toniot/test/abnormal/test_00009053_orig27159_27160_27161.png,1,0.5957618890250098,0.5769697350212918,0.6189985139288593
/root/New_CheckLiuliang_remote/datasets/toniot/test/abnormal/test_00009065_orig27195_27196_27197.png,1,0.6111377168936043,0.6004900634044983,0.6081972200822713
/root/New_CheckLiuliang_remote/datasets/toniot/test/abnormal/test_00009077_orig27231_27232_27233.png,1,0.5994306579800232,0.5803818523819746,0.6215545452971359
/root/New_CheckLiuliang_remote/datasets/toniot/test/abnormal/test_00009089_orig27267_27268_27269.png,1,0.6075388958581149,0.5887349898992299,0.6253086133035112
/root/New_CheckLiuliang_remote/datasets/toniot/test/abnormal/test_00009101_orig27303_27304_27305.png,1,0.5894670447183339,0.5722713709133455,0.6119152837758245
/root/New_CheckLiuliang_remote/datasets/toniot/test/abnormal/test_00009112_orig27336_27337_27338.png,1,0.5118081645500925,0.48131438127374065,0.6015155342119302
/root/New_CheckLiuliang_remote/datasets/toniot/test/abnormal/test_00009124_orig27372_27373_27374.png,1,0.6036995941530909,0.5951465396483863,0.5993418081805647
/root/New_CheckLiuliang_remote/datasets/toniot/test/abnormal/test_00009136_orig27408_27409_27410.png,1,0.581663762071381,0.5620010809223984,0.6135088181707995
/root/New_CheckLiuliang_remote/datasets/toniot/test/abnormal/test_00009148_orig27444_27445_27446.png,1,0.5938946858712493,0.5767362422080682,0.6141904265356732
/root/New_CheckLiuliang_remote/datasets/toniot/test/abnormal/test_00009160_orig27480_27481_27482.png,1,0.5862861792198856,0.5664812242761256,0.6163067105717732
/root/New_CheckLiuliang_remote/datasets/toniot/test/abnormal/test_00009172_orig27516_27517_27518.png,1,0.6685435535093501,0.6791652631927257,0.5891929894380936
/root/New_CheckLiuliang_remote/datasets/toniot/test/abnormal/test_00009183_orig27549_27550_27551.png,1,0.6435663834673634,0.6520729698979233,0.5808037097084943
/root/New_CheckLiuliang_remote/datasets/toniot/test/abnormal/test_00009195_orig27585_27586_27587.png,1,0.5674085309551332,0.5577988890425521,0.5824469905204217
/root/New_CheckLiuliang_remote/datasets/toniot/test/abnormal/test_00009207_orig27621_27622_27623.png,1,0.16227044622784736,0.24495296630050492,0.15096965660955355
/root/New_CheckLiuliang_remote/datasets/toniot/test/abnormal/test_00009219_orig27657_27658_27659.png,1,0.35514645041989196,0.300616057891285,0.5740266536354874
/root/New_CheckLiuliang_remote/datasets/toniot/test/abnormal/test_00009231_orig27693_27694_27695.png,1,0.37533612569206926,0.4798279008639743,0.21374551217234358
/root/New_CheckLiuliang_remote/datasets/toniot/test/abnormal/test_00009243_orig27729_27730_27731.png,1,0.6485552542497807,0.6577236317295692,0.5819209427743055
/root/New_CheckLiuliang_remote/datasets/toniot/test/abnormal/test_00009254_orig27762_27763_27764.png,1,0.5964691044627156,0.6760477268812843,0.38984398039496454
/root/New_CheckLiuliang_remote/datasets/toniot/test/abnormal/test_00009266_orig27798_27799_27800.png,1,0.4575304272755006,0.444341405182149,0.532182221400139
/root/New_CheckLiuliang_remote/datasets/toniot/test/abnormal/test_00009278_orig27834_27835_27836.png,1,0.6251761571389384,0.619632401539763,0.603777209709731
/root/New_CheckLiuliang_remote/datasets/toniot/test/abnormal/test_00009290_orig27870_27871_27872.png,1,0.67457144936857,0.6899144170782345,0.5813924214494457
/root/New_CheckLiuliang_remote/datasets/toniot/test/abnormal/test_00009302_orig27906_27907_27908.png,1,0.6542581574269694,0.6587339632774857,0.5959126035158349
/root/New_CheckLiuliang_remote/datasets/toniot/test/abnormal/test_00009314_orig27942_27943_27944.png,1,0.6673906283317748,0.680405015004798,0.5829950256331469
/root/New_CheckLiuliang_remote/datasets/toniot/test/abnormal/test_00009325_orig27975_27976_27977.png,1,0.5642857807642339,0.5522025278651443,0.5865528563925383
/root/New_CheckLiuliang_remote/datasets/toniot/test/abnormal/test_00009337_orig28011_28012_28013.png,1,0.6416546008803837,0.5992632079978076,0.6985457830567002
/root/New_CheckLiuliang_remote/datasets/toniot/test/abnormal/test_00009349_orig28047_28048_28049.png,1,0.6701945362039573,0.6825716111088957,0.5859778867557174
/root/New_CheckLiuliang_remote/datasets/toniot/test/abnormal/test_00009361_orig28083_28084_28085.png,1,0.5986515305086405,0.5822874659666407,0.6148745084792905
/root/New_CheckLiuliang_remote/datasets/toniot/test/abnormal/test_00009373_orig28119_28120_28121.png,1,0.7590196012382202,0.786943577378008,0.5970872785769117
/root/New_CheckLiuliang_remote/datasets/toniot/test/abnormal/test_00009385_orig28155_28156_28157.png,1,0.6080342259958639,0.5965342607432572,0.608530328686395
/root/New_CheckLiuliang_remote/datasets/toniot/test/abnormal/test_00009396_orig28188_28189_28190.png,1,0.6247526118007731,0.6114394509525098,0.6216798732868062
/root/New_CheckLiuliang_remote/datasets/toniot/test/abnormal/test_00009408_orig28224_28225_28226.png,1,0.6390945587471379,0.6457645913918191,0.5827034181834972
/root/New_CheckLiuliang_remote/datasets/toniot/test/abnormal/test_00009420_orig28260_28261_28262.png,1,0.6420360130217593,0.6452344812548202,0.5923729123338958
/root/New_CheckLiuliang_remote/datasets/toniot/test/abnormal/test_00009432_orig28296_28297_28298.png,1,0.6277300540383365,0.6121684372356555,0.6285146461971612
/root/New_CheckLiuliang_remote/datasets/toniot/test/abnormal/test_00009444_orig28332_28333_28334.png,1,0.6167232192117441,0.6095660783812975,0.6030323876658569
/root/New_CheckLiuliang_remote/datasets/toniot/test/abnormal/test_00009456_orig28368_28369_28370.png,1,0.7099128474027467,0.6682582980308377,0.7332401985129394
/root/New_CheckLiuliang_remote/datasets/toniot/test/abnormal/test_00009467_orig28401_28402_28403.png,1,0.640408500628668,0.6418315271295402,0.5956473809061159
/root/New_CheckLiuliang_remote/datasets/toniot/test/abnormal/test_00009479_orig28437_28438_28439.png,1,0.6474549406727429,0.6482481675650313,0.6008759766856958
/root/New_CheckLiuliang_remote/datasets/toniot/test/abnormal/test_00009491_orig28473_28474_28475.png,1,0.7340811332350063,0.7261329534550064,0.6674850547746528
/root/New_CheckLiuliang_remote/datasets/toniot/test/abnormal/test_00009503_orig28509_28510_28511.png,1,0.6315571931663936,0.6228361401398073,0.6145949940812757
/root/New_CheckLiuliang_remote/datasets/toniot/test/abnormal/test_00009515_orig28545_28546_28547.png,1,0.6459549801719962,0.6323163556115908,0.6337501130288065
/root/New_CheckLiuliang_remote/datasets/toniot/test/abnormal/test_00009527_orig28581_28582_28583.png,1,0.6455834085156804,0.6499182520619401,0.5916137985017259
/root/New_CheckLiuliang_remote/datasets/toniot/test/abnormal/test_00009538_orig28614_28615_28616.png,1,0.6397666147433896,0.6368460483123102,0.6054400043095238
/root/New_CheckLiuliang_remote/datasets/toniot/test/abnormal/test_00009550_orig28650_28651_28652.png,1,0.6085079797288335,0.5722347179717349,0.6665874205328474
/root/New_CheckLiuliang_remote/datasets/toniot/test/abnormal/test_00009562_orig28686_28687_28688.png,1,0.6117493070483736,0.5262668385056121,0.7831380534529373
/root/New_CheckLiuliang_remote/datasets/toniot/test/abnormal/test_00009574_orig28722_28723_28724.png,1,0.5885139217590477,0.5720935362707159,0.6095978153352537
/root/New_CheckLiuliang_remote/datasets/toniot/test/abnormal/test_00009586_orig28758_28759_28760.png,1,0.5740879503222147,0.46725933568240224,0.8128545291089372
/root/New_CheckLiuliang_remote/datasets/toniot/test/abnormal/test_00009598_orig28794_28795_28796.png,1,0.5738165550514223,0.4844414201996737,0.7719849617406079
/root/New_CheckLiuliang_remote/datasets/toniot/test/abnormal/test_00009609_orig28827_28828_28829.png,1,0.6971134910800659,0.6666055218674674,0.7004034406930638
/root/New_CheckLiuliang_remote/datasets/toniot/test/abnormal/test_00009621_orig28863_28864_28865.png,1,0.6239259628693286,0.6111781290539893,0.6199197845897694
/root/New_CheckLiuliang_remote/datasets/toniot/test/abnormal/test_00009633_orig28899_28900_28901.png,1,0.6297875607429316,0.6124362073368669,0.6337883160782893
/root/New_CheckLiuliang_remote/datasets/toniot/test/abnormal/test_00009645_orig28935_28936_28937.png,1,0.5795678176198763,0.5584640720569681,0.6157531786173959
/root/New_CheckLiuliang_remote/datasets/toniot/test/abnormal/test_00009657_orig28971_28972_28973.png,1,0.5979284548493674,0.5972388117319958,0.5779151194202591
/root/New_CheckLiuliang_remote/datasets/toniot/test/abnormal/test_00009669_orig29007_29008_29009.png,1,0.5933694475528174,0.5807443092490134,0.6033325152200675
/root/New_CheckLiuliang_remote/datasets/toniot/test/abnormal/test_00009680_orig29040_29041_29042.png,1,0.6651703884527227,0.6290481349846389,0.6964627549125961
/root/New_CheckLiuliang_remote/datasets/toniot/test/abnormal/test_00009692_orig29076_29077_29078.png,1,0.6439963152430999,0.5883307894042454,0.730767993979859
/root/New_CheckLiuliang_remote/datasets/toniot/test/abnormal/test_00009704_orig29112_29113_29114.png,1,0.6543641686152843,0.645324077334313,0.6275062505960638
/root/New_CheckLiuliang_remote/datasets/toniot/test/abnormal/test_00009716_orig29148_29149_29150.png,1,0.6575251921870578,0.6349831964928565,0.6606970050183416
/root/New_CheckLiuliang_remote/datasets/toniot/test/abnormal/test_00009728_orig29184_29185_29186.png,1,0.7026124258150096,0.7089291486760397,0.6174126751121974
/root/New_CheckLiuliang_remote/datasets/toniot/test/abnormal/test_00009740_orig29220_29221_29222.png,1,0.7029207966690693,0.7136054531432019,0.6073853365702402
/root/New_CheckLiuliang_remote/datasets/toniot/test/abnormal/test_00009751_orig29253_29254_29255.png,1,0.6513610335413079,0.6512703383524673,0.605022244343956
/root/New_CheckLiuliang_remote/datasets/toniot/test/abnormal/test_00009763_orig29289_29290_29291.png,1,0.4728699601786441,0.4086261679943459,0.6594931966965081
/root/New_CheckLiuliang_remote/datasets/toniot/test/abnormal/test_00009775_orig29325_29326_29327.png,1,0.5382487750936694,0.4705818569635923,0.7023581175845889
/root/New_CheckLiuliang_remote/datasets/toniot/test/abnormal/test_00009787_orig29361_29362_29363.png,1,0.5851898818887966,0.5592521103015977,0.6300317744931706
/root/New_CheckLiuliang_remote/datasets/toniot/test/abnormal/test_00009799_orig29397_29398_29399.png,1,0.6077645744419984,0.5944501337577834,0.6126202537177201
/root/New_CheckLiuliang_remote/datasets/toniot/test/abnormal/test_00009811_orig29433_29434_29435.png,1,0.645288199281193,0.6108075270888147,0.6820258499972378
/root/New_CheckLiuliang_remote/datasets/toniot/test/abnormal/test_00009822_orig29466_29467_29468.png,1,0.6020101832801539,0.5850130194303013,0.6181434802098584
/root/New_CheckLiuliang_remote/datasets/toniot/test/abnormal/test_00009834_orig29502_29503_29504.png,1,0.6156313308016937,0.5816854074627765,0.6649570572988025
/root/New_CheckLiuliang_remote/datasets/toniot/test/abnormal/test_00009846_orig29538_29539_29540.png,1,0.6637258205887572,0.6735400547927539,0.5885069835998981
/root/New_CheckLiuliang_remote/datasets/toniot/test/abnormal/test_00009858_orig29574_29575_29576.png,1,0.46168459811942675,0.41835752399198045,0.6047204677372499
/root/New_CheckLiuliang_remote/datasets/toniot/test/abnormal/test_00009870_orig29610_29611_29612.png,1,0.6170169026841208,0.6009495826909877,0.6239794769920073
/root/New_CheckLiuliang_remote/datasets/toniot/test/abnormal/test_00009882_orig29646_29647_29648.png,1,0.6109636988754317,0.6000132357844705,0.6088109424527403
/root/New_CheckLiuliang_remote/datasets/toniot/test/abnormal/test_00009893_orig29679_29680_29681.png,1,0.6173590875058882,0.6081613883319772,0.6081329070349404
/root/New_CheckLiuliang_remote/datasets/toniot/test/abnormal/test_00009905_orig29715_29716_29717.png,1,0.524833590659195,0.4511680155571374,0.7091983873365961
/root/New_CheckLiuliang_remote/datasets/toniot/test/abnormal/test_00009917_orig29751_29752_29753.png,1,0.6206595221091166,0.5981829643575596,0.6408775927571415
/root/New_CheckLiuliang_remote/datasets/toniot/test/abnormal/test_00009929_orig29787_29788_29789.png,1,0.5780924372630317,0.5242227582526389,0.6914199523808607
/root/New_CheckLiuliang_remote/datasets/toniot/test/abnormal/test_00009941_orig29823_29824_29825.png,1,0.5950088652634343,0.5614377116346788,0.6530811309092078
/root/New_CheckLiuliang_remote/datasets/toniot/test/abnormal/test_00009953_orig29859_29860_29861.png,1,0.658705082485869,0.6458558843667568,0.6387099132515934
/root/New_CheckLiuliang_remote/datasets/toniot/test/abnormal/test_00009964_orig29892_29893_29894.png,1,0.6045500356239953,0.5901780297856057,0.61337304618199
/root/New_CheckLiuliang_remote/datasets/toniot/test/abnormal/test_00009976_orig29928_29929_29930.png,1,0.6054047120141404,0.5887095364675557,0.6192497195923652
/root/New_CheckLiuliang_remote/datasets/toniot/test/abnormal/test_00009988_orig29964_29965_29966.png,1,0.6436353864576316,0.6343139409293727,0.6224392619610587
/root/New_CheckLiuliang_remote/datasets/toniot/test/abnormal/test_00010000_orig30000_30001_30002.png,1,0.6246028155358556,0.580344860061275,0.6938044822895885
/root/New_CheckLiuliang_remote/datasets/toniot/test/abnormal/test_00010012_orig30036_30037_30038.png,1,0.6951676371104399,0.7129942314039349,0.586584738074121
/root/New_CheckLiuliang_remote/datasets/toniot/test/abnormal/test_00010024_orig30072_30073_30074.png,1,0.6778369958866287,0.6907801731342422,0.5887340031601342
/root/New_CheckLiuliang_remote/datasets/toniot/test/abnormal/test_00010035_orig30105_30106_30107.png,1,0.6723919012370628,0.6845172714260624,0.587737425768589
/root/New_CheckLiuliang_remote/datasets/toniot/test/abnormal/test_00010047_orig30141_30142_30143.png,1,0.6776359013745207,0.6920219612208484,0.585259999235939
/root/New_CheckLiuliang_remote/datasets/toniot/test/abnormal/test_00010059_orig30177_30178_30179.png,1,0.6670648144118968,0.6780860376897447,0.5874719283167874
/root/New_CheckLiuliang_remote/datasets/toniot/test/abnormal/test_00010071_orig30213_30214_30215.png,1,0.6732167199087188,0.6852703536245263,0.588344826771158
/root/New_CheckLiuliang_remote/datasets/toniot/test/abnormal/test_00010083_orig30249_30250_30251.png,1,0.678580104978795,0.6920141555018017,0.5879850584850209
/root/New_CheckLiuliang_remote/datasets/toniot/test/abnormal/test_00010095_orig30285_30286_30287.png,1,0.6751515859490047,0.6880362931997763,0.5874378478985437
/root/New_CheckLiuliang_remote/datasets/toniot/test/abnormal/test_00010106_orig30318_30319_30320.png,1,0.5730243219750533,0.5499354755507062,0.6168943229443943
/root/New_CheckLiuliang_remote/datasets/toniot/test/abnormal/test_00010118_orig30354_30355_30356.png,1,0.6730244342367795,0.6855123309149745,0.5872289679157598
/root/New_CheckLiuliang_remote/datasets/toniot/test/abnormal/test_00010130_orig30390_30391_30392.png,1,0.6473856845670136,0.65318715144707,0.5891531373361151
/root/New_CheckLiuliang_remote/datasets/toniot/test/abnormal/test_00010142_orig30426_30427_30428.png,1,0.6732886908108908,0.6861798895830133,0.586428902613281
/root/New_CheckLiuliang_remote/datasets/toniot/test/abnormal/test_00010154_orig30462_30463_30464.png,1,0.3799358529784328,0.44975348351423655,0.2971056655122383
/root/New_CheckLiuliang_remote/datasets/toniot/test/abnormal/test_00010166_orig30498_30499_30500.png,1,0.6745531262179597,0.6867028727591435,0.5888334959940392
/root/New_CheckLiuliang_remote/datasets/toniot/test/abnormal/test_00010177_orig30531_30532_30533.png,1,0.6740340920711894,0.6862453897471881,0.5884129876076454
/root/New_CheckLiuliang_remote/datasets/toniot/test/abnormal/test_00010189_orig30567_30568_30569.png,1,0.6538517742049327,0.6991309349978746,0.5004879821176748
/root/New_CheckLiuliang_remote/datasets/toniot/test/abnormal/test_00010201_orig30603_30604_30605.png,1,0.7118883022167718,0.7241652334970554,0.6084539225874294
/root/New_CheckLiuliang_remote/datasets/toniot/test/abnormal/test_00010213_orig30639_30640_30641.png,1,0.6660135972117154,0.6776458630113277,0.5854853697436795
/root/New_CheckLiuliang_remote/datasets/toniot/test/abnormal/test_00010225_orig30675_30676_30677.png,1,0.6277633618219154,0.6281066973917868,0.5914208593597334
/root/New_CheckLiuliang_remote/datasets/toniot/test/abnormal/test_00010237_orig30711_30712_30713.png,1,0.6728039931847354,0.6853361931677898,0.587007994881341
/root/New_CheckLiuliang_remote/datasets/toniot/test/abnormal/test_00010248_orig30744_30745_30746.png,1,0.5967885962644988,0.5782519092194874,0.6189501417223199
/root/New_CheckLiuliang_remote/datasets/toniot/test/abnormal/test_00010260_orig30780_30781_30782.png,1,0.6748374711680479,0.6876718000582035,0.5873878266395086
/root/New_CheckLiuliang_remote/datasets/toniot/test/abnormal/test_00010272_orig30816_30817_30818.png,1,0.6040451620691777,0.5864180488587105,0.6206989618939698
/root/New_CheckLiuliang_remote/datasets/toniot/test/abnormal/test_00010284_orig30852_30853_30854.png,1,0.674865968752991,0.68682810364298,0.589438148575782
/root/New_CheckLiuliang_remote/datasets/toniot/test/abnormal/test_00010296_orig30888_30889_30890.png,1,0.48662468418763655,0.4475353017886126,0.6081373045082622
/root/New_CheckLiuliang_remote/datasets/toniot/test/abnormal/test_00010308_orig30924_30925_30926.png,1,0.6700608005048531,0.6817028006410871,0.58762171725181
/root/New_CheckLiuliang_remote/datasets/toniot/test/abnormal/test_00010319_orig30957_30958_30959.png,1,0.604272374675336,0.586295193628497,0.6216369979219191
/root/New_CheckLiuliang_remote/datasets/toniot/test/abnormal/test_00010331_orig30993_30994_30995.png,1,0.6228947550522639,0.6074154330943822,0.6257431386361182
/root/New_CheckLiuliang_remote/datasets/toniot/test/abnormal/test_00010343_orig31029_31030_31031.png,1,0.6540953832367022,0.6592250448192509,0.5943001050171598
/root/New_CheckLiuliang_remote/datasets/toniot/test/abnormal/test_00010355_orig31065_31066_31067.png,1,0.6836730291371513,0.7003784925289935,0.5830686833112865
/root/New_CheckLiuliang_remote/datasets/toniot/test/abnormal/test_00010367_orig31101_31102_31103.png,1,0.6030262130184788,0.5854447096314938,0.6200489603685962
/root/New_CheckLiuliang_remote/datasets/toniot/test/abnormal/test_00010379_orig31137_31138_31139.png,1,0.6008265286501673,0.583468165817229,0.6183548337713858
/root/New_CheckLiuliang_remote/datasets/toniot/test/abnormal/test_00010390_orig31170_31171_31172.png,1,0.4754040412513047,0.4679082285005468,0.5284331005512508
/root/New_CheckLiuliang_remote/datasets/toniot/test/abnormal/test_00010402_orig31206_31207_31208.png,1,0.6721671127904121,0.6841249491991926,0.5880084200620429
/root/New_CheckLiuliang_remote/datasets/toniot/test/abnormal/test_00010414_orig31242_31243_31244.png,1,0.6755408673031169,0.6888521605297029,0.5866501504897823
/root/New_CheckLiuliang_remote/datasets/toniot/test/abnormal/test_00010426_orig31278_31279_31280.png,1,0.5910548073806823,0.5781650281727067,0.6027152199025245
/root/New_CheckLiuliang_remote/datasets/toniot/test/abnormal/test_00010438_orig31314_31315_31316.png,1,0.6300215263418419,0.630014686630076,0.5934425977194153
/root/New_CheckLiuliang_remote/datasets/toniot/test/abnormal/test_00010450_orig31350_31351_31352.png,1,0.6202616707559181,0.6140706570294318,0.6026657483276546
/root/New_CheckLiuliang_remote/datasets/toniot/test/abnormal/test_00010461_orig31383_31384_31385.png,1,0.6069196298279091,0.598477545406801,0.6008006699550605
/root/New_CheckLiuliang_remote/datasets/toniot/test/abnormal/test_00010473_orig31419_31420_31421.png,1,0.6160921420851556,0.61331689607279,0.5924713057994703
/root/New_CheckLiuliang_remote/datasets/toniot/test/abnormal/test_00010485_orig31455_31456_31457.png,1,0.6192503970870884,0.6162033152246308,0.5947904232925367
/root/New_CheckLiuliang_remote/datasets/toniot/test/abnormal/test_00010497_orig31491_31492_31493.png,1,0.6142017734682518,0.6085445473234444,0.5981874714336011
/root/New_CheckLiuliang_remote/datasets/toniot/test/abnormal/test_00010509_orig31527_31528_31529.png,1,0.6094786743160235,0.6033534047782879,0.5967599416565227
/root/New_CheckLiuliang_remote/datasets/toniot/test/abnormal/test_00010521_orig31563_31564_31565.png,1,0.6175400043397398,0.6120245405019247,0.5996375382614534
/root/New_CheckLiuliang_remote/datasets/toniot/test/abnormal/test_00010532_orig31596_31597_31598.png,1,0.5619319892869463,0.5471668209427442,0.5915549822960472
/root/New_CheckLiuliang_remote/datasets/toniot/test/abnormal/test_00010544_orig31632_31633_31634.png,1,0.6777014907572422,0.6901927079312045,0.5897162887633838
/root/New_CheckLiuliang_remote/datasets/toniot/test/abnormal/test_00010556_orig31668_31669_31670.png,1,0.6955809913465766,0.7135840722605956,0.5863934479846242
/root/New_CheckLiuliang_remote/datasets/toniot/test/abnormal/test_00010568_orig31704_31705_31706.png,1,0.6737108688423841,0.686329555761257,0.5872899828580993
/root/New_CheckLiuliang_remote/datasets/toniot/test/abnormal/test_00010580_orig31740_31741_31742.png,1,0.6786901110494337,0.6942360703974044,0.5831159561494954
/root/New_CheckLiuliang_remote/datasets/toniot/test/abnormal/test_00010592_orig31776_31777_31778.png,1,0.5012240780497363,0.4765386387335051,0.5823164405311818
/root/New_CheckLiuliang_remote/datasets/toniot/test/abnormal/test_00010603_orig31809_31810_31811.png,1,0.6222486350194231,0.6239564305125558,0.5852951790225132
/root/New_CheckLiuliang_remote/datasets/toniot/test/abnormal/test_00010615_orig31845_31846_31847.png,1,0.5491280969087116,0.5461093157014584,0.557316255012776
/root/New_CheckLiuliang_remote/datasets/toniot/test/abnormal/test_00010627_orig31881_31882_31883.png,1,0.6109890902595912,0.601522454593199,0.6053622240001452
/root/New_CheckLiuliang_remote/datasets/toniot/test/abnormal/test_00010639_orig31917_31918_31919.png,1,0.6239385440705868,0.6089657167728781,0.6251181477402621
/root/New_CheckLiuliang_remote/datasets/toniot/test/abnormal/test_00010651_orig31953_31954_31955.png,1,0.5995700871038647,0.5816867649791324,0.6189094650940936
/root/New_CheckLiuliang_remote/datasets/toniot/test/abnormal/test_00010663_orig31989_31990_31991.png,1,0.6011834378043105,0.5829685997982391,0.6205436761172949
/root/New_CheckLiuliang_remote/datasets/toniot/test/abnormal/test_00010674_orig32022_32023_32024.png,1,0.5980114783832452,0.5796019592354807,0.6193057873772178
/root/New_CheckLiuliang_remote/datasets/toniot/test/abnormal/test_00010686_orig32058_32059_32060.png,1,0.6240141165482751,0.6240385602520908,0.590164831042204
/root/New_CheckLiuliang_remote/datasets/toniot/test/abnormal/test_00010698_orig32094_32095_32096.png,1,0.618072555434446,0.6031121062460176,0.6219599373689862
/root/New_CheckLiuliang_remote/datasets/toniot/test/abnormal/test_00010710_orig32130_32131_32132.png,1,0.6079169211984211,0.5894605823914857,0.6246992884063639
/root/New_CheckLiuliang_remote/datasets/toniot/test/abnormal/test_00010722_orig32166_32167_32168.png,1,0.6035622302162271,0.5871076671675336,0.6177053819301774
/root/New_CheckLiuliang_remote/datasets/toniot/test/abnormal/test_00010734_orig32202_32203_32204.png,1,0.5997582810700652,0.5815438863826686,0.6197823635484642
/root/New_CheckLiuliang_remote/datasets/toniot/test/abnormal/test_00010745_orig32235_32236_32237.png,1,0.624190030858476,0.6120856287379425,0.6185593162808479
/root/New_CheckLiuliang_remote/datasets/toniot/test/abnormal/test_00010757_orig32271_32272_32273.png,1,0.6132972107344923,0.5975693669646698,0.6212030222734772
/root/New_CheckLiuliang_remote/datasets/toniot/test/abnormal/test_00010769_orig32307_32308_32309.png,1,0.6052078663517515,0.5880158456096648,0.6203040138212587
/root/New_CheckLiuliang_remote/datasets/toniot/test/abnormal/test_00010781_orig32343_32344_32345.png,1,0.6022159274618664,0.5850299883847507,0.6186937140592444
/root/New_CheckLiuliang_remote/datasets/toniot/test/abnormal/test_00010793_orig32379_32380_32381.png,1,0.6398875414362686,0.638845330525537,0.6011216855075495
/root/New_CheckLiuliang_remote/datasets/toniot/test/abnormal/test_00010805_orig32415_32416_32417.png,1,0.6278894075479265,0.6140082112770581,0.6246786752501682
/root/New_CheckLiuliang_remote/datasets/toniot/test/abnormal/test_00010816_orig32448_32449_32450.png,1,0.6000671392320203,0.5811963621955452,0.6214786888823355
/root/New_CheckLiuliang_remote/datasets/toniot/test/abnormal/test_00010828_orig32484_32485_32486.png,1,0.604391002289857,0.5866284638938829,0.6211994493264033
/root/New_CheckLiuliang_remote/datasets/toniot/test/abnormal/test_00010840_orig32520_32521_32522.png,1,0.602953602558214,0.5854172199252857,0.6199049431173084
/root/New_CheckLiuliang_remote/datasets/toniot/test/abnormal/test_00010852_orig32556_32557_32558.png,1,0.6081299812805322,0.6004697006591591,0.5996221471048272
/root/New_CheckLiuliang_remote/datasets/toniot/test/abnormal/test_00010864_orig32592_32593_32594.png,1,0.6141186676014443,0.6065724154373366,0.6025508643371235
/root/New_CheckLiuliang_remote/datasets/toniot/test/abnormal/test_00010876_orig32628_32629_32630.png,1,0.6187644570094338,0.6119732942594875,0.6032673776464887
/root/New_CheckLiuliang_remote/datasets/toniot/test/abnormal/test_00010887_orig32661_32662_32663.png,1,0.6109686779820914,0.606977294690499,0.5925757457908623
/root/New_CheckLiuliang_remote/datasets/toniot/test/abnormal/test_00010899_orig32697_32698_32699.png,1,0.5938621101590885,0.5817420837706374,0.6024167414008096
/root/New_CheckLiuliang_remote/datasets/toniot/test/abnormal/test_00010911_orig32733_32734_32735.png,1,0.6097787965132553,0.6022575496999465,0.6001773281117002
/root/New_CheckLiuliang_remote/datasets/toniot/test/abnormal/test_00010923_orig32769_32770_32771.png,1,0.5972598507059542,0.5834654507845172,0.6081362051399317
/root/New_CheckLiuliang_remote/datasets/toniot/test/abnormal/test_00010935_orig32805_32806_32807.png,1,0.6349753139238177,0.6410574034275591,0.5818777925673356
/root/New_CheckLiuliang_remote/datasets/toniot/test/abnormal/test_00010947_orig32841_32842_32843.png,1,0.5548682751960102,0.5410193081248202,0.5856489007828327
/root/New_CheckLiuliang_remote/datasets/toniot/test/abnormal/test_00010958_orig32874_32875_32876.png,1,0.145895728133022,0.22807547451559998,0.14340737670652884
/root/New_CheckLiuliang_remote/datasets/toniot/test/abnormal/test_00010970_orig32910_32911_32912.png,1,0.48726651744930166,0.4560971574455954,0.5899996509505551
/root/New_CheckLiuliang_remote/datasets/toniot/test/abnormal/test_00010982_orig32946_32947_32948.png,1,0.6447252886846648,0.6519151586215439,0.5844942891937864
/root/New_CheckLiuliang_remote/datasets/toniot/test/abnormal/test_00010994_orig32982_32983_32984.png,1,0.6902283450580556,0.7075146166331389,0.5852105276610692
/root/New_CheckLiuliang_remote/datasets/toniot/test/abnormal/test_00011006_orig33018_33019_33020.png,1,0.45858210415558653,0.44545083542404995,0.5326085014702677
/root/New_CheckLiuliang_remote/datasets/toniot/test/abnormal/test_00011018_orig33054_33055_33056.png,1,0.6525493537518021,0.6628604736204876,0.5813852755552978
/root/New_CheckLiuliang_remote/datasets/toniot/test/abnormal/test_00011029_orig33087_33088_33089.png,1,0.6428421877974768,0.6487721688784285,0.5864294522974461
/root/New_CheckLiuliang_remote/datasets/toniot/test/abnormal/test_00011041_orig33123_33124_33125.png,1,0.5983197685998617,0.581034478370098,0.6168470501061852
/root/New_CheckLiuliang_remote/datasets/toniot/test/abnormal/test_00011053_orig33159_33160_33161.png,1,0.62336951972058,0.6116213581442073,0.6172903703854358
/root/New_CheckLiuliang_remote/datasets/toniot/test/abnormal/test_00011065_orig33195_33196_33197.png,1,0.6262834007197698,0.6205772329235048,0.6047468525771804
/root/New_CheckLiuliang_remote/datasets/toniot/test/abnormal/test_00011077_orig33231_33232_33233.png,1,0.6294843817023077,0.6231731435751721,0.6078663102148083
/root/New_CheckLiuliang_remote/datasets/toniot/test/abnormal/test_00011089_orig33267_33268_33269.png,1,0.6528742372917091,0.6576632222517294,0.5944435725842824
/root/New_CheckLiuliang_remote/datasets/toniot/test/abnormal/test_00011100_orig33300_33301_33302.png,1,0.720966242038179,0.7088843506362934,0.6701339827668518
/root/New_CheckLiuliang_remote/datasets/toniot/test/abnormal/test_00011112_orig33336_33337_33338.png,1,0.603163413406547,0.6846017768192204,0.38907579677406856
/root/New_CheckLiuliang_remote/datasets/toniot/test/abnormal/test_00011124_orig33372_33373_33374.png,1,0.6162928471564885,0.6072202901182142,0.6072721016322047
/root/New_CheckLiuliang_remote/datasets/toniot/test/abnormal/test_00011136_orig33408_33409_33410.png,1,0.6133657274765237,0.5991305107740134,0.6177567773996256
/root/New_CheckLiuliang_remote/datasets/toniot/test/abnormal/test_00011148_orig33444_33445_33446.png,1,0.6361144981155955,0.6351864845671602,0.5988424201164616
/root/New_CheckLiuliang_remote/datasets/toniot/test/abnormal/test_00011160_orig33480_33481_33482.png,1,0.6067739462352532,0.5945672195434842,0.6095071174479924
/root/New_CheckLiuliang_remote/datasets/toniot/test/abnormal/test_00011171_orig33513_33514_33515.png,1,0.6028787830046541,0.5868843557269797,0.6162671333118773
/root/New_CheckLiuliang_remote/datasets/toniot/test/abnormal/test_00011183_orig33549_33550_33551.png,1,0.6240082734247094,0.6156857621139245,0.6096379422793149
/root/New_CheckLiuliang_remote/datasets/toniot/test/abnormal/test_00011195_orig33585_33586_33587.png,1,0.6571825634552597,0.6489391433902104,0.6271508797832486
/root/New_CheckLiuliang_remote/datasets/toniot/test/abnormal/test_00011207_orig33621_33622_33623.png,1,0.5970513343983873,0.5806021094107277,0.61421955979643
/root/New_CheckLiuliang_remote/datasets/toniot/test/abnormal/test_00011219_orig33657_33658_33659.png,1,0.613156802028135,0.6042748190048896,0.6051544433856917
/root/New_CheckLiuliang_remote/datasets/toniot/test/abnormal/test_00011231_orig33693_33694_33695.png,1,0.6614773615026934,0.6547975052243169,0.6257937095793185
/root/New_CheckLiuliang_remote/datasets/toniot/test/abnormal/test_00011242_orig33726_33727_33728.png,1,0.6301813813767181,0.6243755636874556,0.607058824176099
/root/New_CheckLiuliang_remote/datasets/toniot/test/abnormal/test_00011254_orig33762_33763_33764.png,1,0.6289888412770863,0.6229841094226058,0.6068867730323849
/root/New_CheckLiuliang_remote/datasets/toniot/test/abnormal/test_00011266_orig33798_33799_33800.png,1,0.6089235485407581,0.593467291916075,0.6182361019916981
/root/New_CheckLiuliang_remote/datasets/toniot/test/abnormal/test_00011278_orig33834_33835_33836.png,1,0.636365867419617,0.5970467231676286,0.6885558230379779
/root/New_CheckLiuliang_remote/datasets/toniot/test/abnormal/test_00011290_orig33870_33871_33872.png,1,0.6656435355621044,0.6268241838145022,0.703008393952045
/root/New_CheckLiuliang_remote/datasets/toniot/test/abnormal/test_00011302_orig33906_33907_33908.png,1,0.6772373415159825,0.6707167601514649,0.6338295423906809
/root/New_CheckLiuliang_remote/datasets/toniot/test/abnormal/test_00011313_orig33939_33940_33941.png,1,0.5863741789601385,0.5604949165254708,0.6305270399260345
/root/New_CheckLiuliang_remote/datasets/toniot/test/abnormal/test_00011325_orig33975_33976_33977.png,1,0.6164266586114214,0.5829631697328154,0.6642556603039809
/root/New_CheckLiuliang_remote/datasets/toniot/test/abnormal/test_00011337_orig34011_34012_34013.png,1,0.7074566085503237,0.6819356146961327,0.6942849062499914
/root/New_CheckLiuliang_remote/datasets/toniot/test/abnormal/test_00011349_orig34047_34048_34049.png,1,0.5982909199823399,0.5810256545137843,0.6167849357955153
/root/New_CheckLiuliang_remote/datasets/toniot/test/abnormal/test_00011361_orig34083_34084_34085.png,1,0.6216369404037361,0.6035003559238196,0.6312724116540739
/root/New_CheckLiuliang_remote/datasets/toniot/test/abnormal/test_00011373_orig34119_34120_34121.png,1,0.6051175234983801,0.5878339384179674,0.6204694687549901
/root/New_CheckLiuliang_remote/datasets/toniot/test/abnormal/test_00011384_orig34152_34153_34154.png,1,0.5864525247894495,0.562343175044098,0.6264390387892876
/root/New_CheckLiuliang_remote/datasets/toniot/test/abnormal/test_00011396_orig34188_34189_34190.png,1,0.6038281934925954,0.5882815794363423,0.6157287176720436
/root/New_CheckLiuliang_remote/datasets/toniot/test/abnormal/test_00011408_orig34224_34225_34226.png,1,0.686221353588947,0.7023248316043382,0.585832770136099
/root/New_CheckLiuliang_remote/datasets/toniot/test/abnormal/test_00011420_orig34260_34261_34262.png,1,0.7048398673072414,0.637462021358823,0.7905549418942611
/root/New_CheckLiuliang_remote/datasets/toniot/test/abnormal/test_00011432_orig34296_34297_34298.png,1,0.6179982061350835,0.6079285742769316,0.6105083671549419
/root/New_CheckLiuliang_remote/datasets/toniot/test/abnormal/test_00011444_orig34332_34333_34334.png,1,0.6006079114955245,0.5844092640309921,0.6155322055829772
/root/New_CheckLiuliang_remote/datasets/toniot/test/abnormal/test_00011455_orig34365_34366_34367.png,1,0.6145633207379789,0.6020030153832057,0.614487530826975
/root/New_CheckLiuliang_remote/datasets/toniot/test/abnormal/test_00011467_orig34401_34402_34403.png,1,0.6025630522613222,0.5869223661849463,0.6152733043411582
/root/New_CheckLiuliang_remote/datasets/toniot/test/abnormal/test_00011479_orig34437_34438_34439.png,1,0.4346548194870613,0.4128032458216071,0.5401913945294882
/root/New_CheckLiuliang_remote/datasets/toniot/test/abnormal/test_00011491_orig34473_34474_34475.png,1,0.5246978841421125,0.4494863921712032,0.7127331313610482
/root/New_CheckLiuliang_remote/datasets/toniot/test/abnormal/test_00011503_orig34509_34510_34511.png,1,0.6028400266388861,0.587319439719062,0.61514083045734
/root/New_CheckLiuliang_remote/datasets/toniot/test/abnormal/test_00011515_orig34545_34546_34547.png,1,0.6035841001203974,0.5886246916953088,0.6142283547430735
/root/New_CheckLiuliang_remote/datasets/toniot/test/abnormal/test_00011526_orig34578_34579_34580.png,1,0.7068748150257476,0.7252634642290198,0.5915187031411426
/root/New_CheckLiuliang_remote/datasets/toniot/test/abnormal/test_00011538_orig34614_34615_34616.png,1,0.6060932655140068,0.5899065265144156,0.6184306901861862
/root/New_CheckLiuliang_remote/datasets/toniot/test/abnormal/test_00011550_orig34650_34651_34652.png,1,0.6054554098021134,0.5903188721075356,0.6156399436793605
/root/New_CheckLiuliang_remote/datasets/toniot/test/abnormal/test_00011562_orig34686_34687_34688.png,1,0.5535973806663714,0.5151165385369197,0.6424452919963511
/root/New_CheckLiuliang_remote/datasets/toniot/test/abnormal/test_00011574_orig34722_34723_34724.png,1,0.5827336188167025,0.540996909104947,0.6655856211417325
/root/New_CheckLiuliang_remote/datasets/toniot/test/abnormal/test_00011586_orig34758_34759_34760.png,1,0.5507666634632106,0.5126088664483893,0.6401814177618894
/root/New_CheckLiuliang_remote/datasets/toniot/test/abnormal/test_00011597_orig34791_34792_34793.png,1,0.527322583061025,0.523361414124788,0.5478825753692572
/root/New_CheckLiuliang_remote/datasets/toniot/test/abnormal/test_00011609_orig34827_34828_34829.png,1,0.6943800768751134,0.7116563990351452,0.5874485667397655
/root/New_CheckLiuliang_remote/datasets/toniot/test/abnormal/test_00011621_orig34863_34864_34865.png,1,0.6808189545777215,0.6944749932760518,0.5886614448503251
/root/New_CheckLiuliang_remote/datasets/toniot/test/abnormal/test_00011633_orig34899_34900_34901.png,1,0.6717124315972997,0.6845383129295797,0.585740423196342
/root/New_CheckLiuliang_remote/datasets/toniot/test/abnormal/test_00011645_orig34935_34936_34937.png,1,0.6203666383317781,0.6586460640934378,0.4989573865596175
/root/New_CheckLiuliang_remote/datasets/toniot/test/abnormal/test_00011657_orig34971_34972_34973.png,1,0.5128236662628868,0.4881484579886868,0.5884805987599675
/root/New_CheckLiuliang_remote/datasets/toniot/test/abnormal/test_00011668_orig35004_35005_35006.png,1,0.49224088091514057,0.4540619010489359,0.6090091035943023
/root/New_CheckLiuliang_remote/datasets/toniot/test/abnormal/test_00011680_orig35040_35041_35042.png,1,0.6695705429759431,0.6815534738419325,0.5865646746020905
/root/New_CheckLiuliang_remote/datasets/toniot/test/abnormal/test_00011692_orig35076_35077_35078.png,1,0.6781989538337068,0.6920789769077983,0.5867411232191264
/root/New_CheckLiuliang_remote/datasets/toniot/test/abnormal/test_00011704_orig35112_35113_35114.png,1,0.675231673628631,0.6880838062722346,0.5875565796782314
/root/New_CheckLiuliang_remote/datasets/toniot/test/abnormal/test_00011716_orig35148_35149_35150.png,1,0.6693159647265139,0.6812575352763351,0.5865253721842772
/root/New_CheckLiuliang_remote/datasets/toniot/test/abnormal/test_00011728_orig35184_35185_35186.png,1,0.6726547637852712,0.6845634269821648,0.5883833046627234
/root/New_CheckLiuliang_remote/datasets/toniot/test/abnormal/test_00011739_orig35217_35218_35219.png,1,0.6831501602172059,0.6978321312243185,0.5875112307346007
/root/New_CheckLiuliang_remote/datasets/toniot/test/abnormal/test_00011751_orig35253_35254_35255.png,1,0.6781446821890775,0.6921964020725881,0.5863115450440063
/root/New_CheckLiuliang_remote/datasets/toniot/test/abnormal/test_00011763_orig35289_35290_35291.png,1,0.6701343322044503,0.6826343962403585,0.5856587950978067
/root/New_CheckLiuliang_remote/datasets/toniot/test/abnormal/test_00011775_orig35325_35326_35327.png,1,0.6707765001748978,0.6829422130740703,0.5867815250052701
/root/New_CheckLiuliang_remote/datasets/toniot/test/abnormal/test_00011787_orig35361_35362_35363.png,1,0.6781550588058906,0.6918213881792566,0.5872163251799597
/root/New_CheckLiuliang_remote/datasets/toniot/test/abnormal/test_00011799_orig35397_35398_35399.png,1,0.6705881472921786,0.6828383630728401,0.586483871029803
/root/New_CheckLiuliang_remote/datasets/toniot/test/abnormal/test_00011810_orig35430_35431_35432.png,1,0.6727523538056025,0.6851722730678088,0.5872424351778077
/root/New_CheckLiuliang_remote/datasets/toniot/test/abnormal/test_00011822_orig35466_35467_35468.png,1,0.6752232956947015,0.6886478543181322,0.5862164496834231
/root/New_CheckLiuliang_remote/datasets/toniot/test/abnormal/test_00011834_orig35502_35503_35504.png,1,0.6814716100737226,0.6960561604516456,0.5868430896317748
/root/New_CheckLiuliang_remote/datasets/toniot/test/abnormal/test_00011846_orig35538_35539_35540.png,1,0.49866552551331195,0.47110517951881137,0.5876596454592102
/root/New_CheckLiuliang_remote/datasets/toniot/test/abnormal/test_00011858_orig35574_35575_35576.png,1,0.6851518125023319,0.7007820142658,0.5863665134605284
/root/New_CheckLiuliang_remote/datasets/toniot/test/abnormal/test_00011870_orig35610_35611_35612.png,1,0.670515998194393,0.6828142671575219,0.5863332575685326
/root/New_CheckLiuliang_remote/datasets/toniot/test/abnormal/test_00011881_orig35643_35644_35645.png,1,0.6735841803011845,0.686413721775326,0.5867304043779046
/root/New_CheckLiuliang_remote/datasets/toniot/test/abnormal/test_00011893_orig35679_35680_35681.png,1,0.6232136023997092,0.6089904914463743,0.6229820750742142
/root/New_CheckLiuliang_remote/datasets/toniot/test/abnormal/test_00011905_orig35715_35716_35717.png,1,0.6090737340926726,0.5928913656020628,0.6200104824770307
/root/New_CheckLiuliang_remote/datasets/toniot/test/abnormal/test_00011917_orig35751_35752_35753.png,1,0.6047593729984463,0.5869074335050308,0.621604566556171
/root/New_CheckLiuliang_remote/datasets/toniot/test/abnormal/test_00011929_orig35787_35788_35789.png,1,0.6046165814131035,0.5868029047456227,0.6214391116224396
/root/New_CheckLiuliang_remote/datasets/toniot/test/abnormal/test_00011941_orig35823_35824_35825.png,1,0.6116960798313031,0.606144797785212,0.5966035565115174
/root/New_CheckLiuliang_remote/datasets/toniot/test/abnormal/test_00011952_orig35856_35857_35858.png,1,0.6249530012384797,0.6105730161383242,0.6242760315991439
/root/New_CheckLiuliang_remote/datasets/toniot/test/abnormal/test_00011964_orig35892_35893_35894.png,1,0.6012377297507698,0.5825905314931068,0.6215814798212317
/root/New_CheckLiuliang_remote/datasets/toniot/test/abnormal/test_00011976_orig35928_35929_35930.png,1,0.6004133234610775,0.5802820749298122,0.6246044678878633
/root/New_CheckLiuliang_remote/datasets/toniot/test/abnormal/test_00011988_orig35964_35965_35966.png,1,0.6066600325400059,0.588398325842954,0.6235746346043223
/root/New_CheckLiuliang_remote/datasets/toniot/test/abnormal/test_00012000_orig36000_36001_36002.png,1,0.5908309367682487,0.5751706864705678,0.6090602242216678
/root/New_CheckLiuliang_remote/datasets/toniot/test/abnormal/test_00012012_orig36036_36037_36038.png,1,0.5926560396620236,0.5744101379321462,0.616067048275737
/root/New_CheckLiuliang_remote/datasets/toniot/test/abnormal/test_00012023_orig36069_36070_36071.png,1,0.675126763039026,0.6893334000778875,0.584340102785442
/root/New_CheckLiuliang_remote/datasets/toniot/test/abnormal/test_00012035_orig36105_36106_36107.png,1,0.646140919254462,0.6543610637158787,0.5828455115402068
/root/New_CheckLiuliang_remote/datasets/toniot/test/abnormal/test_00012047_orig36141_36142_36143.png,1,0.4569802363461576,0.44375529749546716,0.5319725168911072
/root/New_CheckLiuliang_remote/datasets/toniot/test/abnormal/test_00012059_orig36177_36178_36179.png,1,0.2497809935804822,0.307066975614764,0.2569124845092131
/root/New_CheckLiuliang_remote/datasets/toniot/test/abnormal/test_00012071_orig36213_36214_36215.png,1,0.45582980081355917,0.41438780678809084,0.5971985896203689
/root/New_CheckLiuliang_remote/datasets/toniot/test/abnormal/test_00012083_orig36249_36250_36251.png,1,0.6778359133503716,0.6921183448821209,0.585608498996689
/root/New_CheckLiuliang_remote/datasets/toniot/test/abnormal/test_00012094_orig36282_36283_36284.png,1,0.35562226398604485,0.30128734972930277,0.5738243698626861
/root/New_CheckLiuliang_remote/datasets/toniot/test/abnormal/test_00012106_orig36318_36319_36320.png,1,0.6886318813150739,0.7056894358925627,0.5848925353714889
/root/New_CheckLiuliang_remote/datasets/toniot/test/abnormal/test_00012118_orig36354_36355_36356.png,1,0.6447815207959139,0.6516792901546975,0.5852058553456647
/root/New_CheckLiuliang_remote/datasets/toniot/test/abnormal/test_00012130_orig36390_36391_36392.png,1,0.5947947522663928,0.5773267618229069,0.6153928606470936
/root/New_CheckLiuliang_remote/datasets/toniot/test/abnormal/test_00012142_orig36426_36427_36428.png,1,0.5928802513995725,0.5756997784702996,0.6137006579444616
/root/New_CheckLiuliang_remote/datasets/toniot/test/abnormal/test_00012154_orig36462_36463_36464.png,1,0.6429542778003297,0.6420049498440129,0.6025409700221496
/root/New_CheckLiuliang_remote/datasets/toniot/test/abnormal/test_00012165_orig36495_36496_36497.png,1,0.641173586243882,0.6373897336128685,0.6082049156605843
/root/New_CheckLiuliang_remote/datasets/toniot/test/abnormal/test_00012177_orig36531_36532_36533.png,1,0.6388364739709333,0.6409124885565614,0.5932851132060796
/root/New_CheckLiuliang_remote/datasets/toniot/test/abnormal/test_00012189_orig36567_36568_36569.png,1,0.6230076883732534,0.6104216530646356,0.619052382977051
/root/New_CheckLiuliang_remote/datasets/toniot/test/abnormal/test_00012201_orig36603_36604_36605.png,1,0.6135972427156685,0.6036143872977194,0.6079581074704002
/root/New_CheckLiuliang_remote/datasets/toniot/test/abnormal/test_00012213_orig36639_36640_36641.png,1,0.6771618194352798,0.6910818811443523,0.5860944197987441
/root/New_CheckLiuliang_remote/datasets/toniot/test/abnormal/test_00012225_orig36675_36676_36677.png,1,0.5983029280125824,0.5822165357370422,0.6140406376006506
/root/New_CheckLiuliang_remote/datasets/toniot/test/abnormal/test_00012236_orig36708_36709_36710.png,1,0.6130308370906288,0.6016398797579888,0.6109415182771359
/root/New_CheckLiuliang_remote/datasets/toniot/test/abnormal/test_00012248_orig36744_36745_36746.png,1,0.6256753013982111,0.6118585841274097,0.6233470653599208
/root/New_CheckLiuliang_remote/datasets/toniot/test/abnormal/test_00012260_orig36780_36781_36782.png,1,0.7112669616661113,0.7115006240332998,0.6362234169302173
/root/New_CheckLiuliang_remote/datasets/toniot/test/abnormal/test_00012272_orig36816_36817_36818.png,1,0.6115513209391769,0.5873818854714358,0.639968689989949
/root/New_CheckLiuliang_remote/datasets/toniot/test/abnormal/test_00012284_orig36852_36853_36854.png,1,0.6129251794333843,0.5902584626296958,0.6371952585343277
/root/New_CheckLiuliang_remote/datasets/toniot/test/abnormal/test_00012296_orig36888_36889_36890.png,1,0.61748916441404,0.597011767121463,0.6345215947546938
/root/New_CheckLiuliang_remote/datasets/toniot/test/abnormal/test_00012307_orig36921_36922_36923.png,1,0.6547021661876116,0.6604532577422976,0.5931738021626224
/root/New_CheckLiuliang_remote/datasets/toniot/test/abnormal/test_00012319_orig36957_36958_36959.png,1,0.6439809053983817,0.5880185606423768,0.7314523507655589
/root/New_CheckLiuliang_remote/datasets/toniot/test/abnormal/test_00012331_orig36993_36994_36995.png,1,0.5945713888178157,0.5655503074350322,0.6422309151719151
/root/New_CheckLiuliang_remote/datasets/toniot/test/abnormal/test_00012343_orig37029_37030_37031.png,1,0.6151109908155594,0.5801666860395563,0.6670090282875717
/root/New_CheckLiuliang_remote/datasets/toniot/test/abnormal/test_00012355_orig37065_37066_37067.png,1,0.6336932036840465,0.6270763424776201,0.6108247103920265
/root/New_CheckLiuliang_remote/datasets/toniot/test/abnormal/test_00012367_orig37101_37102_37103.png,1,0.619700806748408,0.5879303220792399,0.6620519764856108
/root/New_CheckLiuliang_remote/datasets/toniot/test/abnormal/test_00012378_orig37134_37135_37136.png,1,0.5913210087565509,0.5492360152483025,0.6709793970129613
/root/New_CheckLiuliang_remote/datasets/toniot/test/abnormal/test_00012390_orig37170_37171_37172.png,1,0.6057770916735191,0.5947212976498847,0.6062898160289552
/root/New_CheckLiuliang_remote/datasets/toniot/test/abnormal/test_00012402_orig37206_37207_37208.png,1,0.6166806124557999,0.603766429129586,0.6164427574026654
/root/New_CheckLiuliang_remote/datasets/toniot/test/abnormal/test_00012414_orig37242_37243_37244.png,1,0.6447274595077506,0.6419547217388427,0.6077415319093032
/root/New_CheckLiuliang_remote/datasets/toniot/test/abnormal/test_00012426_orig37278_37279_37280.png,1,0.6162538251443913,0.6068717477938238,0.6079734986270263
/root/New_CheckLiuliang_remote/datasets/toniot/test/abnormal/test_00012438_orig37314_37315_37316.png,1,0.6015151306156868,0.5849580400178853,0.6168525469478374
/root/New_CheckLiuliang_remote/datasets/toniot/test/abnormal/test_00012449_orig37347_37348_37349.png,1,0.6204153607891381,0.616307843984039,0.5978862445110601
/root/New_CheckLiuliang_remote/datasets/toniot/test/abnormal/test_00012461_orig37383_37384_37385.png,1,0.6039300314108782,0.5889752702942331,0.6144020549392832
/root/New_CheckLiuliang_remote/datasets/toniot/test/abnormal/test_00012473_orig37419_37420_37421.png,1,0.6213453431230146,0.5998357405209299,0.6389872289129473
/root/New_CheckLiuliang_remote/datasets/toniot/test/abnormal/test_00012485_orig37455_37456_37457.png,1,0.7114954094205511,0.7303008680468649,0.5930110956497171
/root/New_CheckLiuliang_remote/datasets/toniot/test/abnormal/test_00012497_orig37491_37492_37493.png,1,0.6228974121633893,0.6155174300857865,0.6068460964041585
/root/New_CheckLiuliang_remote/datasets/toniot/test/abnormal/test_00012509_orig37527_37528_37529.png,1,0.6149173019070167,0.589117470132519,0.6455685974231355
/root/New_CheckLiuliang_remote/datasets/toniot/test/abnormal/test_00012520_orig37560_37561_37562.png,1,0.5269528117275564,0.4539112167334254,0.7088729743107853
/root/New_CheckLiuliang_remote/datasets/toniot/test/abnormal/test_00012532_orig37596_37597_37598.png,1,0.6120815186083031,0.5899184047825301,0.6355701172998525
/root/New_CheckLiuliang_remote/datasets/toniot/test/abnormal/test_00012544_orig37632_37633_37634.png,1,0.5265331131094156,0.4692813562945912,0.6718061219974533
/root/New_CheckLiuliang_remote/datasets/toniot/test/abnormal/test_00012556_orig37668_37669_37670.png,1,0.44331959855107894,0.3907144184357509,0.6165722080235748
/root/New_CheckLiuliang_remote/datasets/toniot/test/abnormal/test_00012568_orig37704_37705_37706.png,1,0.5132734501415834,0.465052014087626,0.6436617430539847
/root/New_CheckLiuliang_remote/datasets/toniot/test/abnormal/test_00012580_orig37740_37741_37742.png,1,0.6017294741479223,0.5855845338161566,0.6160052088071496
/root/New_CheckLiuliang_remote/datasets/toniot/test/abnormal/test_00012591_orig37773_37774_37775.png,1,0.6965079779174613,0.7149324253811439,0.585904778761743
/root/New_CheckLiuliang_remote/datasets/toniot/test/abnormal/test_00012603_orig37809_37810_37811.png,1,0.5961607617109635,0.578182675885334,0.6173118080678794
/root/New_CheckLiuliang_remote/datasets/toniot/test/abnormal/test_00012615_orig37845_37846_37847.png,1,0.5996118972627471,0.5825637205450768,0.6169830969370774
/root/New_CheckLiuliang_remote/datasets/toniot/test/abnormal/test_00012627_orig37881_37882_37883.png,1,0.6029858833774575,0.5872183047505436,0.6157949546139527
/root/New_CheckLiuliang_remote/datasets/toniot/test/abnormal/test_00012639_orig37917_37918_37919.png,1,0.6172146271116223,0.6102869195663074,0.6027591946357421
/root/New_CheckLiuliang_remote/datasets/toniot/test/abnormal/test_00012651_orig37953_37954_37955.png,1,0.5986878890302028,0.5814094922634294,0.6170273465123777
/root/New_CheckLiuliang_remote/datasets/toniot/test/abnormal/test_00012662_orig37986_37987_37988.png,1,0.5990013764579628,0.5816355187366953,0.6173986581659843
/root/New_CheckLiuliang_remote/datasets/toniot/test/abnormal/test_00012674_orig38022_38023_38024.png,1,0.6017226412304436,0.5849709364232668,0.6174173474276018
/root/New_CheckLiuliang_remote/datasets/toniot/test/abnormal/test_00012686_orig38058_38059_38060.png,1,0.62079476094023,0.620018614943031,0.5903154445034744
/root/New_CheckLiuliang_remote/datasets/toniot/test/abnormal/test_00012698_orig38094_38095_38096.png,1,0.604596072997108,0.5891344390869684,0.615940071233571
/root/New_CheckLiuliang_remote/datasets/toniot/test/abnormal/test_00012710_orig38130_38131_38132.png,1,0.6878464493216286,0.7046482208475484,0.5850703581989378
/root/New_CheckLiuliang_remote/datasets/toniot/test/abnormal/test_00012722_orig38166_38167_38168.png,1,0.5900523704669243,0.5765852185134687,0.6035276530987208
/root/New_CheckLiuliang_remote/datasets/toniot/test/abnormal/test_00012733_orig38199_38200_38201.png,1,0.6738497139409948,0.6870375005408854,0.5860361532772307
/root/New_CheckLiuliang_remote/datasets/toniot/test/abnormal/test_00012745_orig38235_38236_38237.png,1,0.6692343961681049,0.6812741648516956,0.5862527288383277
/root/New_CheckLiuliang_remote/datasets/toniot/test/abnormal/test_00012757_orig38271_38272_38273.png,1,0.593427358971299,0.5815299718400201,0.6016653231469529
/root/New_CheckLiuliang_remote/datasets/toniot/test/abnormal/test_00012769_orig38307_38308_38309.png,1,0.5953193052563569,0.5810402478146108,0.6082318501846802
/root/New_CheckLiuliang_remote/datasets/toniot/test/abnormal/test_00012781_orig38343_38344_38345.png,1,0.6690721262363934,0.6811329831506767,0.5861169568495181
/root/New_CheckLiuliang_remote/datasets/toniot/test/abnormal/test_00012793_orig38379_38380_38381.png,1,0.6734909512969887,0.6863349858266808,0.586646852384791
/root/New_CheckLiuliang_remote/datasets/toniot/test/abnormal/test_00012804_orig38412_38413_38414.png,1,0.5769012247210639,0.5575110955750906,0.6103321933799887
/root/New_CheckLiuliang_remote/datasets/toniot/test/abnormal/test_00012816_orig38448_38449_38450.png,1,0.6043583170735822,0.5931235008989304,0.605950660899014
/root/New_CheckLiuliang_remote/datasets/toniot/test/abnormal/test_00012828_orig38484_38485_38486.png,1,0.5810718664362947,0.5604005691387323,0.6155464973712729
/root/New_CheckLiuliang_remote/datasets/toniot/test/abnormal/test_00012840_orig38520_38521_38522.png,1,0.6798071187281044,0.6944240864127036,0.5858794932901428
/root/New_CheckLiuliang_remote/datasets/toniot/test/abnormal/test_00012852_orig38556_38557_38558.png,1,0.6705138469453722,0.6825726292461627,0.586890912154149
/root/New_CheckLiuliang_remote/datasets/toniot/test/abnormal/test_00012864_orig38592_38593_38594.png,1,0.6755448647448675,0.6886587144489799,0.5871129845568982
/root/New_CheckLiuliang_remote/datasets/toniot/test/abnormal/test_00012875_orig38625_38626_38627.png,1,0.6686712529310452,0.6805940491573641,0.5862252446300666
/root/New_CheckLiuliang_remote/datasets/toniot/test/abnormal/test_00012887_orig38661_38662_38663.png,1,0.717793275912506,0.7137031943208303,0.649793744759105
/root/New_CheckLiuliang_remote/datasets/toniot/test/abnormal/test_00012899_orig38697_38698_38699.png,1,0.6683932633300829,0.6805187069996088,0.5856041015233672
/root/New_CheckLiuliang_remote/datasets/toniot/test/abnormal/test_00012911_orig38733_38734_38735.png,1,0.6774343966189248,0.6907241755845592,0.5877104912444931
/root/New_CheckLiuliang_remote/datasets/toniot/test/abnormal/test_00012923_orig38769_38770_38771.png,1,0.6768175626822556,0.6899469974707774,0.5877555653460413
/root/New_CheckLiuliang_remote/datasets/toniot/test/abnormal/test_00012935_orig38805_38806_38807.png,1,0.6768174909745222,0.689763393383635,0.5881837693107482
/root/New_CheckLiuliang_remote/datasets/toniot/test/abnormal/test_00012946_orig38838_38839_38840.png,1,0.6684741773752116,0.6808244875587868,0.5851225781946339
/root/New_CheckLiuliang_remote/datasets/toniot/test/abnormal/test_00012958_orig38874_38875_38876.png,1,0.6760855869481334,0.6898699584175771,0.5858368927673382
/root/New_CheckLiuliang_remote/datasets/toniot/test/abnormal/test_00012970_orig38910_38911_38912.png,1,0.6716947684225609,0.6844504137455318,0.585894884446769
/root/New_CheckLiuliang_remote/datasets/toniot/test/abnormal/test_00012982_orig38946_38947_38948.png,1,0.6776468330079591,0.6911931974855403,0.5872251201266032
/root/New_CheckLiuliang_remote/datasets/toniot/test/abnormal/test_00012994_orig38982_38983_38984.png,1,0.5906869474659728,0.579482497796157,0.5985865421375514
/root/New_CheckLiuliang_remote/datasets/toniot/test/abnormal/test_00013006_orig39018_39019_39020.png,1,0.6311905986762788,0.6380179243065849,0.5781198767718039
/root/New_CheckLiuliang_remote/datasets/toniot/test/abnormal/test_00013017_orig39051_39052_39053.png,1,0.6205792374983472,0.6594388536453132,0.49771702424079683
/root/New_CheckLiuliang_remote/datasets/toniot/test/abnormal/test_00013029_orig39087_39088_39089.png,1,0.5752185566554672,0.5663251098951912,0.5849422817884414
/root/New_CheckLiuliang_remote/datasets/toniot/test/abnormal/test_00013041_orig39123_39124_39125.png,1,0.152162026670998,0.23976844164758365,0.13408803136937594
/root/New_CheckLiuliang_remote/datasets/toniot/test/abnormal/test_00013053_orig39159_39160_39161.png,1,0.4489428195314091,0.5807527937262381,0.18927000018964105
/root/New_CheckLiuliang_remote/datasets/toniot/test/abnormal/test_00013065_orig39195_39196_39197.png,1,0.5826049473854366,0.5728333826847092,0.5909316404526869
/root/New_CheckLiuliang_remote/datasets/toniot/test/abnormal/test_00013077_orig39231_39232_39233.png,1,0.618747656069611,0.7020414500650335,0.39306018244567126
/root/New_CheckLiuliang_remote/datasets/toniot/test/abnormal/test_00013088_orig39264_39265_39266.png,1,0.6230335892834223,0.6521815712063993,0.5216868267914962
/root/New_CheckLiuliang_remote/datasets/toniot/test/abnormal/test_00013100_orig39300_39301_39302.png,1,0.3596243122623088,0.3068616512659264,0.5722907510417202
/root/New_CheckLiuliang_remote/datasets/toniot/test/abnormal/test_00013112_orig39336_39337_39338.png,1,0.36569673885842735,0.31510618747470565,0.5704619518240307
/root/New_CheckLiuliang_remote/datasets/toniot/test/abnormal/test_00013124_orig39372_39373_39374.png,1,0.7144053686327553,0.7322125904551328,0.5968926903824235
/root/New_CheckLiuliang_remote/datasets/toniot/test/abnormal/test_00013136_orig39408_39409_39410.png,1,0.5893873099547575,0.582889185091416,0.5869118001524274
/root/New_CheckLiuliang_remote/datasets/toniot/test/abnormal/test_00013148_orig39444_39445_39446.png,1,0.4716344769697027,0.4100692078807218,0.6525842164238482
/root/New_CheckLiuliang_remote/datasets/toniot/test/abnormal/test_00013159_orig39477_39478_39479.png,1,0.4416485270009994,0.5105104855411782,0.3322574181939412
/root/New_CheckLiuliang_remote/datasets/toniot/test/abnormal/test_00013171_orig39513_39514_39515.png,1,0.6980725272569075,0.7062986213572957,0.6105355765211203
/root/New_CheckLiuliang_remote/datasets/toniot/test/abnormal/test_00013183_orig39549_39550_39551.png,1,0.7255413663493165,0.7249699013170454,0.6457170121477452
/root/New_CheckLiuliang_remote/datasets/toniot/test/abnormal/test_00013195_orig39585_39586_39587.png,1,0.6337934656378825,0.6048022141091766,0.6630851078741432
/root/New_CheckLiuliang_remote/datasets/toniot/test/abnormal/test_00013207_orig39621_39622_39623.png,1,0.6341291117990985,0.6350693987814594,0.5934239084577979
/root/New_CheckLiuliang_remote/datasets/toniot/test/abnormal/test_00013219_orig39657_39658_39659.png,1,0.6287426863730141,0.6231229154700019,0.6058572145909265
/root/New_CheckLiuliang_remote/datasets/toniot/test/abnormal/test_00013230_orig39690_39691_39692.png,1,0.548675345054459,0.4842160724845858,0.7004358720588119
/root/New_CheckLiuliang_remote/datasets/toniot/test/abnormal/test_00013242_orig39726_39727_39728.png,1,0.7261468054766589,0.7008173096910547,0.7038087340966065
/root/New_CheckLiuliang_remote/datasets/toniot/test/abnormal/test_00013254_orig39762_39763_39764.png,1,0.7366345208650482,0.7347236563345532,0.6547601411918746
/root/New_CheckLiuliang_remote/datasets/toniot/test/abnormal/test_00013266_orig39798_39799_39800.png,1,0.7102562444654889,0.7228151834810622,0.6069252509239503
/root/New_CheckLiuliang_remote/datasets/toniot/test/abnormal/test_00013278_orig39834_39835_39836.png,1,0.7399219304320653,0.7287197008712709,0.6781937268394013
/root/New_CheckLiuliang_remote/datasets/toniot/test/abnormal/test_00013290_orig39870_39871_39872.png,1,0.7056547989701291,0.6864911002076152,0.6784900066044552
/root/New_CheckLiuliang_remote/datasets/toniot/test/abnormal/test_00013301_orig39903_39904_39905.png,1,0.6149892134882523,0.599444436431327,0.6216784990763932
/root/New_CheckLiuliang_remote/datasets/toniot/test/abnormal/test_00013313_orig39939_39940_39941.png,1,0.5206383993432228,0.47836314071590325,0.6337163074526454
/root/New_CheckLiuliang_remote/datasets/toniot/test/abnormal/test_00013325_orig39975_39976_39977.png,1,0.6461195010812817,0.6413631839867371,0.6131124958876754
/root/New_CheckLiuliang_remote/datasets/toniot/test/abnormal/test_00013337_orig40011_40012_40013.png,1,0.6165062951279601,0.5850815740062768,0.6595410192188823
/root/New_CheckLiuliang_remote/datasets/toniot/test/abnormal/test_00013349_orig40047_40048_40049.png,1,0.5081898976871292,0.43389361992766134,0.7017911183681637
/root/New_CheckLiuliang_remote/datasets/toniot/test/abnormal/test_00013361_orig40083_40084_40085.png,1,0.47478357227684054,0.41347725269233676,0.6536599483351853
/root/New_CheckLiuliang_remote/datasets/toniot/test/abnormal/test_00013372_orig40116_40117_40118.png,1,0.7241767789207925,0.6700722792614772,0.7698994600177603
/root/New_CheckLiuliang_remote/datasets/toniot/test/abnormal/test_00013384_orig40152_40153_40154.png,1,0.5823468794020038,0.5581450557133197,0.6244645732678147
/root/New_CheckLiuliang_remote/datasets/toniot/test/abnormal/test_00013396_orig40188_40189_40190.png,1,0.724086634300896,0.6758681953432099,0.75611722894318
/root/New_CheckLiuliang_remote/datasets/toniot/test/abnormal/test_00013408_orig40224_40225_40226.png,1,0.46522147015210397,0.39060445961091883,0.6796171339852405
/root/New_CheckLiuliang_remote/datasets/toniot/test/abnormal/test_00016149_orig65191_65192_65193.png,1,0.5192390133894592,0.6856009088572003,0.14614975100681526
/root/New_CheckLiuliang_remote/datasets/toniot/test/abnormal/test_00016159_orig65221_65222_65223.png,1,0.7242164954618632,0.6928405435834868,0.7168873694397042
/root/New_CheckLiuliang_remote/datasets/toniot/test/abnormal/test_00016169_orig65251_65252_65253.png,1,0.5352191913623973,0.36512862891696496,0.9397304293885341
/root/New_CheckLiuliang_remote/datasets/toniot/test/abnormal/test_00016180_orig65284_65285_65286.png,1,0.5818953000167739,0.5601290658675421,0.6185406270192304
/root/New_CheckLiuliang_remote/datasets/toniot/test/abnormal/test_00016190_orig65314_65315_65316.png,1,0.6535880441941573,0.6054283685283589,0.7183712418437177
/root/New_CheckLiuliang_remote/datasets/toniot/test/abnormal/test_00016200_orig65344_65345_65346.png,1,0.6018558272715706,0.5836700963751768,0.6208344590406967
/root/New_CheckLiuliang_remote/datasets/toniot/test/abnormal/test_00016210_orig65374_65375_65376.png,1,0.5825028957686447,0.5608729848306032,0.6185466735450479
/root/New_CheckLiuliang_remote/datasets/toniot/test/abnormal/test_00016220_orig65404_65405_65406.png,1,0.5942604936207,0.5749884398997813,0.6193173307446874
/root/New_CheckLiuliang_remote/datasets/toniot/test/abnormal/test_00016230_orig65434_65435_65436.png,1,0.5776735116099232,0.5544091707017427,0.6197840126009598
/root/New_CheckLiuliang_remote/datasets/toniot/test/abnormal/test_00016241_orig65467_65468_65469.png,1,0.5656526920871369,0.5402954125280094,0.6182547912533156
/root/New_CheckLiuliang_remote/datasets/toniot/test/abnormal/test_00016251_orig65497_65498_65499.png,1,0.6119813795012559,0.595986502893631,0.6211241425957681
/root/New_CheckLiuliang_remote/datasets/toniot/test/abnormal/test_00016261_orig65527_65528_65529.png,1,0.5870854388980674,0.5674874832749742,0.6162500931027555
/root/New_CheckLiuliang_remote/datasets/toniot/test/abnormal/test_00016271_orig65557_65558_65559.png,1,0.6075202605030052,0.5906534998892776,0.6207786660979268
/root/New_CheckLiuliang_remote/datasets/toniot/test/abnormal/test_00016281_orig65587_65588_65589.png,1,0.6743528824734133,0.6331227203270257,0.7132797922633602
/root/New_CheckLiuliang_remote/datasets/toniot/test/abnormal/test_00016292_orig65620_65621_65622.png,1,0.5651567603555966,0.5390064507480339,0.6198406300699776
/root/New_CheckLiuliang_remote/datasets/toniot/test/abnormal/test_00016302_orig65650_65651_65652.png,1,0.604369252857991,0.586765233666745,0.6208179685157401
/root/New_CheckLiuliang_remote/datasets/toniot/test/abnormal/test_00016312_orig65680_65681_65682.png,1,0.5406577243983798,0.37011546525055083,0.9436856817993802
/root/New_CheckLiuliang_remote/datasets/toniot/test/abnormal/test_00016322_orig65710_65711_65712.png,1,0.5919069424142018,0.5714772238451141,0.620763000099218
/root/New_CheckLiuliang_remote/datasets/toniot/test/abnormal/test_00016332_orig65740_65741_65742.png,1,0.5860032755606653,0.5651807236071246,0.6185301830200912
/root/New_CheckLiuliang_remote/datasets/toniot/test/abnormal/test_00016342_orig65770_65771_65772.png,1,0.5690365844954692,0.5434574075001082,0.6205777565355386
/root/New_CheckLiuliang_remote/datasets/toniot/test/abnormal/test_00016353_orig65803_65804_65805.png,1,0.6026370033720999,0.5848124463887096,0.6204084538126506
/root/New_CheckLiuliang_remote/datasets/toniot/test/abnormal/test_00016363_orig65833_65834_65835.png,1,0.5875159793624382,0.5671935809839109,0.6181701398918716
/root/New_CheckLiuliang_remote/datasets/toniot/test/abnormal/test_00016373_orig65863_65864_65865.png,1,0.5673597785396995,0.5411408058386779,0.6211760877493814
/root/New_CheckLiuliang_remote/datasets/toniot/test/abnormal/test_00016383_orig65893_65894_65895.png,1,0.5832567422447295,0.5613039962736176,0.6197021096603419
/root/New_CheckLiuliang_remote/datasets/toniot/test/abnormal/test_00016393_orig65923_65924_65925.png,1,0.6536792196044556,0.6055454543140597,0.7183594236341654
/root/New_CheckLiuliang_remote/datasets/toniot/test/abnormal/test_00016404_orig65956_65957_65958.png,1,0.6056801484804539,0.5882266000239262,0.6211661934344074
/root/New_CheckLiuliang_remote/datasets/toniot/test/abnormal/test_00016414_orig65986_65987_65988.png,1,0.578744912142885,0.5568852805349972,0.6170779174555779
/root/New_CheckLiuliang_remote/datasets/toniot/test/abnormal/test_00016424_orig66016_66017_66018.png,1,0.5677441848586082,0.5418219396702763,0.6206887927369132
/root/New_CheckLiuliang_remote/datasets/toniot/test/abnormal/test_00016434_orig66046_66047_66048.png,1,0.575466870474673,0.5533000798389307,0.616045885435376
/root/New_CheckLiuliang_remote/datasets/toniot/test/abnormal/test_00016444_orig66076_66077_66078.png,1,0.7580279987150904,0.7006513533165397,0.795593072110592
/root/New_CheckLiuliang_remote/datasets/toniot/test/abnormal/test_00016454_orig66106_66107_66108.png,1,0.6681309600506967,0.6240562079647182,0.7165979607267154
/root/New_CheckLiuliang_remote/datasets/toniot/test/abnormal/test_00016465_orig66139_66140_66141.png,1,0.5780849937439317,0.5550519546962854,0.6194638215747187
/root/New_CheckLiuliang_remote/datasets/toniot/test/abnormal/test_00016475_orig66169_66170_66171.png,1,0.5678515237106668,0.5417401493098302,0.6211873562747684
/root/New_CheckLiuliang_remote/datasets/toniot/test/abnormal/test_00016485_orig66199_66200_66201.png,1,0.579962147809931,0.5573291883833932,0.6195317075691235
/root/New_CheckLiuliang_remote/datasets/toniot/test/abnormal/test_00016495_orig66229_66230_66231.png,1,0.6169676607566899,0.5219655479317814,0.8081343911821864
/root/New_CheckLiuliang_remote/datasets/toniot/test/abnormal/test_00016505_orig66259_66260_66261.png,1,0.5966284875322796,0.5771604660693029,0.6210378421818283
/root/New_CheckLiuliang_remote/datasets/toniot/test/abnormal/test_00016515_orig66289_66290_66291.png,1,0.5488225451093753,0.37971106961259027,0.9447028723471211
/root/New_CheckLiuliang_remote/datasets/toniot/test/abnormal/test_00016526_orig66322_66323_66324.png,1,0.5994764057668951,0.5804870598995607,0.62144021099077
/root/New_CheckLiuliang_remote/datasets/toniot/test/abnormal/test_00016536_orig66352_66353_66354.png,1,0.6156722094037665,0.6027387892481311,0.6159496907064623
/root/New_CheckLiuliang_remote/datasets/toniot/test/abnormal/test_00016546_orig66382_66383_66384.png,1,0.7200170386187688,0.6521500089511235,0.7997929339749613
/root/New_CheckLiuliang_remote/datasets/toniot/test/abnormal/test_00016556_orig66412_66413_66414.png,1,0.584931706096736,0.5624181778227644,0.6219041444262163
/root/New_CheckLiuliang_remote/datasets/toniot/test/abnormal/test_00016566_orig66442_66443_66444.png,1,0.6081724320352906,0.590946044663985,0.6219657090527211
/root/New_CheckLiuliang_remote/datasets/toniot/test/abnormal/test_00016577_orig66475_66476_66477.png,1,0.6008237590776555,0.5819704858975262,0.6218414804313811
/root/New_CheckLiuliang_remote/datasets/toniot/test/abnormal/test_00016587_orig66505_66506_66507.png,1,0.5615298961463838,0.5341367002001488,0.6208058754641053
/root/New_CheckLiuliang_remote/datasets/toniot/test/abnormal/test_00016597_orig66535_66536_66537.png,1,0.5700536163005286,0.5466082029622704,0.6161415304801244
/root/New_CheckLiuliang_remote/datasets/toniot/test/abnormal/test_00016607_orig66565_66566_66567.png,1,0.5734890013263738,0.5507557548087896,0.616312482255508
/root/New_CheckLiuliang_remote/datasets/toniot/test/abnormal/test_00016617_orig66595_66596_66597.png,1,0.607687521081905,0.5041047052365345,0.8232053567821269
/root/New_CheckLiuliang_remote/datasets/toniot/test/abnormal/test_00016627_orig66625_66626_66627.png,1,0.5822912491164441,0.5604032841714441,0.6190358924520943
/root/New_CheckLiuliang_remote/datasets/toniot/test/abnormal/test_00016638_orig66658_66659_66660.png,1,0.5837793985282862,0.4743693275966955,0.8240480226074104
/root/New_CheckLiuliang_remote/datasets/toniot/test/abnormal/test_00016648_orig66688_66689_66690.png,1,0.5842124237872758,0.5621656797805574,0.6204312657055072
/root/New_CheckLiuliang_remote/datasets/toniot/test/abnormal/test_00016658_orig66718_66719_66720.png,1,0.5682149427995581,0.542412459285115,0.6206604840024044
/root/New_CheckLiuliang_remote/datasets/toniot/test/abnormal/test_00016668_orig66748_66749_66750.png,1,0.5989722978380372,0.5799447321153584,0.6212604642687428
/root/New_CheckLiuliang_remote/datasets/toniot/test/abnormal/test_00016678_orig66778_66779_66780.png,1,0.5997293477901111,0.5811603880121124,0.6205942470604953
/root/New_CheckLiuliang_remote/datasets/toniot/test/abnormal/test_00016689_orig66811_66812_66813.png,1,0.565126303649699,0.5384111798259494,0.6211422821732203
/root/New_CheckLiuliang_remote/datasets/toniot/test/abnormal/test_00016699_orig66841_66842_66843.png,1,0.5704052424633811,0.5467833225721881,0.6167409610622976
/root/New_CheckLiuliang_remote/datasets/toniot/test/abnormal/test_00016709_orig66871_66872_66873.png,1,0.5780011033419554,0.555063493585311,0.6191964002283388
/root/New_CheckLiuliang_remote/datasets/toniot/test/abnormal/test_00016719_orig66901_66902_66903.png,1,0.5979669772438241,0.5787280580813373,0.6212173140617729
/root/New_CheckLiuliang_remote/datasets/toniot/test/abnormal/test_00016729_orig66931_66932_66933.png,1,0.5826754704124871,0.5602240920124586,0.6205554943268472
/root/New_CheckLiuliang_remote/datasets/toniot/test/abnormal/test_00016739_orig66961_66962_66963.png,1,0.5847216476439746,0.5631156018506341,0.6196746254520809
/root/New_CheckLiuliang_remote/datasets/toniot/test/abnormal/test_00016750_orig66994_66995_66996.png,1,0.5988628264132004,0.5797614674073049,0.6213742488909435
/root/New_CheckLiuliang_remote/datasets/toniot/test/abnormal/test_00016760_orig67024_67025_67026.png,1,0.6863106238557898,0.6512740715224461,0.7052071306129281
/root/New_CheckLiuliang_remote/datasets/toniot/test/abnormal/test_00016770_orig67054_67055_67056.png,1,0.6636817506096745,0.6394884538991688,0.6678343790616507
/root/New_CheckLiuliang_remote/datasets/toniot/test/abnormal/test_00016780_orig67084_67085_67086.png,1,0.6464284090446856,0.6141331027818056,0.6775349303673842
/root/New_CheckLiuliang_remote/datasets/toniot/test/abnormal/test_00016790_orig67114_67115_67116.png,1,0.587954101229628,0.5677681497815671,0.6180854885304277
/root/New_CheckLiuliang_remote/datasets/toniot/test/abnormal/test_00016801_orig67147_67148_67149.png,1,0.6013700839087893,0.583137610584555,0.6206843952635914
/root/New_CheckLiuliang_remote/datasets/toniot/test/abnormal/test_00016811_orig67177_67178_67179.png,1,0.5755678250899653,0.5520769576022189,0.6191892543341909
/root/New_CheckLiuliang_remote/datasets/toniot/test/abnormal/test_00016821_orig67207_67208_67209.png,1,0.6647074684821236,0.6521503483302125,0.6412304899912133
/root/New_CheckLiuliang_remote/datasets/toniot/test/abnormal/test_00016831_orig67237_67238_67239.png,1,0.5756410037374993,0.5519303458357762,0.6197411372360726
/root/New_CheckLiuliang_remote/datasets/toniot/test/abnormal/test_00016841_orig67267_67268_67269.png,1,0.563928367815494,0.5378549374990985,0.6190059346650898
/root/New_CheckLiuliang_remote/datasets/toniot/test/abnormal/test_00016851_orig67297_67298_67299.png,1,0.5996538703251456,0.5811040510833405,0.6205093208569686
/root/New_CheckLiuliang_remote/datasets/toniot/test/abnormal/test_00016862_orig67330_67331_67332.png,1,0.5787758240128476,0.5561467916373599,0.6188896764641456
/root/New_CheckLiuliang_remote/datasets/toniot/test/abnormal/test_00016872_orig67360_67361_67362.png,1,0.5676236361114456,0.5420717226797712,0.6197603761818553
/root/New_CheckLiuliang_remote/datasets/toniot/test/abnormal/test_00016882_orig67390_67391_67392.png,1,0.6383678249513183,0.5341550266709542,0.8410423331014583
/root/New_CheckLiuliang_remote/datasets/toniot/test/abnormal/test_00016892_orig67420_67421_67422.png,1,0.5782163284127018,0.5434733583172906,0.6468570571064131
/root/New_CheckLiuliang_remote/datasets/toniot/test/abnormal/test_00016902_orig67450_67451_67452.png,1,0.6870980061514129,0.6584237707901509,0.6907817690650394
/root/New_CheckLiuliang_remote/datasets/toniot/test/abnormal/test_00016913_orig67483_67484_67485.png,1,0.5617815101488822,0.5344438382756828,0.6208105477795096
/root/New_CheckLiuliang_remote/datasets/toniot/test/abnormal/test_00016923_orig67513_67514_67515.png,1,0.5772674985817997,0.5525917956802132,0.6228605948737005
/root/New_CheckLiuliang_remote/datasets/toniot/test/abnormal/test_00016933_orig67543_67544_67545.png,1,0.6841432911487029,0.6458042987452307,0.7117566174415335
/root/New_CheckLiuliang_remote/datasets/toniot/test/abnormal/test_00016943_orig67573_67574_67575.png,1,0.5599703850286216,0.533301827641239,0.6182830999878245
/root/New_CheckLiuliang_remote/datasets/toniot/test/abnormal/test_00016953_orig67603_67604_67605.png,1,0.5646672530895812,0.537731742889796,0.6214116274141785
/root/New_CheckLiuliang_remote/datasets/toniot/test/abnormal/test_00016963_orig67633_67634_67635.png,1,0.602726268039107,0.5861580844765459,0.6175245358398198
/root/New_CheckLiuliang_remote/datasets/toniot/test/abnormal/test_00016974_orig67666_67667_67668.png,1,0.584031288751987,0.5620638660538612,0.6201495525708316
/root/New_CheckLiuliang_remote/datasets/toniot/test/abnormal/test_00016984_orig67696_67697_67698.png,1,0.5713742807196391,0.5462267408662481,0.6208176936736575
/root/New_CheckLiuliang_remote/datasets/toniot/test/abnormal/test_00016994_orig67726_67727_67728.png,1,0.6080731692620469,0.5914014914014065,0.620618433163765
/root/New_CheckLiuliang_remote/datasets/toniot/test/abnormal/test_00017004_orig67756_67757_67758.png,1,0.5803481914727675,0.5577900651862385,0.619563039566541
/root/New_CheckLiuliang_remote/datasets/toniot/test/abnormal/test_00017014_orig67786_67787_67788.png,1,0.5648691188011731,0.5508833613462489,0.5913032269483761
/root/New_CheckLiuliang_remote/datasets/toniot/test/abnormal/test_00017025_orig67819_67820_67821.png,1,0.5784675530253283,0.5556709821545991,0.6191161463402166
/root/New_CheckLiuliang_remote/datasets/toniot/test/abnormal/test_00017035_orig67849_67850_67851.png,1,0.5641908047091259,0.538230969529697,0.6188808815175021
/root/New_CheckLiuliang_remote/datasets/toniot/test/abnormal/test_00017045_orig67879_67880_67881.png,1,0.6065030678898978,0.5894935021631175,0.6205692364309777
/root/New_CheckLiuliang_remote/datasets/toniot/test/abnormal/test_00017055_orig67909_67910_67911.png,1,0.6398214255299217,0.589534227653796,0.7159913842503943
/root/New_CheckLiuliang_remote/datasets/toniot/test/abnormal/test_00017065_orig67939_67940_67941.png,1,0.5682358328133312,0.5439786937807933,0.6170658244039431
/root/New_CheckLiuliang_remote/datasets/toniot/test/abnormal/test_00017075_orig67969_67970_67971.png,1,0.6062872324866772,0.5893944034691331,0.620181709094497
/root/New_CheckLiuliang_remote/datasets/toniot/test/abnormal/test_00017086_orig68002_68003_68004.png,1,0.6914513724040294,0.6647738929242005,0.688445061678686
/root/New_CheckLiuliang_remote/datasets/toniot/test/abnormal/test_00017096_orig68032_68033_68034.png,1,0.6034241392035354,0.5856371375749497,0.6207407378905265
/root/New_CheckLiuliang_remote/datasets/toniot/test/abnormal/test_00017106_orig68062_68063_68064.png,1,0.5844795441719013,0.5629079018481736,0.6194651957851317
/root/New_CheckLiuliang_remote/datasets/toniot/test/abnormal/test_00017116_orig68092_68093_68094.png,1,0.5644051814339129,0.5375562839007894,0.6210697238634112
/root/New_CheckLiuliang_remote/datasets/toniot/test/abnormal/test_00017126_orig68122_68123_68124.png,1,0.6020332335656635,0.5840430739939744,0.6204727668599814
/root/New_CheckLiuliang_remote/datasets/toniot/test/abnormal/test_00017136_orig68152_68153_68154.png,1,0.573310060182246,0.5504571012104804,0.6164963516087744
/root/New_CheckLiuliang_remote/datasets/toniot/test/abnormal/test_00017147_orig68185_68186_68187.png,1,0.5659735649786317,0.5404213221700238,0.6188808815175021
/root/New_CheckLiuliang_remote/datasets/toniot/test/abnormal/test_00017157_orig68215_68216_68217.png,1,0.6045539849800103,0.5868341276218095,0.6211868065906032
/root/New_CheckLiuliang_remote/datasets/toniot/test/abnormal/test_00017167_orig68245_68246_68247.png,1,0.5822515152286791,0.5602016929925854,0.61939236263324
/root/New_CheckLiuliang_remote/datasets/toniot/test/abnormal/test_00017177_orig68275_68276_68277.png,1,0.6643308258527506,0.6223935898077672,0.7095831662522506
/root/New_CheckLiuliang_remote/datasets/toniot/test/abnormal/test_00017187_orig68305_68306_68307.png,1,0.5769552494835962,0.5542119914510407,0.6181849813643326
/root/New_CheckLiuliang_remote/datasets/toniot/test/abnormal/test_00017198_orig68338_68339_68340.png,1,0.6056131275833305,0.5990684044007286,0.5956765141668726
/root/New_CheckLiuliang_remote/datasets/toniot/test/abnormal/test_00017208_orig68368_68369_68370.png,1,0.6049260374908025,0.5767790039732806,0.6457153630952496
/root/New_CheckLiuliang_remote/datasets/toniot/test/abnormal/test_00017218_orig68398_68399_68400.png,1,0.5797567994174013,0.5572375560293664,0.6191568229684429
/root/New_CheckLiuliang_remote/datasets/toniot/test/abnormal/test_00017228_orig68428_68429_68430.png,1,0.5649688611703121,0.5383232806419016,0.6208960236672014
/root/New_CheckLiuliang_remote/datasets/toniot/test/abnormal/test_00017238_orig68458_68459_68460.png,1,0.5997173318668731,0.5811013360506285,0.6206975876835568
/root/New_CheckLiuliang_remote/datasets/toniot/test/abnormal/test_00017248_orig68488_68489_68490.png,1,0.5935158152852593,0.5738841003442152,0.6197592768135248
/root/New_CheckLiuliang_remote/datasets/toniot/test/abnormal/test_00017259_orig68521_68522_68523.png,1,0.6250205367886877,0.5637363262043927,0.7337552525757512
/root/New_CheckLiuliang_remote/datasets/toniot/test/abnormal/test_00017269_orig68551_68552_68553.png,1,0.6068356358743552,0.5894622792869306,0.6215954967674449
/root/New_CheckLiuliang_remote/datasets/toniot/test/abnormal/test_00017279_orig68581_68582_68583.png,1,0.5680126955600875,0.541965497024918,0.6211235929116028
/root/New_CheckLiuliang_remote/datasets/toniot/test/abnormal/test_00017289_orig68611_68612_68613.png,1,0.5969012069376934,0.5775843505514486,0.6208306112515402
/root/New_CheckLiuliang_remote/datasets/toniot/test/abnormal/test_00017299_orig68641_68642_68643.png,1,0.5776447262162935,0.5550214105782765,0.618272930830768
/root/New_CheckLiuliang_remote/datasets/toniot/test/abnormal/test_00017310_orig68674_68675_68676.png,1,0.5644397118171403,0.538341607112707,0.6193362948483875
/root/New_CheckLiuliang_remote/datasets/toniot/test/abnormal/test_00017320_orig68704_68705_68706.png,1,0.5840564633233821,0.5620278918704285,0.6203056628737543
/root/New_CheckLiuliang_remote/datasets/toniot/test/abnormal/test_00017330_orig68734_68735_68736.png,1,0.5681654662524941,0.5427212942560937,0.6197980295471729
/root/New_CheckLiuliang_remote/datasets/toniot/test/abnormal/test_00017340_orig68764_68765_68766.png,1,0.647611662791878,0.5975415378793728,0.719640737423295
/root/New_CheckLiuliang_remote/datasets/toniot/test/abnormal/test_00017350_orig68794_68795_68796.png,1,0.5888297958208928,0.5680135208629052,0.6200234000549134
/root/New_CheckLiuliang_remote/datasets/toniot/test/abnormal/test_00017360_orig68824_68825_68826.png,1,0.5781327395468577,0.5552233411362242,0.6192007977016606
/root/New_CheckLiuliang_remote/datasets/toniot/test/abnormal/test_00017371_orig68857_68858_68859.png,1,0.5625427316753394,0.5377354760597748,0.6153123319168888
/root/New_CheckLiuliang_remote/datasets/toniot/test/abnormal/test_00017381_orig68887_68888_68889.png,1,0.5932771981721708,0.5637824817604951,0.6426456518745741
/root/New_CheckLiuliang_remote/datasets/toniot/test/abnormal/test_00017391_orig68917_68918_68919.png,1,0.5781195553952054,0.553596018404528,0.6229600877076054
/root/New_CheckLiuliang_remote/datasets/toniot/test/abnormal/test_00017401_orig68947_68948_68949.png,1,0.638667294198853,0.5370363551364601,0.8351777527427179
/root/New_CheckLiuliang_remote/datasets/toniot/test/abnormal/test_00017411_orig68977_68978_68979.png,1,0.5788074355345857,0.5564247431112408,0.6183317470364466
/root/New_CheckLiuliang_remote/datasets/toniot/test/abnormal/test_00017422_orig69010_69011_69012.png,1,0.587895938199239,0.5668328210123169,0.6201011803642922
/root/New_CheckLiuliang_remote/datasets/toniot/test/abnormal/test_00017432_orig69040_69041_69042.png,1,0.5681918514525137,0.5422091712108112,0.6210686244950807
/root/New_CheckLiuliang_remote/datasets/toniot/test/abnormal/test_00017442_orig69070_69071_69072.png,1,0.573195141140062,0.5491131600180889,0.6193027641143091
/root/New_CheckLiuliang_remote/datasets/toniot/test/abnormal/test_00017452_orig69100_69101_69102.png,1,0.5689602373560317,0.5434584256373751,0.6203565086590372
/root/New_CheckLiuliang_remote/datasets/toniot/test/abnormal/test_00017462_orig69130_69131_69132.png,1,0.6581390772188916,0.6351338808083671,0.6621052958496372
/root/New_CheckLiuliang_remote/datasets/toniot/test/abnormal/test_00017472_orig69160_69161_69162.png,1,0.6010385769220532,0.5862548075169074,0.6124605704677235
/root/New_CheckLiuliang_remote/datasets/toniot/test/abnormal/test_00017483_orig69193_69194_69195.png,1,0.5830393453202666,0.5614886184980269,0.6186480902735311
/root/New_CheckLiuliang_remote/datasets/toniot/test/abnormal/test_00017493_orig69223_69224_69225.png,1,0.5665103107208121,0.5398851032094232,0.6216708034980801
/root/New_CheckLiuliang_remote/datasets/toniot/test/abnormal/test_00017503_orig69253_69254_69255.png,1,0.5829490111756446,0.5677416782126261,0.6037986473921746
/root/New_CheckLiuliang_remote/datasets/toniot/test/abnormal/test_00017513_orig69283_69284_69285.png,1,0.5980673320668911,0.5790287479541805,0.6208034018853618
/root/New_CheckLiuliang_remote/datasets/toniot/test/abnormal/test_00017523_orig69313_69314_69315.png,1,0.5863386572423585,0.5738983542659527,0.5991505180910678
/root/New_CheckLiuliang_remote/datasets/toniot/test/abnormal/test_00017534_orig69346_69347_69348.png,1,0.5859276458024948,0.5647317250723938,0.6193610306358224
/root/New_CheckLiuliang_remote/datasets/toniot/test/abnormal/test_00017544_orig69376_69377_69378.png,1,0.60173193677064,0.5835194120596663,0.6208308860936228
/root/New_CheckLiuliang_remote/datasets/toniot/test/abnormal/test_00017554_orig69406_69407_69408.png,1,0.6023011298686455,0.5842392351074093,0.6207830635712486
/root/New_CheckLiuliang_remote/datasets/toniot/test/abnormal/test_00017564_orig69436_69437_69438.png,1,0.5628905341971803,0.5360185572485858,0.6203155571887283
/root/New_CheckLiuliang_remote/datasets/toniot/test/abnormal/test_00017574_orig69466_69467_69468.png,1,0.6046206616757548,0.5871327812201187,0.6206810971586001
/root/New_CheckLiuliang_remote/datasets/toniot/test/abnormal/test_00017584_orig69496_69497_69498.png,1,0.5640216385220683,0.5377123982817237,0.6196059149314282
/root/New_CheckLiuliang_remote/datasets/toniot/test/abnormal/test_00017595_orig69529_69530_69531.png,1,0.6204610979097798,0.6058603981086403,0.6223947375436758
/root/New_CheckLiuliang_remote/datasets/toniot/test/abnormal/test_00017605_orig69559_69560_69561.png,1,0.5847815580562639,0.5634644835541136,0.6190323195050204
/root/New_CheckLiuliang_remote/datasets/toniot/test/abnormal/test_00017615_orig69589_69590_69591.png,1,0.5798881361925771,0.5572205870749171,0.619572933881515
/root/New_CheckLiuliang_remote/datasets/toniot/test/abnormal/test_00017625_orig69619_69620_69621.png,1,0.6059114221593892,0.5409358208689292,0.7321743609165764
/root/New_CheckLiuliang_remote/datasets/toniot/test/abnormal/test_00017635_orig69649_69650_69651.png,1,0.6159423440308407,0.5528609232977806,0.7331058007345429
/root/New_CheckLiuliang_remote/datasets/toniot/test/abnormal/test_00017646_orig69682_69683_69684.png,1,0.5753347980858827,0.5521645174071776,0.6183169055639856
/root/New_CheckLiuliang_remote/datasets/toniot/test/abnormal/test_00017656_orig69712_69713_69714.png,1,0.5635828337428345,0.5369610129787048,0.6201011803642922
/root/New_CheckLiuliang_remote/datasets/toniot/test/abnormal/test_00017666_orig69742_69743_69744.png,1,0.6200238810590268,0.6117398014462639,0.6074227150934751
/root/New_CheckLiuliang_remote/datasets/toniot/test/abnormal/test_00017676_orig69772_69773_69774.png,1,0.6109062013745374,0.59468600222463,0.6210763200733939
/root/New_CheckLiuliang_remote/datasets/toniot/test/abnormal/test_00017686_orig69802_69803_69804.png,1,0.5875722826285663,0.5661611897952101,0.620740463048444
/root/New_CheckLiuliang_remote/datasets/toniot/test/abnormal/test_00017696_orig69832_69833_69834.png,1,0.5627381099905108,0.5360582646019975,0.619785936495538
/root/New_CheckLiuliang_remote/datasets/toniot/test/abnormal/test_00017707_orig69865_69866_69867.png,1,0.6221987645890111,0.5603333720791127,0.7336060133248938
/root/New_CheckLiuliang_remote/datasets/toniot/test/abnormal/test_00017717_orig69895_69896_69897.png,1,0.5794697904948912,0.5569538351109727,0.6189960403501158
/root/New_CheckLiuliang_remote/datasets/toniot/test/abnormal/test_00017727_orig69925_69926_69927.png,1,0.6193462752129494,0.523472391086887,0.8114374433309981
/root/New_CheckLiuliang_remote/datasets/toniot/test/abnormal/test_00017737_orig69955_69956_69957.png,1,0.6867640096175589,0.7153916052885444,0.5568993195734561
/root/New_CheckLiuliang_remote/datasets/toniot/test/abnormal/test_00017747_orig69985_69986_69987.png,1,0.5833621352104547,0.561294493659126,0.6200264233178222
/root/New_CheckLiuliang_remote/datasets/toniot/test/abnormal/test_00017757_orig70015_70016_70017.png,1,0.5624856483999142,0.5358278262005748,0.6195998684056109
/root/New_CheckLiuliang_remote/datasets/toniot/test/abnormal/test_00017768_orig70048_70049_70050.png,1,0.6822586540538089,0.6460961647617601,0.7056727131008701
/root/New_CheckLiuliang_remote/datasets/toniot/test/abnormal/test_00017778_orig70078_70079_70080.png,1,0.6438827621318267,0.6173677248789478,0.6626896101172669
/root/New_CheckLiuliang_remote/datasets/toniot/test/abnormal/test_00017788_orig70108_70109_70110.png,1,0.593074441514419,0.5719462457460952,0.6230156058082927
/root/New_CheckLiuliang_remote/datasets/toniot/test/abnormal/test_00017798_orig70138_70139_70140.png,1,0.5962072724994848,0.5772649948287112,0.6195864011435629
/root/New_CheckLiuliang_remote/datasets/toniot/test/abnormal/test_00017808_orig70168_70169_70170.png,1,0.5706713384409619,0.544984274021464,0.6217015858113325
/root/New_CheckLiuliang_remote/datasets/toniot/test/abnormal/test_00017819_orig70201_70202_70203.png,1,0.5778625075628353,0.554619585736915,0.6198348583862427
/root/New_CheckLiuliang_remote/datasets/toniot/test/abnormal/test_00017829_orig70231_70232_70233.png,1,0.5827024307479931,0.5620866044528233,0.6162869219418253
/root/New_CheckLiuliang_remote/datasets/toniot/test/abnormal/test_00017839_orig70261_70262_70263.png,1,0.6286609475632153,0.5745489439795423,0.71896215232133
/root/New_CheckLiuliang_remote/datasets/toniot/test/abnormal/test_00017849_orig70291_70292_70293.png,1,0.5812453486149677,0.5592531284388647,0.6187211982675055
/root/New_CheckLiuliang_remote/datasets/toniot/test/abnormal/test_00017859_orig70321_70322_70323.png,1,0.5782003505886009,0.5554741422829862,0.6188094225760233
/root/New_CheckLiuliang_remote/datasets/toniot/test/abnormal/test_00017869_orig70351_70352_70353.png,1,0.5993045488367014,0.4874065753001596,0.8381353283936882
/root/New_CheckLiuliang_remote/datasets/toniot/test/abnormal/test_00017880_orig70384_70385_70386.png,1,0.5647640921611924,0.5394859934007736,0.6175959947812986
/root/New_CheckLiuliang_remote/datasets/toniot/test/abnormal/test_00017890_orig70414_70415_70416.png,1,0.6342068984751189,0.5811318801686375,0.719501117645329
/root/New_CheckLiuliang_remote/datasets/toniot/test/abnormal/test_00017900_orig70444_70445_70446.png,1,0.6689156898608988,0.6465471995710248,0.6663686462350895
/root/New_CheckLiuliang_remote/datasets/toniot/test/abnormal/test_00017910_orig70474_70475_70476.png,1,0.5855830894487809,0.5647059322616307,0.6184334386070124
/root/New_CheckLiuliang_remote/datasets/toniot/test/abnormal/test_00017920_orig70504_70505_70506.png,1,0.5790620079225102,0.5562750769329973,0.6194107770527749
/root/New_CheckLiuliang_remote/datasets/toniot/test/abnormal/test_00017931_orig70537_70538_70539.png,1,0.5786496104707038,0.5461581862902727,0.641834592888791
/root/New_CheckLiuliang_remote/datasets/toniot/test/abnormal/test_00017941_orig70567_70568_70569.png,1,0.5816608006177497,0.5598433086746144,0.6185351301775782
/root/New_CheckLiuliang_remote/datasets/toniot/test/abnormal/test_00017951_orig70597_70598_70599.png,1,0.5777560494794203,0.5551266180958627,0.6183465885089074
/root/New_CheckLiuliang_remote/datasets/toniot/test/abnormal/test_00017961_orig70627_70628_70629.png,1,0.5709585447691866,0.5454821431450091,0.621363255207639
/root/New_CheckLiuliang_remote/datasets/toniot/test/abnormal/test_00017971_orig70657_70658_70659.png,1,0.5742994362669428,0.5494657748915471,0.6216457928685626
/root/New_CheckLiuliang_remote/datasets/toniot/test/abnormal/test_00017981_orig70687_70688_70689.png,1,0.5976608270110941,0.5783404871617133,0.6212439737437861
/root/New_CheckLiuliang_remote/datasets/toniot/test/abnormal/test_00017992_orig70720_70721_70722.png,1,0.565415275706147,0.5390678783631407,0.6204384115996552
/root/New_CheckLiuliang_remote/datasets/toniot/test/abnormal/test_00018002_orig70750_70751_70752.png,1,0.5769456373920501,0.5523810412659519,0.6224296424881673
/root/New_CheckLiuliang_remote/datasets/toniot/test/abnormal/test_00018012_orig70780_70781_70782.png,1,0.6041471767924274,0.5864092250023969,0.621012007026063
/root/New_CheckLiuliang_remote/datasets/toniot/test/abnormal/test_00018022_orig70810_70811_70812.png,1,0.5959520425123096,0.5290100396819,0.7314496023447328
/root/New_CheckLiuliang_remote/datasets/toniot/test/abnormal/test_00018032_orig70840_70841_70842.png,1,0.5841716625851916,0.5624490613198623,0.6196531877696373
/root/New_CheckLiuliang_remote/datasets/toniot/test/abnormal/test_00018043_orig70873_70874_70875.png,1,0.5868960111681477,0.5656982767178309,0.6198818563823691
/root/New_CheckLiuliang_remote/datasets/toniot/test/abnormal/test_00018053_orig70903_70904_70905.png,1,0.6009987344109746,0.5826302388465183,0.6208036767274443
/root/New_CheckLiuliang_remote/datasets/toniot/test/abnormal/test_00018063_orig70933_70934_70935.png,1,0.5645347254797384,0.5383585760671563,0.6195690860923585
/root/New_CheckLiuliang_remote/datasets/toniot/test/abnormal/test_00018073_orig70963_70964_70965.png,1,0.5915246985555029,0.5620760837010648,0.641603175855233
/root/New_CheckLiuliang_remote/datasets/toniot/test/abnormal/test_00018083_orig70993_70994_70995.png,1,0.5743543365224442,0.5503040412413469,0.6198472262799601
/root/New_CheckLiuliang_remote/datasets/toniot/test/abnormal/test_00018093_orig71023_71024_71025.png,1,0.5886219981612322,0.5723012362731764,0.6094230157707136
/root/New_CheckLiuliang_remote/datasets/toniot/test/abnormal/test_00018104_orig71056_71057_71058.png,1,0.654323226074466,0.6307392609850647,0.6614201145376895
/root/New_CheckLiuliang_remote/datasets/toniot/test/abnormal/test_00018114_orig71086_71087_71088.png,1,0.6095656496422419,0.5931655839059649,0.6207808648345877
/root/New_CheckLiuliang_remote/datasets/toniot/test/abnormal/test_00018124_orig71116_71117_71118.png,1,0.6693541247044288,0.6344734491011969,0.6957976370726789
/root/New_CheckLiuliang_remote/datasets/toniot/test/abnormal/test_00018134_orig71146_71147_71148.png,1,0.6015340161350693,0.583800757324437,0.6196070142997587
/root/New_CheckLiuliang_remote/datasets/toniot/test/abnormal/test_00018144_orig71176_71177_71178.png,1,0.6104606450890832,0.5941701460093686,0.6210026623952543
/root/New_CheckLiuliang_remote/datasets/toniot/test/abnormal/test_00018155_orig71209_71210_71211.png,1,0.5968924222528003,0.4928166173577132,0.818596804740916
/root/New_CheckLiuliang_remote/datasets/toniot/test/abnormal/test_00018165_orig71239_71240_71241.png,1,0.573053263103021,0.5478126593490878,0.6219305292661469
/root/New_CheckLiuliang_remote/datasets/toniot/test/abnormal/test_00018175_orig71269_71270_71271.png,1,0.5810361206546671,0.5582855586561606,0.6203790457098113
/root/New_CheckLiuliang_remote/datasets/toniot/test/abnormal/test_00018185_orig71299_71300_71301.png,1,0.6466057341714245,0.6203865018754937,0.6634520220544281
/root/New_CheckLiuliang_remote/datasets/toniot/test/abnormal/test_00018195_orig71329_71330_71331.png,1,0.6085146114318783,0.5105023404430424,0.8106486465539063
/root/New_CheckLiuliang_remote/datasets/toniot/test/abnormal/test_00018205_orig71359_71360_71361.png,1,0.5868698117338067,0.5666220665980555,0.6176512380399032
/root/New_CheckLiuliang_remote/datasets/toniot/test/abnormal/test_00018216_orig71392_71393_71394.png,1,0.5936938187436447,0.49315599644670094,0.8086351534567026
/root/New_CheckLiuliang_remote/datasets/toniot/test/abnormal/test_00018226_orig71422_71423_71424.png,1,0.587749345384162,0.567550268406437,0.6180068836948011
/root/New_CheckLiuliang_remote/datasets/toniot/test/abnormal/test_00018236_orig71452_71453_71454.png,1,0.5841265753510575,0.5628413835467321,0.6186085130136352
/root/New_CheckLiuliang_remote/datasets/toniot/test/abnormal/test_00018246_orig71482_71483_71484.png,1,0.6018938306970938,0.5907956997275634,0.6043169995599779
/root/New_CheckLiuliang_remote/datasets/toniot/test/abnormal/test_00018256_orig71512_71513_71514.png,1,0.5625824861758583,0.5370506090581976,0.617024323249469
/root/New_CheckLiuliang_remote/datasets/toniot/test/abnormal/test_00018267_orig71545_71546_71547.png,1,0.5964001473243103,0.585298097865051,0.6013954282218295
/root/New_CheckLiuliang_remote/datasets/toniot/test/abnormal/test_00018277_orig71575_71576_71577.png,1,0.5783634494891552,0.5551334056776425,0.6200720471035355
/root/New_CheckLiuliang_remote/datasets/toniot/test/abnormal/test_00018287_orig71605_71606_71607.png,1,0.560639942532254,0.5341848920307851,0.6181421059994454
/root/New_CheckLiuliang_remote/datasets/toniot/test/abnormal/test_00018297_orig71635_71636_71637.png,1,0.5962101701143662,0.5817135759271624,0.6092146854720949
/root/New_CheckLiuliang_remote/datasets/toniot/test/abnormal/test_00018307_orig71665_71666_71667.png,1,0.6388008188334651,0.5890417885956748,0.7142145301863182
/root/New_CheckLiuliang_remote/datasets/toniot/test/abnormal/test_00018317_orig71695_71696_71697.png,1,0.5616886698666604,0.5360623371510652,0.6167678955863934
/root/New_CheckLiuliang_remote/datasets/toniot/test/abnormal/test_00018328_orig71728_71729_71730.png,1,0.5816678118638129,0.5585713158490883,0.6215232132997183
/root/New_CheckLiuliang_remote/datasets/toniot/test/abnormal/test_00018338_orig71758_71759_71760.png,1,0.6025180803288294,0.5850394909992424,0.6195377540949409
/root/New_CheckLiuliang_remote/datasets/toniot/test/abnormal/test_00018348_orig71788_71789_71790.png,1,0.6597781146533839,0.6139783459172271,0.7161670083411824
/root/New_CheckLiuliang_remote/datasets/toniot/test/abnormal/test_00018358_orig71818_71819_71820.png,1,0.5673443644850495,0.5416631102566299,0.6199131883797867
/root/New_CheckLiuliang_remote/datasets/toniot/test/abnormal/test_00018368_orig71848_71849_71850.png,1,0.5760557720854244,0.552792368721805,0.6189188097249023
/root/New_CheckLiuliang_remote/datasets/toniot/test/abnormal/test_00018378_orig71878_71879_71880.png,1,0.6009507740256969,0.5846912880539409,0.6158570689246227
/root/New_CheckLiuliang_remote/datasets/toniot/test/abnormal/test_00018389_orig71911_71912_71913.png,1,0.5809602119616007,0.5473833448015184,0.6455999294205532
/root/New_CheckLiuliang_remote/datasets/toniot/test/abnormal/test_00018399_orig71941_71942_71943.png,1,0.5699978886637797,0.5463003861285585,0.6167000095919887
/root/New_CheckLiuliang_remote/datasets/toniot/test/abnormal/test_00018409_orig71971_71972_71973.png,1,0.5812632519135446,0.5585451836592362,0.620424394653442
/root/New_CheckLiuliang_remote/datasets/toniot/test/abnormal/test_00018419_orig72001_72002_72003.png,1,0.5748704094385175,0.5503525724510722,0.6212134662726164
/root/New_CheckLiuliang_remote/datasets/toniot/test/abnormal/test_00018429_orig72031_72032_72033.png,1,0.5739706035590055,0.5514545363530153,0.6160626508024152
/root/New_CheckLiuliang_remote/datasets/toniot/test/abnormal/test_00018440_orig72064_72065_72066.png,1,0.6050372575781587,0.5872973800782778,0.6214913316181355
/root/New_CheckLiuliang_remote/datasets/toniot/test/abnormal/test_00018450_orig72094_72095_72096.png,1,0.5665400222115397,0.5396081698728092,0.6224021582799063
/root/New_CheckLiuliang_remote/datasets/toniot/test/abnormal/test_00018460_orig72124_72125_72126.png,1,0.5773264892733583,0.5543168595895379,0.6190045604546768
/root/New_CheckLiuliang_remote/datasets/toniot/test/abnormal/test_00018470_orig72154_72155_72156.png,1,0.6271227645769085,0.5188904340064635,0.8444223410334007
/root/New_CheckLiuliang_remote/datasets/toniot/test/abnormal/test_00018480_orig72184_72185_72186.png,1,0.5753814172867892,0.5511178722967395,0.6208927255622101
/root/New_CheckLiuliang_remote/datasets/toniot/test/abnormal/test_00018490_orig72214_72215_72216.png,1,0.5658601839686633,0.5407603618799226,0.6177647478200213
/root/New_CheckLiuliang_remote/datasets/toniot/test/abnormal/test_00018501_orig72247_72248_72249.png,1,0.5626296102551942,0.5289964645183405,0.6359524226367634
/root/New_CheckLiuliang_remote/datasets/toniot/test/abnormal/test_00018511_orig72277_72278_72279.png,1,0.49052942756264495,0.3119574282870774,0.9356798067750223
/root/New_CheckLiuliang_remote/datasets/toniot/test/abnormal/test_00018521_orig72307_72308_72309.png,1,0.6051418792103607,0.5876051969119896,0.6210730219684025
/root/New_CheckLiuliang_remote/datasets/toniot/test/abnormal/test_00018531_orig72337_72338_72339.png,1,0.6031667736400973,0.5871130972329575,0.6165590156036096
/root/New_CheckLiuliang_remote/datasets/toniot/test/abnormal/test_00018541_orig72367_72368_72369.png,1,0.608821992137768,0.5923822969685811,0.620476614649138
/root/New_CheckLiuliang_remote/datasets/toniot/test/abnormal/test_00018552_orig72400_72401_72402.png,1,0.5679446165135558,0.5420001136919949,0.620847651460662
/root/New_CheckLiuliang_remote/datasets/toniot/test/abnormal/test_00018562_orig72430_72431_72432.png,1,0.6333177794424165,0.577877574084334,0.7245455692295599
/root/New_CheckLiuliang_remote/datasets/toniot/test/abnormal/test_00018572_orig72460_72461_72462.png,1,0.5743051766907032,0.5509492008895126,0.618200922205124
/root/New_CheckLiuliang_remote/datasets/toniot/test/abnormal/test_00018582_orig72490_72491_72492.png,1,0.5948814401177922,0.5763860029882328,0.6178364816035826
/root/New_CheckLiuliang_remote/datasets/toniot/test/abnormal/test_00018592_orig72520_72521_72522.png,1,0.5677100980063996,0.5415606177717557,0.6212008235368164
/root/New_CheckLiuliang_remote/datasets/toniot/test/abnormal/test_00018602_orig72550_72551_72552.png,1,0.601706235552355,0.5915779685276802,0.6019539073336937
/root/New_CheckLiuliang_remote/datasets/toniot/test/abnormal/test_00018613_orig72583_72584_72585.png,1,0.6782013614616942,0.6377735713625137,0.7134606383537179
/root/New_CheckLiuliang_remote/datasets/toniot/test/abnormal/test_00018623_orig72613_72614_72615.png,1,0.5635509090938573,0.536763833728003,0.6204697435970727
/root/New_CheckLiuliang_remote/datasets/toniot/test/abnormal/test_00018633_orig72643_72644_72645.png,1,0.5684432720572646,0.5446995349658034,0.6159785491251364
/root/New_CheckLiuliang_remote/datasets/toniot/test/abnormal/test_00018643_orig72673_72674_72675.png,1,0.5930975296102892,0.5726239857868037,0.6215004014068617
/root/New_CheckLiuliang_remote/datasets/toniot/test/abnormal/test_00018653_orig72703_72704_72705.png,1,0.5729258489886412,0.5483013652372303,0.6204249443376072
/root/New_CheckLiuliang_remote/datasets/toniot/test/abnormal/test_00018664_orig72736_72737_72738.png,1,0.6805115507555702,0.6425886818770719,0.7088482385233504
/root/New_CheckLiuliang_remote/datasets/toniot/test/abnormal/test_00018674_orig72766_72767_72768.png,1,0.5658529690734893,0.5391065675792853,0.6216029175036754
/root/New_CheckLiuliang_remote/datasets/toniot/test/abnormal/test_00018684_orig72796_72797_72798.png,1,0.6155155965720582,0.6004887058881424,0.6207509070475832
/root/New_CheckLiuliang_remote/datasets/toniot/test/abnormal/test_00018694_orig72826_72827_72828.png,1,0.5885689329983673,0.55517447054741,0.6492333417526625
/root/New_CheckLiuliang_remote/datasets/toniot/test/abnormal/test_00018704_orig72856_72857_72858.png,1,0.5864545338306817,0.5651237079201746,0.6199568882709218
/root/New_CheckLiuliang_remote/datasets/toniot/test/abnormal/test_00018714_orig72886_72887_72888.png,1,0.6026710720369424,0.5848457055394304,0.6204285172846812
/root/New_CheckLiuliang_remote/datasets/toniot/test/abnormal/test_00018725_orig72919_72920_72921.png,1,0.5709927168106961,0.5455809024599044,0.6212307813238208
/root/New_CheckLiuliang_remote/datasets/toniot/test/abnormal/test_00018735_orig72949_72950_72951.png,1,0.5972708158668801,0.577103450382353,0.6230123077033014
/root/New_CheckLiuliang_remote/datasets/toniot/test/abnormal/test_00018745_orig72979_72980_72981.png,1,0.5818463650237637,0.5601874390708479,0.6182641358841244
/root/New_CheckLiuliang_remote/datasets/toniot/test/abnormal/test_00018755_orig73009_73010_73011.png,1,0.561288461184021,0.5345263073943067,0.6192046454908171
/root/New_CheckLiuliang_remote/datasets/toniot/test/abnormal/test_00018765_orig73039_73040_73041.png,1,0.5791491707009297,0.5560802733359183,0.6201151973105054
/root/New_CheckLiuliang_remote/datasets/toniot/test/abnormal/test_00018776_orig73072_73073_73074.png,1,0.5885073188989868,0.5676096597470098,0.6200412647902831
/root/New_CheckLiuliang_remote/datasets/toniot/test/abnormal/test_00018786_orig73102_73103_73104.png,1,0.6503661290933492,0.547616837614742,0.8440282174869375
/root/New_CheckLiuliang_remote/datasets/toniot/test/abnormal/test_00018796_orig73132_73133_73134.png,1,0.5709007427548236,0.5473850416969633,0.6167574515872543
/root/New_CheckLiuliang_remote/datasets/toniot/test/abnormal/test_00018806_orig73162_73163_73164.png,1,0.5913616930870659,0.5790450381504518,0.6015416442097782
/root/New_CheckLiuliang_remote/datasets/toniot/test/abnormal/test_00018816_orig73192_73193_73194.png,1,0.6306441408003581,0.5721824535920307,0.7301693879239336
/root/New_CheckLiuliang_remote/datasets/toniot/test/abnormal/test_00018826_orig73222_73223_73224.png,1,0.5819135427458855,0.560185402796314,0.6184614724994386
/root/New_CheckLiuliang_remote/datasets/toniot/test/abnormal/test_00018837_orig73255_73256_73257.png,1,0.5659321491423019,0.540224142919322,0.6192222353841041
/root/New_CheckLiuliang_remote/datasets/toniot/test/abnormal/test_00018847_orig73285_73286_73287.png,1,0.7295743296895669,0.7623046555174979,0.5701642978485637
/root/New_CheckLiuliang_remote/datasets/toniot/test/abnormal/test_00018857_orig73315_73316_73317.png,1,0.5639685170894505,0.5378841241007515,0.6190529326612162
/root/New_CheckLiuliang_remote/datasets/toniot/test/abnormal/test_00018867_orig73345_73346_73347.png,1,0.5981421369901672,0.5796966460013083,0.619459424101397
/root/New_CheckLiuliang_remote/datasets/toniot/test/abnormal/test_00018877_orig73375_73376_73377.png,1,0.5742203220013511,0.5518353196908596,0.6158900499745359
/root/New_CheckLiuliang_remote/datasets/toniot/test/abnormal/test_00018888_orig73408_73409_73410.png,1,0.5646495396076577,0.5374996075929284,0.6219024953737207
/root/New_CheckLiuliang_remote/datasets/toniot/test/abnormal/test_00018898_orig73438_73439_73440.png,1,0.5936954321082757,0.5739540124365468,0.6201110746792662
/root/New_CheckLiuliang_remote/datasets/toniot/test/abnormal/test_00018908_orig73468_73469_73470.png,1,0.5869705126867054,0.566969590785179,0.6171290380829435
/root/New_CheckLiuliang_remote/datasets/toniot/test/abnormal/test_00018918_orig73498_73499_73500.png,1,0.5687239915718564,0.5431132771038746,0.6204845850695336
/root/New_CheckLiuliang_remote/datasets/toniot/test/abnormal/test_00018928_orig73528_73529_73530.png,1,0.5791068740839502,0.5572609731865066,0.6172389749159877
/root/New_CheckLiuliang_remote/datasets/toniot/test/abnormal/test_00018938_orig73558_73559_73560.png,1,0.5909377685594888,0.5711062825008506,0.6188500992042497
/root/New_CheckLiuliang_remote/datasets/toniot/test/abnormal/test_00018949_orig73591_73592_73593.png,1,0.5727362113561826,0.5478014598391513,0.6210477364968023
/root/New_CheckLiuliang_remote/datasets/toniot/test/abnormal/test_00018959_orig73621_73622_73623.png,1,0.6058700586744834,0.5888812622865836,0.6201830833049101
/root/New_CheckLiuliang_remote/datasets/toniot/test/abnormal/test_00018969_orig73651_73652_73653.png,1,0.5872443028293834,0.5657356084176195,0.6207932327283051
/root/New_CheckLiuliang_remote/datasets/toniot/test/abnormal/test_00018979_orig73681_73682_73683.png,1,0.5656712358075847,0.539059733265005,0.6211912040639249
/root/New_CheckLiuliang_remote/datasets/toniot/test/abnormal/test_00018989_orig73711_73712_73713.png,1,0.5792982278232729,0.5577554485191618,0.6166337726500796
/root/New_CheckLiuliang_remote/datasets/toniot/test/abnormal/test_00019000_orig73744_73745_73746.png,1,0.5918400314941153,0.5721342617613945,0.6190380911887552
/root/New_CheckLiuliang_remote/datasets/toniot/test/abnormal/test_00019010_orig73774_73775_73776.png,1,0.6492927703847906,0.6239448916235302,0.6628523166301722
/root/New_CheckLiuliang_remote/datasets/toniot/test/abnormal/test_00019020_orig73804_73805_73806.png,1,0.5659641696808543,0.54027844357356,0.6191873304396126
/root/New_CheckLiuliang_remote/datasets/toniot/test/abnormal/test_00019030_orig73834_73835_73836.png,1,0.5667701389849252,0.5408961135155177,0.6200566559469093
/root/New_CheckLiuliang_remote/datasets/toniot/test/abnormal/test_00019040_orig73864_73865_73866.png,1,0.5852686069214995,0.5641666588892292,0.6187901836302406
/root/New_CheckLiuliang_remote/datasets/toniot/test/abnormal/test_00019050_orig73894_73895_73896.png,1,0.6015178772400203,0.5912056696670607,0.6022826184644957
/root/New_CheckLiuliang_remote/datasets/toniot/test/abnormal/test_00019061_orig73927_73928_73929.png,1,0.6001883661948804,0.4896987416671828,0.8353206706256753
/root/New_CheckLiuliang_remote/datasets/toniot/test/abnormal/test_00019071_orig73957_73958_73959.png,1,0.6440443833069136,0.5933732839084254,0.7191399751487789
/root/New_CheckLiuliang_remote/datasets/toniot/test/abnormal/test_00019081_orig73987_73988_73989.png,1,0.5909102147980926,0.5794057981220458,0.5994055715437303
/root/New_CheckLiuliang_remote/datasets/toniot/test/abnormal/test_00019091_orig74017_74018_74019.png,1,0.5964263098860785,0.5773858137843908,0.6199324273255694
/root/New_CheckLiuliang_remote/datasets/toniot/test/abnormal/test_00019101_orig74047_74048_74049.png,1,0.579493508452319,0.5577442490092251,0.617219735970205
/root/New_CheckLiuliang_remote/datasets/toniot/test/abnormal/test_00019111_orig74077_74078_74079.png,1,0.5989699443255362,0.5800577453519913,0.6209900196594542
/root/New_CheckLiuliang_remote/datasets/toniot/test/abnormal/test_00019122_orig74110_74111_74112.png,1,0.583317214201978,0.5617675881091748,0.6187937565773146
/root/New_CheckLiuliang_remote/datasets/toniot/test/abnormal/test_00019132_orig74140_74141_74142.png,1,0.5633121291122024,0.5373000526886036,0.6185340308092477
/root/New_CheckLiuliang_remote/datasets/toniot/test/abnormal/test_00019142_orig74170_74171_74172.png,1,0.602051263876885,0.5837542623892458,0.6211983499580729
/root/New_CheckLiuliang_remote/datasets/toniot/test/abnormal/test_00019152_orig74200_74201_74202.png,1,0.5847291362684317,0.5629924072413316,0.619983547952935
/root/New_CheckLiuliang_remote/datasets/toniot/test/abnormal/test_00019162_orig74230_74231_74232.png,1,0.5659305838360271,0.5398593103986601,0.6200690238406268
/root/New_CheckLiuliang_remote/datasets/toniot/test/abnormal/test_00019173_orig74263_74264_74265.png,1,0.5997041729837755,0.5812506628497832,0.6203114345574892
/root/New_CheckLiuliang_remote/datasets/toniot/test/abnormal/test_00019183_orig74293_74294_74295.png,1,0.6467782365537739,0.5997396962387465,0.7121224322534879
/root/New_CheckLiuliang_remote/datasets/toniot/test/abnormal/test_00019193_orig74323_74324_74325.png,1,0.5729380389545482,0.5478808745459745,0.6214410355170178
/root/New_CheckLiuliang_remote/datasets/toniot/test/abnormal/test_00019203_orig74353_74354_74355.png,1,0.606726650819626,0.5895959946479917,0.620971055555754
/root/New_CheckLiuliang_remote/datasets/toniot/test/abnormal/test_00019213_orig74383_74384_74385.png,1,0.5971239190562391,0.5777299441806243,0.6211293645953376
/root/New_CheckLiuliang_remote/datasets/toniot/test/abnormal/test_00019223_orig74413_74414_74415.png,1,0.5865951667248935,0.5661527053179854,0.6179590611724268
/root/New_CheckLiuliang_remote/datasets/toniot/test/abnormal/test_00019234_orig74446_74447_74448.png,1,0.6754264900803485,0.6013337598197218,0.7905318551593218
/root/New_CheckLiuliang_remote/datasets/toniot/test/abnormal/test_00019244_orig74476_74477_74478.png,1,0.6469867399356697,0.5953423613827322,0.7229806184111764
/root/New_CheckLiuliang_remote/datasets/toniot/test/abnormal/test_00019254_orig74506_74507_74508.png,1,0.5795904627705576,0.5627755440034684,0.6057579965991041
/root/New_CheckLiuliang_remote/datasets/toniot/test/abnormal/test_00019264_orig74536_74537_74538.png,1,0.580177901143865,0.5957849117147722,0.5304202088085238
/root/New_CheckLiuliang_remote/datasets/toniot/test/abnormal/test_00019274_orig74566_74567_74568.png,1,0.5952170545222475,0.5766011693306511,0.6182965672498724
/root/New_CheckLiuliang_remote/datasets/toniot/test/abnormal/test_00019285_orig74599_74600_74601.png,1,0.6219829788351094,0.5670395028775105,0.7173397595076809
/root/New_CheckLiuliang_remote/datasets/toniot/test/abnormal/test_00019295_orig74629_74630_74631.png,1,0.6085736535059086,0.6002015911788587,0.6015196568431693
/root/New_CheckLiuliang_remote/datasets/toniot/test/abnormal/test_00019305_orig74659_74660_74661.png,1,0.5902881454560536,0.5707977869089607,0.6177075806668384
/root/New_CheckLiuliang_remote/datasets/toniot/test/abnormal/test_00019315_orig74689_74690_74691.png,1,0.657854856055191,0.6502864783734917,0.625934428725615
/root/New_CheckLiuliang_remote/datasets/toniot/test/abnormal/test_00019325_orig74719_74720_74721.png,1,0.5998717260467388,0.5813772512499756,0.620496403279086
/root/New_CheckLiuliang_remote/datasets/toniot/test/abnormal/test_00019335_orig74749_74750_74751.png,1,0.5627798965514074,0.5362958299642888,0.619351411162931
/root/New_CheckLiuliang_remote/datasets/toniot/test/abnormal/test_00019346_orig74782_74783_74784.png,1,0.5654722429801257,0.5399502639945089,0.6185428257558913
/root/New_CheckLiuliang_remote/datasets/toniot/test/abnormal/test_00019356_orig74812_74813_74814.png,1,0.5945762236402146,0.5752562100009927,0.6195976696689499
/root/New_CheckLiuliang_remote/datasets/toniot/test/abnormal/test_00019366_orig74842_74843_74844.png,1,0.5622691457066669,0.5362344023491821,0.6180305201139056
/root/New_CheckLiuliang_remote/datasets/toniot/test/abnormal/test_00019376_orig74872_74873_74874.png,1,0.6607352834971302,0.6041512850164981,0.7418408318040661
/root/New_CheckLiuliang_remote/datasets/toniot/test/abnormal/test_00019386_orig74902_74903_74904.png,1,0.6068500088366621,0.4960831410892202,0.8395213570162924
/root/New_CheckLiuliang_remote/datasets/toniot/test/abnormal/test_00019397_orig74935_74936_74937.png,1,0.5836566334052555,0.5617207537948945,0.6198760846986343
/root/New_CheckLiuliang_remote/datasets/toniot/test/abnormal/test_00019407_orig74965_74966_74967.png,1,0.5678157414733075,0.5432038913206343,0.6176693776173555
/root/New_CheckLiuliang_remote/datasets/toniot/test/abnormal/test_00019417_orig74995_74996_74997.png,1,0.5735272731065781,0.5502836784960077,0.617523711313572
/root/New_CheckLiuliang_remote/datasets/toniot/test/abnormal/test_00019427_orig75025_75026_75027.png,1,0.5772382316068346,0.5545500130236726,0.6182075184151067
/root/New_CheckLiuliang_remote/datasets/toniot/test/abnormal/test_00019437_orig75055_75056_75057.png,1,0.6079364505600006,0.5483468420351546,0.7206873360738754
/root/New_CheckLiuliang_remote/datasets/toniot/test/abnormal/test_00019447_orig75085_75086_75087.png,1,0.5776719354444171,0.5535074404623022,0.6218835312700205
/root/New_CheckLiuliang_remote/datasets/toniot/test/abnormal/test_00019458_orig75118_75119_75120.png,1,0.5687849186551783,0.5425288663126377,0.622022876205904
/root/New_CheckLiuliang_remote/datasets/toniot/test/abnormal/test_00019468_orig75148_75149_75150.png,1,0.5610058943519948,0.5347302742267884,0.6179186593862831
/root/New_CheckLiuliang_remote/datasets/toniot/test/abnormal/test_00019478_orig75178_75179_75180.png,1,0.5854924858158095,0.5699554480100931,0.6059248257432486
/root/New_CheckLiuliang_remote/datasets/toniot/test/abnormal/test_00019488_orig75208_75209_75210.png,1,0.5655180648051396,0.5398389476533209,0.6189339260394459
/root/New_CheckLiuliang_remote/datasets/toniot/test/abnormal/test_00019498_orig75238_75239_75240.png,1,0.5714850929229438,0.5467358094997298,0.619947543640113
/root/New_CheckLiuliang_remote/datasets/toniot/test/abnormal/test_00019509_orig75271_75272_75273.png,1,0.5736761660917417,0.5498720116610655,0.6189111141465892
/root/New_CheckLiuliang_remote/datasets/toniot/test/abnormal/test_00019519_orig75301_75302_75303.png,1,0.602088465239713,0.5910980864958515,0.604169409361616
/root/New_CheckLiuliang_remote/datasets/toniot/test/abnormal/test_00019529_orig75331_75332_75333.png,1,0.5691796010215122,0.5439209993356654,0.6199060424856389
/root/New_CheckLiuliang_remote/datasets/toniot/test/abnormal/test_00019539_orig75361_75362_75363.png,1,0.5752243800201879,0.550300647450457,0.6223493886000452
/root/New_CheckLiuliang_remote/datasets/toniot/test/abnormal/test_00019549_orig75391_75392_75393.png,1,0.590959956939514,0.5768458616538112,0.6055213575659766
/root/New_CheckLiuliang_remote/datasets/toniot/test/abnormal/test_00019559_orig75421_75422_75423.png,1,0.5645351328899613,0.538229272634252,0.6198719620673951
/root/New_CheckLiuliang_remote/datasets/toniot/test/abnormal/test_00019570_orig75454_75455_75456.png,1,0.5744040677546368,0.5492960853470533,0.622341693021732
/root/New_CheckLiuliang_remote/datasets/toniot/test/abnormal/test_00019580_orig75484_75485_75486.png,1,0.571204014323821,0.548084162620278,0.6159955893342582
/root/New_CheckLiuliang_remote/datasets/toniot/test/abnormal/test_00019590_orig75514_75515_75516.png,1,0.6685089714725302,0.6284141748464097,0.7075130556860292
/root/New_CheckLiuliang_remote/datasets/toniot/test/abnormal/test_00019600_orig75544_75545_75546.png,1,0.5895402852421211,0.5691796274126671,0.6193393181112962
/root/New_CheckLiuliang_remote/datasets/toniot/test/abnormal/test_00019610_orig75574_75575_75576.png,1,0.5833512007317453,0.5612575013384263,0.6200813917343443
/root/New_CheckLiuliang_remote/datasets/toniot/test/abnormal/test_00019621_orig75607_75608_75609.png,1,0.5676572807093069,0.5424833895147133,0.6188962726741283
/root/New_CheckLiuliang_remote/datasets/toniot/test/abnormal/test_00019631_orig75637_75638_75639.png,1,0.5806087222839249,0.5585943936271395,0.6184331637649297
/root/New_CheckLiuliang_remote/datasets/toniot/test/abnormal/test_00019641_orig75667_75668_75669.png,1,0.5758348724901861,0.5519612293328741,0.6202248593014669
/root/New_CheckLiuliang_remote/datasets/toniot/test/abnormal/test_00019651_orig75697_75698_75699.png,1,0.5872609898697295,0.5735908768113298,0.6025121116034754
/root/New_CheckLiuliang_remote/datasets/toniot/test/abnormal/test_00019661_orig75727_75728_75729.png,1,0.5872031359225947,0.5755867652336667,0.5976891827378285
/root/New_CheckLiuliang_remote/datasets/toniot/test/abnormal/test_00019671_orig75757_75758_75759.png,1,0.6177295235306416,0.557914277932808,0.726438131810415
/root/New_CheckLiuliang_remote/datasets/toniot/test/abnormal/test_00019682_orig75790_75791_75792.png,1,0.6206053791528794,0.5638486606828477,0.7208357507984849
/root/New_CheckLiuliang_remote/datasets/toniot/test/abnormal/test_00019692_orig75820_75821_75822.png,1,0.5769111980286266,0.5538247599105057,0.6189622347739547
/root/New_CheckLiuliang_remote/datasets/toniot/test/abnormal/test_00019702_orig75850_75851_75852.png,1,0.595994085990559,0.5699944766053268,0.6359397799009634
/root/New_CheckLiuliang_remote/datasets/toniot/test/abnormal/test_00019712_orig75880_75881_75882.png,1,0.5687782620417837,0.543267355210275,0.6202806522442368
/root/New_CheckLiuliang_remote/datasets/toniot/test/abnormal/test_00019722_orig75910_75911_75912.png,1,0.6648643423564946,0.6230109203706359,0.7096722150870164
/root/New_CheckLiuliang_remote/datasets/toniot/test/abnormal/test_00019732_orig75940_75941_75942.png,1,0.5987489398040274,0.5788268173962328,0.6232286084223158
/root/New_CheckLiuliang_remote/datasets/toniot/test/abnormal/test_00019743_orig75973_75974_75975.png,1,0.6084954561150335,0.5489502580553748,0.7208819242683635
/root/New_CheckLiuliang_remote/datasets/toniot/test/abnormal/test_00019753_orig76003_76004_76005.png,1,0.6649395894520501,0.6412739272863333,0.6672742508972906
/root/New_CheckLiuliang_remote/datasets/toniot/test/abnormal/test_00019763_orig76033_76034_76035.png,1,0.6190788602189511,0.6061940077531153,0.6176537116186467
/root/New_CheckLiuliang_remote/datasets/toniot/test/abnormal/test_00019773_orig76063_76064_76065.png,1,0.5671279044909299,0.5412025728328737,0.6203672275002591
/root/New_CheckLiuliang_remote/datasets/toniot/test/abnormal/test_00019783_orig76093_76094_76095.png,1,0.598255958116007,0.583302209442714,0.6113727455047516
/root/New_CheckLiuliang_remote/datasets/toniot/test/abnormal/test_00019794_orig76126_76127_76128.png,1,0.6045760374839577,0.5303600896978932,0.7530227819350697
/root/New_CheckLiuliang_remote/datasets/toniot/test/abnormal/test_00019804_orig76156_76157_76158.png,1,0.5702847364913298,0.545594477623464,0.619169465704243
/root/New_CheckLiuliang_remote/datasets/toniot/test/abnormal/test_00019814_orig76186_76187_76188.png,1,0.5908748875688832,0.5704315968719429,0.6202440982472496
/root/New_CheckLiuliang_remote/datasets/toniot/test/abnormal/test_00019824_orig76216_76217_76218.png,1,0.6038024080398194,0.5858954050616694,0.6212225360613426
/root/New_CheckLiuliang_remote/datasets/toniot/test/abnormal/test_00019834_orig76246_76247_76248.png,1,0.5559258582541473,0.4410436585744551,0.8219572988849931
/root/New_CheckLiuliang_remote/datasets/toniot/test/abnormal/test_00019844_orig76276_76277_76278.png,1,0.5617188803262889,0.535544784040359,0.6180621269534058
/root/New_CheckLiuliang_remote/datasets/toniot/test/abnormal/test_00019855_orig76309_76310_76311.png,1,0.6024546912946355,0.5843485151740633,0.6209683071349279
/root/New_CheckLiuliang_remote/datasets/toniot/test/abnormal/test_00019865_orig76339_76340_76341.png,1,0.6035522293027116,0.5877572387438562,0.6161610442679897
/root/New_CheckLiuliang_remote/datasets/toniot/test/abnormal/test_00019875_orig76369_76370_76371.png,1,0.5626748474990807,0.5358950232601943,0.6199854718475132
/root/New_CheckLiuliang_remote/datasets/toniot/test/abnormal/test_00019885_orig76399_76400_76401.png,1,0.5774595719258122,0.5547536404770652,0.6183669268230206
/root/New_CheckLiuliang_remote/datasets/toniot/test/abnormal/test_00019895_orig76429_76430_76431.png,1,0.5687969891785061,0.5429863493245932,0.6209900196594542
/root/New_CheckLiuliang_remote/datasets/toniot/test/abnormal/test_00019906_orig76462_76463_76464.png,1,0.5644472392607133,0.5374171384743044,0.62151496803724
/root/New_CheckLiuliang_remote/datasets/toniot/test/abnormal/test_00019916_orig76492_76493_76494.png,1,0.6058386659849943,0.5903741908990406,0.6166095865468099
/root/New_CheckLiuliang_remote/datasets/toniot/test/abnormal/test_00019926_orig76522_76523_76524.png,1,0.5934616377456612,0.5735786591641263,0.6203166565570587
/root/New_CheckLiuliang_remote/datasets/toniot/test/abnormal/test_00019936_orig76552_76553_76554.png,1,0.5642574847700199,0.5371978995828183,0.621482536671492
/root/New_CheckLiuliang_remote/datasets/toniot/test/abnormal/test_00019946_orig76582_76583_76584.png,1,0.5843637834671016,0.5633178717876709,0.6181767361018543
/root/New_CheckLiuliang_remote/datasets/toniot/test/abnormal/test_00019956_orig76612_76613_76614.png,1,0.6336435152502342,0.5716604885531675,0.7399859225885287
/root/New_CheckLiuliang_remote/datasets/toniot/test/abnormal/test_00019967_orig76645_76646_76647.png,1,0.5678951755154377,0.5421250051967423,0.620414500338468
/root/New_CheckLiuliang_remote/datasets/toniot/test/abnormal/test_00019977_orig76675_76676_76677.png,1,0.5832629723017775,0.5608268292745008,0.6208333596723663
/root/New_CheckLiuliang_remote/datasets/toniot/test/abnormal/test_00019987_orig76705_76706_76707.png,1,0.5731065580774255,0.5492159918820522,0.6188088728918582
/root/New_CheckLiuliang_remote/datasets/toniot/test/abnormal/test_00019997_orig76735_76736_76737.png,1,0.5591519874123593,0.5325202375993002,0.6177606251887822
/root/New_CheckLiuliang_remote/datasets/toniot/test/abnormal/test_00020007_orig76765_76766_76767.png,1,0.5790000974746826,0.5556343292129884,0.6207283699968091
/root/New_CheckLiuliang_remote/datasets/toniot/test/abnormal/test_00020018_orig76798_76799_76800.png,1,0.5767074782232515,0.5542903880205969,0.6172917445958488
/root/New_CheckLiuliang_remote/datasets/toniot/test/abnormal/test_00020028_orig76828_76829_76830.png,1,0.5833639517557091,0.5663268067906362,0.6082895670220283
/root/New_CheckLiuliang_remote/datasets/toniot/test/abnormal/test_00020038_orig76858_76859_76860.png,1,0.580474161337033,0.5576244481908125,0.6203106100312413
/root/New_CheckLiuliang_remote/datasets/toniot/test/abnormal/test_00020048_orig76888_76889_76890.png,1,0.5710741066206375,0.5454695861187165,0.6217238480200239
/root/New_CheckLiuliang_remote/datasets/toniot/test/abnormal/test_00020058_orig76918_76919_76920.png,1,0.5635112281426035,0.5374836567757459,0.61867639900804
/root/New_CheckLiuliang_remote/datasets/toniot/test/abnormal/test_00020068_orig76948_76949_76950.png,1,0.5774528656840684,0.5536676273923045,0.6208817318789057
/root/New_CheckLiuliang_remote/datasets/toniot/test/abnormal/test_00020079_orig76981_76982_76983.png,1,0.578491241288325,0.5554307017595957,0.6197447101831465
/root/New_CheckLiuliang_remote/datasets/toniot/test/abnormal/test_00020089_orig77011_77012_77013.png,1,0.5677264797845423,0.5417238591135588,0.6208668904064447
/root/New_CheckLiuliang_remote/datasets/toniot/test/abnormal/test_00020099_orig77041_77042_77043.png,1,0.5967402985751564,0.5772568497305754,0.6211334872265768
/root/New_CheckLiuliang_remote/datasets/toniot/test/abnormal/test_00020109_orig77071_77072_77073.png,1,0.5703467384218521,0.5466954233881403,0.6167783395855326
/root/New_CheckLiuliang_remote/datasets/toniot/test/abnormal/test_00020119_orig77101_77102_77103.png,1,0.5619722898014391,0.5349525675300754,0.62017044056911
/root/New_CheckLiuliang_remote/datasets/toniot/test/abnormal/test_00020130_orig77134_77135_77136.png,1,0.5948023475907269,0.5659758888126228,0.6419000053044522
/root/New_CheckLiuliang_remote/datasets/toniot/test/abnormal/test_00020140_orig77164_77165_77166.png,1,0.5615436908355174,0.5356343801198518,0.61735083564361
/root/New_CheckLiuliang_remote/datasets/toniot/test/abnormal/test_00020150_orig77194_77195_77196.png,1,0.5924807278764119,0.5728517091555145,0.6192007977016606
/root/New_CheckLiuliang_remote/datasets/toniot/test/abnormal/test_00020160_orig77224_77225_77226.png,1,0.6026743936169984,0.5554252716941719,0.6890857185732507
/root/New_CheckLiuliang_remote/datasets/toniot/test/abnormal/test_00020170_orig77254_77255_77256.png,1,0.5709615471374019,0.5464928140720146,0.619013630243403
/root/New_CheckLiuliang_remote/datasets/toniot/test/abnormal/test_00020180_orig77284_77285_77286.png,1,0.5801520972169737,0.5576454896943297,0.6193382187429658
/root/New_CheckLiuliang_remote/datasets/toniot/test/abnormal/test_00020191_orig77317_77318_77319.png,1,0.7028836420597114,0.6303662833662672,0.8015035510971283
/root/New_CheckLiuliang_remote/datasets/toniot/test/abnormal/test_00020201_orig77347_77348_77349.png,1,0.5990146375170398,0.5803058314660413,0.6205392786439732
/root/New_CheckLiuliang_remote/datasets/toniot/test/abnormal/test_00020211_orig77377_77378_77379.png,1,0.5868438204744485,0.5655479317814093,0.62008304078684
/root/New_CheckLiuliang_remote/datasets/toniot/test/abnormal/test_00020221_orig77407_77408_77409.png,1,0.5780937969725845,0.5431621476926889,0.6472319417070936
/root/New_CheckLiuliang_remote/datasets/toniot/test/abnormal/test_00020231_orig77437_77438_77439.png,1,0.6616471898372367,0.6249776221913199,0.6958603010675142
/root/New_CheckLiuliang_remote/datasets/toniot/test/abnormal/test_00020242_orig77470_77471_77472.png,1,0.5974769144982924,0.57967594387688,0.6176006670967029
/root/New_CheckLiuliang_remote/datasets/toniot/test/abnormal/test_00020252_orig77500_77501_77502.png,1,0.5854341521889004,0.5641330603594195,0.6193431659004528
/root/New_CheckLiuliang_remote/datasets/toniot/test/abnormal/test_00020262_orig77530_77531_77532.png,1,0.5675836210193118,0.541635620550422,0.6206632324232304
/root/New_CheckLiuliang_remote/datasets/toniot/test/abnormal/test_00020272_orig77560_77561_77562.png,1,0.6038949230728794,0.5864669194475248,0.620154224886236
/root/New_CheckLiuliang_remote/datasets/toniot/test/abnormal/test_00020282_orig77590_77591_77592.png,1,0.5771643172886983,0.5539727291933044,0.6193426162162875
/root/New_CheckLiuliang_remote/datasets/toniot/test/abnormal/test_00020292_orig77620_77621_77622.png,1,0.5864765376785291,0.607419845022539,0.5213289823999375
/root/New_CheckLiuliang_remote/datasets/toniot/test/abnormal/test_00020303_orig77653_77654_77655.png,1,0.5996460162277845,0.5810809733052893,0.6205406528543862
/root/New_CheckLiuliang_remote/datasets/toniot/test/abnormal/test_00020313_orig77683_77684_77685.png,1,0.5800489402386853,0.5576997903485678,0.6189157864619936
/root/New_CheckLiuliang_remote/datasets/toniot/test/abnormal/test_00020323_orig77713_77714_77715.png,1,0.5829826605723099,0.5628895753773684,0.6152166868721405
/root/New_CheckLiuliang_remote/datasets/toniot/test/abnormal/test_00020333_orig77743_77744_77745.png,1,0.566818338015405,0.5405967811590305,0.6208932752463753
/root/New_CheckLiuliang_remote/datasets/toniot/test/abnormal/test_00020343_orig77773_77774_77775.png,1,0.5928222792015824,0.5730356526217459,0.619750756708964
/root/New_CheckLiuliang_remote/datasets/toniot/test/abnormal/test_00020353_orig77803_77804_77805.png,1,0.5811209619644209,0.55869145604659,0.619675175136246
/root/New_CheckLiuliang_remote/datasets/toniot/test/abnormal/test_00020364_orig77836_77837_77838.png,1,0.5796987714965908,0.5574812302152596,0.6184218952395427
/root/New_CheckLiuliang_remote/datasets/toniot/test/abnormal/test_00020374_orig77866_77867_77868.png,1,0.6013358338670582,0.6010666684766884,0.5787517387197251
/root/New_CheckLiuliang_remote/datasets/toniot/test/abnormal/test_00020384_orig77896_77897_77898.png,1,0.6174627161390529,0.604346767371755,0.6173307721715795
/root/New_CheckLiuliang_remote/datasets/toniot/test/abnormal/test_00020394_orig77926_77927_77928.png,1,0.5637383531840707,0.5365490067646737,0.6215083718272574
/root/New_CheckLiuliang_remote/datasets/toniot/test/abnormal/test_00020404_orig77956_77957_77958.png,1,0.5302537649228428,0.4125670379756716,0.8148059078954709
/root/New_CheckLiuliang_remote/datasets/toniot/test/abnormal/test_00020415_orig77989_77990_77991.png,1,0.6012077092857477,0.5825423396624705,0.6216078646611624
/root/New_CheckLiuliang_remote/datasets/toniot/test/abnormal/test_00020425_orig78019_78020_78021.png,1,0.5920630498246585,0.5728279526192854,0.6180588288484145
/root/New_CheckLiuliang_remote/datasets/toniot/test/abnormal/test_00020435_orig78049_78050_78051.png,1,0.6906392079687772,0.7119564101498104,0.5760242058918996
/root/New_CheckLiuliang_remote/datasets/toniot/test/abnormal/test_00020445_orig78079_78080_78081.png,1,0.6245135469620371,0.7402714863022357,0.3203864389618335
/root/New_CheckLiuliang_remote/datasets/toniot/test/abnormal/test_00020455_orig78109_78110_78111.png,1,0.5738504250722879,0.5997688828403993,0.5029846475961075
/root/New_CheckLiuliang_remote/datasets/toniot/test/abnormal/test_00020465_orig78139_78140_78141.png,1,0.570521502739934,0.5450239813748756,0.6211793858543727
/root/New_CheckLiuliang_remote/datasets/toniot/test/abnormal/test_00020476_orig78172_78173_78174.png,1,0.5833481644091696,0.5621395475907054,0.6180145792731141
/root/New_CheckLiuliang_remote/datasets/toniot/test/abnormal/test_00020486_orig78202_78203_78204.png,1,0.5917431165498207,0.5724054256534956,0.6181275393690671
/root/New_CheckLiuliang_remote/datasets/toniot/test/abnormal/test_00020496_orig78232_78233_78234.png,1,0.5645418646592121,0.5374313923960419,0.6217529812807806
/root/New_CheckLiuliang_remote/datasets/toniot/test/abnormal/test_00020506_orig78262_78263_78264.png,1,0.5908640646967457,0.5702198243204146,0.6207072071564481
/root/New_CheckLiuliang_remote/datasets/toniot/test/abnormal/test_00020516_orig78292_78293_78294.png,1,0.6002293729449143,0.5899856018421497,0.6014355551658905
/root/New_CheckLiuliang_remote/datasets/toniot/test/abnormal/test_00020527_orig78325_78326_78327.png,1,0.5674886021240466,0.5415816592752729,0.6205167415931991
/root/New_CheckLiuliang_remote/datasets/toniot/test/abnormal/test_00020537_orig78355_78356_78357.png,1,0.5972408545107977,0.577796462482066,0.6213093861594474
/root/New_CheckLiuliang_remote/datasets/toniot/test/abnormal/test_00020547_orig78385_78386_78387.png,1,0.5695727380084997,0.5440818650238456,0.6206577355815782
/root/New_CheckLiuliang_remote/datasets/toniot/test/abnormal/test_00020557_orig78415_78416_78417.png,1,0.6241260170136537,0.5681526662893902,0.7208860468996027
/root/New_CheckLiuliang_remote/datasets/toniot/test/abnormal/test_00020567_orig78445_78446_78447.png,1,0.602622131849257,0.5845813292291089,0.6209050934559276
/root/New_CheckLiuliang_remote/datasets/toniot/test/abnormal/test_00020577_orig78475_78476_78477.png,1,0.5791396812411335,0.5567888968737247,0.6184345379753429
/root/New_CheckLiuliang_remote/datasets/toniot/test/abnormal/test_00020588_orig78508_78509_78510.png,1,0.5796170251294757,0.5571859704078403,0.6188764840441803
/root/New_CheckLiuliang_remote/datasets/toniot/test/abnormal/test_00020598_orig78538_78539_78540.png,1,0.5738954880818977,0.5383626486162242,0.646395047565545
/root/New_CheckLiuliang_remote/datasets/toniot/test/abnormal/test_00020608_orig78568_78569_78570.png,1,0.5991953578709586,0.5804171478072293,0.6207976302016269
/root/New_CheckLiuliang_remote/datasets/toniot/test/abnormal/test_00020618_orig78598_78599_78600.png,1,0.5740277218355382,0.5487347523338676,0.6225725603711247
/root/New_CheckLiuliang_remote/datasets/toniot/test/abnormal/test_00020628_orig78628_78629_78630.png,1,0.5883117467971867,0.5675438202037463,0.6196342236659371
/root/New_CheckLiuliang_remote/datasets/toniot/test/abnormal/test_00020639_orig78661_78662_78663.png,1,0.56602903494502,0.5399024115429616,0.6202506944572322
/root/New_CheckLiuliang_remote/datasets/toniot/test/abnormal/test_00020649_orig78691_78692_78693.png,1,0.6638358147706023,0.6401485462272499,0.6667358352574569
/root/New_CheckLiuliang_remote/datasets/toniot/test/abnormal/test_00020659_orig78721_78722_78723.png,1,0.6567972347923785,0.6316830742315397,0.6663103797135761
/root/New_CheckLiuliang_remote/datasets/toniot/test/abnormal/test_00020669_orig78751_78752_78753.png,1,0.5995207857741722,0.5812445540261814,0.6197999534417512
/root/New_CheckLiuliang_remote/datasets/toniot/test/abnormal/test_00020679_orig78781_78782_78783.png,1,0.5789488688779117,0.5556696246382431,0.620499151699912
/root/New_CheckLiuliang_remote/datasets/toniot/test/abnormal/test_00020689_orig78811_78812_78813.png,1,0.578040364246201,0.5553163310066068,0.6187189995308445
/root/New_CheckLiuliang_remote/datasets/toniot/test/abnormal/test_00020700_orig78844_78845_78846.png,1,0.5686981106873803,0.5425645011169814,0.6216908669701107
/root/New_CheckLiuliang_remote/datasets/toniot/test/abnormal/test_00020710_orig78874_78875_78876.png,1,0.601266051591473,0.5830351180996808,0.6206253042158302
/root/New_CheckLiuliang_remote/datasets/toniot/test/abnormal/test_00020720_orig78904_78905_78906.png,1,0.6069912173647813,0.5899428400769372,0.6209202097704711
/root/New_CheckLiuliang_remote/datasets/toniot/test/abnormal/test_00020730_orig78934_78935_78936.png,1,0.5900440327995821,0.6082811891503899,0.5295464858279054
/root/New_CheckLiuliang_remote/datasets/toniot/test/abnormal/test_00020740_orig78964_78965_78966.png,1,0.5974069336362057,0.578875687985047,0.6192673094856522
/root/New_CheckLiuliang_remote/datasets/toniot/test/abnormal/test_00020751_orig78997_78998_78999.png,1,0.5643234767761662,0.538699991430678,0.6181668417868803
/root/New_CheckLiuliang_remote/datasets/toniot/test/abnormal/test_00020761_orig79027_79028_79029.png,1,0.5774704757963148,0.5554945050283254,0.616669502120819
/root/New_CheckLiuliang_remote/datasets/toniot/test/abnormal/test_00020771_orig79057_79058_79059.png,1,0.5636327599813397,0.5387990901246624,0.6159554623901972
/root/New_CheckLiuliang_remote/datasets/toniot/test/abnormal/test_00020781_orig79087_79088_79089.png,1,0.5859095121146062,0.5649550365129478,0.6187879848935798
/root/New_CheckLiuliang_remote/datasets/toniot/test/abnormal/test_00020791_orig79117_79118_79119.png,1,0.5697794960000202,0.533855694314467,0.6451115350397545
/root/New_CheckLiuliang_remote/datasets/toniot/test/abnormal/test_00020801_orig79147_79148_79149.png,1,0.5734434906211204,0.5487574907328298,0.6208446281977533
/root/New_CheckLiuliang_remote/datasets/toniot/test/abnormal/test_00020812_orig79180_79181_79182.png,1,0.5908084117429299,0.5785481871641738,0.6011148144554842
/root/New_CheckLiuliang_remote/datasets/toniot/test/abnormal/test_00020822_orig79210_79211_79212.png,1,0.5881933660507827,0.5670717438909643,0.6203963607610158
/root/New_CheckLiuliang_remote/datasets/toniot/test/abnormal/test_00020832_orig79240_79241_79242.png,1,0.5773119782636846,0.5538549646494256,0.6200407151061179
/root/New_CheckLiuliang_remote/datasets/toniot/test/abnormal/test_00020842_orig79270_79271_79272.png,1,0.5696447744459766,0.5453552153657276,0.6178930990726004
/root/New_CheckLiuliang_remote/datasets/toniot/test/abnormal/test_00020852_orig79300_79301_79302.png,1,0.6032051326031014,0.585186781523863,0.621163719855664
/root/New_CheckLiuliang_remote/datasets/toniot/test/abnormal/test_00020863_orig79333_79334_79335.png,1,0.5711231597675496,0.5456620140621725,0.6214154752033351
/root/New_CheckLiuliang_remote/datasets/toniot/test/abnormal/test_00020873_orig79363_79364_79365.png,1,0.6370715997446672,0.5845297436075827,0.7197853043587481
/root/New_CheckLiuliang_remote/datasets/toniot/test/abnormal/test_00020883_orig79393_79394_79395.png,1,0.5775362570031684,0.5547539798561542,0.6185859759628611
/root/New_CheckLiuliang_remote/datasets/toniot/test/abnormal/test_00020893_orig79423_79424_79425.png,1,0.5583744987825366,0.5315051547441378,0.6179002449667482
/root/New_CheckLiuliang_remote/datasets/toniot/test/abnormal/test_00020903_orig79453_79454_79455.png,1,0.5638052509840912,0.6174471395857708,0.43293784473785973
/root/New_CheckLiuliang_remote/datasets/toniot/test/abnormal/test_00020913_orig79483_79484_79485.png,1,0.5809235509998371,0.5964202293693573,0.531075432333467
/root/New_CheckLiuliang_remote/datasets/toniot/test/abnormal/test_00020924_orig79516_79517_79518.png,1,0.5810429910955943,0.5575664143665956,0.6220767452540956
/root/New_CheckLiuliang_remote/datasets/toniot/test/abnormal/test_00020934_orig79546_79547_79548.png,1,0.5863991934802785,0.5653215659290545,0.6193365696904701
/root/New_CheckLiuliang_remote/datasets/toniot/test/abnormal/test_00020944_orig79576_79577_79578.png,1,0.5803138153072505,0.5583374836567757,0.6181871801009935
/root/New_CheckLiuliang_remote/datasets/toniot/test/abnormal/test_00020954_orig79606_79607_79608.png,1,0.5684416509502119,0.5426904107589959,0.6206618582128174
/root/New_CheckLiuliang_remote/datasets/toniot/test/abnormal/test_00020964_orig79636_79637_79638.png,1,0.5767742689319597,0.5534426190563055,0.6194613479959752
/root/New_CheckLiuliang_remote/datasets/toniot/test/abnormal/test_00020974_orig79666_79667_79668.png,1,0.5825433052523247,0.5597571063860115,0.6212662359524777
/root/New_CheckLiuliang_remote/datasets/toniot/test/abnormal/test_00020985_orig79699_79700_79701.png,1,0.6406038720848425,0.5889756096733222,0.7195379464843987
/root/New_CheckLiuliang_remote/datasets/toniot/test/abnormal/test_00020995_orig79729_79730_79731.png,1,0.6025086334092037,0.5843637872330677,0.6210873137566982
/root/New_CheckLiuliang_remote/datasets/toniot/test/abnormal/test_00021005_orig79759_79760_79761.png,1,0.6453839389838097,0.6188983245702825,0.6634217894253409
/root/New_CheckLiuliang_remote/datasets/toniot/test/abnormal/test_00021015_orig79789_79790_79791.png,1,0.6413895354104033,0.5816972857308911,0.7387730444779691
/root/New_CheckLiuliang_remote/datasets/toniot/test/abnormal/test_00021025_orig79819_79820_79821.png,1,0.580601720556444,0.558497331207689,0.6186395701689702
/root/New_CheckLiuliang_remote/datasets/toniot/test/abnormal/test_00021036_orig79852_79853_79854.png,1,0.5640165544031223,0.5378467924009628,0.6192777534847915
/root/New_CheckLiuliang_remote/datasets/toniot/test/abnormal/test_00021046_orig79882_79883_79884.png,1,0.6062722892181093,0.5892654394153177,0.6204397858100682
/root/New_CheckLiuliang_remote/datasets/toniot/test/abnormal/test_00021056_orig79912_79913_79914.png,1,0.5932454927772998,0.5724600656868227,0.6223070629193231
/root/New_CheckLiuliang_remote/datasets/toniot/test/abnormal/test_00021066_orig79942_79943_79944.png,1,0.6696101762274633,0.6576516833627037,0.6424491397855078
/root/New_CheckLiuliang_remote/datasets/toniot/test/abnormal/test_00021076_orig79972_79973_79974.png,1,0.5943719337130334,0.5818825867134784,0.6035504649915775
/root/New_CheckLiuliang_remote/datasets/toniot/test/abnormal/test_00021086_orig80002_80003_80004.png,1,0.5638470794387187,0.537234552524429,0.620220461828145
/root/New_CheckLiuliang_remote/datasets/toniot/test/abnormal/test_00021097_orig80035_80036_80037.png,1,0.7156879769914664,0.781463962607212,0.4856498077617053
/root/New_CheckLiuliang_remote/datasets/toniot/test/abnormal/test_00021107_orig80065_80066_80067.png,1,0.6078931737194992,0.5914771729382509,0.6199258311155867
/root/New_CheckLiuliang_remote/datasets/toniot/test/abnormal/test_00021117_orig80095_80096_80097.png,1,0.5693650024530428,0.543709905542315,0.6209301040854451
/root/New_CheckLiuliang_remote/datasets/toniot/test/abnormal/test_00021127_orig80125_80126_80127.png,1,0.7005254907268483,0.6537532357675016,0.7401736397309516
/root/New_CheckLiuliang_remote/datasets/toniot/test/abnormal/test_00021137_orig80155_80156_80157.png,1,0.5814864050927396,0.5589548142196444,0.62010832625844
/root/New_CheckLiuliang_remote/datasets/toniot/test/abnormal/test_00021148_orig80188_80189_80190.png,1,0.5807256890515118,0.5577941377353064,0.6206357482149694
/root/New_CheckLiuliang_remote/datasets/toniot/test/abnormal/test_00021158_orig80218_80219_80220.png,1,0.5879341640481373,0.5675594316418396,0.6185153415476302
/root/New_CheckLiuliang_remote/datasets/toniot/test/abnormal/test_00021168_orig80248_80249_80250.png,1,0.5687328506242308,0.5429720954028557,0.6208394061981837
/root/New_CheckLiuliang_remote/datasets/toniot/test/abnormal/test_00021178_orig80278_80279_80280.png,1,0.5675976911462889,0.5422078136944553,0.6193684513720529
/root/New_CheckLiuliang_remote/datasets/toniot/test/abnormal/test_00021188_orig80308_80309_80310.png,1,0.6046911397601903,0.587126672396517,0.6208973978776144
/root/New_CheckLiuliang_remote/datasets/toniot/test/abnormal/test_00021198_orig80338_80339_80340.png,1,0.5654041067041777,0.538809271497332,0.6210098082894021
/root/New_CheckLiuliang_remote/datasets/toniot/test/abnormal/test_00021209_orig80371_80372_80373.png,1,0.6373319722421581,0.5839785919670667,0.7218177615596518
/root/New_CheckLiuliang_remote/datasets/toniot/test/abnormal/test_00021219_orig80401_80402_80403.png,1,0.619390457084285,0.6065849724636292,0.6176347475149466
/root/New_CheckLiuliang_remote/datasets/toniot/test/abnormal/test_00021229_orig80431_80432_80433.png,1,0.7623431207756903,0.6643978608936021,0.8925551601188747
/root/New_CheckLiuliang_remote/datasets/toniot/test/abnormal/test_00021231_orig80437_80438_80439.png,1,0.7444506977802137,0.6027031544437874,0.9852154198501396
/root/New_CheckLiuliang_remote/datasets/toniot/test/abnormal/test_00021232_orig80440_80441_80442.png,1,0.6037255359354867,0.5093294463115008,0.7996560626178214
/root/New_CheckLiuliang_remote/datasets/toniot/test/abnormal/test_00021233_orig80443_80444_80445.png,1,0.7044668671702675,0.5607555596658134,0.9684673678621106
/root/New_CheckLiuliang_remote/datasets/toniot/test/abnormal/test_00021234_orig80446_80447_80448.png,1,0.7327122464620812,0.5819446930867631,1.0
/root/New_CheckLiuliang_remote/datasets/toniot/test/abnormal/test_00021235_orig80449_80450_80451.png,1,0.726272489810257,0.5805169252593917,0.9848699433522984
/root/New_CheckLiuliang_remote/datasets/toniot/test/abnormal/test_00021236_orig80452_80453_80454.png,1,0.7333661472618422,0.5894381833716125,0.984389794233978
/root/New_CheckLiuliang_remote/datasets/toniot/test/abnormal/test_00021237_orig80455_80456_80457.png,1,0.7893355069999267,0.6556615643848797,0.990321710902958
/root/New_CheckLiuliang_remote/datasets/toniot/test/abnormal/test_00021238_orig80458_80459_80460.png,1,0.7210735779416743,0.5716883176384645,0.990565770672316
/root/New_CheckLiuliang_remote/datasets/toniot/test/abnormal/test_00021239_orig80461_80462_80463.png,1,0.7325518928901931,0.5880015916879273,0.9854075344658842
/root/New_CheckLiuliang_remote/datasets/toniot/test/abnormal/test_00021240_orig80464_80465_80466.png,1,0.7346595188600873,0.597565633794691,0.9691335850703582
/root/New_CheckLiuliang_remote/datasets/toniot/test/abnormal/test_00021241_orig80467_80468_80469.png,1,0.7150917641519787,0.6005287526206429,0.9061227395269363
/root/New_CheckLiuliang_remote/datasets/toniot/test/abnormal/test_00021242_orig80470_80471_80472.png,1,0.7417921184381032,0.6099268383528915,0.960738533657024
/root/New_CheckLiuliang_remote/datasets/toniot/test/abnormal/test_00021243_orig80473_80474_80475.png,1,0.7369668774010558,0.5968814455512916,0.9773447671304261
/root/New_CheckLiuliang_remote/datasets/toniot/test/abnormal/test_00021244_orig80476_80477_80478.png,1,0.7208411225819474,0.5781426291528334,0.9748393067053498
/root/New_CheckLiuliang_remote/datasets/toniot/test/abnormal/test_00021245_orig80479_80480_80481.png,1,0.7315114302715371,0.5892925897424367,0.979412404117904
/root/New_CheckLiuliang_remote/datasets/toniot/test/abnormal/test_00021246_orig80482_80483_80484.png,1,0.7327076007214183,0.5922417940257402,0.9759601127182349
/root/New_CheckLiuliang_remote/datasets/toniot/test/abnormal/test_00021247_orig80485_80486_80487.png,1,0.7332296426780255,0.5921752757242986,0.9776119136347233
/root/New_CheckLiuliang_remote/datasets/toniot/test/abnormal/test_00021248_orig80488_80489_80490.png,1,0.7224669780271122,0.580203338981167,0.9746919913490706
/root/New_CheckLiuliang_remote/datasets/toniot/test/abnormal/test_00021249_orig80491_80492_80493.png,1,0.727346179704072,0.580673039640326,0.9875837340759933
/root/New_CheckLiuliang_remote/datasets/toniot/test/abnormal/test_00021250_orig80494_80495_80496.png,1,0.7549443700653384,0.6147887831817299,0.9870989126422686
/root/New_CheckLiuliang_remote/datasets/toniot/test/abnormal/test_00021251_orig80497_80498_80499.png,1,0.7284803413791566,0.5860420168281121,0.9783075389458102
/root/New_CheckLiuliang_remote/datasets/toniot/test/abnormal/test_00021252_orig80500_80501_80502.png,1,0.7368407321034744,0.5977095305284217,0.9750509351089598
/root/New_CheckLiuliang_remote/datasets/toniot/test/abnormal/test_00021253_orig80503_80504_80505.png,1,0.6854930781238983,0.5769934915575209,0.8761847411523523
/root/New_CheckLiuliang_remote/datasets/toniot/test/abnormal/test_00021254_orig80506_80507_80508.png,1,0.7332959190897173,0.5955263048489636,0.9699828471056243
/root/New_CheckLiuliang_remote/datasets/toniot/test/abnormal/test_00021255_orig80509_80510_80511.png,1,0.7397068110150996,0.6016378434834548,0.9741013557135408
/root/New_CheckLiuliang_remote/datasets/toniot/test/abnormal/test_00021256_orig80512_80513_80514.png,1,0.7247325799625413,0.5817753429213582,0.977519017010801
/root/New_CheckLiuliang_remote/datasets/toniot/test/abnormal/test_00021257_orig80515_80516_80517.png,1,0.7417783034901474,0.6049406807774835,0.9723332965961083
/root/New_CheckLiuliang_remote/datasets/toniot/test/abnormal/test_00021258_orig80518_80519_80520.png,1,0.7250418797000082,0.5829577396673915,0.9756467927440591
/root/New_CheckLiuliang_remote/datasets/toniot/test/abnormal/test_00021259_orig80521_80522_80523.png,1,0.7398693836087161,0.6016242683198954,0.9745990947251483
/root/New_CheckLiuliang_remote/datasets/toniot/test/abnormal/test_00021260_orig80524_80525_80526.png,1,0.7406118081442553,0.6030615387617584,0.9733738487208712
/root/New_CheckLiuliang_remote/datasets/toniot/test/abnormal/test_00021261_orig80527_80528_80529.png,1,0.6951851714907775,0.5547828270787182,0.955794949117111
/root/New_CheckLiuliang_remote/datasets/toniot/test/abnormal/test_00021262_orig80530_80531_80532.png,1,0.7396550525283231,0.5981198398470079,0.9821616494702556
/root/New_CheckLiuliang_remote/datasets/toniot/test/abnormal/test_00021263_orig80533_80534_80535.png,1,0.7213782077546625,0.5783706919006332,0.9758468777801994
/root/New_CheckLiuliang_remote/datasets/toniot/test/abnormal/test_00021264_orig80536_80537_80538.png,1,0.737295509466084,0.5984734728577331,0.9745721602010525
/root/New_CheckLiuliang_remote/datasets/toniot/test/abnormal/test_00021265_orig80539_80540_80541.png,1,0.7478099882892577,0.6096760372061295,0.978575784818438
/root/New_CheckLiuliang_remote/datasets/toniot/test/abnormal/test_00021266_orig80542_80543_80544.png,1,0.7372589656487241,0.5988311784175262,0.9736327499626902
/root/New_CheckLiuliang_remote/datasets/toniot/test/abnormal/test_00021267_orig80545_80546_80547.png,1,0.7367738588847893,0.5974081618974006,0.9755624162246977
/root/New_CheckLiuliang_remote/datasets/toniot/test/abnormal/test_00021268_orig80548_80549_80550.png,1,0.7248630200621179,0.5827938195674105,0.9755165175969017
/root/New_CheckLiuliang_remote/datasets/toniot/test/abnormal/test_00021269_orig80551_80552_80553.png,1,0.7380186611129216,0.59947362303298,0.9743116099067378
/root/New_CheckLiuliang_remote/datasets/toniot/test/abnormal/test_00021270_orig80554_80555_80556.png,1,0.7361221519281655,0.5969303161401058,0.9748090740762626
/root/New_CheckLiuliang_remote/datasets/toniot/test/abnormal/test_00021271_orig80557_80558_80559.png,1,0.7316882624668585,0.5914829423827637,0.9748085243920974
/root/New_CheckLiuliang_remote/datasets/toniot/test/abnormal/test_00021272_orig80560_80561_80562.png,1,0.7366464885042785,0.5960981586139079,0.9782539447397012
/root/New_CheckLiuliang_remote/datasets/toniot/test/abnormal/test_00021273_orig80563_80564_80565.png,1,0.7493685130072845,0.6098487811624242,0.9826406992202456
/root/New_CheckLiuliang_remote/datasets/toniot/test/abnormal/test_00021274_orig80566_80567_80568.png,1,0.7403681800525405,0.6030564480754236,0.9726872931985104
/root/New_CheckLiuliang_remote/datasets/toniot/test/abnormal/test_00021275_orig80569_80570_80571.png,1,0.728789747682461,0.5907074611644266,0.9683085091383619
/root/New_CheckLiuliang_remote/datasets/toniot/test/abnormal/test_00021276_orig80572_80573_80574.png,1,0.7319666945001209,0.5917822747392508,0.9749082920680849
/root/New_CheckLiuliang_remote/datasets/toniot/test/abnormal/test_00021277_orig80575_80576_80577.png,1,0.7373647598902353,0.598586825473455,0.974506198101226
/root/New_CheckLiuliang_remote/datasets/toniot/test/abnormal/test_00021278_orig80578_80579_80580.png,1,0.725172922430091,0.5816579177565685,0.9790553842525931
/root/New_CheckLiuliang_remote/datasets/toniot/test/abnormal/test_00021279_orig80581_80582_80583.png,1,0.7356074269337524,0.5948641762463485,0.9781544519057962
/root/New_CheckLiuliang_remote/datasets/toniot/test/abnormal/test_00021280_orig80584_80585_80586.png,1,0.7372603534192249,0.5985440637082425,0.9743066627492508
/root/New_CheckLiuliang_remote/datasets/toniot/test/abnormal/test_00021281_orig80587_80588_80589.png,1,0.7288640304327475,0.5914395018593732,0.9668133682089614
/root/New_CheckLiuliang_remote/datasets/toniot/test/abnormal/test_00021282_orig80590_80591_80592.png,1,0.7309088224001214,0.5894687274896213,0.9772738578731126
/root/New_CheckLiuliang_remote/datasets/toniot/test/abnormal/test_00021283_orig80593_80594_80595.png,1,0.7365224084406305,0.5966903751241915,0.9765163930934383
/root/New_CheckLiuliang_remote/datasets/toniot/test/abnormal/test_00021284_orig80596_80597_80598.png,1,0.7401284993873196,0.6022307387519165,0.9739268309910833
/root/New_CheckLiuliang_remote/datasets/toniot/test/abnormal/test_00021285_orig80599_80600_80601.png,1,0.7312002656340956,0.5905146938418816,0.9756687801106679
/root/New_CheckLiuliang_remote/datasets/toniot/test/abnormal/test_00021286_orig80602_80603_80604.png,1,0.7356377886518448,0.5956708803408723,0.9763591834221852
/root/New_CheckLiuliang_remote/datasets/toniot/test/abnormal/test_00021287_orig80605_80606_80607.png,1,0.7365192285056396,0.5969737566634963,0.9758460532539516
/root/New_CheckLiuliang_remote/datasets/toniot/test/abnormal/test_00021288_orig80608_80609_80610.png,1,0.7354127780077955,0.5948394015728524,0.9776542393154454
/root/New_CheckLiuliang_remote/datasets/toniot/test/abnormal/test_00021289_orig80611_80612_80613.png,1,0.7335456785536317,0.5922424727839182,0.9783611331519192
/root/New_CheckLiuliang_remote/datasets/toniot/test/abnormal/test_00021290_orig80614_80615_80616.png,1,0.7325274164729418,0.5917544456539539,0.9765807061407692
/root/New_CheckLiuliang_remote/datasets/toniot/test/abnormal/test_00021291_orig80617_80618_80619.png,1,0.7330038663650089,0.5918752646096335,0.9776646833145846
/root/New_CheckLiuliang_remote/datasets/toniot/test/abnormal/test_00021292_orig80620_80621_80622.png,1,0.7335128198075764,0.5953593303371816,0.9709942659696305
/root/New_CheckLiuliang_remote/datasets/toniot/test/abnormal/test_00021293_orig80623_80624_80625.png,1,0.7274242728317208,0.5888554694758205,0.9687152754206252
/root/New_CheckLiuliang_remote/datasets/toniot/test/abnormal/test_00021294_orig80626_80627_80628.png,1,0.7315225837674381,0.5931350397879559,0.9704786622226534
/root/New_CheckLiuliang_remote/datasets/toniot/test/abnormal/test_00021295_orig80629_80630_80631.png,1,0.7400559689026845,0.6018608155449198,0.9745820545160264
/root/New_CheckLiuliang_remote/datasets/toniot/test/abnormal/test_00021296_orig80632_80633_80634.png,1,0.7367077476779941,0.5983899856018422,0.973081966429139
/root/New_CheckLiuliang_remote/datasets/toniot/test/abnormal/test_00021297_orig80635_80636_80637.png,1,0.7323858891835414,0.5934496442034476,0.9722195119739075
/root/New_CheckLiuliang_remote/datasets/toniot/test/abnormal/test_00021298_orig80638_80639_80640.png,1,0.7309767438258019,0.5897188498782053,0.9768849563262189
/root/New_CheckLiuliang_remote/datasets/toniot/test/abnormal/test_00021299_orig80641_80642_80643.png,1,0.7364575457108118,0.5985579782508911,0.9719727037837235
/root/New_CheckLiuliang_remote/datasets/toniot/test/abnormal/test_00021300_orig80644_80645_80646.png,1,0.7321180378081262,0.5910403920507236,0.977073223152807
/root/New_CheckLiuliang_remote/datasets/toniot/test/abnormal/test_00021301_orig80647_80648_80649.png,1,0.7346754371093156,0.5951794594200182,0.9747469597655927
/root/New_CheckLiuliang_remote/datasets/toniot/test/abnormal/test_00021302_orig80650_80651_80652.png,1,0.7289695503021579,0.5892430403954445,0.9722409496563512
/root/New_CheckLiuliang_remote/datasets/toniot/test/abnormal/test_00021303_orig80653_80654_80655.png,1,0.7356142240863408,0.5955731391632438,0.9765196911984296
/root/New_CheckLiuliang_remote/datasets/toniot/test/abnormal/test_00021304_orig80656_80657_80658.png,1,0.7380169965449322,0.5989231501506419,0.9755912746433718
/root/New_CheckLiuliang_remote/datasets/toniot/test/abnormal/test_00021305_orig80659_80660_80661.png,1,0.6986841086661665,0.5796708531905452,0.9077536524451463
/root/New_CheckLiuliang_remote/datasets/toniot/test/abnormal/test_00021306_orig80662_80663_80664.png,1,0.6936849201649474,0.5715844676372343,0.9122901958607134
/root/New_CheckLiuliang_remote/datasets/toniot/test/abnormal/test_00021307_orig80665_80666_80667.png,1,0.7212753714097007,0.5784097204958668,0.9754609994962145
/root/New_CheckLiuliang_remote/datasets/toniot/test/abnormal/test_00021308_orig80668_80669_80670.png,1,0.7223524796487683,0.5800984708426697,0.9746084393559571
/root/New_CheckLiuliang_remote/datasets/toniot/test/abnormal/test_00021309_orig80671_80672_80673.png,1,0.7210416439420356,0.5801612559741325,0.970704032730394
/root/New_CheckLiuliang_remote/datasets/toniot/test/abnormal/test_00021310_orig80674_80675_80676.png,1,0.7393713958578907,0.6014881773052112,0.973489007553485
/root/New_CheckLiuliang_remote/datasets/toniot/test/abnormal/test_00021311_orig80677_80678_80679.png,1,0.7241116548280057,0.580702905000157,0.9782413020039011
/root/New_CheckLiuliang_remote/datasets/toniot/test/abnormal/test_00021312_orig80680_80681_80682.png,1,0.7347205029359112,0.5930875267154977,0.97975733093158
/root/New_CheckLiuliang_remote/datasets/toniot/test/abnormal/test_00021313_orig80683_80684_80685.png,1,0.7332725232442522,0.592163058077095,0.9777633516222417
/root/New_CheckLiuliang_remote/datasets/toniot/test/abnormal/test_00021314_orig80686_80687_80688.png,1,0.7358130261763804,0.5956970125307244,0.9768005798068575
/root/New_CheckLiuliang_remote/datasets/toniot/test/abnormal/test_00021315_orig80689_80690_80691.png,1,0.7253312203475633,0.5842864088007785,0.973376047457532
/root/New_CheckLiuliang_remote/datasets/toniot/test/abnormal/test_00021316_orig80692_80693_80694.png,1,0.591095595048712,0.44047791363311256,0.9241020840450598
/root/New_CheckLiuliang_remote/datasets/toniot/test/abnormal/test_00021318_orig80698_80699_80700.png,1,0.552787988871419,0.4499428570458917,0.7921968484957755
/root/New_CheckLiuliang_remote/datasets/toniot/test/abnormal/test_00021322_orig80710_80711_80712.png,1,0.4956376024452623,0.31849556643642624,0.9350682831412142
/root/New_CheckLiuliang_remote/datasets/toniot/test/abnormal/test_00021325_orig80719_80720_80721.png,1,0.4710848956586314,0.29808293237108047,0.9123099844906613
/root/New_CheckLiuliang_remote/datasets/toniot/test/abnormal/test_00021329_orig80731_80732_80733.png,1,0.4103885915075276,0.282052530792289,0.7757098964862265
/root/New_CheckLiuliang_remote/datasets/toniot/test/abnormal/test_00021333_orig80743_80744_80745.png,1,0.50454432455306,0.3282924225982354,0.9377427714470958
/root/New_CheckLiuliang_remote/datasets/toniot/test/abnormal/test_00021337_orig80755_80756_80757.png,1,0.4330685719141838,0.5263476107287911,0.27070708347751093
/root/New_CheckLiuliang_remote/datasets/toniot/test/abnormal/test_00021340_orig80764_80765_80766.png,1,0.45281484933413213,0.2984083969174197,0.8591739401333479
/root/New_CheckLiuliang_remote/datasets/toniot/test/abnormal/test_00021344_orig80776_80777_80778.png,1,0.47372713679546674,0.49735920646381415,0.4549067969271556
/root/New_CheckLiuliang_remote/datasets/toniot/test/abnormal/test_00021348_orig80788_80789_80790.png,1,0.506849173680592,0.45723339863552637,0.643488042857775
/root/New_CheckLiuliang_remote/datasets/toniot/test/abnormal/test_00021352_orig80800_80801_80802.png,1,0.4896874289871507,0.31076485016837446,0.9360486448498854
/root/New_CheckLiuliang_remote/datasets/toniot/test/abnormal/test_00021355_orig80809_80810_80811.png,1,0.5079923754115944,0.3325482363741417,0.9376974225034651
/root/New_CheckLiuliang_remote/datasets/toniot/test/abnormal/test_00021359_orig80821_80822_80823.png,1,0.44929431015532667,0.27295835903422894,0.9084646689128594
/root/New_CheckLiuliang_remote/datasets/toniot/test/abnormal/test_00021363_orig80833_80834_80835.png,1,0.416732692681438,0.24394382257939987,0.8828175051319888
/root/New_CheckLiuliang_remote/datasets/toniot/test/abnormal/test_00021367_orig80845_80846_80847.png,1,0.47885977402389784,0.3045277412709577,0.919561143156171
/root/New_CheckLiuliang_remote/datasets/toniot/test/abnormal/test_00021370_orig80854_80855_80856.png,1,0.5069389752574405,0.3373938910067087,0.9233710041053161
/root/New_CheckLiuliang_remote/datasets/toniot/test/abnormal/test_00021374_orig80866_80867_80868.png,1,0.48538240576631064,0.30864033707131117,0.9286641877743096
/root/New_CheckLiuliang_remote/datasets/toniot/test/abnormal/test_00021378_orig80878_80879_80880.png,1,0.4584413852750603,0.2878615129689477,0.8999135071966025
/root/New_CheckLiuliang_remote/datasets/toniot/test/abnormal/test_00021382_orig80890_80891_80892.png,1,0.4813326922466065,0.301586342706701,0.9335137763219699
/root/New_CheckLiuliang_remote/datasets/toniot/test/abnormal/test_00021385_orig80899_80900_80901.png,1,0.4598480877830699,0.2888104169017574,0.9017321372572354
/root/New_CheckLiuliang_remote/datasets/toniot/test/abnormal/test_00021389_orig80911_80912_80913.png,1,0.4990469254627734,0.3210252981657409,0.9389394338747814
/root/New_CheckLiuliang_remote/datasets/toniot/test/abnormal/test_00021393_orig80923_80924_80925.png,1,0.4510375666763906,0.28587614529836936,0.8833207409852484
/root/New_CheckLiuliang_remote/datasets/toniot/test/abnormal/test_00021397_orig80935_80936_80937.png,1,0.4506704245748371,0.28692075413427365,0.8798307962202617
/root/New_CheckLiuliang_remote/datasets/toniot/test/abnormal/test_00021400_orig80944_80945_80946.png,1,0.6087591350863312,0.538396247146034,0.7462638654395151
/root/New_CheckLiuliang_remote/datasets/toniot/test/abnormal/test_00021404_orig80956_80957_80958.png,1,0.502290826767303,0.5452802125870614,0.4249775934992152
/root/New_CheckLiuliang_remote/datasets/toniot/test/abnormal/test_00021408_orig80968_80969_80970.png,1,0.47323139474858494,0.30086176835171213,0.9119796243073636
/root/New_CheckLiuliang_remote/datasets/toniot/test/abnormal/test_00021412_orig80980_80981_80982.png,1,0.5077380176529769,0.3369635583218722,0.9266658109916495
/root/New_CheckLiuliang_remote/datasets/toniot/test/abnormal/test_00021415_orig80989_80990_80991.png,1,0.4762794031951191,0.3050368099044393,0.9109759010216705
/root/New_CheckLiuliang_remote/datasets/toniot/test/abnormal/test_00021419_orig81001_81002_81003.png,1,0.42043001783948325,0.2423813212537003,0.8970628451157676
/root/New_CheckLiuliang_remote/datasets/toniot/test/abnormal/test_00021423_orig81013_81014_81015.png,1,0.5099783378033396,0.33482275502853753,0.9380835756295327
/root/New_CheckLiuliang_remote/datasets/toniot/test/abnormal/test_00021427_orig81025_81026_81027.png,1,0.5105488293865886,0.33539528755165987,0.938383153499578
/root/New_CheckLiuliang_remote/datasets/toniot/test/abnormal/test_00021430_orig81034_81035_81036.png,1,0.5101623992821886,0.3349259262715898,0.9383705107637779
/root/New_CheckLiuliang_remote/datasets/toniot/test/abnormal/test_00021434_orig81046_81047_81048.png,1,0.4269041183769807,0.25653885932991294,0.8825885616771744
/root/New_CheckLiuliang_remote/datasets/toniot/test/abnormal/test_00021438_orig81058_81059_81060.png,1,0.4236364727956224,0.25257949318823747,0.8824593858983475
/root/New_CheckLiuliang_remote/datasets/toniot/test/abnormal/test_00021442_orig81070_81071_81072.png,1,0.4849981727562221,0.3147121683523909,0.9133950610328071
/root/New_CheckLiuliang_remote/datasets/toniot/test/abnormal/test_00021445_orig81079_81080_81081.png,1,0.5256973961003982,0.3576568588938108,0.9298674464119778
/root/New_CheckLiuliang_remote/datasets/toniot/test/abnormal/test_00021449_orig81091_81092_81093.png,1,0.5546354590815091,0.48100894009365164,0.7250056548758497
/root/New_CheckLiuliang_remote/datasets/toniot/test/abnormal/test_00021453_orig81103_81104_81105.png,1,0.5119678219239944,0.3403556523163047,0.9308769413814058
/root/New_CheckLiuliang_remote/datasets/toniot/test/abnormal/test_00021457_orig81115_81116_81117.png,1,0.5049079001070964,0.3288086181925858,0.9375806146183556
/root/New_CheckLiuliang_remote/datasets/toniot/test/abnormal/test_00021460_orig81124_81125_81126.png,1,0.5020914889378292,0.3252515859609052,0.9378062599681788
/root/New_CheckLiuliang_remote/datasets/toniot/test/abnormal/test_00021464_orig81136_81137_81138.png,1,0.4107467738365829,0.2371228119593797,0.8815727453398463
/root/New_CheckLiuliang_remote/datasets/toniot/test/abnormal/test_00021468_orig81148_81149_81150.png,1,0.4196185955993826,0.24806422409880005,0.8814765506109328
/root/New_CheckLiuliang_remote/datasets/toniot/test/abnormal/test_00021472_orig81160_81161_81162.png,1,0.5006784282033525,0.3381999163430546,0.90354252205539
/root/New_CheckLiuliang_remote/datasets/toniot/test/abnormal/test_00021475_orig81169_81170_81171.png,1,0.5038449426374653,0.327472482719241,0.9376509741915039
/root/New_CheckLiuliang_remote/datasets/toniot/test/abnormal/test_00021479_orig81181_81182_81183.png,1,0.5011968552998246,0.32454771373034463,0.9368838899389383
/root/New_CheckLiuliang_remote/datasets/toniot/test/abnormal/test_00021483_orig81193_81194_81195.png,1,0.4973230963060055,0.3199274068128655,0.9365593014393755
/root/New_CheckLiuliang_remote/datasets/toniot/test/abnormal/test_00021487_orig81205_81206_81207.png,1,0.504741394095422,0.3287594082246825,0.9372180979113925
/root/New_CheckLiuliang_remote/datasets/toniot/test/abnormal/test_00021490_orig81214_81215_81216.png,1,0.504688669626689,0.32858496737294285,0.9374739758903028
/root/New_CheckLiuliang_remote/datasets/toniot/test/abnormal/test_00021494_orig81226_81227_81228.png,1,0.4983401005690896,0.3212730449007019,0.9363350302999653
/root/New_CheckLiuliang_remote/datasets/toniot/test/abnormal/test_00021498_orig81238_81239_81240.png,1,0.5000539814499348,0.32276461599680306,0.9377680569186959
/root/New_CheckLiuliang_remote/datasets/toniot/test/abnormal/test_00021502_orig81250_81251_81252.png,1,0.5000483694934433,0.32274900455870964,0.9377883952328091
/root/New_CheckLiuliang_remote/datasets/toniot/test/abnormal/test_00021505_orig81259_81260_81261.png,1,0.5037079513396415,0.3273408036327138,0.9375654983038121
/root/New_CheckLiuliang_remote/datasets/toniot/test/abnormal/test_00021509_orig81271_81272_81273.png,1,0.5037579709333749,0.3275444310861064,0.9372337639101014
/root/New_CheckLiuliang_remote/datasets/toniot/test/abnormal/test_00021513_orig81283_81284_81285.png,1,0.5037377948787316,0.32728853925300966,0.9377730040761829
/root/New_CheckLiuliang_remote/datasets/toniot/test/abnormal/test_00021517_orig81295_81296_81297.png,1,0.5001582958923861,0.32302729541167957,0.9374541872603549
/root/New_CheckLiuliang_remote/datasets/toniot/test/abnormal/test_00021520_orig81304_81305_81306.png,1,0.498392074317053,0.3208783470202092,0.9374049905275676
/root/New_CheckLiuliang_remote/datasets/toniot/test/abnormal/test_00021524_orig81316_81317_81318.png,1,0.49873685810083235,0.32138028869282204,0.9372222205426317
/root/New_CheckLiuliang_remote/datasets/toniot/test/abnormal/test_00021528_orig81328_81329_81330.png,1,0.5017212985297644,0.3248239683087807,0.9377427714470958
/root/New_CheckLiuliang_remote/datasets/toniot/test/abnormal/test_00021532_orig81340_81341_81342.png,1,0.507326351224936,0.33169130417444764,0.9377875707065613
/root/New_CheckLiuliang_remote/datasets/toniot/test/abnormal/test_00021535_orig81349_81350_81351.png,1,0.5029336346308493,0.3263711975754758,0.9376080988266167
/root/New_CheckLiuliang_remote/datasets/toniot/test/abnormal/test_00021539_orig81361_81362_81363.png,1,0.506361724145047,0.33060189729879697,0.9375641240933991
/root/New_CheckLiuliang_remote/datasets/toniot/test/abnormal/test_00021543_orig81373_81374_81375.png,1,0.4994060758440103,0.322267765010525,0.9370699580288656
/root/New_CheckLiuliang_remote/datasets/toniot/test/abnormal/test_00021547_orig81385_81386_81387.png,1,0.502669990105831,0.3261940416910242,0.9372656455916841
/root/New_CheckLiuliang_remote/datasets/toniot/test/abnormal/test_00021550_orig81394_81395_81396.png,1,0.4974367310043532,0.31953508458599567,0.937800488284444
/root/New_CheckLiuliang_remote/datasets/toniot/test/abnormal/test_00021554_orig81406_81407_81408.png,1,0.5042766316312727,0.32789874285500964,0.9378939345925315
/root/New_CheckLiuliang_remote/datasets/toniot/test/abnormal/test_00021558_orig81418_81419_81420.png,1,0.5037579709333749,0.3275444310861064,0.9372337639101014
/root/New_CheckLiuliang_remote/datasets/toniot/test/abnormal/test_00021562_orig81430_81431_81432.png,1,0.5055792989646889,0.3296825193467292,0.9374662803119898
/root/New_CheckLiuliang_remote/datasets/toniot/test/abnormal/test_00021565_orig81439_81440_81441.png,1,0.5057698798588763,0.32987426853200724,0.9375652234617294
/root/New_CheckLiuliang_remote/datasets/toniot/test/abnormal/test_00021569_orig81451_81452_81453.png,1,0.49841783888915914,0.32102767381936376,0.9371304232870399
/root/New_CheckLiuliang_remote/datasets/toniot/test/abnormal/test_00021573_orig81463_81464_81465.png,1,0.5008263030639273,0.3239622848018408,0.9371875904402228
/root/New_CheckLiuliang_remote/datasets/toniot/test/abnormal/test_00021577_orig81475_81476_81477.png,1,0.49867139033214164,0.3214142266017208,0.936955348880417
/root/New_CheckLiuliang_remote/datasets/toniot/test/abnormal/test_00021580_orig81484_81485_81486.png,1,0.5043809670043916,0.3283093915526848,0.9372348632784318
/root/New_CheckLiuliang_remote/datasets/toniot/test/abnormal/test_00021584_orig81496_81497_81498.png,1,0.4195551834820655,0.24799974207189238,0.8814452186135151
/root/New_CheckLiuliang_remote/datasets/toniot/test/abnormal/test_00021588_orig81508_81509_81510.png,1,0.41262793080593735,0.24009085178212203,0.8800402258872109
/root/New_CheckLiuliang_remote/datasets/toniot/test/abnormal/test_00021592_orig81520_81521_81522.png,1,0.417068370233802,0.24535156704052102,0.8804950895339311
/root/New_CheckLiuliang_remote/datasets/toniot/test/abnormal/test_00021595_orig81529_81530_81531.png,1,0.4204360433685942,0.24901414616887674,0.8816035276530987
/root/New_CheckLiuliang_remote/datasets/toniot/test/abnormal/test_00021599_orig81541_81542_81543.png,1,0.4197638176756184,0.2479905788364897,0.8820647126677189
/root/New_CheckLiuliang_remote/datasets/toniot/test/abnormal/test_00021603_orig81553_81554_81555.png,1,0.42191649411504634,0.25021809348706076,0.8830384781664076
/root/New_CheckLiuliang_remote/datasets/toniot/test/abnormal/test_00021607_orig81565_81566_81567.png,1,0.41938775364671416,0.24764373340754423,0.881795917110926
/root/New_CheckLiuliang_remote/datasets/toniot/test/abnormal/test_00021610_orig81574_81575_81576.png,1,0.4205962792844209,0.2492388151257866,0.8815386649216027
/root/New_CheckLiuliang_remote/datasets/toniot/test/abnormal/test_00021614_orig81586_81587_81588.png,1,0.24078802130050583,0.35645206312790434,0.11589953202638593
/root/New_CheckLiuliang_remote/datasets/toniot/test/abnormal/test_00021618_orig81598_81599_81600.png,1,0.47514181379616044,0.3001643443238423,0.9190837424586769
/root/New_CheckLiuliang_remote/datasets/toniot/test/abnormal/test_00021622_orig81610_81611_81612.png,1,0.492225043590013,0.31365907503926194,0.9365702951226799
/root/New_CheckLiuliang_remote/datasets/toniot/test/abnormal/test_00021625_orig81619_81620_81621.png,1,0.3846292521972293,0.2072878265569228,0.8763139169311792
/root/New_CheckLiuliang_remote/datasets/toniot/test/abnormal/test_00021629_orig81631_81632_81633.png,1,0.5005059366474213,0.32366125554990866,0.936971564563291
/root/New_CheckLiuliang_remote/datasets/toniot/test/abnormal/test_00021633_orig81643_81644_81645.png,1,0.5198454069817317,0.45012612175394506,0.6973293319990667
/root/New_CheckLiuliang_remote/datasets/toniot/test/abnormal/test_00021637_orig81655_81656_81657.png,1,0.506850735161451,0.3356433736657099,0.9272025775789876
/root/New_CheckLiuliang_remote/datasets/toniot/test/abnormal/test_00021640_orig81664_81665_81666.png,1,0.5474626047328099,0.3885814208614629,0.9201067046901527
/root/New_CheckLiuliang_remote/datasets/toniot/test/abnormal/test_00021644_orig81676_81677_81678.png,1,0.5416745840372511,0.3818983678411163,0.9191073788777813
/root/New_CheckLiuliang_remote/datasets/toniot/test/abnormal/test_00021648_orig81688_81689_81690.png,1,0.4932760132832074,0.32075617054817357,0.9230233288708141
/root/New_CheckLiuliang_remote/datasets/toniot/test/abnormal/test_00021652_orig81700_81701_81702.png,1,0.5060702587487153,0.33010810072431984,0.9378807421725662
/root/New_CheckLiuliang_remote/datasets/toniot/test/abnormal/test_00021655_orig81709_81710_81711.png,1,0.47654621513231815,0.30491666970693765,0.9120211254618378
/root/New_CheckLiuliang_remote/datasets/toniot/test/abnormal/test_00021659_orig81721_81722_81723.png,1,0.49019867625641317,0.3160208141195276,0.925250374266206
/root/New_CheckLiuliang_remote/datasets/toniot/test/abnormal/test_00021663_orig81733_81734_81735.png,1,0.4692788722538368,0.2963402207491284,0.9111987979506675
/root/New_CheckLiuliang_remote/datasets/toniot/test/abnormal/test_00021667_orig81745_81746_81747.png,1,0.4886733615709569,0.31338655363080475,0.9270242050673734
/root/New_CheckLiuliang_remote/datasets/toniot/test/abnormal/test_00021670_orig81754_81755_81756.png,1,0.5016173723343905,0.32983048862952785,0.9257629547502744
/root/New_CheckLiuliang_remote/datasets/toniot/test/abnormal/test_00021674_orig81766_81767_81768.png,1,0.5105362676163919,0.33533250242019713,0.9384936400167874
/root/New_CheckLiuliang_remote/datasets/toniot/test/abnormal/test_00021678_orig81778_81779_81780.png,1,0.5073497468214806,0.33178836659389815,0.9376281622986472
/root/New_CheckLiuliang_remote/datasets/toniot/test/abnormal/test_00021682_orig81790_81791_81792.png,1,0.4683712555479417,0.2973892415131895,0.9061491243668669
/root/New_CheckLiuliang_remote/datasets/toniot/test/abnormal/test_00021685_orig81799_81800_81801.png,1,0.46278140026257647,0.2957554705788025,0.8939362415839919
/root/New_CheckLiuliang_remote/datasets/toniot/test/abnormal/test_00021689_orig81811_81812_81813.png,1,0.47778440471851136,0.5764728840350137,0.2819396045517147
/root/New_CheckLiuliang_remote/datasets/toniot/test/abnormal/test_00021693_orig81823_81824_81825.png,1,0.47544607483574514,0.5747454444720661,0.2792667652983287
/root/New_CheckLiuliang_remote/datasets/toniot/test/abnormal/test_00021697_orig81835_81836_81837.png,1,0.506775498240207,0.33677146975750516,0.9243546639189788
/root/New_CheckLiuliang_remote/datasets/toniot/test/abnormal/test_00021700_orig81844_81845_81846.png,1,0.4740942249367762,0.2941295053634623,0.9301618022824536
/root/New_CheckLiuliang_remote/datasets/toniot/test/abnormal/test_00021704_orig81856_81857_81858.png,1,0.38861310240379926,0.45411688046135196,0.3118003723010851
/root/New_CheckLiuliang_remote/datasets/toniot/test/abnormal/test_00021708_orig81868_81869_81870.png,1,0.506748830125284,0.3310739736115789,0.9375723693558774
/root/New_CheckLiuliang_remote/datasets/toniot/test/abnormal/test_00021712_orig81880_81881_81882.png,1,0.510664580451841,0.3355514019325942,0.93835072213383
/root/New_CheckLiuliang_remote/datasets/toniot/test/abnormal/test_00021715_orig81889_81890_81891.png,1,0.5178153523418864,0.3517801705888991,0.9209834509336797
/root/New_CheckLiuliang_remote/datasets/toniot/test/abnormal/test_00021719_orig81901_81902_81903.png,1,0.47195043029889683,0.2979281755065021,0.9151524013090179
/root/New_CheckLiuliang_remote/datasets/toniot/test/abnormal/test_00021723_orig81913_81914_81915.png,1,0.44661172591787,0.28117472677862215,0.8816027031268509
/root/New_CheckLiuliang_remote/datasets/toniot/test/abnormal/test_00021727_orig81925_81926_81927.png,1,0.45578580820725384,0.2830996849713606,0.9034114223819849
/root/New_CheckLiuliang_remote/datasets/toniot/test/abnormal/test_00021730_orig81934_81935_81936.png,1,0.44504747515942056,0.27924094472957,0.8816304621771945
/root/New_CheckLiuliang_remote/datasets/toniot/test/abnormal/test_00021734_orig81946_81947_81948.png,1,0.4271164016410206,0.25687671121300026,0.8824088149551471
/root/New_CheckLiuliang_remote/datasets/toniot/test/abnormal/test_00021738_orig81958_81959_81960.png,1,0.4146233943804883,0.2425479563863933,0.8800275831514108
/root/New_CheckLiuliang_remote/datasets/toniot/test/abnormal/test_00021742_orig81970_81971_81972.png,1,0.42803668164024167,0.257907744885345,0.8826413313570355
/root/New_CheckLiuliang_remote/datasets/toniot/test/abnormal/test_00021745_orig81979_81980_81981.png,1,0.46799681864457787,0.29489073266006177,0.9109055414485222
/root/New_CheckLiuliang_remote/datasets/toniot/test/abnormal/test_00021749_orig81991_81992_81993.png,1,0.5695719752910458,0.49158263499015376,0.743153752432696
/root/New_CheckLiuliang_remote/datasets/toniot/test/abnormal/test_00021753_orig82003_82004_82005.png,1,0.5085142260019443,0.3330875097465432,0.937935160904923
/root/New_CheckLiuliang_remote/datasets/toniot/test/abnormal/test_00021757_orig82015_82016_82017.png,1,0.4570957780555489,0.2817968086487367,0.9102068928745266
/root/New_CheckLiuliang_remote/datasets/toniot/test/abnormal/test_00021760_orig82024_82025_82026.png,1,0.501341267569295,0.3332680594218847,0.916950418213455
/root/New_CheckLiuliang_remote/datasets/toniot/test/abnormal/test_00021764_orig82036_82037_82038.png,1,0.5081161956664058,0.33522424049081007,0.9318083811993724
/root/New_CheckLiuliang_remote/datasets/toniot/test/abnormal/test_00021768_orig82048_82049_82050.png,1,0.48865572404164814,0.3208047017578988,0.9096646294455363
/root/New_CheckLiuliang_remote/datasets/toniot/test/abnormal/test_00021772_orig82060_82061_82062.png,1,0.4558831369241589,0.28109022138546425,0.9083791930251676
/root/New_CheckLiuliang_remote/datasets/toniot/test/abnormal/test_00021775_orig82069_82070_82071.png,1,0.42166261486955936,0.2506728614663043,0.8812495310506966
/root/New_CheckLiuliang_remote/datasets/toniot/test/abnormal/test_00021779_orig82081_82082_82083.png,1,0.4810167806942886,0.3101767062071587,0.9125639385749933
/root/New_CheckLiuliang_remote/datasets/toniot/test/abnormal/test_00021783_orig82093_82094_82095.png,1,0.49259688016974645,0.3159807673870271,0.9322189952707923
/root/New_CheckLiuliang_remote/datasets/toniot/test/abnormal/test_00021787_orig82105_82106_82107.png,1,0.4785007136866851,0.31114088219897285,0.9031011256707178
/root/New_CheckLiuliang_remote/datasets/toniot/test/abnormal/test_00021790_orig82114_82115_82116.png,1,0.39923193926652584,0.22416124579275987,0.878805635252125
/root/New_CheckLiuliang_remote/datasets/toniot/test/abnormal/test_00021794_orig82126_82127_82128.png,1,0.4276326353851248,0.25735336914348356,0.8827765536616798
/root/New_CheckLiuliang_remote/datasets/toniot/test/abnormal/test_00021798_orig82138_82139_82140.png,1,0.5072338922555538,0.339350750833812,0.9196504668330194
/root/New_CheckLiuliang_remote/datasets/toniot/test/abnormal/test_00021802_orig82150_82151_82152.png,1,0.510812976719486,0.34413871102125104,0.9187390904870834
/root/New_CheckLiuliang_remote/datasets/toniot/test/abnormal/test_00021805_orig82159_82160_82161.png,1,0.4433585255659895,0.2680220901849022,0.9029659033660734
/root/New_CheckLiuliang_remote/datasets/toniot/test/abnormal/test_00021809_orig82171_82172_82173.png,1,0.522366402700078,0.4069774643800435,0.8052367311052252
/root/New_CheckLiuliang_remote/datasets/toniot/test/abnormal/test_00021813_orig82183_82184_82185.png,1,0.406164398692363,0.23191351263296237,0.8805910094207621
/root/New_CheckLiuliang_remote/datasets/toniot/test/abnormal/test_00021817_orig82195_82196_82197.png,1,0.4058459874338262,0.2320285621441292,0.8794097381497026
/root/New_CheckLiuliang_remote/datasets/toniot/test/abnormal/test_00021820_orig82204_82205_82206.png,1,0.3990667359440238,0.22403177267031102,0.8786341337925762
/root/New_CheckLiuliang_remote/datasets/toniot/test/abnormal/test_00021824_orig82216_82217_82218.png,1,0.4746190566437177,0.3030840226264039,0.9107725178805388
/root/New_CheckLiuliang_remote/datasets/toniot/test/abnormal/test_00021828_orig82228_82229_82230.png,1,0.42163794985936726,0.2504436108916931,0.8817137393282255
/root/New_CheckLiuliang_remote/datasets/toniot/test/abnormal/test_00021832_orig82240_82241_82242.png,1,0.42263420329521706,0.2515676344344205,0.8819470802563617
/root/New_CheckLiuliang_remote/datasets/toniot/test/abnormal/test_00021835_orig82249_82250_82251.png,1,0.42206088285355053,0.25094368597931654,0.8817593631139388
/root/New_CheckLiuliang_remote/datasets/toniot/test/abnormal/test_00021839_orig82261_82262_82263.png,1,0.42164585919165914,0.2503721715934612,0.881903105523144
/root/New_CheckLiuliang_remote/datasets/toniot/test/abnormal/test_00021843_orig82273_82274_82275.png,1,0.42286798901503353,0.25186323362092883,0.8819275664684963
/root/New_CheckLiuliang_remote/datasets/toniot/test/abnormal/test_00021847_orig82285_82286_82287.png,1,0.42477332322083283,0.2541677873247001,0.882012492672023
/root/New_CheckLiuliang_remote/datasets/toniot/test/abnormal/test_00021850_orig82294_82295_82296.png,1,0.42338491592057104,0.25250211475594825,0.8819187715218528
/root/New_CheckLiuliang_remote/datasets/toniot/test/abnormal/test_00021854_orig82306_82307_82308.png,1,0.46754240451944323,0.29395879768170147,0.9117773405345624
/root/New_CheckLiuliang_remote/datasets/toniot/test/abnormal/test_00021858_orig82318_82319_82320.png,1,0.510693905482009,0.33540886271521936,0.9387673827310673
/root/New_CheckLiuliang_remote/datasets/toniot/test/abnormal/test_00021862_orig82330_82331_82332.png,1,0.5098695124979054,0.3375035104524517,0.9315164989076401
/root/New_CheckLiuliang_remote/datasets/toniot/test/abnormal/test_00021865_orig82339_82340_82341.png,1,0.4770204212009411,0.30569588409525356,0.911562414025961
/root/New_CheckLiuliang_remote/datasets/toniot/test/abnormal/test_00021869_orig82351_82352_82353.png,1,0.5129033166496196,0.344833759395498,0.9231099041268364
/root/New_CheckLiuliang_remote/datasets/toniot/test/abnormal/test_00021873_orig82363_82364_82365.png,1,0.5095524569090468,0.3372723932928511,0.9311468363065292
/root/New_CheckLiuliang_remote/datasets/toniot/test/abnormal/test_00021877_orig82375_82376_82377.png,1,0.4558656601699223,0.28333996536636397,0.9030796879882741
/root/New_CheckLiuliang_remote/datasets/toniot/test/abnormal/test_00021880_orig82384_82385_82386.png,1,0.554338730357915,0.47373672497482233,0.7411234939684531
/root/New_CheckLiuliang_remote/datasets/toniot/test/abnormal/test_00021884_orig82396_82397_82398.png,1,0.4726410011168556,0.3081635094512834,0.8932496860616311
/root/New_CheckLiuliang_remote/datasets/toniot/test/abnormal/test_00021888_orig82408_82409_82410.png,1,0.47590690789521556,0.29528509116146556,0.9326620407079602
/root/New_CheckLiuliang_remote/datasets/toniot/test/abnormal/test_00021892_orig82420_82421_82422.png,1,0.48715360838785665,0.30830333363594636,0.9345282184488848
/root/New_CheckLiuliang_remote/datasets/toniot/test/abnormal/test_00021895_orig82429_82430_82431.png,1,0.4514255023713259,0.2768306744395791,0.9055389749434719
/root/New_CheckLiuliang_remote/datasets/toniot/test/abnormal/test_00021899_orig82441_82442_82443.png,1,0.4807421780096016,0.3082344396808818,0.9163086619505597
/root/New_CheckLiuliang_remote/datasets/toniot/test/abnormal/test_00021903_orig82453_82454_82455.png,1,0.4845380444066795,0.3070724056801878,0.9299020765143867
/root/New_CheckLiuliang_remote/datasets/toniot/test/abnormal/test_00021907_orig82465_82466_82467.png,1,0.4788103898713308,0.2984386016563396,0.9336275609441705
/root/New_CheckLiuliang_remote/datasets/toniot/test/abnormal/test_00021910_orig82474_82475_82476.png,1,0.49070245623581565,0.3150841278339214,0.9288802136512413
/root/New_CheckLiuliang_remote/datasets/toniot/test/abnormal/test_00021914_orig82486_82487_82488.png,1,0.4943368833545736,0.3177567381596999,0.9330633101485714
/root/New_CheckLiuliang_remote/datasets/toniot/test/abnormal/test_00021918_orig82498_82499_82500.png,1,0.4785661931604577,0.29843045655820394,0.932946502263462
/root/New_CheckLiuliang_remote/datasets/toniot/test/abnormal/test_00021922_orig82510_82511_82512.png,1,0.5327199743732458,0.4498400251819284,0.7349057415335584
/root/New_CheckLiuliang_remote/datasets/toniot/test/abnormal/test_00021925_orig82519_82520_82521.png,1,0.4948525945397678,0.32205667121717463,0.9245085754852406
/root/New_CheckLiuliang_remote/datasets/toniot/test/abnormal/test_00021929_orig82531_82532_82533.png,1,0.4903362581818118,0.3116228005053355,0.9359068263352585
/root/New_CheckLiuliang_remote/datasets/toniot/test/abnormal/test_00021933_orig82543_82544_82545.png,1,0.48430311515515284,0.3061479370417852,0.9313856740763176
/root/New_CheckLiuliang_remote/datasets/toniot/test/abnormal/test_00021937_orig82555_82556_82557.png,1,0.4491270631643996,0.2727197755346705,0.908541899538073
/root/New_CheckLiuliang_remote/datasets/toniot/test/abnormal/test_00021940_orig82564_82565_82566.png,1,0.48408962189732935,0.305793285893793,0.9316011502690842
/root/New_CheckLiuliang_remote/datasets/toniot/test/abnormal/test_00021944_orig82576_82577_82578.png,1,0.4749121878997582,0.29441254752367807,0.9318463094067726
/root/New_CheckLiuliang_remote/datasets/toniot/test/abnormal/test_00021948_orig82588_82589_82590.png,1,0.4561394948722556,0.2809473427890004,0.9094475042002741
/root/New_CheckLiuliang_remote/datasets/toniot/test/abnormal/test_00021952_orig82600_82601_82602.png,1,0.4978663188213841,0.31991824357746285,0.9381379943618895
/root/New_CheckLiuliang_remote/datasets/toniot/test/abnormal/test_00021955_orig82609_82610_82611.png,1,0.5979190572736411,0.5028965156797381,0.7980202025421244
/root/New_CheckLiuliang_remote/datasets/toniot/test/abnormal/test_00021959_orig82621_82622_82623.png,1,0.5049434453787861,0.3335042672678202,0.9267260014077412
/root/New_CheckLiuliang_remote/datasets/toniot/test/abnormal/test_00021963_orig82633_82634_82635.png,1,0.49167293352350105,0.31748794992122165,0.9260534628315935
/root/New_CheckLiuliang_remote/datasets/toniot/test/abnormal/test_00021967_orig82645_82646_82647.png,1,0.49685518360129627,0.3203808172757531,0.9341599300581869
/root/New_CheckLiuliang_remote/datasets/toniot/test/abnormal/test_00021970_orig82654_82655_82656.png,1,0.4822417360449749,0.3025179383059723,0.9339461029179159
/root/New_CheckLiuliang_remote/datasets/toniot/test/abnormal/test_00021974_orig82666_82667_82668.png,1,0.5014729016527435,0.33225637035761224,0.9196883950404197
/root/New_CheckLiuliang_remote/datasets/toniot/test/abnormal/test_00021978_orig82678_82679_82680.png,1,0.5235870469011233,0.3594270602219709,0.9196870208300066
/root/New_CheckLiuliang_remote/datasets/toniot/test/abnormal/test_00021982_orig82690_82691_82692.png,1,0.5200308037409277,0.35488413173678096,0.9200921380597743
/root/New_CheckLiuliang_remote/datasets/toniot/test/abnormal/test_00021985_orig82699_82700_82701.png,1,0.505641822453343,0.3336311950471016,0.9284319462145038
/root/New_CheckLiuliang_remote/datasets/toniot/test/abnormal/test_00021989_orig82711_82712_82713.png,1,0.5057515425878285,0.33352700566678234,0.9289896008001203
/root/New_CheckLiuliang_remote/datasets/toniot/test/abnormal/test_00021993_orig82723_82724_82725.png,1,0.5158694377079579,0.34917781173454104,0.921477067314048
/root/New_CheckLiuliang_remote/datasets/toniot/test/abnormal/test_00021997_orig82735_82736_82737.png,1,0.45104970756482876,0.2794876733272641,0.8982619811221967
/root/New_CheckLiuliang_remote/datasets/toniot/test/abnormal/test_00022000_orig82744_82745_82746.png,1,0.4996386330037465,0.32773787716682945,0.9249730586048521
/root/New_CheckLiuliang_remote/datasets/toniot/test/abnormal/test_00022004_orig82756_82757_82758.png,1,0.514825639266032,0.34828219031870244,0.9205744859147555
/root/New_CheckLiuliang_remote/datasets/toniot/test/abnormal/test_00022008_orig82768_82769_82770.png,1,0.5132343857908627,0.3463874368648838,0.920433766768459
/root/New_CheckLiuliang_remote/datasets/toniot/test/abnormal/test_00022012_orig82780_82781_82782.png,1,0.4925694274026373,0.3217111833045851,0.9187693231161705
/root/New_CheckLiuliang_remote/datasets/toniot/test/abnormal/test_00022015_orig82789_82790_82791.png,1,0.48688406725385497,0.308119050790626,0.9341854903718696
/root/New_CheckLiuliang_remote/datasets/toniot/test/abnormal/test_00022019_orig82801_82802_82803.png,1,0.5040928146261549,0.3268252867965414,0.9398716982189959
/root/New_CheckLiuliang_remote/datasets/toniot/test/abnormal/test_00022023_orig82813_82814_82815.png,1,0.4769063781486611,0.29618750015908396,0.9334217042242954
/root/New_CheckLiuliang_remote/datasets/toniot/test/abnormal/test_00022027_orig82825_82826_82827.png,1,0.4816610477680828,0.30214360317081884,0.9331548325620806
/root/New_CheckLiuliang_remote/datasets/toniot/test/abnormal/test_00022030_orig82834_82835_82836.png,1,0.5264019343525188,0.3632552563457526,0.9188242915326926
/root/New_CheckLiuliang_remote/datasets/toniot/test/abnormal/test_00022034_orig82846_82847_82848.png,1,0.5037666765717874,0.33544042497049525,0.9188347355318318
/root/New_CheckLiuliang_remote/datasets/toniot/test/abnormal/test_00022038_orig82858_82859_82860.png,1,0.48675418714659224,0.3154679655835666,0.9166656818158706
/root/New_CheckLiuliang_remote/datasets/toniot/test/abnormal/test_00022042_orig82870_82871_82872.png,1,0.4899268445108023,0.5331022727369141,0.41794768271020677
/root/New_CheckLiuliang_remote/datasets/toniot/test/abnormal/test_00022045_orig82879_82880_82881.png,1,0.4809560042936329,0.3010009137781971,0.9337998869299672
/root/New_CheckLiuliang_remote/datasets/toniot/test/abnormal/test_00022049_orig82891_82892_82893.png,1,0.48168239135832525,0.3023275466370502,0.9327868190134654
/root/New_CheckLiuliang_remote/datasets/toniot/test/abnormal/test_00022053_orig82903_82904_82905.png,1,0.4847111591499514,0.30512436970939816,0.9349437796777916
/root/New_CheckLiuliang_remote/datasets/toniot/test/abnormal/test_00022057_orig82915_82916_82917.png,1,0.5287295906785282,0.4817664342202723,0.6489711424058522
/root/New_CheckLiuliang_remote/datasets/toniot/test/abnormal/test_00022060_orig82924_82925_82926.png,1,0.5288495772018956,0.4830822069482778,0.6462449837884398
/root/New_CheckLiuliang_remote/datasets/toniot/test/abnormal/test_00022064_orig82936_82937_82938.png,1,0.6340634125599797,0.7129759049331296,0.41145371398228864
/root/New_CheckLiuliang_remote/datasets/toniot/test/abnormal/test_00022068_orig82948_82949_82950.png,1,0.38427245292384216,0.4586750810055463,0.28872078325596073
/root/New_CheckLiuliang_remote/datasets/toniot/test/abnormal/test_00022072_orig82960_82961_82962.png,1,0.49345185752031817,0.4967242281883181,0.5129353051970165
/root/New_CheckLiuliang_remote/datasets/toniot/test/abnormal/test_00022075_orig82969_82970_82971.png,1,0.7445287887825532,0.7810248060660618,0.5693554375994413
/root/New_CheckLiuliang_remote/datasets/toniot/test/abnormal/test_00022079_orig82981_82982_82983.png,1,0.4461591486918726,0.2717768107359181,0.9022337240579994
/root/New_CheckLiuliang_remote/datasets/toniot/test/abnormal/test_00022083_orig82993_82994_82995.png,1,0.6427175183250322,0.6361628782061779,0.6154937276914118
/root/New_CheckLiuliang_remote/datasets/toniot/test/abnormal/test_00022087_orig83005_83006_83007.png,1,0.47732401877194547,0.2968296053954488,0.9331207521438369
/root/New_CheckLiuliang_remote/datasets/toniot/test/abnormal/test_00022090_orig83014_83015_83016.png,1,0.48269217961551075,0.303522500409376,0.9328934577415182
/root/New_CheckLiuliang_remote/datasets/toniot/test/abnormal/test_00022094_orig83026_83027_83028.png,1,0.49930795857697957,0.32220328298361733,0.9369391331975431
/root/New_CheckLiuliang_remote/datasets/toniot/test/abnormal/test_00022098_orig83038_83039_83040.png,1,0.48469080067076703,0.3067313296957551,0.9311358426232248
/root/New_CheckLiuliang_remote/datasets/toniot/test/abnormal/test_00022102_orig83050_83051_83052.png,1,0.4879225826165006,0.31206399332101953,0.9279578436220008
/root/New_CheckLiuliang_remote/datasets/toniot/test/abnormal/test_00022105_orig83059_83060_83061.png,1,0.46336750285135747,0.2857383573882403,0.9189897464664241
/root/New_CheckLiuliang_remote/datasets/toniot/test/abnormal/test_00022109_orig83071_83072_83073.png,1,0.4782927396150493,0.29775984347836415,0.9337273286201581
/root/New_CheckLiuliang_remote/datasets/toniot/test/abnormal/test_00022113_orig83083_83084_83085.png,1,0.47946879426794337,0.29940549268086575,0.93325899771139
/root/New_CheckLiuliang_remote/datasets/toniot/test/abnormal/test_00022117_orig83095_83096_83097.png,1,0.502068335664534,0.33008230791355675,0.9264681995342526
/root/New_CheckLiuliang_remote/datasets/toniot/test/abnormal/test_00022120_orig83104_83105_83106.png,1,0.5083545899132924,0.33964024119671854,0.9221878089396784
/root/New_CheckLiuliang_remote/datasets/toniot/test/abnormal/test_00022124_orig83116_83117_83118.png,1,0.47655963572079785,0.29579823234401503,0.9333359534945209
/root/New_CheckLiuliang_remote/datasets/toniot/test/abnormal/test_00022128_orig83128_83129_83130.png,1,0.42392252862993984,0.24657927089493417,0.8972799703610298
/root/New_CheckLiuliang_remote/datasets/toniot/test/abnormal/test_00022132_orig83140_83141_83142.png,1,0.48910813857818153,0.3112318357948216,0.9332983001292032
/root/New_CheckLiuliang_remote/datasets/toniot/test/abnormal/test_00022135_orig83149_83150_83151.png,1,0.4813141669294693,0.3031386626597309,0.9298385879933038
/root/New_CheckLiuliang_remote/datasets/toniot/test/abnormal/test_00022139_orig83161_83162_83163.png,1,0.47970139336302453,0.29947642291046417,0.9337603096700713
/root/New_CheckLiuliang_remote/datasets/toniot/test/abnormal/test_00022143_orig83173_83174_83175.png,1,0.48928330503780143,0.31480346132732856,0.9254666749852204
/root/New_CheckLiuliang_remote/datasets/toniot/test/abnormal/test_00022147_orig83185_83186_83187.png,1,0.47957099282932447,0.30745522529256597,0.914769271445859
/root/New_CheckLiuliang_remote/datasets/toniot/test/abnormal/test_00022150_orig83194_83195_83196.png,1,0.4974720066787343,0.32062109767075647,0.9353675861691768
/root/New_CheckLiuliang_remote/datasets/toniot/test/abnormal/test_00022154_orig83206_83207_83208.png,1,0.48239906843492764,0.5979637254660736,0.24502364054173573
/root/New_CheckLiuliang_remote/datasets/toniot/test/abnormal/test_00022158_orig83218_83219_83220.png,1,0.39552389505083174,0.4389557984190025,0.36698811280508503
/root/New_CheckLiuliang_remote/datasets/toniot/test/abnormal/test_00022162_orig83230_83231_83232.png,1,0.4150414878337362,0.38102243041243894,0.558119068736081
/root/New_CheckLiuliang_remote/datasets/toniot/test/abnormal/test_00022165_orig83239_83240_83241.png,1,0.48555499173227523,0.3067594981601411,0.9335475818981309
/root/New_CheckLiuliang_remote/datasets/toniot/test/abnormal/test_00022169_orig83251_83252_83253.png,1,0.4888473311284926,0.3101071334939162,0.935174921869267
/root/New_CheckLiuliang_remote/datasets/toniot/test/abnormal/test_00022173_orig83263_83264_83265.png,1,0.5005480547388674,0.32413468937904655,0.9359876299075459
/root/New_CheckLiuliang_remote/datasets/toniot/test/abnormal/test_00022177_orig83275_83276_83277.png,1,0.5164448907334214,0.3457018911051286,0.931237259351708
/root/New_CheckLiuliang_remote/datasets/toniot/test/abnormal/test_00022180_orig83284_83285_83286.png,1,0.5168026150006815,0.39583972143764373,0.8152745136463216
/root/New_CheckLiuliang_remote/datasets/toniot/test/abnormal/test_00022184_orig83296_83297_83298.png,1,0.47612823202731586,0.2956292215576991,0.9324935625113201
/root/New_CheckLiuliang_remote/datasets/toniot/test/abnormal/test_00022188_orig83308_83309_83310.png,1,0.49320297645655486,0.31956121677584776,0.9256021721319473
/root/New_CheckLiuliang_remote/datasets/toniot/test/abnormal/test_00022192_orig83320_83321_83322.png,1,0.5116930293916522,0.3412994655627796,0.9278869343646874
/root/New_CheckLiuliang_remote/datasets/toniot/test/abnormal/test_00022195_orig83329_83330_83331.png,1,0.49233854906125685,0.3175140821110737,0.9279006764688179
/root/New_CheckLiuliang_remote/datasets/toniot/test/abnormal/test_00022199_orig83341_83342_83343.png,1,0.5007903892100942,0.3253785137401866,0.9337800983000193
/root/New_CheckLiuliang_remote/datasets/toniot/test/abnormal/test_00022203_orig83353_83354_83355.png,1,0.48543885465734854,0.30677205518643363,0.9331853400332504
/root/New_CheckLiuliang_remote/datasets/toniot/test/abnormal/test_00022207_orig83365_83366_83367.png,1,0.4969021704085664,0.31884886006806246,0.9378691988050966
/root/New_CheckLiuliang_remote/datasets/toniot/test/abnormal/test_00022210_orig83374_83375_83376.png,1,0.50484006518538,0.3287845222772676,0.9374423690508026
/root/New_CheckLiuliang_remote/datasets/toniot/test/abnormal/test_00022214_orig83386_83387_83388.png,1,0.5157322531863916,0.34135648124972956,0.9393335574212447
/root/New_CheckLiuliang_remote/datasets/toniot/test/abnormal/test_00022218_orig83398_83399_83400.png,1,0.5149763192020144,0.34769438573657563,0.9223779996608449
/root/New_CheckLiuliang_remote/datasets/toniot/test/abnormal/test_00022222_orig83410_83411_83412.png,1,0.4905853421017829,0.31269116587746887,0.934128048376604
/root/New_CheckLiuliang_remote/datasets/toniot/test/abnormal/test_00022225_orig83419_83420_83421.png,1,0.47543406998108906,0.2944593818379584,0.9332331625556246
/root/New_CheckLiuliang_remote/datasets/toniot/test/abnormal/test_00022229_orig83431_83432_83433.png,1,0.485357381791566,0.3064143496266406,0.9337864196679193
/root/New_CheckLiuliang_remote/datasets/toniot/test/abnormal/test_00022233_orig83443_83444_83445.png,1,0.48258744598283954,0.30292655072911356,0.9339837562832336
/root/New_CheckLiuliang_remote/datasets/toniot/test/abnormal/test_00022237_orig83455_83456_83457.png,1,0.4873806730127109,0.30789913314096196,0.936122302528025
/root/New_CheckLiuliang_remote/datasets/toniot/test/abnormal/test_00022240_orig83464_83465_83466.png,1,0.24268096984488163,0.2321972335513561,0.4112541786303135
/root/New_CheckLiuliang_remote/datasets/toniot/test/abnormal/test_00022244_orig83476_83477_83478.png,1,0.4848372149913125,0.3057220162851056,0.9339106482892592
/root/New_CheckLiuliang_remote/datasets/toniot/test/abnormal/test_00022248_orig83488_83489_83490.png,1,0.4926752251402953,0.3140113505336312,0.9370389008735306
/root/New_CheckLiuliang_remote/datasets/toniot/test/abnormal/test_00022252_orig83500_83501_83502.png,1,0.48418337426821273,0.30539349732696547,0.9328027598542568
/root/New_CheckLiuliang_remote/datasets/toniot/test/abnormal/test_00022255_orig83509_83510_83511.png,1,0.4966971586842739,0.3197444814839011,0.9351916872363062
/root/New_CheckLiuliang_remote/datasets/toniot/test/abnormal/test_00022259_orig83521_83522_83523.png,1,0.47874651905581045,0.3074491164689642,0.9124199213237054
/root/New_CheckLiuliang_remote/datasets/toniot/test/abnormal/test_00022263_orig83533_83534_83535.png,1,0.475460322060013,0.294939942627965,0.9321871135892095
/root/New_CheckLiuliang_remote/datasets/toniot/test/abnormal/test_00022267_orig83545_83546_83547.png,1,0.49396055451713267,0.31546321427632074,0.9373360051648324
/root/New_CheckLiuliang_remote/datasets/toniot/test/abnormal/test_00022270_orig83554_83555_83556.png,1,0.49668440109595785,0.3195160793570124,0.9356880520375006
/root/New_CheckLiuliang_remote/datasets/toniot/test/abnormal/test_00022274_orig83566_83567_83568.png,1,0.47075581936976907,0.29432668461416417,0.920131165635505
/root/New_CheckLiuliang_remote/datasets/toniot/test/abnormal/test_00022278_orig83578_83579_83580.png,1,0.4846179561951149,0.30608786694303436,0.9324284249377414
/root/New_CheckLiuliang_remote/datasets/toniot/test/abnormal/test_00022282_orig83590_83591_83592.png,1,0.4903422811176143,0.31206908400735434,0.9348827647354522
/root/New_CheckLiuliang_remote/datasets/toniot/test/abnormal/test_00022285_orig83599_83600_83601.png,1,0.49198494297975304,0.31475187570580243,0.9333321057053643
/root/New_CheckLiuliang_remote/datasets/toniot/test/abnormal/test_00022289_orig83611_83612_83613.png,1,0.4769931803569237,0.2966521101319082,0.9325864591352424
/root/New_CheckLiuliang_remote/datasets/toniot/test/abnormal/test_00022293_orig83623_83624_83625.png,1,0.47981037267721427,0.2997000737301071,0.9335508800031223
/root/New_CheckLiuliang_remote/datasets/toniot/test/abnormal/test_00022297_orig83635_83636_83637.png,1,0.4855986898026372,0.4318926408189896,0.6416955227949901
/root/New_CheckLiuliang_remote/datasets/toniot/test/abnormal/test_00022300_orig83644_83645_83646.png,1,0.19631319987131016,0.3318250195355088,0.04586207379894697
/root/New_CheckLiuliang_remote/datasets/toniot/test/abnormal/test_00022304_orig83656_83657_83658.png,1,0.44934206348326583,0.4871550953952197,0.4088091834634115
/root/New_CheckLiuliang_remote/datasets/toniot/test/abnormal/test_00022308_orig83668_83669_83670.png,1,0.5170873572907873,0.35081294018528403,0.921153303340733
/root/New_CheckLiuliang_remote/datasets/toniot/test/abnormal/test_00022312_orig83680_83681_83682.png,1,0.4748120505299036,0.5734547857966458,0.2804606793051882
/root/New_CheckLiuliang_remote/datasets/toniot/test/abnormal/test_00022315_orig83689_83690_83691.png,1,0.4961909766817356,0.31912681154194344,0.9351817929213322
/root/New_CheckLiuliang_remote/datasets/toniot/test/abnormal/test_00022319_orig83701_83702_83703.png,1,0.4977498057132401,0.32042493655732157,0.9366216905921281
/root/New_CheckLiuliang_remote/datasets/toniot/test/abnormal/test_00022323_orig83713_83714_83715.png,1,0.49967663042385624,0.3235105712343981,0.93494570357237
/root/New_CheckLiuliang_remote/datasets/toniot/test/abnormal/test_00022327_orig83725_83726_83727.png,1,0.5112017584948553,0.34464370710566483,0.9186753271239178
/root/New_CheckLiuliang_remote/datasets/toniot/test/abnormal/test_00022330_orig83734_83735_83736.png,1,0.4793049758346643,0.5013628615766025,0.46155550174758336
/root/New_CheckLiuliang_remote/datasets/toniot/test/abnormal/test_00022334_orig83746_83747_83748.png,1,0.49729729469233785,0.3191990992878978,0.9381847175159332
/root/New_CheckLiuliang_remote/datasets/toniot/test/abnormal/test_00022338_orig83758_83759_83760.png,1,0.42751303708186184,0.2572276291910136,0.8827270820868099
/root/New_CheckLiuliang_remote/datasets/toniot/test/abnormal/test_00022342_orig83770_83771_83772.png,1,0.23921699594497986,0.3023411218006097,0.2376545746227861
/root/New_CheckLiuliang_remote/datasets/toniot/test/abnormal/test_00022345_orig83779_83780_83781.png,1,0.4807840093561303,0.3004752155693551,0.9345334404484543
/root/New_CheckLiuliang_remote/datasets/toniot/test/abnormal/test_00022349_orig83791_83792_83793.png,1,0.399059096607954,0.22471239743327595,0.8770241088726445
/root/New_CheckLiuliang_remote/datasets/toniot/test/abnormal/test_00022353_orig83803_83804_83805.png,1,0.5172757085669152,0.35101113757325286,0.9212308088080291
/root/New_CheckLiuliang_remote/datasets/toniot/test/abnormal/test_00022357_orig83815_83816_83817.png,1,0.4939123799883824,0.32159409751888435,0.9228925040394915
/root/New_CheckLiuliang_remote/datasets/toniot/test/abnormal/test_00022360_orig83824_83825_83826.png,1,0.4867953713149652,0.30938255913892737,0.9309830304252934
/root/New_CheckLiuliang_remote/datasets/toniot/test/abnormal/test_00022364_orig83836_83837_83838.png,1,0.481070398514505,0.30177469810108914,0.9323223358938538
/root/New_CheckLiuliang_remote/datasets/toniot/test/abnormal/test_00022368_orig83848_83849_83850.png,1,0.6125295774276448,0.5211181183465791,0.7973886154362857
/root/New_CheckLiuliang_remote/datasets/toniot/test/abnormal/test_00022372_orig83860_83861_83862.png,1,0.44059213180000845,0.265728905680612,0.9003859607366098
/root/New_CheckLiuliang_remote/datasets/toniot/test/abnormal/test_00022375_orig83869_83870_83871.png,1,0.2951297862021246,0.29429953428704514,0.4167092442859644
/root/New_CheckLiuliang_remote/datasets/toniot/test/abnormal/test_00022379_orig83881_83882_83883.png,1,0.4464752765130646,0.27053536202840095,0.9060367139550792
/root/New_CheckLiuliang_remote/datasets/toniot/test/abnormal/test_00022383_orig83893_83894_83895.png,1,0.5090274107256707,0.3417433734111756,0.9192093452904297
/root/New_CheckLiuliang_remote/datasets/toniot/test/abnormal/test_00022387_orig83905_83906_83907.png,1,0.4197187986537432,0.5215036529916691,0.24373847896344958
/root/New_CheckLiuliang_remote/datasets/toniot/test/abnormal/test_00022390_orig83914_83915_83916.png,1,0.482350907811321,0.46696271835862696,0.5505545900963954
/root/New_CheckLiuliang_remote/datasets/toniot/test/abnormal/test_00022394_orig83926_83927_83928.png,1,0.23307980450803809,0.30990045162872265,0.20242201836879575
/root/New_CheckLiuliang_remote/datasets/toniot/test/abnormal/test_00022398_orig83938_83939_83940.png,1,0.24547343203947722,0.2529047880450322,0.370941991005518
/root/New_CheckLiuliang_remote/datasets/toniot/test/abnormal/test_00022402_orig83950_83951_83952.png,1,0.21152830348710824,0.22743370865832416,0.33306050675932874
/root/New_CheckLiuliang_remote/datasets/toniot/test/abnormal/test_00022405_orig83959_83960_83961.png,1,0.24590221770730927,0.3586386825982524,0.12545881450165772
/root/New_CheckLiuliang_remote/datasets/toniot/test/abnormal/test_00022409_orig83971_83972_83973.png,1,0.634035740983473,0.54548180376592,0.8021939544086456
/root/New_CheckLiuliang_remote/datasets/toniot/test/abnormal/test_00022413_orig83983_83984_83985.png,1,0.5184512567828122,0.3525461491927444,0.9210191804044191
/root/New_CheckLiuliang_remote/datasets/toniot/test/abnormal/test_00022417_orig83995_83996_83997.png,1,0.3489564204366252,0.4380947936702406,0.2354973391163772
/root/New_CheckLiuliang_remote/datasets/toniot/test/abnormal/test_00022420_orig84004_84005_84006.png,1,0.5221750211516989,0.6344914361929133,0.273822143641817
/root/New_CheckLiuliang_remote/datasets/toniot/test/abnormal/test_00022424_orig84016_84017_84018.png,1,0.6627763442646194,0.6654781045338501,0.60459623911591
/root/New_CheckLiuliang_remote/datasets/toniot/test/abnormal/test_00022428_orig84028_84029_84030.png,1,0.6532218506997438,0.6515998754478743,0.6095879210202798
/root/New_CheckLiuliang_remote/datasets/toniot/test/abnormal/test_00022432_orig84040_84041_84042.png,1,0.5245500982524114,0.3563285291395128,0.9296778053749767
/root/New_CheckLiuliang_remote/datasets/toniot/test/abnormal/test_00022435_orig84049_84050_84051.png,1,0.5096006325000098,0.434485157679767,0.704455162674906
/root/New_CheckLiuliang_remote/datasets/toniot/test/abnormal/test_00022439_orig84061_84062_84063.png,1,0.5236173501371401,0.35477756670283883,0.9306227124549912
/root/New_CheckLiuliang_remote/datasets/toniot/test/abnormal/test_00022443_orig84073_84074_84075.png,1,0.5501982117912324,0.534410239745873,0.5876819076679017
/root/New_CheckLiuliang_remote/datasets/toniot/test/abnormal/test_00022447_orig84085_84086_84087.png,1,0.4565683144289141,0.49490176248045387,0.41144986619313206
/root/New_CheckLiuliang_remote/datasets/toniot/test/abnormal/test_00022450_orig84094_84095_84096.png,1,0.4812378991377294,0.3212228167955317,0.8874235835944562
/root/New_CheckLiuliang_remote/datasets/toniot/test/abnormal/test_00022454_orig84106_84107_84108.png,1,0.5047191979632681,0.34364593258404086,0.9024192424637614
/root/New_CheckLiuliang_remote/datasets/toniot/test/abnormal/test_00022458_orig84118_84119_84120.png,1,0.5186903650058506,0.3530060078583228,0.9206316530679385
/root/New_CheckLiuliang_remote/datasets/toniot/test/abnormal/test_00022462_orig84130_84131_84132.png,1,0.47836930155870455,0.31098578595530546,0.9030862841982568
/root/New_CheckLiuliang_remote/datasets/toniot/test/abnormal/test_00022465_orig84139_84140_84141.png,1,0.5209412896559505,0.35612422292794216,0.919808775872603
/root/New_CheckLiuliang_remote/datasets/toniot/test/abnormal/test_00022469_orig84151_84152_84153.png,1,0.4789682778931626,0.3113265225606492,0.9040083793854147
/root/New_CheckLiuliang_remote/datasets/toniot/test/abnormal/test_00022473_orig84163_84164_84165.png,1,0.5725644040201312,0.49962320436645136,0.7329711281140638
/root/New_CheckLiuliang_remote/datasets/toniot/test/abnormal/test_00022477_orig84175_84176_84177.png,1,0.5208959498371717,0.35340647518332835,0.9260202069395976
/root/New_CheckLiuliang_remote/datasets/toniot/test/abnormal/test_00022480_orig84184_84185_84186.png,1,0.5099851416951907,0.3396521194648331,0.9268345640303722
/root/New_CheckLiuliang_remote/datasets/toniot/test/abnormal/test_00022484_orig84196_84197_84198.png,1,0.5162385624074869,0.3494085895150527,0.9219967936922643
/root/New_CheckLiuliang_remote/datasets/toniot/test/abnormal/test_00022488_orig84208_84209_84210.png,1,0.5149227055827659,0.34847801205304835,0.9203958385610588
/root/New_CheckLiuliang_remote/datasets/toniot/test/abnormal/test_00022492_orig84220_84221_84222.png,1,0.2231852628338802,0.3367280292341147,0.11145863365556735
/root/New_CheckLiuliang_remote/datasets/toniot/test/abnormal/test_00022495_orig84229_84230_84231.png,1,0.38025194954892566,0.3803972941305235,0.4598429607308381
/root/New_CheckLiuliang_remote/datasets/toniot/test/abnormal/test_00022499_orig84241_84242_84243.png,1,0.38873073150866794,0.45409414206238974,0.31219064805839186
/root/New_CheckLiuliang_remote/datasets/toniot/test/abnormal/test_00022503_orig84253_84254_84255.png,1,0.5102825595202796,0.3416544560898608,0.9230150836083357
/root/New_CheckLiuliang_remote/datasets/toniot/test/abnormal/test_00022507_orig84265_84266_84267.png,1,0.2830240479982822,0.2819439294838129,0.41083421992808483
/root/New_CheckLiuliang_remote/datasets/toniot/test/abnormal/test_00022510_orig84274_84275_84276.png,1,0.5358829772192045,0.36814401212262104,0.9345974786537026
/root/New_CheckLiuliang_remote/datasets/toniot/test/abnormal/test_00022514_orig84286_84287_84288.png,1,0.5096165400394194,0.341371753308734,0.9217653766587063
/root/New_CheckLiuliang_remote/datasets/toniot/test/abnormal/test_00022518_orig84298_84299_84300.png,1,0.23743058400764944,0.29964237928497917,0.23883034905219333
/root/New_CheckLiuliang_remote/datasets/toniot/test/abnormal/test_00022522_orig84310_84311_84312.png,1,0.510669387243388,0.3437036270291688,0.9193426437004958
/root/New_CheckLiuliang_remote/datasets/toniot/test/abnormal/test_00022525_orig84319_84320_84321.png,1,0.5274080440267682,0.35742166918514234,0.9353203133309679
/root/New_CheckLiuliang_remote/datasets/toniot/test/abnormal/test_00022529_orig84331_84332_84333.png,1,0.5343795718668763,0.36677699315217843,0.9334772223249826
/root/New_CheckLiuliang_remote/datasets/toniot/test/abnormal/test_00022533_orig84343_84344_84345.png,1,0.2827842127604323,0.28159861126076785,0.4109524020236073
/root/New_CheckLiuliang_remote/datasets/toniot/test/abnormal/test_00022537_orig84355_84356_84357.png,1,0.5199501997478425,0.35022275994953433,0.9307375964455223
/root/New_CheckLiuliang_remote/datasets/toniot/test/abnormal/test_00022540_orig84364_84365_84366.png,1,0.5103874106970107,0.3419497158972801,0.9226267317456073
/root/New_CheckLiuliang_remote/datasets/toniot/test/abnormal/test_00022544_orig84376_84377_84378.png,1,0.4546692585809266,0.27869454439629976,0.9104891556933675
/root/New_CheckLiuliang_remote/datasets/toniot/test/abnormal/test_00022548_orig84388_84389_84390.png,1,0.452235160994625,0.27908720600225856,0.9025948665545495
/root/New_CheckLiuliang_remote/datasets/toniot/test/abnormal/test_00022552_orig84400_84401_84402.png,1,0.578838684112751,0.5615113568969892,0.6065525650599307
/root/New_CheckLiuliang_remote/datasets/toniot/test/abnormal/test_00022555_orig84409_84410_84411.png,1,0.5442698433045835,0.3777107692620965,0.9363185397750088
/root/New_CheckLiuliang_remote/datasets/toniot/test/abnormal/test_00022559_orig84421_84422_84423.png,1,0.5019957279995425,0.33300945255607606,0.9194300434827659
/root/New_CheckLiuliang_remote/datasets/toniot/test/abnormal/test_00022563_orig84433_84434_84435.png,1,0.2651044725268207,0.30274905546557296,0.31091702984757535
/root/New_CheckLiuliang_remote/datasets/toniot/test/abnormal/test_00022567_orig84445_84446_84447.png,1,0.5201714639522065,0.3508458599569158,0.9299180173551781
/root/New_CheckLiuliang_remote/datasets/toniot/test/abnormal/test_00022570_orig84454_84455_84456.png,1,0.5198829533551909,0.35460176833474316,0.9203271280404062
/root/New_CheckLiuliang_remote/datasets/toniot/test/abnormal/test_00022574_orig84466_84467_84468.png,1,0.5602316003476393,0.48973641274606045,0.7206845876530492
/root/New_CheckLiuliang_remote/datasets/toniot/test/abnormal/test_00022578_orig84478_84479_84480.png,1,0.49918152419717443,0.49509656607753283,0.5331590101617363
/root/New_CheckLiuliang_remote/datasets/toniot/test/abnormal/test_00022582_orig84490_84491_84492.png,1,0.5113644895711275,0.33957609854889986,0.9309662650582542
/root/New_CheckLiuliang_remote/datasets/toniot/test/abnormal/test_00022585_orig84499_84500_84501.png,1,0.5142892461093309,0.49043146112030733,0.5873551204316779
/root/New_CheckLiuliang_remote/datasets/toniot/test/abnormal/test_00022589_orig84511_84512_84513.png,1,0.5196641585058174,0.3543737055869434,0.920232032679823
/root/New_CheckLiuliang_remote/datasets/toniot/test/abnormal/test_00022593_orig84523_84524_84525.png,1,0.5124984471032088,0.34573413211858245,0.9198483531324989
/root/New_CheckLiuliang_remote/datasets/toniot/test/abnormal/test_00022597_orig84535_84536_84537.png,1,0.2348424599607531,0.31212711783157127,0.20227965017000357
/root/New_CheckLiuliang_remote/datasets/toniot/test/abnormal/test_00022600_orig84544_84545_84546.png,1,0.5177588741053332,0.35170618594749975,0.9209941697749016
/root/New_CheckLiuliang_remote/datasets/toniot/test/abnormal/test_00022604_orig84556_84557_84558.png,1,0.3884741130899213,0.45391902245247207,0.3118635859800855
/root/New_CheckLiuliang_remote/datasets/toniot/test/abnormal/test_00022608_orig84568_84569_84570.png,1,0.5044768760978248,0.34350475088302196,0.9020539773359721
/root/New_CheckLiuliang_remote/datasets/toniot/test/abnormal/test_00022612_orig84580_84581_84582.png,1,0.4331143373555396,0.33028932915783926,0.7283076076563308
/root/New_CheckLiuliang_remote/datasets/toniot/test/abnormal/test_00022615_orig84589_84590_84591.png,1,0.5193065734118593,0.35363894985928496,0.9209213366230098
/root/New_CheckLiuliang_remote/datasets/toniot/test/abnormal/test_00022619_orig84601_84602_84603.png,1,0.23344763160509763,0.3104899531062944,0.20210100281630683
/root/New_CheckLiuliang_remote/datasets/toniot/test/abnormal/test_00022623_orig84613_84614_84615.png,1,0.4532377706173228,0.49404449090167085,0.4039021529204857
/root/New_CheckLiuliang_remote/datasets/toniot/test/abnormal/test_00022627_orig84625_84626_84627.png,1,0.5085591433673231,0.33774956029196784,0.9271858122119483
/root/New_CheckLiuliang_remote/datasets/toniot/test/abnormal/test_00022630_orig84634_84635_84636.png,1,0.515340908925712,0.3489633241503008,0.9204623503450505
/root/New_CheckLiuliang_remote/datasets/toniot/test/abnormal/test_00022634_orig84646_84647_84648.png,1,0.51493822227127,0.34846986695491267,0.9204593270821417
/root/New_CheckLiuliang_remote/datasets/toniot/test/abnormal/test_00022638_orig84658_84659_84660.png,1,0.5531559990836983,0.47773087747311904,0.7284131470160532
/root/New_CheckLiuliang_remote/datasets/toniot/test/abnormal/test_00022642_orig84670_84671_84672.png,1,0.41647929354465346,0.24470861335643374,0.8803065478652603
/root/New_CheckLiuliang_remote/datasets/toniot/test/abnormal/test_00022645_orig84679_84680_84681.png,1,0.2540038028228168,0.20944848352696324,0.496794929053639
/root/New_CheckLiuliang_remote/datasets/toniot/test/abnormal/test_00022649_orig84691_84692_84693.png,1,0.5160331013476585,0.3489059690842619,0.9225805582757287
/root/New_CheckLiuliang_remote/datasets/toniot/test/abnormal/test_00022653_orig84703_84704_84705.png,1,0.25165434519541524,0.23885008183278283,0.4214557670526457
/root/New_CheckLiuliang_remote/datasets/toniot/test/abnormal/test_00022657_orig84715_84716_84717.png,1,0.4857213453817509,0.3086478034112689,0.9296184394851328
/root/New_CheckLiuliang_remote/datasets/toniot/test/abnormal/test_00022660_orig84724_84725_84726.png,1,0.527309236151647,0.3585436564533358,0.9324190803069327
/root/New_CheckLiuliang_remote/datasets/toniot/test/abnormal/test_00022664_orig84736_84737_84738.png,1,0.48233992399593556,0.31560507473551763,0.9036909367799997
/root/New_CheckLiuliang_remote/datasets/toniot/test/abnormal/test_00022668_orig84748_84749_84750.png,1,0.5268034366176547,0.36383830962063357,0.9186148618657435
/root/New_CheckLiuliang_remote/datasets/toniot/test/abnormal/test_00022672_orig84760_84761_84762.png,1,0.4988330027177344,0.44403290959025915,0.6513083994763709
/root/New_CheckLiuliang_remote/datasets/toniot/test/abnormal/test_00022675_orig84769_84770_84771.png,1,0.18714289215681343,0.25636967885405254,0.19563506798081493
/root/New_CheckLiuliang_remote/datasets/toniot/test/abnormal/test_00022679_orig84781_84782_84783.png,1,0.5203893587488256,0.355244212950197,0.9202798552021972
/root/New_CheckLiuliang_remote/datasets/toniot/test/abnormal/test_00022683_orig84793_84794_84795.png,1,0.5195542393970177,0.3540723369559223,0.9206201097004688
/root/New_CheckLiuliang_remote/datasets/toniot/test/abnormal/test_00022687_orig84805_84806_84807.png,1,0.4963665724878886,0.5429578414811183,0.41341278834713546
/root/New_CheckLiuliang_remote/datasets/toniot/test/abnormal/test_00022690_orig84814_84815_84816.png,1,0.5216238899082632,0.3568328464657486,0.9201122015318048
/root/New_CheckLiuliang_remote/datasets/toniot/test/abnormal/test_00022694_orig84826_84827_84828.png,1,0.5201224992667393,0.3549971449734139,0.9200913135335265
/root/New_CheckLiuliang_remote/datasets/toniot/test/abnormal/test_00022698_orig84838_84839_84840.png,1,0.4635129269691367,0.4839533930697093,0.45690489886773306
/root/New_CheckLiuliang_remote/datasets/toniot/test/abnormal/test_00022702_orig84850_84851_84852.png,1,0.4531072963855034,0.2804416679464086,0.9019346958721193
/root/New_CheckLiuliang_remote/datasets/toniot/test/abnormal/test_00022705_orig84859_84860_84861.png,1,0.4197876776204545,0.3335405808303418,0.6825164431146974
/root/New_CheckLiuliang_remote/datasets/toniot/test/abnormal/test_00022709_orig84871_84872_84873.png,1,0.5097512496224391,0.34454902033983725,0.9147379394484414
/root/New_CheckLiuliang_remote/datasets/toniot/test/abnormal/test_00022713_orig84883_84884_84885.png,1,0.5171423706194905,0.3507219865894353,0.9215232407839266
/root/New_CheckLiuliang_remote/datasets/toniot/test/abnormal/test_00022717_orig84895_84896_84897.png,1,0.5141580642824176,0.3441224208249797,0.9283668086409251
/root/New_CheckLiuliang_remote/datasets/toniot/test/abnormal/test_00022720_orig84904_84905_84906.png,1,0.48805574448672334,0.32299709067275967,0.9028290320089335
/root/New_CheckLiuliang_remote/datasets/toniot/test/abnormal/test_00022724_orig84916_84917_84918.png,1,0.5251953125176186,0.410922067531348,0.8041425847743533
/root/New_CheckLiuliang_remote/datasets/toniot/test/abnormal/test_00022728_orig84928_84929_84930.png,1,0.5085332367134096,0.3374787357789556,0.9277434667975648
/root/New_CheckLiuliang_remote/datasets/toniot/test/abnormal/test_00022732_orig84940_84941_84942.png,1,0.5142047014167539,0.3435010177130431,0.9299504487209261
/root/New_CheckLiuliang_remote/datasets/toniot/test/abnormal/test_00022735_orig84949_84950_84951.png,1,0.2597461868810248,0.24926358979928273,0.4203552993538737
/root/New_CheckLiuliang_remote/datasets/toniot/test/abnormal/test_00022739_orig84961_84962_84963.png,1,0.5224431883600587,0.35783333602008444,0.9201264933201007
/root/New_CheckLiuliang_remote/datasets/toniot/test/abnormal/test_00022743_orig84973_84974_84975.png,1,0.502178993569129,0.3332935128535588,0.9192926224414607
/root/New_CheckLiuliang_remote/datasets/toniot/test/abnormal/test_00022747_orig84985_84986_84987.png,1,0.23814913157426296,0.30075690021321494,0.23828973467569872
/root/New_CheckLiuliang_remote/datasets/toniot/test/abnormal/test_00022750_orig84994_84995_84996.png,1,0.4502161873897065,0.47096773098777134,0.44908564161746767
/root/New_CheckLiuliang_remote/datasets/toniot/test/abnormal/test_00022754_orig85006_85007_85008.png,1,0.24086600233911587,0.2827972982030726,0.28798420647456485
/root/New_CheckLiuliang_remote/datasets/toniot/test/abnormal/test_00022758_orig85018_85019_85020.png,1,0.5148615260667664,0.34480932410109083,0.9287807208173364
/root/New_CheckLiuliang_remote/datasets/toniot/test/abnormal/test_00022762_orig85030_85031_85032.png,1,0.47791206402779307,0.3041028386515451,0.9178356845615431
/root/New_CheckLiuliang_remote/datasets/toniot/test/abnormal/test_00022765_orig85039_85040_85041.png,1,0.48967236229295374,0.324344425656041,0.9043197754650122
/root/New_CheckLiuliang_remote/datasets/toniot/test/abnormal/test_00022769_orig85051_85052_85053.png,1,0.3898759959645918,0.4593779350988399,0.3031450454355189
/root/New_CheckLiuliang_remote/datasets/toniot/test/abnormal/test_00022773_orig85063_85064_85065.png,1,0.5594587959376435,0.48531837576561804,0.7287778624596772
/root/New_CheckLiuliang_remote/datasets/toniot/test/abnormal/test_00022777_orig85075_85076_85077.png,1,0.4904562224358365,0.31600825709323505,0.9260180082029368
/root/New_CheckLiuliang_remote/datasets/toniot/test/abnormal/test_00022780_orig85084_85085_85086.png,1,0.43848588169060787,0.26410073450119337,0.898146822289583
/root/New_CheckLiuliang_remote/datasets/toniot/test/abnormal/test_00022784_orig85096_85097_85098.png,1,0.23156425436357328,0.25350447089527356,0.32966785609158616
/root/New_CheckLiuliang_remote/datasets/toniot/test/abnormal/test_00022788_orig85108_85109_85110.png,1,0.4857224120014382,0.4321655016065358,0.6414135348182318
/root/New_CheckLiuliang_remote/datasets/toniot/test/abnormal/test_00022792_orig85120_85121_85122.png,1,0.46647538248516157,0.29240376269595963,0.9123468133297311
/root/New_CheckLiuliang_remote/datasets/toniot/test/abnormal/test_00022795_orig85129_85130_85131.png,1,0.6595896546901273,0.5765808065853119,0.8028876558251543
/root/New_CheckLiuliang_remote/datasets/toniot/test/abnormal/test_00022799_orig85141_85142_85143.png,1,0.5063445185477548,0.32986883846658344,0.9392252696406962
/root/New_CheckLiuliang_remote/datasets/toniot/test/abnormal/test_00022803_orig85153_85154_85155.png,1,0.48075844218973895,0.30054003697535175,0.9343088944669616
/root/New_CheckLiuliang_remote/datasets/toniot/test/abnormal/test_00022807_orig85165_85166_85167.png,1,0.5316077865692642,0.3628242449027382,0.9347541386407905
/root/New_CheckLiuliang_remote/datasets/toniot/test/abnormal/test_00022810_orig85174_85175_85176.png,1,0.5172661046932678,0.35074302809295255,0.9218288651797893
/root/New_CheckLiuliang_remote/datasets/toniot/test/abnormal/test_00022814_orig85186_85187_85188.png,1,0.7623251908055808,0.7304047180480951,0.7384877583962195
/root/New_CheckLiuliang_remote/datasets/toniot/test/abnormal/test_00022816_orig85192_85193_85194.png,1,0.753556072282845,0.680043915654115,0.830856960362
/root/New_CheckLiuliang_remote/datasets/toniot/test/abnormal/test_00022823_orig85213_85214_85215.png,1,0.5288819260967124,0.5021094955723756,0.6019407149137285
/root/New_CheckLiuliang_remote/datasets/toniot/test/abnormal/test_00022829_orig85231_85232_85233.png,1,0.32054312123119816,0.23601643612927967,0.6255581699145214
/root/New_CheckLiuliang_remote/datasets/toniot/test/abnormal/test_00022836_orig85252_85253_85254.png,1,0.5723868912978627,0.556393180855965,0.5999989556000861
/root/New_CheckLiuliang_remote/datasets/toniot/test/abnormal/test_00022843_orig85273_85274_85275.png,1,0.3192535362083097,0.24908066447031832,0.5913779839948462
/root/New_CheckLiuliang_remote/datasets/toniot/test/abnormal/test_00022849_orig85291_85292_85293.png,1,0.4583075672893312,0.4040608404892828,0.6283981131541344
/root/New_CheckLiuliang_remote/datasets/toniot/test/abnormal/test_00022856_orig85312_85313_85314.png,1,0.7614450924210953,0.7259442586815292,0.7463724280621462
/root/New_CheckLiuliang_remote/datasets/toniot/test/abnormal/test_00022862_orig85330_85331_85332.png,1,0.6411188866291532,0.6603918301271908,0.5543765440971754
/root/New_CheckLiuliang_remote/datasets/toniot/test/abnormal/test_00022869_orig85351_85352_85353.png,1,0.4289659150823052,0.35642762783349724,0.6554255338738744
/root/New_CheckLiuliang_remote/datasets/toniot/test/abnormal/test_00022876_orig85372_85373_85374.png,1,0.5800264092011257,0.5155193815155482,0.7172721483553587
/root/New_CheckLiuliang_remote/datasets/toniot/test/abnormal/test_00022882_orig85390_85391_85392.png,1,0.8371628817459649,0.7545406800987253,0.8967154447233481
/root/New_CheckLiuliang_remote/datasets/toniot/test/abnormal/test_00022889_orig85411_85412_85413.png,1,0.8916209049327037,0.8786020635945506,0.7633593178199636
/root/New_CheckLiuliang_remote/datasets/toniot/test/abnormal/test_00022896_orig85432_85433_85434.png,1,0.6671218956841165,0.6231225760909128,0.715883646154011
/root/New_CheckLiuliang_remote/datasets/toniot/test/abnormal/test_00022902_orig85450_85451_85452.png,1,0.24757716183163522,0.3008848461297633,0.2650195014199716
/root/New_CheckLiuliang_remote/datasets/toniot/test/abnormal/test_00022909_orig85471_85472_85473.png,1,0.2928327488664793,0.21552879928526764,0.5939224719956531
/root/New_CheckLiuliang_remote/datasets/toniot/test/abnormal/test_00022915_orig85489_85490_85491.png,1,0.43865539051547153,0.44765442384884735,0.4703408289182243
/root/New_CheckLiuliang_remote/datasets/toniot/test/abnormal/test_00022922_orig85510_85511_85512.png,1,0.6726469933955326,0.695522317144668,0.562790284772127
/root/New_CheckLiuliang_remote/datasets/toniot/test/abnormal/test_00022929_orig85531_85532_85533.png,1,0.5010004243041754,0.4507030662052242,0.6419582718259655
/root/New_CheckLiuliang_remote/datasets/toniot/test/abnormal/test_00022935_orig85549_85550_85551.png,1,0.38689038337500664,0.30238388356582213,0.6609053353169603
/root/New_CheckLiuliang_remote/datasets/toniot/test/abnormal/test_00022942_orig85570_85571_85572.png,1,0.6035609220224428,0.5900527989017693,0.6108296575495135
/root/New_CheckLiuliang_remote/datasets/toniot/test/abnormal/test_00022949_orig85591_85592_85593.png,1,0.4407078984176338,0.3989782992526024,0.5898025891773234
/root/New_CheckLiuliang_remote/datasets/toniot/test/abnormal/test_00022955_orig85609_85610_85611.png,1,0.512388192089304,0.4791566090259566,0.6082131609230627
/root/New_CheckLiuliang_remote/datasets/toniot/test/abnormal/test_00022962_orig85630_85631_85632.png,1,0.6854288158205762,0.6907509865325893,0.6105663588343727
/root/New_CheckLiuliang_remote/datasets/toniot/test/abnormal/test_00022968_orig85648_85649_85650.png,1,0.7416081286392825,0.7523795140600514,0.6278214944648178
/root/New_CheckLiuliang_remote/datasets/toniot/test/abnormal/test_00022975_orig85669_85670_85671.png,1,0.6779141542336733,0.6423307537694412,0.702003846140104
/root/New_CheckLiuliang_remote/datasets/toniot/test/abnormal/test_00022982_orig85690_85691_85692.png,1,0.48823241293325836,0.4246611511908388,0.6661193644661618
/root/New_CheckLiuliang_remote/datasets/toniot/test/abnormal/test_00022988_orig85708_85709_85710.png,1,0.4273290114235784,0.3191281690582994,0.7377649237189542
/root/New_CheckLiuliang_remote/datasets/toniot/test/abnormal/test_00022995_orig85729_85730_85731.png,1,0.5316435762400248,0.5024237606087782,0.6091245372689986
/root/New_CheckLiuliang_remote/datasets/toniot/test/abnormal/test_00023002_orig85750_85751_85752.png,1,0.9912084133403418,0.9755983041226923,0.8225325433638967
/root/New_CheckLiuliang_remote/datasets/toniot/test/abnormal/test_00023008_orig85768_85769_85770.png,1,0.9286353559234662,0.8929764649086265,0.8359321942594834
/root/New_CheckLiuliang_remote/datasets/toniot/test/abnormal/test_00023015_orig85789_85790_85791.png,1,0.5947805715618261,0.5280821772526075,0.7302562380220385
/root/New_CheckLiuliang_remote/datasets/toniot/test/abnormal/test_00023021_orig85807_85808_85809.png,1,0.5611178294158744,0.6159833975749667,0.4286489340387247
/root/New_CheckLiuliang_remote/datasets/toniot/test/abnormal/test_00023028_orig85828_85829_85830.png,1,0.7762662639917648,0.7539094349932082,0.7236097319382716
/root/New_CheckLiuliang_remote/datasets/toniot/test/abnormal/test_00023035_orig85849_85850_85851.png,1,0.3086982188127364,0.24288733547538102,0.5755690674030969
/root/New_CheckLiuliang_remote/datasets/toniot/test/abnormal/test_00023041_orig85867_85868_85869.png,1,0.3356084641144199,0.22208153073544298,0.7012623222012212
/root/New_CheckLiuliang_remote/datasets/toniot/test/abnormal/test_00023048_orig85888_85889_85890.png,1,0.5717599778459979,0.49660205171628247,0.7377143527757539
/root/New_CheckLiuliang_remote/datasets/toniot/test/abnormal/test_00023055_orig85909_85910_85911.png,1,0.5008558022830649,0.4558395687170537,0.6295584964269155
/root/New_CheckLiuliang_remote/datasets/toniot/test/abnormal/test_00023061_orig85927_85928_85929.png,1,0.4434681226732714,0.37626026303576293,0.6507243600508238
/root/New_CheckLiuliang_remote/datasets/toniot/test/abnormal/test_00023068_orig85948_85949_85950.png,1,0.32782832587675975,0.25909268697454574,0.5925988325258015
/root/New_CheckLiuliang_remote/datasets/toniot/test/abnormal/test_00023075_orig85969_85970_85971.png,1,0.40511776670875815,0.3218584738292058,0.6677189453869543
/root/New_CheckLiuliang_remote/datasets/toniot/test/abnormal/test_00023081_orig85987_85988_85989.png,1,0.4384713167378151,0.4355755826926846,0.49799708832297684
/root/New_CheckLiuliang_remote/datasets/toniot/test/abnormal/test_00023088_orig86008_86009_86010.png,1,0.7495730464036443,0.7639615042299361,0.6236307023891747
/root/New_CheckLiuliang_remote/datasets/toniot/test/abnormal/test_00023094_orig86026_86027_86028.png,1,0.7231324045851936,0.7427302878019519,0.5973700910799178
/root/New_CheckLiuliang_remote/datasets/toniot/test/abnormal/test_00023101_orig86047_86048_86049.png,1,0.4542186673334384,0.3915910346226062,0.6457722554063499
/root/New_CheckLiuliang_remote/datasets/toniot/test/abnormal/test_00023108_orig86068_86069_86070.png,1,0.3085466601245526,0.25186255486275083,0.5541923999018264
/root/New_CheckLiuliang_remote/datasets/toniot/test/abnormal/test_00023114_orig86086_86087_86088.png,1,0.2841902563156307,0.2152058800820958,0.5698996249230098
/root/New_CheckLiuliang_remote/datasets/toniot/test/abnormal/test_00023121_orig86107_86108_86109.png,1,0.6050234369727995,0.551212559062567,0.7056496263659308
/root/New_CheckLiuliang_remote/datasets/toniot/test/abnormal/test_00023128_orig86128_86129_86130.png,1,0.7713808699688649,0.8111212830565838,0.5761099566216741
/root/New_CheckLiuliang_remote/datasets/toniot/test/abnormal/test_00023134_orig86146_86147_86148.png,1,0.6462922723822669,0.5934615224715621,0.7253783407398694
/root/New_CheckLiuliang_remote/datasets/toniot/test/abnormal/test_00023141_orig86167_86168_86169.png,1,0.49075123341645954,0.42808412868236917,0.6653533795819268
/root/New_CheckLiuliang_remote/datasets/toniot/test/abnormal/test_00023147_orig86185_86186_86187.png,1,0.3822928104440238,0.3024840003970735,0.6474913926330779
/root/New_CheckLiuliang_remote/datasets/toniot/test/abnormal/test_00023154_orig86206_86207_86208.png,1,0.30766789677207396,0.23271444728297344,0.5963520760059289
/root/New_CheckLiuliang_remote/datasets/toniot/test/abnormal/test_00023161_orig86227_86228_86229.png,1,0.5359315683022758,0.4763774336662359,0.6821921294572171
/root/New_CheckLiuliang_remote/datasets/toniot/test/abnormal/test_00023167_orig86245_86246_86247.png,1,0.7216809342158214,0.7173834211618134,0.6523517000219599
/root/New_CheckLiuliang_remote/datasets/toniot/test/abnormal/test_00023174_orig86266_86267_86268.png,1,0.6821336094748346,0.6492775043419312,0.6978911092159222
/root/New_CheckLiuliang_remote/datasets/toniot/test/abnormal/test_00023181_orig86287_86288_86289.png,1,0.30998177791755127,0.2355363844079065,0.5964009978966336
/root/New_CheckLiuliang_remote/datasets/toniot/test/abnormal/test_00023187_orig86305_86306_86307.png,1,0.5052975492941291,0.4062247215606687,0.7580600876251528
/root/New_CheckLiuliang_remote/datasets/toniot/test/abnormal/test_00023194_orig86326_86327_86328.png,1,0.760814013518764,0.7687436949728624,0.644697897705426
/root/New_CheckLiuliang_remote/datasets/toniot/test/abnormal/test_00023200_orig86344_86345_86346.png,1,0.506833285338117,0.38540211755582576,0.811048816626187
/root/New_CheckLiuliang_remote/datasets/toniot/test/abnormal/test_00023207_orig86365_86366_86367.png,1,0.3187476992498774,0.24896849968140788,0.5901895668296389
/root/New_CheckLiuliang_remote/datasets/toniot/test/abnormal/test_00023214_orig86386_86387_86388.png,1,0.30487461441828584,0.23358020333898116,0.5863241877798064
/root/New_CheckLiuliang_remote/datasets/toniot/test/abnormal/test_00023220_orig86404_86405_86406.png,1,0.6983250952459089,0.6050767717921677,0.8474439548896193
/root/New_CheckLiuliang_remote/datasets/toniot/test/abnormal/test_00023227_orig86425_86426_86427.png,1,0.46499879905101693,0.40909179610443713,0.6358416612774715
/root/New_CheckLiuliang_remote/datasets/toniot/test/abnormal/test_00023234_orig86446_86447_86448.png,1,0.5945000641421943,0.532442519787922,0.7192779458742493
/root/New_CheckLiuliang_remote/datasets/toniot/test/abnormal/test_00023240_orig86464_86465_86466.png,1,0.29878904484997265,0.2342715185432492,0.5672649887191067
/root/New_CheckLiuliang_remote/datasets/toniot/test/abnormal/test_00023247_orig86485_86486_86487.png,1,0.29381076108976406,0.23002554676092354,0.5629004964472538
/root/New_CheckLiuliang_remote/datasets/toniot/test/abnormal/test_00023253_orig86503_86504_86505.png,1,0.7484766754053673,0.7473074935751296,0.6593469807085593
/root/New_CheckLiuliang_remote/datasets/toniot/test/abnormal/test_00023260_orig86524_86525_86526.png,1,0.4915796618225689,0.4398683887892906,0.6402317138630071
/root/New_CheckLiuliang_remote/datasets/toniot/test/abnormal/test_00023267_orig86545_86546_86547.png,1,0.31509374144204666,0.2537176009631579,0.5686331526063412
/root/New_CheckLiuliang_remote/datasets/toniot/test/abnormal/test_00023273_orig86563_86564_86565.png,1,0.4630989671392998,0.4754261540798033,0.4756150484835176
/root/New_CheckLiuliang_remote/datasets/toniot/test/abnormal/test_00023280_orig86584_86585_86586.png,1,0.7909218321407407,0.8031044702165153,0.6508359459363636
/root/New_CheckLiuliang_remote/datasets/toniot/test/abnormal/test_00023287_orig86605_86606_86607.png,1,0.5563585196330072,0.4927341482390892,0.7025865113552381
/root/New_CheckLiuliang_remote/datasets/toniot/test/abnormal/test_00023293_orig86623_86624_86625.png,1,0.3011990614712959,0.23666549863696873,0.5685880785047931
/root/New_CheckLiuliang_remote/datasets/toniot/test/abnormal/test_00023300_orig86644_86645_86646.png,1,0.5881398773678693,0.535932694339072,0.6929008015219655
/root/New_CheckLiuliang_remote/datasets/toniot/test/abnormal/test_00023307_orig86665_86666_86667.png,1,0.819203285090859,0.7873274151276533,0.7687264340091792
/root/New_CheckLiuliang_remote/datasets/toniot/test/abnormal/test_00023313_orig86683_86684_86685.png,1,0.925233085220543,0.8920082163677444,0.8284378003508635
/root/New_CheckLiuliang_remote/datasets/toniot/test/abnormal/test_00023320_orig86704_86705_86706.png,1,0.5413725098956501,0.498857904520784,0.6453358061791646
/root/New_CheckLiuliang_remote/datasets/toniot/test/abnormal/test_00023326_orig86722_86723_86724.png,1,0.6493252719375191,0.6834421184721493,0.5241186295384329
/root/New_CheckLiuliang_remote/datasets/toniot/test/abnormal/test_00023333_orig86743_86744_86745.png,1,0.3259065567482575,0.27610932418593565,0.547384011831402
/root/New_CheckLiuliang_remote/datasets/toniot/test/abnormal/test_00023340_orig86764_86765_86766.png,1,0.7178546054653119,0.7124695513323599,0.6528480648231543
/root/New_CheckLiuliang_remote/datasets/toniot/test/abnormal/test_00023346_orig86782_86783_86784.png,1,0.6859707355538585,0.6803877066712596,0.6363009223975135
/root/New_CheckLiuliang_remote/datasets/toniot/test/abnormal/test_00023353_orig86803_86804_86805.png,1,0.32826003143020954,0.28740538747334815,0.5277734795529858
/root/New_CheckLiuliang_remote/datasets/toniot/test/abnormal/test_00023360_orig86824_86825_86826.png,1,0.8207361697238784,0.8256070007118477,0.6838018795350661
/root/New_CheckLiuliang_remote/datasets/toniot/test/abnormal/test_00023366_orig86842_86843_86844.png,1,0.6650564825035196,0.6194270771909254,0.7185853438260711
/root/New_CheckLiuliang_remote/datasets/toniot/test/abnormal/test_00023373_orig86863_86864_86865.png,1,0.6231029751816037,0.5445379905194452,0.7730540974419623
/root/New_CheckLiuliang_remote/datasets/toniot/test/abnormal/test_00023379_orig86881_86882_86883.png,1,0.9298000459342245,0.8945722253850468,0.8355476901859115
/root/New_CheckLiuliang_remote/datasets/toniot/test/abnormal/test_00023386_orig86902_86903_86904.png,1,0.9275754870650884,0.8914139635829269,0.8365395952620523
/root/New_CheckLiuliang_remote/datasets/toniot/test/abnormal/test_00023393_orig86923_86924_86925.png,1,0.6865358068559858,0.6420446571974244,0.7273879860479165
/root/New_CheckLiuliang_remote/datasets/toniot/test/abnormal/test_00023399_orig86941_86942_86943.png,1,0.5769753743113571,0.5406873953757902,0.649800066127005
/root/New_CheckLiuliang_remote/datasets/toniot/test/abnormal/test_00023406_orig86962_86963_86964.png,1,0.7263369050133507,0.7229380387112758,0.6527386776742753
/root/New_CheckLiuliang_remote/datasets/toniot/test/abnormal/test_00023413_orig86983_86984_86985.png,1,0.4717300321265795,0.5678645334428396,0.2846690612741184
/root/New_CheckLiuliang_remote/datasets/toniot/test/abnormal/test_00023419_orig87001_87002_87003.png,1,0.764657474863165,0.7736755518940323,0.6442086787983794
/root/New_CheckLiuliang_remote/datasets/toniot/test/abnormal/test_00023426_orig87022_87023_87024.png,1,0.7134372278444895,0.6127277339743074,0.8729152197376192
/root/New_CheckLiuliang_remote/datasets/toniot/test/abnormal/test_00023432_orig87040_87041_87042.png,1,0.9522334271690502,0.9239264803079525,0.8313665175831596
/root/New_CheckLiuliang_remote/datasets/toniot/test/abnormal/test_00023439_orig87061_87062_87063.png,1,0.5124153028576502,0.449158551971241,0.6782863486212409
/root/New_CheckLiuliang_remote/datasets/toniot/test/abnormal/test_00023446_orig87082_87083_87084.png,1,0.4972330164774619,0.5543491006029918,0.38931710812260045
/root/New_CheckLiuliang_remote/datasets/toniot/test/abnormal/test_00023452_orig87100_87101_87102.png,1,0.7745004019599055,0.7399823353184182,0.7510439189402749
/root/New_CheckLiuliang_remote/datasets/toniot/test/abnormal/test_00023459_orig87121_87122_87123.png,1,0.44907660072391653,0.38331697243308505,0.6503371075564258
/root/New_CheckLiuliang_remote/datasets/toniot/test/abnormal/test_00023466_orig87142_87143_87144.png,1,0.7271764844650559,0.7244513300690721,0.6516145735563988
/root/New_CheckLiuliang_remote/datasets/toniot/test/abnormal/test_00023472_orig87160_87161_87162.png,1,0.9290083766885673,0.8933168621348812,0.8362073111841763
/root/New_CheckLiuliang_remote/datasets/toniot/test/abnormal/test_00023479_orig87181_87182_87183.png,1,0.4996987178457046,0.507967857406482,0.5046086894622522
/root/New_CheckLiuliang_remote/datasets/toniot/test/abnormal/test_00023485_orig87199_87200_87201.png,1,0.4727464695894188,0.49386461998450737,0.4602494521710188
/root/New_CheckLiuliang_remote/datasets/toniot/test/abnormal/test_00023492_orig87220_87221_87222.png,1,0.5053054362542846,0.3731705558096185,0.8352090847401354
/root/New_CheckLiuliang_remote/datasets/toniot/test/abnormal/test_00023499_orig87241_87242_87243.png,1,0.7205487371533106,0.7098298607782132,0.6667308880999699
/root/New_CheckLiuliang_remote/datasets/toniot/test/abnormal/test_00023505_orig87259_87260_87261.png,1,0.14713044523206198,0.2364752766575911,0.12734752929335627
/root/New_CheckLiuliang_remote/datasets/toniot/test/abnormal/test_00023512_orig87280_87281_87282.png,1,0.6971648441549716,0.6980425462594909,0.6271976029372923
/root/New_CheckLiuliang_remote/datasets/toniot/test/abnormal/test_00023519_orig87301_87302_87303.png,1,0.5053054362542846,0.3731705558096185,0.8352090847401354
/root/New_CheckLiuliang_remote/datasets/toniot/test/abnormal/test_00023525_orig87319_87320_87321.png,1,0.48943690523135325,0.42754519468905666,0.6628429719993635
/root/New_CheckLiuliang_remote/datasets/toniot/test/abnormal/test_00023532_orig87340_87341_87342.png,1,0.8809200060545022,0.8609628354444127,0.773840145798228
/root/New_CheckLiuliang_remote/datasets/toniot/test/abnormal/test_00023539_orig87361_87362_87363.png,1,0.505206131087821,0.37733066468243026,0.8252174756689176
/root/New_CheckLiuliang_remote/datasets/toniot/test/abnormal/test_00023545_orig87379_87380_87381.png,1,0.5873448464782763,0.5811128749396541,0.5852011830302604
/root/New_CheckLiuliang_remote/datasets/toniot/test/abnormal/test_00023552_orig87400_87401_87402.png,1,0.7000974509093636,0.6811394313533674,0.6750454107830993
/root/New_CheckLiuliang_remote/datasets/toniot/test/abnormal/test_00023558_orig87418_87419_87420.png,1,0.6888324292540146,0.5831576339508053,0.8713750047066706
/root/New_CheckLiuliang_remote/datasets/toniot/test/abnormal/test_00023565_orig87439_87440_87441.png,1,0.5645223566495772,0.5018732877264401,0.7046659665522682
/root/New_CheckLiuliang_remote/datasets/toniot/test/abnormal/test_00023572_orig87460_87461_87462.png,1,0.7456244286893022,0.7488106035602563,0.6476628940926268
/root/New_CheckLiuliang_remote/datasets/toniot/test/abnormal/test_00023578_orig87478_87479_87480.png,1,0.9151968190324277,0.879559452004585,0.8287129172755564
/root/New_CheckLiuliang_remote/datasets/toniot/test/abnormal/test_00023585_orig87499_87500_87501.png,1,0.9764989765619221,0.9577361039110894,0.8220419502464371
/root/New_CheckLiuliang_remote/datasets/toniot/test/abnormal/test_00023592_orig87520_87521_87522.png,1,0.5064841764430535,0.3849347925502896,0.811138415145118
/root/New_CheckLiuliang_remote/datasets/toniot/test/abnormal/test_00023598_orig87538_87539_87540.png,1,0.4534786369185879,0.4836903742757438,0.4287522746617862
/root/New_CheckLiuliang_remote/datasets/toniot/test/abnormal/test_00023605_orig87559_87560_87561.png,1,0.6780956145177985,0.7053320697118587,0.555520986529165
/root/New_CheckLiuliang_remote/datasets/toniot/test/abnormal/test_00023611_orig87577_87578_87579.png,1,0.7251473928354268,0.7221907259573248,0.6510723101274085
/root/New_CheckLiuliang_remote/datasets/toniot/test/abnormal/test_00023618_orig87598_87599_87600.png,1,0.5477270753669323,0.4817246905923268,0.7035305939090047
/root/New_CheckLiuliang_remote/datasets/toniot/test/abnormal/test_00023625_orig87619_87620_87621.png,1,0.9338959840143685,0.8988653708607417,0.8372725990963742
/root/New_CheckLiuliang_remote/datasets/toniot/test/abnormal/test_00023631_orig87637_87638_87639.png,1,0.9298607099625518,0.8942671235840468,0.8364335062181647
/root/New_CheckLiuliang_remote/datasets/toniot/test/abnormal/test_00023638_orig87658_87659_87660.png,1,0.147687716809792,0.23532868440544602,0.1316204991516999
/root/New_CheckLiuliang_remote/datasets/toniot/test/abnormal/test_00023645_orig87679_87680_87681.png,1,0.14837291641398465,0.23581552370859893,0.13244887318868762
/root/New_CheckLiuliang_remote/datasets/toniot/test/abnormal/test_00023651_orig87697_87698_87699.png,1,0.7134253712361956,0.7075492333002156,0.6516310640813554
/root/New_CheckLiuliang_remote/datasets/toniot/test/abnormal/test_00023658_orig87718_87719_87720.png,1,0.4734572329383645,0.5962430734849057,0.22340401263943768
/root/New_CheckLiuliang_remote/datasets/toniot/test/abnormal/test_00023664_orig87736_87737_87738.png,1,0.7501485779531556,0.7505074990051951,0.6566733169289256
/root/New_CheckLiuliang_remote/datasets/toniot/test/abnormal/test_00023671_orig87757_87758_87759.png,1,0.6704212209198553,0.6278850828466779,0.7142296465008617
/root/New_CheckLiuliang_remote/datasets/toniot/test/abnormal/test_00023678_orig87778_87779_87780.png,1,0.947102461175906,0.9181448181479575,0.8301475929467826
/root/New_CheckLiuliang_remote/datasets/toniot/test/abnormal/test_00023684_orig87796_87797_87798.png,1,0.6617670408885479,0.7391739343284494,0.4297458287904227
/root/New_CheckLiuliang_remote/datasets/toniot/test/abnormal/test_00023691_orig87817_87818_87819.png,1,0.5066817681774011,0.38519475693245425,0.8110982882010569
/root/New_CheckLiuliang_remote/datasets/toniot/test/abnormal/test_00023698_orig87838_87839_87840.png,1,0.6740312748419515,0.6578166215999518,0.6547387035094311
/root/New_CheckLiuliang_remote/datasets/toniot/test/abnormal/test_00023704_orig87856_87857_87858.png,1,0.5011689180464967,0.45624241169568214,0.6295161707461935
/root/New_CheckLiuliang_remote/datasets/toniot/test/abnormal/test_00023711_orig87877_87878_87879.png,1,0.43800485996807503,0.46942762868194493,0.417671741259266
/root/New_CheckLiuliang_remote/datasets/toniot/test/abnormal/test_00023718_orig87898_87899_87900.png,1,0.7498672512022542,0.7496600694199926,0.6578441442008458
/root/New_CheckLiuliang_remote/datasets/toniot/test/abnormal/test_00023724_orig87916_87917_87918.png,1,0.7455225756878764,0.7450940631567515,0.6560428291914173
/root/New_CheckLiuliang_remote/datasets/toniot/test/abnormal/test_00023731_orig87937_87938_87939.png,1,0.6385813709441057,0.6551314542478808,0.5593761964219408
/root/New_CheckLiuliang_remote/datasets/toniot/test/abnormal/test_00023737_orig87955_87956_87957.png,1,0.6619364301738683,0.7213660347710845,0.4717832001677636
/root/New_CheckLiuliang_remote/datasets/toniot/test/abnormal/test_00023744_orig87976_87977_87978.png,1,0.5181874983877628,0.5596912668427478,0.43692442914612334
/root/New_CheckLiuliang_remote/datasets/toniot/test/abnormal/test_00023751_orig87997_87998_87999.png,1,0.5104442773034173,0.38576423504377566,0.8205558791057628
/root/New_CheckLiuliang_remote/datasets/toniot/test/abnormal/test_00023757_orig88015_88016_88017.png,1,0.7227713740469971,0.718197591596295,0.6535780453945674
/root/New_CheckLiuliang_remote/datasets/toniot/test/abnormal/test_00023764_orig88036_88037_88038.png,1,0.7517132804535326,0.7528678805691048,0.6556514540657802
/root/New_CheckLiuliang_remote/datasets/toniot/test/abnormal/test_00023771_orig88057_88058_88059.png,1,0.7225166192275414,0.7185498670906643,0.652025737311984
/root/New_CheckLiuliang_remote/datasets/toniot/test/abnormal/test_00023777_orig88075_88076_88077.png,1,0.6784192744247097,0.6374192595936105,0.7149120793919833
/root/New_CheckLiuliang_remote/datasets/toniot/test/abnormal/test_00023784_orig88096_88097_88098.png,1,0.5103017473824224,0.3855633226230949,0.8206160695218545
/root/New_CheckLiuliang_remote/datasets/toniot/test/abnormal/test_00023790_orig88114_88115_88116.png,1,0.7200001023245579,0.7154754319235244,0.6519850606837576
/root/New_CheckLiuliang_remote/datasets/toniot/test/abnormal/test_00023797_orig88135_88136_88137.png,1,0.7239835833963634,0.7207887509407164,0.6510071725538299
/root/New_CheckLiuliang_remote/datasets/toniot/test/abnormal/test_00023804_orig88156_88157_88158.png,1,0.7350526440165922,0.6969870772927391,0.73827722936094
/root/New_CheckLiuliang_remote/datasets/toniot/test/abnormal/test_00023810_orig88174_88175_88176.png,1,0.6982071198148398,0.6887449167375828,0.6518800710082004
/root/New_CheckLiuliang_remote/datasets/toniot/test/abnormal/test_00023817_orig88195_88196_88197.png,1,0.931796563634263,0.8969950527013303,0.8356180497590597
/root/New_CheckLiuliang_remote/datasets/toniot/test/abnormal/test_00023824_orig88216_88217_88218.png,1,0.5035584171131599,0.4594794094464473,0.6288133995409587
/root/New_CheckLiuliang_remote/datasets/toniot/test/abnormal/test_00023830_orig88234_88235_88236.png,1,0.5166280697821141,0.5325843802471188,0.4957032563015106
/root/New_CheckLiuliang_remote/datasets/toniot/test/abnormal/test_00023837_orig88255_88256_88257.png,1,0.5064841764430535,0.3849347925502896,0.811138415145118
/root/New_CheckLiuliang_remote/datasets/toniot/test/abnormal/test_00023843_orig88273_88274_88275.png,1,0.7321012771949208,0.7032248649483338,0.7152614036789812
/root/New_CheckLiuliang_remote/datasets/toniot/test/abnormal/test_00023850_orig88294_88295_88296.png,1,0.5175309484206121,0.5922540116729438,0.35906249166884935
/root/New_CheckLiuliang_remote/datasets/toniot/test/abnormal/test_00023857_orig88315_88316_88317.png,1,0.7053222489579988,0.7054959898118397,0.6331919087590248
/root/New_CheckLiuliang_remote/datasets/toniot/test/abnormal/test_00023863_orig88333_88334_88335.png,1,0.7468950795460785,0.7610957872025236,0.6226401715234469
/root/New_CheckLiuliang_remote/datasets/toniot/test/abnormal/test_00023870_orig88354_88355_88356.png,1,0.9900501753861758,0.954898894727152,0.8675107250251687
/root/New_CheckLiuliang_remote/datasets/toniot/test/abnormal/test_00023877_orig88375_88376_88377.png,1,0.5283824807049112,0.5567705704029193,0.4729663953334013
/root/New_CheckLiuliang_remote/datasets/toniot/test/abnormal/test_00023883_orig88393_88394_88395.png,1,0.706955726690633,0.6955134932883543,0.661167259821688
/root/New_CheckLiuliang_remote/datasets/toniot/test/abnormal/test_00023890_orig88414_88415_88416.png,1,0.3612681531085678,0.42204861096381113,0.30823374659505015
/root/New_CheckLiuliang_remote/datasets/toniot/test/abnormal/test_00023896_orig88432_88433_88434.png,1,0.7290875651020844,0.728443446292835,0.6477783277673231
/root/New_CheckLiuliang_remote/datasets/toniot/test/abnormal/test_00023903_orig88453_88454_88455.png,1,0.9352209263437757,0.9006338752934568,0.8369444376497374
/root/New_CheckLiuliang_remote/datasets/toniot/test/abnormal/test_00023910_orig88474_88475_88476.png,1,0.6965045336708686,0.7009673152483873,0.6184801617610561
/root/New_CheckLiuliang_remote/datasets/toniot/test/abnormal/test_00023916_orig88492_88493_88494.png,1,0.7019161908372464,0.8207033122550638,0.35461032477264376
/root/New_CheckLiuliang_remote/datasets/toniot/test/abnormal/test_00023923_orig88513_88514_88515.png,1,0.7292147541807846,0.7283100703108628,0.648454164448462
/root/New_CheckLiuliang_remote/datasets/toniot/test/abnormal/test_00023930_orig88534_88535_88536.png,1,0.9292938942859568,0.8934478624632304,0.8367201665103273
/root/New_CheckLiuliang_remote/datasets/toniot/test/abnormal/test_00023936_orig88552_88553_88554.png,1,0.5064841764430535,0.3849347925502896,0.811138415145118
/root/New_CheckLiuliang_remote/datasets/toniot/test/abnormal/test_00023943_orig88573_88574_88575.png,1,0.876854533157107,0.855167258741769,0.7757082474337308
/root/New_CheckLiuliang_remote/datasets/toniot/test/abnormal/test_00023950_orig88594_88595_88596.png,1,0.7663968440444281,0.7876522009158144,0.6165829268647967
/root/New_CheckLiuliang_remote/datasets/toniot/test/abnormal/test_00023956_orig88612_88613_88614.png,1,0.5688337694094243,0.5868680655307082,0.5187047901951736
/root/New_CheckLiuliang_remote/datasets/toniot/test/abnormal/test_00023963_orig88633_88634_88635.png,1,0.9080595608058428,0.9163471271135893,0.7224138940368338
/root/New_CheckLiuliang_remote/datasets/toniot/test/abnormal/test_00023969_orig88651_88652_88653.png,1,0.643425187851353,0.6786219172712564,0.5184513857950068
/root/New_CheckLiuliang_remote/datasets/toniot/test/abnormal/test_00023976_orig88672_88673_88674.png,1,0.6897512081461447,0.6764526061344467,0.6563206945369364
/root/New_CheckLiuliang_remote/datasets/toniot/test/abnormal/test_00023983_orig88693_88694_88695.png,1,0.39637648953326304,0.4432387625220278,0.359438750479943
/root/New_CheckLiuliang_remote/datasets/toniot/test/abnormal/test_00023989_orig88711_88712_88713.png,1,0.763931100787053,0.7945517777949352,0.5934151135111543
/root/New_CheckLiuliang_remote/datasets/toniot/test/abnormal/test_00023996_orig88732_88733_88734.png,1,0.5019174151696193,0.3724205280229556,0.8272463599227474
/root/New_CheckLiuliang_remote/datasets/toniot/test/abnormal/test_00024003_orig88753_88754_88755.png,1,0.9178840147251989,0.8774179699530723,0.8414133699129822
/root/New_CheckLiuliang_remote/datasets/toniot/test/abnormal/test_00024009_orig88771_88772_88773.png,1,0.9278432208254759,0.8912320563912294,0.8377315853743336
/root/New_CheckLiuliang_remote/datasets/toniot/test/abnormal/test_00024016_orig88792_88793_88794.png,1,0.5071267568574684,0.37979523562665923,0.8249728662153943
/root/New_CheckLiuliang_remote/datasets/toniot/test/abnormal/test_00024022_orig88810_88811_88812.png,1,0.4905458619994427,0.4984034759206294,0.5006861432592368
/root/New_CheckLiuliang_remote/datasets/toniot/test/abnormal/test_00024029_orig88831_88832_88833.png,1,0.6790184902590215,0.6656369339474963,0.6507886730981546
/root/New_CheckLiuliang_remote/datasets/toniot/test/abnormal/test_00024036_orig88852_88853_88854.png,1,0.16554104731729077,0.2632463476446667,0.1176612697759185
/root/New_CheckLiuliang_remote/datasets/toniot/test/abnormal/test_00024042_orig88870_88871_88872.png,1,0.7649502442852887,0.7820202049340629,0.6255771340182215
/root/New_CheckLiuliang_remote/datasets/toniot/test/abnormal/test_00024049_orig88891_88892_88893.png,1,0.5064841764430535,0.3849347925502896,0.811138415145118
/root/New_CheckLiuliang_remote/datasets/toniot/test/abnormal/test_00024056_orig88912_88913_88914.png,1,0.8706520057489431,0.8545954049768246,0.7592611475261601
/root/New_CheckLiuliang_remote/datasets/toniot/test/abnormal/test_00024062_orig88930_88931_88932.png,1,0.5553293263797956,0.4861824349261808,0.7149233479173703
/root/New_CheckLiuliang_remote/datasets/toniot/test/abnormal/test_00024069_orig88951_88952_88953.png,1,0.5245357622495984,0.46803210186802735,0.6689950371765143
/root/New_CheckLiuliang_remote/datasets/toniot/test/abnormal/test_00024075_orig88969_88970_88971.png,1,0.7067603281705849,0.701860561010603,0.6457972660358674
/root/New_CheckLiuliang_remote/datasets/toniot/test/abnormal/test_00024082_orig88990_88991_88992.png,1,0.9767229579271814,0.9532746264072566,0.8330941749144485
/root/New_CheckLiuliang_remote/datasets/toniot/test/abnormal/test_00024089_orig89011_89012_89013.png,1,0.952842011236198,0.9194887593403489,0.8434658905859166
/root/New_CheckLiuliang_remote/datasets/toniot/test/abnormal/test_00024095_orig89029_89030_89031.png,1,0.928418404034644,0.8926448915386854,0.8360839070890843
/root/New_CheckLiuliang_remote/datasets/toniot/test/abnormal/test_00024102_orig89050_89051_89052.png,1,0.8727492826092127,0.8254936480961257,0.8331777269075621
/root/New_CheckLiuliang_remote/datasets/toniot/test/abnormal/test_00024109_orig89071_89072_89073.png,1,0.7118576759951448,0.7054152175886607,0.6521161603571628
/root/New_CheckLiuliang_remote/datasets/toniot/test/abnormal/test_00024115_orig89089_89090_89091.png,1,0.5962422576410362,0.5455120085048399,0.6937769980813274
/root/New_CheckLiuliang_remote/datasets/toniot/test/abnormal/test_00024122_orig89110_89111_89112.png,1,0.27551687729528795,0.4279388744322824,0.048657767463259796
/root/New_CheckLiuliang_remote/datasets/toniot/test/abnormal/test_00024128_orig89128_89129_89130.png,1,0.5136668475941344,0.6830969699386488,0.13601797247346606
/root/New_CheckLiuliang_remote/datasets/toniot/test/abnormal/test_00024135_orig89149_89150_89151.png,1,0.8558858024727501,0.766180364713738,0.9232311094852675
/root/New_CheckLiuliang_remote/datasets/toniot/test/abnormal/test_00024142_orig89170_89171_89172.png,1,0.7927295626485168,0.840021448758424,0.5698787369247315
/root/New_CheckLiuliang_remote/datasets/toniot/test/abnormal/test_00024148_orig89188_89189_89190.png,1,0.5064841764430535,0.3849347925502896,0.811138415145118
/root/New_CheckLiuliang_remote/datasets/toniot/test/abnormal/test_00024155_orig89209_89210_89211.png,1,0.3038242457682572,0.373129490939851,0.2576979831813136
/root/New_CheckLiuliang_remote/datasets/toniot/test/abnormal/test_00024162_orig89230_89231_89232.png,1,0.5332241127205146,0.4185625089617291,0.80933187813612
/root/New_CheckLiuliang_remote/datasets/toniot/test/abnormal/test_00024168_orig89248_89249_89250.png,1,0.7122283448032702,0.721573734773545,0.6154755881139594
/root/New_CheckLiuliang_remote/datasets/toniot/test/abnormal/test_00024175_orig89269_89270_89271.png,1,0.9317447468593172,0.8968392776994849,0.835832976267661
/root/New_CheckLiuliang_remote/datasets/toniot/test/abnormal/test_00024182_orig89290_89291_89292.png,1,0.5217717408508941,0.5499005195045404,0.47004482399525294
/root/New_CheckLiuliang_remote/datasets/toniot/test/abnormal/test_00024188_orig89308_89309_89310.png,1,0.7275356903261148,0.7348906308463351,0.6282859775844294
/root/New_CheckLiuliang_remote/datasets/toniot/test/abnormal/test_00024195_orig89329_89330_89331.png,1,0.7190357899095056,0.7164426623271394,0.6469636958344659
/root/New_CheckLiuliang_remote/datasets/toniot/test/abnormal/test_00024201_orig89347_89348_89349.png,1,0.5586836023181816,0.49258753647264647,0.7095941599355551
/root/New_CheckLiuliang_remote/datasets/toniot/test/abnormal/test_00024208_orig89368_89369_89370.png,1,0.14602350617267607,0.23252235871860638,0.13339762805785865
/root/New_CheckLiuliang_remote/datasets/toniot/test/abnormal/test_00024215_orig89389_89390_89391.png,1,0.7033620627472309,0.7376640367615429,0.5525136644612422
/root/New_CheckLiuliang_remote/datasets/toniot/test/abnormal/test_00024221_orig89407_89408_89409.png,1,0.5180948158783595,0.559881997890759,0.4362136875204929
/root/New_CheckLiuliang_remote/datasets/toniot/test/abnormal/test_00024228_orig89428_89429_89430.png,1,0.9068666954873082,0.8638207467527784,0.8415557381117744
/root/New_CheckLiuliang_remote/datasets/toniot/test/abnormal/test_00024235_orig89449_89450_89451.png,1,0.7089161431841444,0.7828160488977391,0.46308142499023625
/root/New_CheckLiuliang_remote/datasets/toniot/test/abnormal/test_00024241_orig89467_89468_89469.png,1,0.4813514515506128,0.6057460273556514,0.22386162470698398
/root/New_CheckLiuliang_remote/datasets/toniot/test/abnormal/test_00024248_orig89488_89489_89490.png,1,0.6020592752367299,0.67525459795032,0.4077205339741918
/root/New_CheckLiuliang_remote/datasets/toniot/test/abnormal/test_00024254_orig89506_89507_89508.png,1,0.9317483126070337,0.8961557682142636,0.8374380540301056
/root/New_CheckLiuliang_remote/datasets/toniot/test/abnormal/test_00024261_orig89527_89528_89529.png,1,0.6671819708611921,0.6722222457902145,0.6014899738982474
/root/New_CheckLiuliang_remote/datasets/toniot/test/abnormal/test_00024268_orig89548_89549_89550.png,1,0.7069889044480502,0.7679553173491439,0.4922314511139762
/root/New_CheckLiuliang_remote/datasets/toniot/test/abnormal/test_00024274_orig89566_89567_89568.png,1,0.506833285338117,0.38540211755582576,0.811048816626187
/root/New_CheckLiuliang_remote/datasets/toniot/test/abnormal/test_00024281_orig89587_89588_89589.png,1,0.5858980971610125,0.61960321493811,0.49124284414282665
/root/New_CheckLiuliang_remote/datasets/toniot/test/abnormal/test_00024288_orig89608_89609_89610.png,1,0.1908827559589678,0.2976071228883197,0.11013581871196357
/root/New_CheckLiuliang_remote/datasets/toniot/test/abnormal/test_00024294_orig89626_89627_89628.png,1,0.8272370111895778,0.8801506503776017,0.5751699966991466
/root/New_CheckLiuliang_remote/datasets/toniot/test/abnormal/test_00024301_orig89647_89648_89649.png,1,0.5743622508957144,0.49775763751428576,0.7424781905936396
/root/New_CheckLiuliang_remote/datasets/toniot/test/abnormal/test_00024307_orig89665_89666_89667.png,1,0.6853895041085885,0.6273189985262463,0.7584616319078465
/root/New_CheckLiuliang_remote/datasets/toniot/test/abnormal/test_00024314_orig89686_89687_89688.png,1,0.729873075182835,0.6902480267227095,0.7391528762361366
/root/New_CheckLiuliang_remote/datasets/toniot/test/abnormal/test_00024321_orig89707_89708_89709.png,1,0.7103558554752952,0.6688786830055072,0.7330626505275731
/root/New_CheckLiuliang_remote/datasets/toniot/test/abnormal/test_00024327_orig89725_89726_89727.png,1,0.9556315577824871,0.9395002473225111,0.8047694995647876
/root/New_CheckLiuliang_remote/datasets/toniot/test/abnormal/test_00024334_orig89746_89747_89748.png,1,0.5064841764430535,0.3849347925502896,0.811138415145118
/root/New_CheckLiuliang_remote/datasets/toniot/test/abnormal/test_00024341_orig89767_89768_89769.png,1,0.6726479282633836,0.698400591198373,0.5560769920622858
/root/New_CheckLiuliang_remote/datasets/toniot/test/abnormal/test_00024347_orig89785_89786_89787.png,1,0.7500743580328642,0.7499336089657168,0.6577996197834629
/root/New_CheckLiuliang_remote/datasets/toniot/test/abnormal/test_00024354_orig89806_89807_89808.png,1,0.5163622238401083,0.48130250300562605,0.6145988418704323
/root/New_CheckLiuliang_remote/datasets/toniot/test/abnormal/test_00024360_orig89824_89825_89826.png,1,0.5480931881986597,0.4821709740943457,0.7035388391714831
/root/New_CheckLiuliang_remote/datasets/toniot/test/abnormal/test_00024367_orig89845_89846_89847.png,1,0.6593419422491857,0.6994754047731973,0.5154234505708882
/root/New_CheckLiuliang_remote/datasets/toniot/test/abnormal/test_00024374_orig89866_89867_89868.png,1,0.7064761416925399,0.6188406301251546,0.8386957314001308
/root/New_CheckLiuliang_remote/datasets/toniot/test/abnormal/test_00024380_orig89884_89885_89886.png,1,0.7411828316422654,0.7529629067140213,0.6252410021511889
/root/New_CheckLiuliang_remote/datasets/toniot/test/abnormal/test_00024387_orig89905_89906_89907.png,1,0.9370185220793062,0.9036336470610196,0.8350983233808434
/root/New_CheckLiuliang_remote/datasets/toniot/test/abnormal/test_00024394_orig89926_89927_89928.png,1,0.7517216709812398,0.7552095962831202,0.6502115047246728
/root/New_CheckLiuliang_remote/datasets/toniot/test/abnormal/test_00024400_orig89944_89945_89946.png,1,0.7206487224994543,0.7178341165919891,0.6483409295104265
/root/New_CheckLiuliang_remote/datasets/toniot/test/abnormal/test_00024407_orig89965_89966_89967.png,1,0.49399912261561746,0.5629499848552082,0.35997744096185935
/root/New_CheckLiuliang_remote/datasets/toniot/test/abnormal/test_00024414_orig89986_89987_89988.png,1,0.9380769824834618,0.9034778720591742,0.8384961960481556
/root/New_CheckLiuliang_remote/datasets/toniot/test/abnormal/test_00024420_orig90004_90005_90006.png,1,0.49863338499585996,0.5633165142713149,0.3724077238320792
/root/New_CheckLiuliang_remote/datasets/toniot/test/abnormal/test_00024427_orig90025_90026_90027.png,1,0.895564046438097,0.869564059075718,0.7957522056764235
/root/New_CheckLiuliang_remote/datasets/toniot/test/abnormal/test_00024433_orig90043_90044_90045.png,1,0.15494747769559522,0.24490409571169067,0.1300901784357253
/root/New_CheckLiuliang_remote/datasets/toniot/test/abnormal/test_00024440_orig90064_90065_90066.png,1,0.8268928789659172,0.86214387467409,0.6161992473174726
/root/New_CheckLiuliang_remote/datasets/toniot/test/abnormal/test_00024447_orig90085_90086_90087.png,1,0.930420234026507,0.8949608144419378,0.8364189395877863
/root/New_CheckLiuliang_remote/datasets/toniot/test/abnormal/test_00024453_orig90103_90104_90105.png,1,0.7195760779374301,0.7049964237928498,0.6752204851897221
/root/New_CheckLiuliang_remote/datasets/toniot/test/abnormal/test_00024460_orig90124_90125_90126.png,1,0.6708021008417224,0.6895373669103692,0.5714662247938891
/root/New_CheckLiuliang_remote/datasets/toniot/test/abnormal/test_00024467_orig90145_90146_90147.png,1,0.783575578862211,0.702277657910969,0.8650382456500056
/root/New_CheckLiuliang_remote/datasets/toniot/test/abnormal/test_00024473_orig90163_90164_90165.png,1,0.9320397324209749,0.8969366794980244,0.8364513709535344
/root/New_CheckLiuliang_remote/datasets/toniot/test/abnormal/test_00024480_orig90184_90185_90186.png,1,0.7233743423176064,0.7186479476473817,0.6542558059702847
/root/New_CheckLiuliang_remote/datasets/toniot/test/abnormal/test_00024486_orig90202_90203_90204.png,1,0.7190881212993816,0.713434066703263,0.6541337760856056
/root/New_CheckLiuliang_remote/datasets/toniot/test/abnormal/test_00024493_orig90223_90224_90225.png,1,0.9263589030470558,0.8899247681404486,0.8365266776841697
/root/New_CheckLiuliang_remote/datasets/toniot/test/abnormal/test_00024500_orig90244_90245_90246.png,1,0.8142185324460116,0.8688096193608983,0.5643109860152103
/root/New_CheckLiuliang_remote/datasets/toniot/test/abnormal/test_00024506_orig90262_90263_90264.png,1,0.7241719407429508,0.7198608885114239,0.6537121683308813
/root/New_CheckLiuliang_remote/datasets/toniot/test/abnormal/test_00024513_orig90283_90284_90285.png,1,0.5990955182749629,0.5175376689577583,0.7672301937114483
/root/New_CheckLiuliang_remote/datasets/toniot/test/abnormal/test_00024520_orig90304_90305_90306.png,1,0.7119945885870202,0.7049034339224671,0.6537028237000725
/root/New_CheckLiuliang_remote/datasets/toniot/test/abnormal/test_00024526_orig90322_90323_90324.png,1,0.7185363299657033,0.7127013472501386,0.6542615776540195
/root/New_CheckLiuliang_remote/datasets/toniot/test/abnormal/test_00024533_orig90343_90344_90345.png,1,0.8849725373034211,0.8755568150290636,0.7514053362789076
/root/New_CheckLiuliang_remote/datasets/toniot/test/abnormal/test_00024539_orig90361_90362_90363.png,1,0.9207322878603993,0.8833343656113957,0.8357738852198998
/root/New_CheckLiuliang_remote/datasets/toniot/test/abnormal/test_00024546_orig90382_90383_90384.png,1,0.9295146477414227,0.8938490085464139,0.836417015693208
/root/New_CheckLiuliang_remote/datasets/toniot/test/abnormal/test_00024553_orig90403_90404_90405.png,1,0.2494990801376121,0.3890548546906008,0.06479924297496766
/root/New_CheckLiuliang_remote/datasets/toniot/test/abnormal/test_00024559_orig90421_90422_90423.png,1,0.6871079374073564,0.7209597980015663,0.5448928431946215
/root/New_CheckLiuliang_remote/datasets/toniot/test/abnormal/test_00024566_orig90442_90443_90444.png,1,0.7221197047537826,0.7170470964846265,0.6543943263799202
/root/New_CheckLiuliang_remote/datasets/toniot/test/abnormal/test_00024573_orig90463_90464_90465.png,1,0.7167066655229115,0.705408090627792,0.66603388857847
/root/New_CheckLiuliang_remote/datasets/toniot/test/abnormal/test_00024579_orig90481_90482_90483.png,1,0.5193907446047528,0.6652788890086143,0.19400278085219186
/root/New_CheckLiuliang_remote/datasets/toniot/test/abnormal/test_00024586_orig90502_90503_90504.png,1,0.6458543459629856,0.654072930869328,0.5826962722893494
/root/New_CheckLiuliang_remote/datasets/toniot/test/abnormal/test_00024592_orig90520_90521_90522.png,1,0.670797979199785,0.6544550717235282,0.653313097626931
/root/New_CheckLiuliang_remote/datasets/toniot/test/abnormal/test_00024599_orig90541_90542_90543.png,1,0.6694077123581968,0.6525704996423792,0.6537248110666813
/root/New_CheckLiuliang_remote/datasets/toniot/test/abnormal/test_00024606_orig90562_90563_90564.png,1,0.7387376563517467,0.7515225818603574,0.6215919238203709
/root/New_CheckLiuliang_remote/datasets/toniot/test/abnormal/test_00024612_orig90580_90581_90582.png,1,0.24800697638148034,0.3874909958485453,0.06417067913203771
/root/New_CheckLiuliang_remote/datasets/toniot/test/abnormal/test_00024619_orig90601_90602_90603.png,1,0.6189373873086802,0.6116624230139748,0.6044885010195267
/root/New_CheckLiuliang_remote/datasets/toniot/test/abnormal/test_00024626_orig90622_90623_90624.png,1,0.7550163230144342,0.7455949866920975,0.6820907127287339
/root/New_CheckLiuliang_remote/datasets/toniot/test/abnormal/test_00024632_orig90640_90641_90642.png,1,0.4885927781671236,0.6094713916154699,0.2359285663439929
/root/New_CheckLiuliang_remote/datasets/toniot/test/abnormal/test_00024639_orig90661_90662_90663.png,1,0.24609226963348765,0.30894747514684506,0.2419498066898212
/root/New_CheckLiuliang_remote/datasets/toniot/test/abnormal/test_00024646_orig90682_90683_90684.png,1,0.6958869374941963,0.7331662456951884,0.5415787973625055
/root/New_CheckLiuliang_remote/datasets/toniot/test/abnormal/test_00024652_orig90700_90701_90702.png,1,0.23004145879607638,0.3223027210566907,0.1647730505244949
/root/New_CheckLiuliang_remote/datasets/toniot/test/abnormal/test_00024659_orig90721_90722_90723.png,1,0.7831881453940155,0.7773578150095493,0.6887405169174922
/root/New_CheckLiuliang_remote/datasets/toniot/test/abnormal/test_00024665_orig90739_90740_90741.png,1,0.5064841764430535,0.3849347925502896,0.811138415145118
/root/New_CheckLiuliang_remote/datasets/toniot/test/abnormal/test_00024672_orig90760_90761_90762.png,1,0.6584478862977111,0.7624607698984324,0.3658945161583783
/root/New_CheckLiuliang_remote/datasets/toniot/test/abnormal/test_00024679_orig90781_90782_90783.png,1,0.8336270205122954,0.8854758476629083,0.581063435476561
/root/New_CheckLiuliang_remote/datasets/toniot/test/abnormal/test_00024685_orig90799_90800_90801.png,1,0.8593352264261943,0.8359991277957413,0.7702094818869448
/root/New_CheckLiuliang_remote/datasets/toniot/test/abnormal/test_00024692_orig90820_90821_90822.png,1,0.5081317146910771,0.3827315435045812,0.8210024974900046
/root/New_CheckLiuliang_remote/datasets/toniot/test/abnormal/test_00024699_orig90841_90842_90843.png,1,0.7499859172928972,0.7654744562086435,0.6212841006878472
/root/New_CheckLiuliang_remote/datasets/toniot/test/abnormal/test_00024705_orig90859_90860_90861.png,1,0.7217828635718173,0.7171628247539714,0.653158636376504
/root/New_CheckLiuliang_remote/datasets/toniot/test/abnormal/test_00024712_orig90880_90881_90882.png,1,0.9325607643488589,0.8975146420865705,0.8365964875731526
/root/New_CheckLiuliang_remote/datasets/toniot/test/abnormal/test_00024718_orig90898_90899_90900.png,1,0.5064841764430535,0.3849347925502896,0.811138415145118
/root/New_CheckLiuliang_remote/datasets/toniot/test/abnormal/test_00024725_orig90919_90920_90921.png,1,0.7926128742023617,0.7753867012607085,0.7203586249430733
/root/New_CheckLiuliang_remote/datasets/toniot/test/abnormal/test_00024732_orig90940_90941_90942.png,1,0.7196987026037523,0.7149205471130293,0.6524157382272081
/root/New_CheckLiuliang_remote/datasets/toniot/test/abnormal/test_00024738_orig90958_90959_90960.png,1,0.7864583391071986,0.8015199092500316,0.6417372987915468
/root/New_CheckLiuliang_remote/datasets/toniot/test/abnormal/test_00024745_orig90979_90980_90981.png,1,0.5708658322089587,0.6415277828448961,0.396990973911165
/root/New_CheckLiuliang_remote/datasets/toniot/test/abnormal/test_00024752_orig91000_91001_91002.png,1,0.8014982714413038,0.7538059243710669,0.7961864561669478
/root/New_CheckLiuliang_remote/datasets/toniot/test/abnormal/test_00024758_orig91018_91019_91020.png,1,0.5509284760785643,0.48231351331172057,0.711334460002644
/root/New_CheckLiuliang_remote/datasets/toniot/test/abnormal/test_00024765_orig91039_91040_91041.png,1,0.6094253942249337,0.580783677223336,0.6492698957496497
/root/New_CheckLiuliang_remote/datasets/toniot/test/abnormal/test_00024771_orig91057_91058_91059.png,1,0.6487094406630288,0.5661465964943837,0.7960427137577426
/root/New_CheckLiuliang_remote/datasets/toniot/test/abnormal/test_00024778_orig91078_91079_91080.png,1,0.8828067099791459,0.8158885411195946,0.8844223080523508
/root/New_CheckLiuliang_remote/datasets/toniot/test/abnormal/test_00024785_orig91099_91100_91101.png,1,0.5069394868314743,0.4684349448466558,0.6176100117275116
/root/New_CheckLiuliang_remote/datasets/toniot/test/abnormal/test_00024791_orig91117_91118_91119.png,1,0.785878517907685,0.7521097076843062,0.7553655358472405
/root/New_CheckLiuliang_remote/datasets/toniot/test/abnormal/test_00024798_orig91138_91139_91140.png,1,0.7172430911873363,0.7623698163025836,0.5346610221432021
/root/New_CheckLiuliang_remote/datasets/toniot/test/abnormal/test_00024805_orig91159_91160_91161.png,1,0.6648059073608145,0.7356202958876588,0.44674948391527936
/root/New_CheckLiuliang_remote/datasets/toniot/test/abnormal/test_00024811_orig91177_91178_91179.png,1,0.9337283143281111,0.8989651483129041,0.8365591090499176
/root/New_CheckLiuliang_remote/datasets/toniot/test/abnormal/test_00024818_orig91198_91199_91200.png,1,0.8549296539678889,0.8177116855856368,0.800250271200425
/root/New_CheckLiuliang_remote/datasets/toniot/test/abnormal/test_00024824_orig91216_91217_91218.png,1,0.7084223032690126,0.7320775175777157,0.5800555895596288
/root/New_CheckLiuliang_remote/datasets/toniot/test/abnormal/test_00024831_orig91237_91238_91239.png,1,0.7065761347433684,0.6973549642252018,0.6557822788971027
/root/New_CheckLiuliang_remote/datasets/toniot/test/abnormal/test_00024838_orig91258_91259_91260.png,1,0.7664150099342031,0.7695996090352895,0.6587577192834427
/root/New_CheckLiuliang_remote/datasets/toniot/test/abnormal/test_00024844_orig91276_91277_91278.png,1,0.6646591816120465,0.6468543376465588,0.6534494192999057
/root/New_CheckLiuliang_remote/datasets/toniot/test/abnormal/test_00024851_orig91297_91298_91299.png,1,0.7475489778259604,0.6727839181824893,0.8305757969114895
/root/New_CheckLiuliang_remote/datasets/toniot/test/abnormal/test_00024858_orig91318_91319_91320.png,1,0.6402340455110203,0.6044451873075615,0.6823820453363009
/root/New_CheckLiuliang_remote/datasets/toniot/test/abnormal/test_00024864_orig91336_91337_91338.png,1,0.724021882768541,0.7200329537095407,0.6528804961889023
/root/New_CheckLiuliang_remote/datasets/toniot/test/abnormal/test_00024871_orig91357_91358_91359.png,1,0.7253514619408084,0.7253323581840843,0.6443268608939019
/root/New_CheckLiuliang_remote/datasets/toniot/test/abnormal/test_00024878_orig91378_91379_91380.png,1,0.7247570359362826,0.7215126465375272,0.651535419036607
/root/New_CheckLiuliang_remote/datasets/toniot/test/abnormal/test_00024884_orig91396_91397_91398.png,1,0.6868245987091793,0.6741027453222956,0.6534136898291664
/root/New_CheckLiuliang_remote/datasets/toniot/test/abnormal/test_00024891_orig91417_91418_91419.png,1,0.7009632416282839,0.7040604162654216,0.6240451642497512
/root/New_CheckLiuliang_remote/datasets/toniot/test/abnormal/test_00024897_orig91435_91436_91437.png,1,0.7243780648638781,0.7208352458759077,0.6520295851011405
/root/New_CheckLiuliang_remote/datasets/toniot/test/abnormal/test_00024904_orig91456_91457_91458.png,1,0.7895695734286631,0.7712513670613929,0.7212831937089746
/root/New_CheckLiuliang_remote/datasets/toniot/test/abnormal/test_00024911_orig91477_91478_91479.png,1,0.9579566415294565,0.9262288280476454,0.8424017020420492
/root/New_CheckLiuliang_remote/datasets/toniot/test/abnormal/test_00024917_orig91495_91496_91497.png,1,0.7168674428807902,0.7113631755022598,0.6525996075804744
/root/New_CheckLiuliang_remote/datasets/toniot/test/abnormal/test_00024924_orig91516_91517_91518.png,1,0.7984628230179261,0.8467621962238986,0.5705864552874532
/root/New_CheckLiuliang_remote/datasets/toniot/test/abnormal/test_00024931_orig91537_91538_91539.png,1,0.7437968078069631,0.7415821683439064,0.6592898135553764
/root/New_CheckLiuliang_remote/datasets/toniot/test/abnormal/test_00024937_orig91555_91556_91557.png,1,0.5064841764430535,0.3849347925502896,0.811138415145118
/root/New_CheckLiuliang_remote/datasets/toniot/test/abnormal/test_00024944_orig91576_91577_91578.png,1,0.7225705468568029,0.7178969017234519,0.653703923068403
/root/New_CheckLiuliang_remote/datasets/toniot/test/abnormal/test_00024950_orig91594_91595_91596.png,1,0.722555899391886,0.7178134144675609,0.6538567352663344
/root/New_CheckLiuliang_remote/datasets/toniot/test/abnormal/test_00024957_orig91615_91616_91617.png,1,0.7257938777822329,0.721989813536644,0.6533944508833837
/root/New_CheckLiuliang_remote/datasets/toniot/test/abnormal/test_00024964_orig91636_91637_91638.png,1,0.9519195382685555,0.9237038476255767,0.8309861361408268
/root/New_CheckLiuliang_remote/datasets/toniot/test/abnormal/test_00024970_orig91654_91655_91656.png,1,0.9319930159518525,0.8965060074340989,0.8373223455133266
/root/New_CheckLiuliang_remote/datasets/toniot/test/abnormal/test_00024977_orig91675_91676_91677.png,1,0.9967356556878224,0.9763693734128724,0.8365788976798656
/root/New_CheckLiuliang_remote/datasets/toniot/test/abnormal/test_00024984_orig91696_91697_91698.png,1,0.692126820094228,0.6762886860344657,0.6635135866809329
/root/New_CheckLiuliang_remote/datasets/toniot/test/abnormal/test_00024990_orig91714_91715_91716.png,1,0.7217028793448413,0.7166092974598324,0.6542209010257931
/root/New_CheckLiuliang_remote/datasets/toniot/test/abnormal/test_00024997_orig91735_91736_91737.png,1,0.7212093157510701,0.716535652197522,0.6529777902861463
/root/New_CheckLiuliang_remote/datasets/toniot/test/abnormal/test_00025003_orig91753_91754_91755.png,1,0.7113806764520902,0.7047849906204104,0.6522192261381417
/root/New_CheckLiuliang_remote/datasets/toniot/test/abnormal/test_00025010_orig91774_91775_91776.png,1,0.7211890158779689,0.7158148110125121,0.6546015573102085
/root/New_CheckLiuliang_remote/datasets/toniot/test/abnormal/test_00025017_orig91795_91796_91797.png,1,0.7167434597224628,0.7110237964132721,0.6530360568076597
/root/New_CheckLiuliang_remote/datasets/toniot/test/abnormal/test_00025023_orig91813_91814_91815.png,1,0.1538267556460732,0.2439509495402686,0.12910129662249314
/root/New_CheckLiuliang_remote/datasets/toniot/test/abnormal/test_00025030_orig91834_91835_91836.png,1,0.7278940320294011,0.7244469181409153,0.6536819357017941
/root/New_CheckLiuliang_remote/datasets/toniot/test/abnormal/test_00025037_orig91855_91856_91857.png,1,0.723395082838464,0.7193127912827088,0.6527639631458755
/root/New_CheckLiuliang_remote/datasets/toniot/test/abnormal/test_00025043_orig91873_91874_91875.png,1,0.7208386175153616,0.7161803222913519,0.6527441745159275
/root/New_CheckLiuliang_remote/datasets/toniot/test/abnormal/test_00025050_orig91894_91895_91896.png,1,0.724874103178278,0.7203407705432526,0.654605405099365
/root/New_CheckLiuliang_remote/datasets/toniot/test/abnormal/test_00025057_orig91915_91916_91917.png,1,0.7245731259368582,0.7193589468388111,0.6560334845606086
/root/New_CheckLiuliang_remote/datasets/toniot/test/abnormal/test_00025063_orig91933_91934_91935.png,1,0.6488735036947189,0.6209166120124926,0.6687163473047474
/root/New_CheckLiuliang_remote/datasets/toniot/test/abnormal/test_00025070_orig91954_91955_91956.png,1,0.6664795249480753,0.6714793449644203,0.6012096349739848
/root/New_CheckLiuliang_remote/datasets/toniot/test/abnormal/test_00025076_orig91972_91973_91974.png,1,0.4437353206157091,0.4633585124335772,0.4482611153696365
/root/New_CheckLiuliang_remote/datasets/toniot/test/abnormal/test_00025083_orig91993_91994_91995.png,1,0.6813199202559681,0.6996087807551694,0.5781187774034734
/root/New_CheckLiuliang_remote/datasets/toniot/test/abnormal/test_00025090_orig92014_92015_92016.png,1,0.6588571165095306,0.7253337157004403,0.4536974917636699
/root/New_CheckLiuliang_remote/datasets/toniot/test/abnormal/test_00025096_orig92032_92033_92034.png,1,0.7401222940612748,0.7421275505399098,0.6474831473705995
/root/New_CheckLiuliang_remote/datasets/toniot/test/abnormal/test_00025103_orig92053_92054_92055.png,1,0.6198930331772053,0.6342026245881847,0.5546343459706639
/root/New_CheckLiuliang_remote/datasets/toniot/test/abnormal/test_00025110_orig92074_92075_92076.png,1,0.4896859608318411,0.5679690622022479,0.3359012745251897
/root/New_CheckLiuliang_remote/datasets/toniot/test/abnormal/test_00025116_orig92092_92093_92094.png,1,0.6654042394046527,0.6833725457589068,0.5703762010942562
/root/New_CheckLiuliang_remote/datasets/toniot/test/abnormal/test_00025123_orig92113_92114_92115.png,1,0.7202780949797458,0.7148448655761851,0.6542533323915412
/root/New_CheckLiuliang_remote/datasets/toniot/test/abnormal/test_00025129_orig92131_92132_92133.png,1,0.6561599750583245,0.7020821755557121,0.5002189117187992
/root/New_CheckLiuliang_remote/datasets/toniot/test/abnormal/test_00025136_orig92152_92153_92154.png,1,0.5964420267175143,0.5946856628455409,0.5796111699120478
/root/New_CheckLiuliang_remote/datasets/toniot/test/abnormal/test_00025143_orig92173_92174_92175.png,1,0.664655801163913,0.6908500852265738,0.5507829838670446
/root/New_CheckLiuliang_remote/datasets/toniot/test/abnormal/test_00025149_orig92191_92192_92193.png,1,0.5258037792694916,0.6380074035548262,0.2760211551447827
/root/New_CheckLiuliang_remote/datasets/toniot/test/abnormal/test_00025156_orig92212_92213_92214.png,1,0.5090292421690549,0.5618666868031593,0.40559353109687
/root/New_CheckLiuliang_remote/datasets/toniot/test/abnormal/test_00025163_orig92233_92234_92235.png,1,0.7045298905339579,0.6912478375188673,0.6641660617850499
/root/New_CheckLiuliang_remote/datasets/toniot/test/abnormal/test_00025169_orig92251_92252_92253.png,1,0.7174607195560786,0.7153400196670182,0.6450211119945757
/root/New_CheckLiuliang_remote/datasets/toniot/test/abnormal/test_00025176_orig92272_92273_92274.png,1,0.1433720859830176,0.2256163336367948,0.1419105867246327
/root/New_CheckLiuliang_remote/datasets/toniot/test/abnormal/test_00025182_orig92290_92291_92292.png,1,0.6536779346891869,0.7194403978201681,0.45260087185405445
/root/New_CheckLiuliang_remote/datasets/toniot/test/abnormal/test_00025189_orig92311_92312_92313.png,1,0.14548874675552897,0.23284935047084607,0.1311015972997315
/root/New_CheckLiuliang_remote/datasets/toniot/test/abnormal/test_00025196_orig92332_92333_92334.png,1,0.4771285640007444,0.5995245298963282,0.22627226461355968
/root/New_CheckLiuliang_remote/datasets/toniot/test/abnormal/test_00025202_orig92350_92351_92352.png,1,0.7017741426692009,0.6876914840453648,0.6645640331206697
/root/New_CheckLiuliang_remote/datasets/toniot/test/abnormal/test_00025209_orig92371_92372_92373.png,1,0.1456111320428811,0.23197188583626827,0.13349986931258973
/root/New_CheckLiuliang_remote/datasets/toniot/test/abnormal/test_00025216_orig92392_92393_92394.png,1,0.7174485009184757,0.7156013415655388,0.6443763324687718
/root/New_CheckLiuliang_remote/datasets/toniot/test/abnormal/test_00025222_orig92410_92411_92412.png,1,0.7360518802673992,0.7468493318049961,0.624796582503608
/root/New_CheckLiuliang_remote/datasets/toniot/test/abnormal/test_00025229_orig92431_92432_92433.png,1,0.9325151186619824,0.8968005884833403,0.8381317554466142
/root/New_CheckLiuliang_remote/datasets/toniot/test/abnormal/test_00025235_orig92449_92450_92451.png,1,0.9553784621454812,0.9226748502277657,0.8433031840730113
/root/New_CheckLiuliang_remote/datasets/toniot/test/abnormal/test_00025242_orig92470_92471_92472.png,1,0.9563601933635104,0.9237116533446234,0.843698406987805
/root/New_CheckLiuliang_remote/datasets/toniot/test/abnormal/test_00025249_orig92491_92492_92493.png,1,0.7215997417620144,0.8362662191387746,0.3747257419568152
/root/New_CheckLiuliang_remote/datasets/toniot/test/abnormal/test_00025255_orig92509_92510_92511.png,1,0.9324539001059066,0.8973079602213769,0.8367723865060233
/root/New_CheckLiuliang_remote/datasets/toniot/test/abnormal/test_00025262_orig92530_92531_92532.png,1,0.9288998345930068,0.8931373305968067,0.8363150492805597
/root/New_CheckLiuliang_remote/datasets/toniot/test/abnormal/test_00025269_orig92551_92552_92553.png,1,0.8664418140471505,0.841960321493811,0.7766732179857758
/root/New_CheckLiuliang_remote/datasets/toniot/test/abnormal/test_00025275_orig92569_92570_92571.png,1,0.7355352523377426,0.7386675807276797,0.6424062644206205
/root/New_CheckLiuliang_remote/datasets/toniot/test/abnormal/test_00025282_orig92590_92591_92592.png,1,0.3106434241142372,0.468014793534489,0.055848186028512666
/root/New_CheckLiuliang_remote/datasets/toniot/test/abnormal/test_00025289_orig92611_92612_92613.png,1,0.38983731902315577,0.34714560974968245,0.5649095920711358
/root/New_CheckLiuliang_remote/datasets/toniot/test/abnormal/test_00025295_orig92629_92630_92631.png,1,0.931647719520656,0.8963593956676562,0.8366745427246141
/root/New_CheckLiuliang_remote/datasets/toniot/test/abnormal/test_00025302_orig92650_92651_92652.png,1,0.14423220050991936,0.2263918148551318,0.1425669096179063
/root/New_CheckLiuliang_remote/datasets/toniot/test/abnormal/test_00025308_orig92668_92669_92670.png,1,0.7545006112652854,0.7609522298478818,0.6447787012777133
/root/New_CheckLiuliang_remote/datasets/toniot/test/abnormal/test_00025315_orig92689_92690_92691.png,1,0.723560457841238,0.7187470463413661,0.654558132261156
/root/New_CheckLiuliang_remote/datasets/toniot/test/abnormal/test_00025322_orig92710_92711_92712.png,1,0.4469435693811653,0.4243631763507076,0.5484476506911041
/root/New_CheckLiuliang_remote/datasets/toniot/test/abnormal/test_00025328_orig92728_92729_92730.png,1,0.7157164149719283,0.7133807841862919,0.644592083503621
/root/New_CheckLiuliang_remote/datasets/toniot/test/abnormal/test_00025335_orig92749_92750_92751.png,1,0.7837258078337029,0.7742053226519421,0.6976377048157555
/root/New_CheckLiuliang_remote/datasets/toniot/test/abnormal/test_00025342_orig92770_92771_92772.png,1,0.4596395257427234,0.5716930689457104,0.24107470949878973
/root/New_CheckLiuliang_remote/datasets/toniot/test/abnormal/test_00025348_orig92788_92789_92790.png,1,0.7866616036393872,0.8323267066738049,0.5704374908786783
/root/New_CheckLiuliang_remote/datasets/toniot/test/abnormal/test_00025355_orig92809_92810_92811.png,1,0.7344573101371217,0.7339060921091817,0.6504261563911915
/root/New_CheckLiuliang_remote/datasets/toniot/test/abnormal/test_00025361_orig92827_92828_92829.png,1,0.665821633897617,0.6871681614901457,0.5627163522519049
/root/New_CheckLiuliang_remote/datasets/toniot/test/abnormal/test_00025368_orig92848_92849_92850.png,1,0.664522799350867,0.690425182607161,0.5513931332904396
/root/New_CheckLiuliang_remote/datasets/toniot/test/abnormal/test_00025375_orig92869_92870_92871.png,1,0.14713082395660926,0.23286631942529545,0.13576951523078626
/root/New_CheckLiuliang_remote/datasets/toniot/test/abnormal/test_00025381_orig92887_92888_92889.png,1,0.6179027189092204,0.5866311789265949,0.6599285465553629
/root/New_CheckLiuliang_remote/datasets/toniot/test/abnormal/test_00025388_orig92908_92909_92910.png,1,0.15252889010252957,0.23998089295729,0.13464403690249674
/root/New_CheckLiuliang_remote/datasets/toniot/test/abnormal/test_00025395_orig92929_92930_92931.png,1,0.46884168168608226,0.5635656185226319,0.28641953049826396
/root/New_CheckLiuliang_remote/datasets/toniot/test/abnormal/test_00025401_orig92947_92948_92949.png,1,0.15272138356254386,0.23893832039591964,0.13762854707756292
/root/New_CheckLiuliang_remote/datasets/toniot/test/abnormal/test_00025408_orig92968_92969_92970.png,1,0.5317949045279594,0.48105645316610995,0.6594154163871294
/root/New_CheckLiuliang_remote/datasets/toniot/test/abnormal/test_00025414_orig92986_92987_92988.png,1,0.1468433587963145,0.23257190806559858,0.1356323690315637
/root/New_CheckLiuliang_remote/datasets/toniot/test/abnormal/test_00025421_orig93007_93008_93009.png,1,0.7050435591712397,0.7358259596155853,0.5616230304472808
/root/New_CheckLiuliang_remote/datasets/toniot/test/abnormal/test_00025428_orig93028_93029_93030.png,1,0.7852229920594359,0.8304886295278473,0.5706021212861621
/root/New_CheckLiuliang_remote/datasets/toniot/test/abnormal/test_00025434_orig93046_93047_93048.png,1,0.5468049867115963,0.6458402729286634,0.31795078842574026
/root/New_CheckLiuliang_remote/datasets/toniot/test/abnormal/test_00025441_orig93067_93068_93069.png,1,0.7079369982287576,0.695881040841728,0.6631227612394608
/root/New_CheckLiuliang_remote/datasets/toniot/test/abnormal/test_00025448_orig93088_93089_93090.png,1,0.9796536562525743,0.9613006024827278,0.822768632712859
/root/New_CheckLiuliang_remote/datasets/toniot/test/abnormal/test_00025454_orig93106_93107_93108.png,1,0.40759602580527854,0.46523358190023445,0.340281707637834
/root/New_CheckLiuliang_remote/datasets/toniot/test/abnormal/test_00025461_orig93127_93128_93129.png,1,0.6333397127134821,0.57208878496347,0.7381156222163651
/root/New_CheckLiuliang_remote/datasets/toniot/test/abnormal/test_00025467_orig93145_93146_93147.png,1,0.7214709554327822,0.7149008631258681,0.6575423675941396
/root/New_CheckLiuliang_remote/datasets/toniot/test/abnormal/test_00025474_orig93166_93167_93168.png,1,0.7261822510038417,0.688404858890417,0.7328727346484893
/root/New_CheckLiuliang_remote/datasets/toniot/test/abnormal/test_00025481_orig93187_93188_93189.png,1,0.7120276505092634,0.713407934513411,0.6339537710120208
/root/New_CheckLiuliang_remote/datasets/toniot/test/abnormal/test_00025487_orig93205_93206_93207.png,1,0.7111129422788095,0.7046468633311924,0.6517739819643129
/root/New_CheckLiuliang_remote/datasets/toniot/test/abnormal/test_00025494_orig93226_93227_93228.png,1,0.3224948735020999,0.4449621295359076,0.14361350826848662
/root/New_CheckLiuliang_remote/datasets/toniot/test/abnormal/test_00025501_orig93247_93248_93249.png,1,1.0,1.0,0.7907990016636192
/root/New_CheckLiuliang_remote/datasets/toniot/test/abnormal/test_00025507_orig93265_93266_93267.png,1,0.823646660487856,0.7928806751607597,0.7685071100272561
/root/New_CheckLiuliang_remote/datasets/toniot/test/abnormal/test_00025514_orig93286_93287_93288.png,1,0.8698767320459605,0.845890331344289,0.7773504288773279
/root/New_CheckLiuliang_remote/datasets/toniot/test/abnormal/test_00025521_orig93307_93308_93309.png,1,0.8351013152811191,0.8292505746112201,0.7164822522099364
/root/New_CheckLiuliang_remote/datasets/toniot/test/abnormal/test_00025527_orig93325_93326_93327.png,1,0.14783759691053133,0.23105132005738901,0.14203069271473343
/root/New_CheckLiuliang_remote/datasets/toniot/test/abnormal/test_00025534_orig93346_93347_93348.png,1,0.6655282967937974,0.7385691607918732,0.44193974746959763
/root/New_CheckLiuliang_remote/datasets/toniot/test/abnormal/test_00025540_orig93364_93365_93366.png,1,0.6058862122396195,0.6167239227471379,0.5552631846556765
/root/New_CheckLiuliang_remote/datasets/toniot/test/abnormal/test_00025547_orig93385_93386_93387.png,1,0.7276697272855398,0.7238801550623057,0.654361345330007
/root/New_CheckLiuliang_remote/datasets/toniot/test/abnormal/test_00025554_orig93406_93407_93408.png,1,0.6847269078985092,0.6720237090231567,0.6522511078197245
/root/New_CheckLiuliang_remote/datasets/toniot/test/abnormal/test_00025560_orig93424_93425_93426.png,1,0.26197425337286784,0.41487820957167815,0.040308614677721545
/root/New_CheckLiuliang_remote/datasets/toniot/test/abnormal/test_00025567_orig93445_93446_93447.png,1,0.7430095807037613,0.7438492206583446,0.6517431996510605
/root/New_CheckLiuliang_remote/datasets/toniot/test/abnormal/test_00025574_orig93466_93467_93468.png,1,0.7156191171051606,0.7162923173907179,0.6375195721918079
/root/New_CheckLiuliang_remote/datasets/toniot/test/abnormal/test_00025580_orig93484_93485_93486.png,1,0.760747703259697,0.764767868945371,0.6537847266406904
/root/New_CheckLiuliang_remote/datasets/toniot/test/abnormal/test_00025587_orig93505_93506_93507.png,1,0.7663914259338522,0.7289850953188594,0.7534573072676767
/root/New_CheckLiuliang_remote/datasets/toniot/test/abnormal/test_00025593_orig93523_93524_93525.png,1,0.16654496233355423,0.26166450171089484,0.12423027039238929
/root/New_CheckLiuliang_remote/datasets/toniot/test/abnormal/test_00025600_orig93544_93545_93546.png,1,0.7055545403375291,0.6923484439044546,0.6645354495440782
/root/New_CheckLiuliang_remote/datasets/toniot/test/abnormal/test_00025607_orig93565_93566_93567.png,1,0.7151247526853998,0.712273390218925,0.6454798234304524
/root/New_CheckLiuliang_remote/datasets/toniot/test/abnormal/test_00025613_orig93583_93584_93585.png,1,0.14563626987960937,0.23675628254327297,0.12240834222676505
/root/New_CheckLiuliang_remote/datasets/toniot/test/abnormal/test_00025620_orig93604_93605_93606.png,1,0.7503382586146619,0.7493715971943531,0.6598675316130235
/root/New_CheckLiuliang_remote/datasets/toniot/test/abnormal/test_00025627_orig93625_93626_93627.png,1,0.7905018883893546,0.7558927663892525,0.7597926921139286
/root/New_CheckLiuliang_remote/datasets/toniot/test/abnormal/test_00025633_orig93643_93644_93645.png,1,0.19010517354021653,0.2603809699963432,0.19476766636809656
/root/New_CheckLiuliang_remote/datasets/toniot/test/abnormal/test_00025640_orig93664_93665_93666.png,1,0.14713107810187653,0.2319457536464162,0.13791823063263425
/root/New_CheckLiuliang_remote/datasets/toniot/test/abnormal/test_00025646_orig93682_93683_93684.png,1,0.5760540036635717,0.6157142699573994,0.47209597045777424
/root/New_CheckLiuliang_remote/datasets/toniot/test/abnormal/test_00025653_orig93703_93704_93705.png,1,0.7060471940850577,0.6931778863979406,0.6640124250608707
/root/New_CheckLiuliang_remote/datasets/toniot/test/abnormal/test_00025660_orig93724_93725_93726.png,1,0.7170983761521806,0.7151900141096856,0.6443323577355541
/root/New_CheckLiuliang_remote/datasets/toniot/test/abnormal/test_00025666_orig93742_93743_93744.png,1,0.6539958361082361,0.5906531605101886,0.7540157863795409
/root/New_CheckLiuliang_remote/datasets/toniot/test/abnormal/test_00025673_orig93763_93764_93765.png,1,0.7967562018640996,0.7940467817105216,0.6886965421842745
/root/New_CheckLiuliang_remote/datasets/toniot/test/abnormal/test_00025680_orig93784_93785_93786.png,1,0.7300366445553427,0.7310135641337391,0.6445022101426073
/root/New_CheckLiuliang_remote/datasets/toniot/test/abnormal/test_00025686_orig93802_93803_93804.png,1,0.4674360154766982,0.44317122608331927,0.5633100111503433
/root/New_CheckLiuliang_remote/datasets/toniot/test/abnormal/test_00025693_orig93823_93824_93825.png,1,0.5102767948129628,0.48856487613087474,0.5802075772313123
/root/New_CheckLiuliang_remote/datasets/toniot/test/abnormal/test_00025699_orig93841_93842_93843.png,1,0.48817656398970977,0.5642888353612648,0.34016132680565064
/root/New_CheckLiuliang_remote/datasets/toniot/test/abnormal/test_00025706_orig93862_93863_93864.png,1,0.34586997529575786,0.2617286443587135,0.6381701234013467
/root/New_CheckLiuliang_remote/datasets/toniot/test/abnormal/test_00025713_orig93883_93884_93885.png,1,0.7712469471947605,0.7408993376168631,0.739577232411687
/root/New_CheckLiuliang_remote/datasets/toniot/test/abnormal/test_00025719_orig93901_93902_93903.png,1,0.7046730585274195,0.6914640219985525,0.6640720657927971
/root/New_CheckLiuliang_remote/datasets/toniot/test/abnormal/test_00025726_orig93922_93923_93924.png,1,0.7169562549940633,0.7149626301200639,0.6444554869885636
/root/New_CheckLiuliang_remote/datasets/toniot/test/normal/test_00013755_orig58009_58010_58011.png,0,0.7281767284485472,0.6984467467544754,0.7151594372663327
/root/New_CheckLiuliang_remote/datasets/toniot/test/normal/test_00013756_orig58012_58013_58014.png,0,0.6142120628294866,0.5690635597642334,0.6903392733120367
/root/New_CheckLiuliang_remote/datasets/toniot/test/normal/test_00013757_orig58015_58016_58017.png,0,0.6149192776639227,0.5527818479700464,0.7303573799084391
/root/New_CheckLiuliang_remote/datasets/toniot/test/normal/test_00013758_orig58018_58019_58020.png,0,0.5506839675653102,0.4433032445489355,0.8016574626633902
/root/New_CheckLiuliang_remote/datasets/toniot/test/normal/test_00013759_orig58021_58022_58023.png,0,0.5330470649839214,0.4515094309206591,0.731948165882588
/root/New_CheckLiuliang_remote/datasets/toniot/test/normal/test_00013760_orig58024_58025_58026.png,0,0.5275253196052571,0.44381638573148496,0.7340688473920097
/root/New_CheckLiuliang_remote/datasets/toniot/test/normal/test_00013761_orig58027_58028_58029.png,0,0.5284255039953456,0.4441404927614683,0.7358932491363774
/root/New_CheckLiuliang_remote/datasets/toniot/test/normal/test_00013762_orig58030_58031_58032.png,0,0.5293209498124638,0.44561170111223014,0.7350274965761547
/root/New_CheckLiuliang_remote/datasets/toniot/test/normal/test_00013763_orig58033_58034_58035.png,0,0.5440692664442839,0.4454382783977574,0.7777126707422083
/root/New_CheckLiuliang_remote/datasets/toniot/test/normal/test_00013764_orig58036_58037_58038.png,0,0.5235417046055654,0.4387128029912873,0.7345569669307258
/root/New_CheckLiuliang_remote/datasets/toniot/test/normal/test_00013765_orig58039_58040_58041.png,0,0.5268665781155082,0.44334532755596995,0.7332795009307527
/root/New_CheckLiuliang_remote/datasets/toniot/test/normal/test_00013766_orig58042_58043_58044.png,0,0.5360204287383614,0.4556518920808435,0.7308064718714244
/root/New_CheckLiuliang_remote/datasets/toniot/test/normal/test_00013767_orig58045_58046_58047.png,0,0.5345458784679117,0.4536305502268325,0.731295690778471
/root/New_CheckLiuliang_remote/datasets/toniot/test/normal/test_00013768_orig58048_58049_58050.png,0,0.5335488323549777,0.45235584236859455,0.7314116741373325
/root/New_CheckLiuliang_remote/datasets/toniot/test/normal/test_00013769_orig58051_58052_58053.png,0,0.5222859674478388,0.43657607224702044,0.7359427207112473
/root/New_CheckLiuliang_remote/datasets/toniot/test/normal/test_00013770_orig58054_58055_58056.png,0,0.5289743739661638,0.4460518757906472,0.7330068575848032
/root/New_CheckLiuliang_remote/datasets/toniot/test/normal/test_00013771_orig58057_58058_58059.png,0,0.5022374158721966,0.38980352496090775,0.7876034127691082
/root/New_CheckLiuliang_remote/datasets/toniot/test/normal/test_00013772_orig58060_58061_58062.png,0,0.5296936261562937,0.44675676615847476,0.7334240678662057
/root/New_CheckLiuliang_remote/datasets/toniot/test/normal/test_00013773_orig58063_58064_58065.png,0,0.5207364124230107,0.43478720506896607,0.7356744748386196
/root/New_CheckLiuliang_remote/datasets/toniot/test/normal/test_00013774_orig58066_58067_58068.png,0,0.5359215044489005,0.45542858064028957,0.7310439354307998
/root/New_CheckLiuliang_remote/datasets/toniot/test/normal/test_00013775_orig58069_58070_58071.png,0,0.5278618211097417,0.44479379750776965,0.7327529035004712
/root/New_CheckLiuliang_remote/datasets/toniot/test/normal/test_00013776_orig58072_58073_58074.png,0,0.5209071406011914,0.43491345409006954,0.7358693378751904
/root/New_CheckLiuliang_remote/datasets/toniot/test/normal/test_00013777_orig58075_58076_58077.png,0,0.5202668165880446,0.4338562882278727,0.7365003752968639
/root/New_CheckLiuliang_remote/datasets/toniot/test/normal/test_00013778_orig58078_58079_58080.png,0,0.5318743864970308,0.45006605165519425,0.7319542124084054
/root/New_CheckLiuliang_remote/datasets/toniot/test/normal/test_00013779_orig58081_58082_58083.png,0,0.5362439966179224,0.4559091414302962,0.7308471484996508
/root/New_CheckLiuliang_remote/datasets/toniot/test/normal/test_00013780_orig58084_58085_58086.png,0,0.5265117428311065,0.4420285366906975,0.7353347700245132
/root/New_CheckLiuliang_remote/datasets/toniot/test/normal/test_00013781_orig58087_58088_58089.png,0,0.519885750708241,0.43318703266438885,0.7369695307318798
/root/New_CheckLiuliang_remote/datasets/toniot/test/normal/test_00013782_orig58090_58091_58092.png,0,0.5291820339528713,0.4461631921318352,0.7333424397676704
/root/New_CheckLiuliang_remote/datasets/toniot/test/normal/test_00013783_orig58093_58094_58095.png,0,0.5379084635277626,0.45806487740354634,0.7305887969419971
/root/New_CheckLiuliang_remote/datasets/toniot/test/normal/test_00013784_orig58096_58097_58098.png,0,0.530891028025506,0.44871769853464594,0.7322812744867118
/root/New_CheckLiuliang_remote/datasets/toniot/test/normal/test_00013785_orig58099_58100_58101.png,0,0.5264284519174214,0.4428023210135896,0.7332904946140572
/root/New_CheckLiuliang_remote/datasets/toniot/test/normal/test_00013786_orig58102_58103_58104.png,0,0.5338341395159698,0.4526531384505478,0.7315359027586724
/root/New_CheckLiuliang_remote/datasets/toniot/test/normal/test_00013787_orig58105_58106_58107.png,0,0.5316996504497575,0.4497735068804868,0.7321358830250109
/root/New_CheckLiuliang_remote/datasets/toniot/test/normal/test_00013788_orig58108_58109_58110.png,0,0.5279026705363565,0.4437848234762091,0.7352242835073038
/root/New_CheckLiuliang_remote/datasets/toniot/test/normal/test_00013789_orig58111_58112_58113.png,0,0.5242212909326003,0.4396970023493517,0.7342087420120584
/root/New_CheckLiuliang_remote/datasets/toniot/test/normal/test_00013790_orig58114_58115_58116.png,0,0.536024556856824,0.4557231616895309,0.7306520106209975
/root/New_CheckLiuliang_remote/datasets/toniot/test/normal/test_00013791_orig58117_58118_58119.png,0,0.5355144298531797,0.45481158945650985,0.7313165787767494
/root/New_CheckLiuliang_remote/datasets/toniot/test/normal/test_00013792_orig58120_58121_58122.png,0,0.5331257883700674,0.45168047798150895,0.7317747405284608
/root/New_CheckLiuliang_remote/datasets/toniot/test/normal/test_00013793_orig58123_58124_58125.png,0,0.5270834268626038,0.4435571001074983,0.7334070276570839
/root/New_CheckLiuliang_remote/datasets/toniot/test/normal/test_00013794_orig58126_58127_58128.png,0,0.4941289048816537,0.3854391098765254,0.7745415427930497
/root/New_CheckLiuliang_remote/datasets/toniot/test/normal/test_00013795_orig58129_58130_58131.png,0,0.525771394077808,0.44151811054086,0.7344033302065466
/root/New_CheckLiuliang_remote/datasets/toniot/test/normal/test_00013796_orig58132_58133_58134.png,0,0.5299281790376934,0.4472838218836727,0.7328666881226719
/root/New_CheckLiuliang_remote/datasets/toniot/test/normal/test_00013797_orig58135_58136_58137.png,0,0.5201172710641035,0.4334415669811297,0.7370393406208627
/root/New_CheckLiuliang_remote/datasets/toniot/test/normal/test_00013798_orig58138_58139_58140.png,0,0.5263884980486911,0.4426187169264472,0.7336043642723982
/root/New_CheckLiuliang_remote/datasets/toniot/test/normal/test_00013799_orig58141_58142_58143.png,0,0.5349187710076744,0.4541090747423052,0.7312481430981793
/root/New_CheckLiuliang_remote/datasets/toniot/test/normal/test_00013800_orig58144_58145_58146.png,0,0.531159989586139,0.44907642223170596,0.7322153123868853
/root/New_CheckLiuliang_remote/datasets/toniot/test/normal/test_00013801_orig58147_58148_58149.png,0,0.5232921947960772,0.438028614747888,0.7354381106475747
/root/New_CheckLiuliang_remote/datasets/toniot/test/normal/test_00013802_orig58150_58151_58152.png,0,0.533142797304458,0.4517507294529294,0.7316595816958471
/root/New_CheckLiuliang_remote/datasets/toniot/test/normal/test_00013803_orig58153_58154_58155.png,0,0.533317856042534,0.45196793206988156,0.7316546345383601
/root/New_CheckLiuliang_remote/datasets/toniot/test/normal/test_00013804_orig58156_58157_58158.png,0,0.5354815264125238,0.45496363128837636,0.730867486813764
/root/New_CheckLiuliang_remote/datasets/toniot/test/normal/test_00013805_orig58159_58160_58161.png,0,0.597061440984354,0.5062271820590638,0.7877900305432006
/root/New_CheckLiuliang_remote/datasets/toniot/test/normal/test_00013806_orig58162_58163_58164.png,0,0.6206156780744734,0.5655048306371079,0.7170008792198223
/root/New_CheckLiuliang_remote/datasets/toniot/test/normal/test_00013807_orig58165_58166_58167.png,0,0.5978363582041725,0.5088305590506889,0.7839370193870857
/root/New_CheckLiuliang_remote/datasets/toniot/test/normal/test_00013808_orig58168_58169_58170.png,0,0.6569634381362262,0.6165162227446774,0.7021761721259008
/root/New_CheckLiuliang_remote/datasets/toniot/test/normal/test_00013809_orig58171_58172_58173.png,0,0.5949442707205388,0.5158618150163369,0.7592397098437166
/root/New_CheckLiuliang_remote/datasets/toniot/test/normal/test_00013810_orig58174_58175_58176.png,0,0.5267559935962052,0.4431152285336363,0.733499374596841
/root/New_CheckLiuliang_remote/datasets/toniot/test/normal/test_00013811_orig58177_58178_58179.png,0,0.5278432732863472,0.4443464958684838,0.733743434366199
/root/New_CheckLiuliang_remote/datasets/toniot/test/normal/test_00013812_orig58180_58181_58182.png,0,0.6291536475947509,0.616060097249078,0.6235152687144784
/root/New_CheckLiuliang_remote/datasets/toniot/test/normal/test_00013813_orig58183_58184_58185.png,0,0.6131800354702239,0.5565411501387636,0.7165996097792111
/root/New_CheckLiuliang_remote/datasets/toniot/test/normal/test_00013814_orig58186_58187_58188.png,0,0.546694112565089,0.4415289706717076,0.7943593060017541
/root/New_CheckLiuliang_remote/datasets/toniot/test/normal/test_00013815_orig58189_58190_58191.png,0,0.5313341028460532,0.4491446374285925,0.7325552920430743
/root/New_CheckLiuliang_remote/datasets/toniot/test/normal/test_00013816_orig58192_58193_58194.png,0,0.5249250396048699,0.4406896861846409,0.733909988668261
/root/New_CheckLiuliang_remote/datasets/toniot/test/normal/test_00013817_orig58195_58196_58197.png,0,0.5206434963491052,0.4343962403584522,0.736320353732754
/root/New_CheckLiuliang_remote/datasets/toniot/test/normal/test_00013818_orig58198_58199_58200.png,0,0.5897657218729659,0.5089466266991226,0.7605292688953245
/root/New_CheckLiuliang_remote/datasets/toniot/test/normal/test_00013819_orig58201_58202_58203.png,0,0.5900592598863797,0.503343477939935,0.7744447983799708
/root/New_CheckLiuliang_remote/datasets/toniot/test/normal/test_00013820_orig58204_58205_58206.png,0,0.5369994974126073,0.45690521905647524,0.7306888394600672
/root/New_CheckLiuliang_remote/datasets/toniot/test/normal/test_00013821_orig58207_58208_58209.png,0,0.5291674707374937,0.44613434490927123,0.7333680000813533
/root/New_CheckLiuliang_remote/datasets/toniot/test/normal/test_00013822_orig58210_58211_58212.png,0,0.5311168002615619,0.4488520926538851,0.7326149327750008
/root/New_CheckLiuliang_remote/datasets/toniot/test/normal/test_00013823_orig58213_58214_58215.png,0,0.5587561845211296,0.5955337711889213,0.4695943578218545
/root/New_CheckLiuliang_remote/datasets/toniot/test/normal/test_00013824_orig58216_58217_58218.png,0,0.5746732466860671,0.5161720075036716,0.7004028910088985
/root/New_CheckLiuliang_remote/datasets/toniot/test/normal/test_00013825_orig58219_58220_58221.png,0,0.6359235695034008,0.5509756724584537,0.7947869602822958
/root/New_CheckLiuliang_remote/datasets/toniot/test/normal/test_00013826_orig58222_58223_58224.png,0,0.5378634640102863,0.45812596563956415,0.730317252964378
/root/New_CheckLiuliang_remote/datasets/toniot/test/normal/test_00013827_orig58225_58226_58227.png,0,0.526960438428896,0.4429251762438032,0.7345289330382995
/root/New_CheckLiuliang_remote/datasets/toniot/test/normal/test_00013828_orig58228_58229_58230.png,0,0.5346223417227708,0.45379752473861446,0.7311252886872526
/root/New_CheckLiuliang_remote/datasets/toniot/test/normal/test_00013829_orig58231_58232_58233.png,0,0.5352292925629166,0.4545835267087101,0.7310312926949998
/root/New_CheckLiuliang_remote/datasets/toniot/test/normal/test_00013830_orig58234_58235_58236.png,0,0.5347580438829707,0.4539933464729604,0.7310574026928478
/root/New_CheckLiuliang_remote/datasets/toniot/test/normal/test_00013831_orig58237_58238_58239.png,0,0.5372296017961541,0.4571790979812883,0.730709452616263
/root/New_CheckLiuliang_remote/datasets/toniot/test/normal/test_00013832_orig58240_58241_58242.png,0,0.5356619648382565,0.45514621723825177,0.7309587343851907
/root/New_CheckLiuliang_remote/datasets/toniot/test/normal/test_00013833_orig58243_58244_58245.png,0,0.5294739326688243,0.4469098261276082,0.7324371099475518
/root/New_CheckLiuliang_remote/datasets/toniot/test/normal/test_00013834_orig58246_58247_58248.png,0,0.5231996259697179,0.43784161686985573,0.7356090624229583
/root/New_CheckLiuliang_remote/datasets/toniot/test/normal/test_00013835_orig58249_58250_58251.png,0,0.5231461413376167,0.4378955781450048,0.7353298228670262
/root/New_CheckLiuliang_remote/datasets/toniot/test/normal/test_00013836_orig58252_58253_58254.png,0,0.5271540390338822,0.4438584687385194,0.7329062653825678
/root/New_CheckLiuliang_remote/datasets/toniot/test/normal/test_00013837_orig58255_58256_58257.png,0,0.5265608387411239,0.44258545777572644,0.7341760358042277
/root/New_CheckLiuliang_remote/datasets/toniot/test/normal/test_00013838_orig58258_58259_58260.png,0,0.5292178054779506,0.44648288723366164,0.7326990344522796
/root/New_CheckLiuliang_remote/datasets/toniot/test/normal/test_00013839_orig58261_58262_58263.png,0,0.5254929652197363,0.4413158406038233,0.7340770926544881
/root/New_CheckLiuliang_remote/datasets/toniot/test/normal/test_00013840_orig58264_58265_58266.png,0,0.5238480240421951,0.4390467520148512,0.7346559100804655
/root/New_CheckLiuliang_remote/datasets/toniot/test/normal/test_00013841_orig58267_58268_58269.png,0,0.5307725364343391,0.447828864700587,0.7340155280279833
/root/New_CheckLiuliang_remote/datasets/toniot/test/normal/test_00013842_orig58270_58271_58272.png,0,0.5295418282230979,0.4464920504690643,0.733606563009059
/root/New_CheckLiuliang_remote/datasets/toniot/test/normal/test_00013843_orig58273_58274_58275.png,0,0.6668972302082619,0.5987402248216775,0.7721317274127218
/root/New_CheckLiuliang_remote/datasets/toniot/test/normal/test_00013844_orig58276_58277_58278.png,0,0.257463838098061,0.12444980286317169,0.7050444241000228
/root/New_CheckLiuliang_remote/datasets/toniot/test/normal/test_00013845_orig58279_58280_58281.png,0,0.5322925636386506,0.4506521593418761,0.7317854593696826
/root/New_CheckLiuliang_remote/datasets/toniot/test/normal/test_00013846_orig58282_58283_58284.png,0,0.5216571576457272,0.4358986715854009,0.7357206483084981
/root/New_CheckLiuliang_remote/datasets/toniot/test/normal/test_00013847_orig58285_58286_58287.png,0,0.5227890523932747,0.4375718104941105,0.7350615769943984
/root/New_CheckLiuliang_remote/datasets/toniot/test/normal/test_00013848_orig58288_58289_58290.png,0,0.5217130076843016,0.43533699919312624,0.7371913282925463
/root/New_CheckLiuliang_remote/datasets/toniot/test/normal/test_00013849_orig58291_58292_58293.png,0,0.5325450807880946,0.45092094758035434,0.7318822037827615
/root/New_CheckLiuliang_remote/datasets/toniot/test/normal/test_00013850_orig58294_58295_58296.png,0,0.5345637750671914,0.45364005284132414,0.7313248240392276
/root/New_CheckLiuliang_remote/datasets/toniot/test/normal/test_00013851_orig58297_58298_58299.png,0,0.5296008375459177,0.4468192119108485,0.7330123544264554
/root/New_CheckLiuliang_remote/datasets/toniot/test/normal/test_00013852_orig58300_58301_58302.png,0,0.5263944436122043,0.4426672481361725,0.7335081695434845
/root/New_CheckLiuliang_remote/datasets/toniot/test/normal/test_00013853_orig58303_58304_58305.png,0,0.5343720992848998,0.4534866534931017,0.7311332591076483
/root/New_CheckLiuliang_remote/datasets/toniot/test/normal/test_00013854_orig58306_58307_58308.png,0,0.52866007108912,0.4456758437600488,0.7329832211656987
/root/New_CheckLiuliang_remote/datasets/toniot/test/normal/test_00013855_orig58309_58310_58311.png,0,0.5332222329981608,0.45195198125269914,0.7314177206631499
/root/New_CheckLiuliang_remote/datasets/toniot/test/normal/test_00013856_orig58312_58313_58314.png,0,0.5282054904463996,0.44514607300213893,0.7329161596975418
/root/New_CheckLiuliang_remote/datasets/toniot/test/normal/test_00013857_orig58315_58316_58317.png,0,0.5224482241709149,0.43672336277164114,0.7360642009117612
/root/New_CheckLiuliang_remote/datasets/toniot/test/normal/test_00013858_orig58318_58319_58320.png,0,0.52624366729078,0.44198916871637495,0.7346581088171265
/root/New_CheckLiuliang_remote/datasets/toniot/test/normal/test_00013859_orig58321_58322_58323.png,0,0.5210528007978262,0.4349524826853031,0.7361958502693315
/root/New_CheckLiuliang_remote/datasets/toniot/test/normal/test_00013860_orig58324_58325_58326.png,0,0.5236362663482831,0.4379288372957256,0.7366573101260343
/root/New_CheckLiuliang_remote/datasets/toniot/test/normal/test_00013861_orig58327_58328_58329.png,0,0.5276386156038774,0.4440142437403648,0.7339319760348698
/root/New_CheckLiuliang_remote/datasets/toniot/test/normal/test_00013862_orig58330_58331_58332.png,0,0.5216468437189479,0.4357717438061195,0.7359872451286302
/root/New_CheckLiuliang_remote/datasets/toniot/test/normal/test_00013863_orig58333_58334_58335.png,0,0.5261110113536295,0.44180827966194447,0.7346998848136832
/root/New_CheckLiuliang_remote/datasets/toniot/test/normal/test_00013864_orig58336_58337_58338.png,0,0.5225256299636856,0.4368879616298002,0.735902044083021
/root/New_CheckLiuliang_remote/datasets/toniot/test/normal/test_00013865_orig58339_58340_58341.png,0,0.6833499768782823,0.6031976297764425,0.8088979024876781
/root/New_CheckLiuliang_remote/datasets/toniot/test/normal/test_00013866_orig58342_58343_58344.png,0,0.5949259690116734,0.4712721540305933,0.8632297847464293
/root/New_CheckLiuliang_remote/datasets/toniot/test/normal/test_00013867_orig58345_58346_58347.png,0,0.5321101583959167,0.4503938918551564,0.7318651635736396
/root/New_CheckLiuliang_remote/datasets/toniot/test/normal/test_00013868_orig58348_58349_58350.png,0,0.6428266952411423,0.5854531941087184,0.734129312650184
/root/New_CheckLiuliang_remote/datasets/toniot/test/normal/test_00013869_orig58351_58352_58353.png,0,0.5888443569620977,0.5082794074101727,0.7594447420373439
/root/New_CheckLiuliang_remote/datasets/toniot/test/normal/test_00013870_orig58354_58355_58356.png,0,0.5966111557133424,0.5358023727689006,0.7174903729689514
/root/New_CheckLiuliang_remote/datasets/toniot/test/normal/test_00013871_orig58357_58358_58359.png,0,0.6211441078197503,0.6049508621501531,0.6264750431021096
/root/New_CheckLiuliang_remote/datasets/toniot/test/normal/test_00013872_orig58360_58361_58362.png,0,0.6395457691283675,0.6427885761604856,0.5909409850834957
/root/New_CheckLiuliang_remote/datasets/toniot/test/normal/test_00013873_orig58363_58364_58365.png,0,0.5284798528792932,0.445420970064219,0.7330612763171601
/root/New_CheckLiuliang_remote/datasets/toniot/test/normal/test_00013874_orig58366_58367_58368.png,0,0.5256995088797993,0.44171189600067196,0.7337450834186947
/root/New_CheckLiuliang_remote/datasets/toniot/test/normal/test_00013875_orig58369_58370_58371.png,0,0.5359913341734884,0.4557075502514375,0.7305931944153188
/root/New_CheckLiuliang_remote/datasets/toniot/test/normal/test_00013876_orig58372_58373_58374.png,0,0.5382979851646699,0.4586021145014139,0.730451925584857
/root/New_CheckLiuliang_remote/datasets/toniot/test/normal/test_00013877_orig58375_58376_58377.png,0,0.5231650264700919,0.43793562487750537,0.735290520449213
/root/New_CheckLiuliang_remote/datasets/toniot/test/normal/test_00013878_orig58378_58379_58380.png,0,0.5204019400956414,0.43415222679347,0.7361972244797446
/root/New_CheckLiuliang_remote/datasets/toniot/test/normal/test_00013879_orig58381_58382_58383.png,0,0.5325602986947054,0.45100171980353343,0.7317373620052259
/root/New_CheckLiuliang_remote/datasets/toniot/test/normal/test_00013880_orig58384_58385_58386.png,0,0.5330930666561214,0.4517928124599639,0.7314188200314804
/root/New_CheckLiuliang_remote/datasets/toniot/test/normal/test_00013881_orig58387_58388_58389.png,0,0.530142816608032,0.44753292613498974,0.7329007685409156
/root/New_CheckLiuliang_remote/datasets/toniot/test/normal/test_00013882_orig58390_58391_58392.png,0,0.5234363121477127,0.43832794710437517,0.7351528245658251
/root/New_CheckLiuliang_remote/datasets/toniot/test/normal/test_00013883_orig58393_58394_58395.png,0,0.5225607622605918,0.4373210093473486,0.7349923167895807
/root/New_CheckLiuliang_remote/datasets/toniot/test/normal/test_00013884_orig58396_58397_58398.png,0,0.5259182848559815,0.44173191936692224,0.7343255498971678
/root/New_CheckLiuliang_remote/datasets/toniot/test/normal/test_00013885_orig58399_58400_58401.png,0,0.5201118988635388,0.4336845624088449,0.7364569502478113
/root/New_CheckLiuliang_remote/datasets/toniot/test/normal/test_00013886_orig58402_58403_58404.png,0,0.5198274566332285,0.43304143903521314,0.737142131559759
/root/New_CheckLiuliang_remote/datasets/toniot/test/normal/test_00013887_orig58405_58406_58407.png,0,0.5275455573341888,0.44435905289477634,0.7328606415968545
/root/New_CheckLiuliang_remote/datasets/toniot/test/normal/test_00013888_orig58408_58409_58410.png,0,0.5234468516370401,0.43756230787961886,0.7369695307318798
/root/New_CheckLiuliang_remote/datasets/toniot/test/normal/test_00013889_orig58411_58412_58413.png,0,0.5212449939143378,0.43546766014238647,0.7355447493756275
/root/New_CheckLiuliang_remote/datasets/toniot/test/normal/test_00013890_orig58414_58415_58416.png,0,0.5280856433635074,0.444977740974001,0.732965356430329
/root/New_CheckLiuliang_remote/datasets/toniot/test/normal/test_00013891_orig58417_58418_58419.png,0,0.5282361975445208,0.44478802806325685,0.7338396290951127
/root/New_CheckLiuliang_remote/datasets/toniot/test/normal/test_00013892_orig58420_58421_58422.png,0,0.5277456877558698,0.44422330125918125,0.7337511299445121
/root/New_CheckLiuliang_remote/datasets/toniot/test/normal/test_00013893_orig58423_58424_58425.png,0,0.5206150264511147,0.43424182287296276,0.7365990436045209
/root/New_CheckLiuliang_remote/datasets/toniot/test/normal/test_00013894_orig58426_58427_58428.png,0,0.5230036175700544,0.43765733402453544,0.7354771382233053
/root/New_CheckLiuliang_remote/datasets/toniot/test/normal/test_00013895_orig58429_58430_58431.png,0,0.5219420684266904,0.4355762614508626,0.7372897217581208
/root/New_CheckLiuliang_remote/datasets/toniot/test/normal/test_00013896_orig58432_58433_58434.png,0,0.5323887395661893,0.45084594480168805,0.7316090107526468
/root/New_CheckLiuliang_remote/datasets/toniot/test/normal/test_00013897_orig58435_58436_58437.png,0,0.5344479381458087,0.45352364581380133,0.7312643587810533
/root/New_CheckLiuliang_remote/datasets/toniot/test/normal/test_00013898_orig58438_58439_58440.png,0,0.5276558052872242,0.44454774766825356,0.7327364129755146
/root/New_CheckLiuliang_remote/datasets/toniot/test/normal/test_00013899_orig58441_58442_58443.png,0,0.5330930666561214,0.4517928124599639,0.7314188200314804
/root/New_CheckLiuliang_remote/datasets/toniot/test/normal/test_00013900_orig58444_58445_58446.png,0,0.5254508871670898,0.4411441147847955,0.734357156736668
/root/New_CheckLiuliang_remote/datasets/toniot/test/normal/test_00013901_orig58447_58448_58449.png,0,0.5305363702578823,0.4481957334957828,0.7324824588911826
/root/New_CheckLiuliang_remote/datasets/toniot/test/normal/test_00013902_orig58450_58451_58452.png,0,0.5336086567521794,0.4522272176938682,0.731883303151092
/root/New_CheckLiuliang_remote/datasets/toniot/test/normal/test_00013903_orig58453_58454_58455.png,0,0.5272801038669571,0.4436242971671179,0.73381406878143
/root/New_CheckLiuliang_remote/datasets/toniot/test/normal/test_00013904_orig58456_58457_58458.png,0,0.5200528721981353,0.43362652858462797,0.7364231446716503
/root/New_CheckLiuliang_remote/datasets/toniot/test/normal/test_00013905_orig58459_58460_58461.png,0,0.539008530398682,0.45960939163752956,0.7301386056106812
/root/New_CheckLiuliang_remote/datasets/toniot/test/normal/test_00013906_orig58462_58463_58464.png,0,0.5235080459333165,0.43282932710459576,0.7481885845440356
/root/New_CheckLiuliang_remote/datasets/toniot/test/normal/test_00013907_orig58465_58466_58467.png,0,0.5372291292635197,0.45726462151171327,0.7305085430538748
/root/New_CheckLiuliang_remote/datasets/toniot/test/normal/test_00013908_orig58468_58469_58470.png,0,0.5621750494128408,0.44633695422539693,0.8275214768474404
/root/New_CheckLiuliang_remote/datasets/toniot/test/normal/test_00013909_orig58471_58472_58473.png,0,0.532683409492247,0.4510499116341697,0.7319778488275099
/root/New_CheckLiuliang_remote/datasets/toniot/test/normal/test_00013910_orig58474_58475_58476.png,0,0.5308670125628567,0.4486905482075269,0.7322757776450596
/root/New_CheckLiuliang_remote/datasets/toniot/test/normal/test_00013911_orig58477_58478_58479.png,0,0.529965861408033,0.44732081420437236,0.7328884006471982
/root/New_CheckLiuliang_remote/datasets/toniot/test/normal/test_00013912_orig58480_58481_58482.png,0,0.5227779619762886,0.4371536954564776,0.7360053847060825
/root/New_CheckLiuliang_remote/datasets/toniot/test/normal/test_00013913_orig58483_58484_58485.png,0,0.5210439695723653,0.4347556428136902,0.7366298259177733
/root/New_CheckLiuliang_remote/datasets/toniot/test/normal/test_00013914_orig58486_58487_58488.png,0,0.5201849638090328,0.4340585581649094,0.7357937563024725
/root/New_CheckLiuliang_remote/datasets/toniot/test/normal/test_00013915_orig58489_58490_58491.png,0,0.5283649416421149,0.44531983509570067,0.7329678300090725
/root/New_CheckLiuliang_remote/datasets/toniot/test/normal/test_00013916_orig58492_58493_58494.png,0,0.5279874024369755,0.44496552332679745,0.7327122268722449
/root/New_CheckLiuliang_remote/datasets/toniot/test/normal/test_00013917_orig58495_58496_58497.png,0,0.527077380252832,0.4430429407876819,0.7345893982964739
/root/New_CheckLiuliang_remote/datasets/toniot/test/normal/test_00013918_orig58498_58499_58500.png,0,0.5324080762816353,0.4507953773174289,0.731782436106774
/root/New_CheckLiuliang_remote/datasets/toniot/test/normal/test_00013919_orig58501_58502_58503.png,0,0.5326792030237416,0.45108384954306846,0.7318866012560833
/root/New_CheckLiuliang_remote/datasets/toniot/test/normal/test_00013920_orig58504_58505_58506.png,0,0.5258811725144427,0.4413721775325952,0.7350585537314898
/root/New_CheckLiuliang_remote/datasets/toniot/test/normal/test_00013921_orig58507_58508_58509.png,0,0.587606977738008,0.5320593607964549,0.7004108614292943
/root/New_CheckLiuliang_remote/datasets/toniot/test/normal/test_00013922_orig58510_58511_58512.png,0,0.6398181007158762,0.5816178710240679,0.7344533514655817
/root/New_CheckLiuliang_remote/datasets/toniot/test/normal/test_00013923_orig58513_58514_58515.png,0,0.7329275623550321,0.7025311740904429,0.7192488126134926
/root/New_CheckLiuliang_remote/datasets/toniot/test/normal/test_00013924_orig58516_58517_58518.png,0,0.5344507386564471,0.45354875986638643,0.7312137878378531
/root/New_CheckLiuliang_remote/datasets/toniot/test/normal/test_00013925_orig58519_58520_58521.png,0,0.6844654057639319,0.6393751012834469,0.7276815173921444
/root/New_CheckLiuliang_remote/datasets/toniot/test/normal/test_00013926_orig58522_58523_58524.png,0,0.5303389069648179,0.44788621976662596,0.7326385691941053
/root/New_CheckLiuliang_remote/datasets/toniot/test/normal/test_00013927_orig58525_58526_58527.png,0,0.5246727985790949,0.4394753878042427,0.7360202261785435
/root/New_CheckLiuliang_remote/datasets/toniot/test/normal/test_00013928_orig58528_58529_58530.png,0,0.612768829089999,0.550883700725338,0.728621477314672
/root/New_CheckLiuliang_remote/datasets/toniot/test/normal/test_00013929_orig58531_58532_58533.png,0,0.5358671931973609,0.45542145367942083,0.7309048653369989
/root/New_CheckLiuliang_remote/datasets/toniot/test/normal/test_00013930_orig58534_58535_58536.png,0,0.5376098324137211,0.45770751122284226,0.7305665347333056
/root/New_CheckLiuliang_remote/datasets/toniot/test/normal/test_00013931_orig58537_58538_58539.png,0,0.5366275986387068,0.4564942309797111,0.7305816510478492
/root/New_CheckLiuliang_remote/datasets/toniot/test/normal/test_00013932_orig58540_58541_58542.png,0,0.5329353901043598,0.45151757601879483,0.7316090107526468
/root/New_CheckLiuliang_remote/datasets/toniot/test/normal/test_00013933_orig58543_58544_58545.png,0,0.6581608597067157,0.5593593540937178,0.8389749709560629
/root/New_CheckLiuliang_remote/datasets/toniot/test/normal/test_00013934_orig58546_58547_58548.png,0,0.5380368592600957,0.45823558508530715,0.7305585643129099
/root/New_CheckLiuliang_remote/datasets/toniot/test/normal/test_00013935_orig58549_58550_58551.png,0,0.5349536043637306,0.45411382604955103,0.7313369170908626
/root/New_CheckLiuliang_remote/datasets/toniot/test/normal/test_00013936_orig58552_58553_58554.png,0,0.5302626099356165,0.44780001747802306,0.7326209793008183
/root/New_CheckLiuliang_remote/datasets/toniot/test/normal/test_00013937_orig58555_58556_58557.png,0,0.5377008420302508,0.4579209806698155,0.7303293460160128
/root/New_CheckLiuliang_remote/datasets/toniot/test/normal/test_00013938_orig58558_58559_58560.png,0,0.5309740835971347,0.44874247320814203,0.7324615708929042
/root/New_CheckLiuliang_remote/datasets/toniot/test/normal/test_00013939_orig58561_58562_58563.png,0,0.5209140072190942,0.4338315135543766,0.7384135510339147
/root/New_CheckLiuliang_remote/datasets/toniot/test/normal/test_00013940_orig58564_58565_58566.png,0,0.5301206713869832,0.4477443593074291,0.732343938481547
/root/New_CheckLiuliang_remote/datasets/toniot/test/normal/test_00013941_orig58567_58568_58569.png,0,0.5299172529668417,0.4473808843031232,0.7326088862491834
/root/New_CheckLiuliang_remote/datasets/toniot/test/normal/test_00013942_orig58570_58571_58572.png,0,0.5260620950938498,0.44141459991871873,0.7354782375916358
/root/New_CheckLiuliang_remote/datasets/toniot/test/normal/test_00013943_orig58573_58574_58575.png,0,0.5230833806723647,0.4365543519853253,0.7382794280976008
/root/New_CheckLiuliang_remote/datasets/toniot/test/normal/test_00013944_orig58576_58577_58578.png,0,0.531291842145931,0.4490869429834646,0.7325687593051222
/root/New_CheckLiuliang_remote/datasets/toniot/test/normal/test_00013945_orig58579_58580_58581.png,0,0.5317307678413643,0.4498661573717805,0.732008905982845
/root/New_CheckLiuliang_remote/datasets/toniot/test/normal/test_00013946_orig58582_58583_58584.png,0,0.5273829497944788,0.44344782004084426,0.7345206877758212
/root/New_CheckLiuliang_remote/datasets/toniot/test/normal/test_00013947_orig58585_58586_58587.png,0,0.5245264075196255,0.4402325425517744,0.7338338574113779
/root/New_CheckLiuliang_remote/datasets/toniot/test/normal/test_00013948_orig58588_58589_58590.png,0,0.5338992460856659,0.45287000168841096,0.7312165362586792
/root/New_CheckLiuliang_remote/datasets/toniot/test/normal/test_00013949_orig58591_58592_58593.png,0,0.5318664704524491,0.45009625639411416,0.7318610409424006
/root/New_CheckLiuliang_remote/datasets/toniot/test/normal/test_00013950_orig58594_58595_58596.png,0,0.5261332783356601,0.44212186594016917,0.73403201855294
/root/New_CheckLiuliang_remote/datasets/toniot/test/normal/test_00013951_orig58597_58598_58599.png,0,0.5245579063740651,0.4400995059488912,0.7342345771678238
/root/New_CheckLiuliang_remote/datasets/toniot/test/normal/test_00013952_orig58600_58601_58602.png,0,0.5364312393464257,0.45611752019093466,0.7308977194428511
/root/New_CheckLiuliang_remote/datasets/toniot/test/normal/test_00013953_orig58603_58604_58605.png,0,0.5281279047494549,0.44501541205287864,0.7329986123223249
/root/New_CheckLiuliang_remote/datasets/toniot/test/normal/test_00013954_orig58606_58607_58608.png,0,0.5198197259414321,0.43316327612815975,0.7368356826376484
/root/New_CheckLiuliang_remote/datasets/toniot/test/normal/test_00013955_orig58609_58610_58611.png,0,0.5209469550484422,0.4338067388808805,0.7385658135476808
/root/New_CheckLiuliang_remote/datasets/toniot/test/normal/test_00013956_orig58612_58613_58614.png,0,0.5335571954166929,0.4523208863224288,0.7315172134970549
/root/New_CheckLiuliang_remote/datasets/toniot/test/normal/test_00013957_orig58615_58616_58617.png,0,0.5575766037451023,0.45925066794046954,0.7842066394701265
/root/New_CheckLiuliang_remote/datasets/toniot/test/normal/test_00013958_orig58618_58619_58620.png,0,0.5325844396393917,0.4509708363064356,0.7318786308356876
/root/New_CheckLiuliang_remote/datasets/toniot/test/normal/test_00013959_orig58621_58622_58623.png,0,0.5248557462016689,0.44012326248512035,0.7350329934178069
/root/New_CheckLiuliang_remote/datasets/toniot/test/normal/test_00013960_orig58624_58625_58626.png,0,0.6489330618441331,0.5423130212120415,0.8522954673318578
/root/New_CheckLiuliang_remote/datasets/toniot/test/normal/test_00013961_orig58627_58628_58629.png,0,0.540089787978808,0.4610344444321891,0.7299132351029407
/root/New_CheckLiuliang_remote/datasets/toniot/test/normal/test_00013962_orig58630_58631_58632.png,0,0.5356929282920752,0.45522631070325287,0.7308606157616987
/root/New_CheckLiuliang_remote/datasets/toniot/test/normal/test_00013963_orig58633_58634_58635.png,0,0.5310382046118776,0.44879439820875716,0.7325242348877393
/root/New_CheckLiuliang_remote/datasets/toniot/test/normal/test_00013964_orig58636_58637_58638.png,0,0.5245703452845614,0.43933726051502475,0.736048809755135
/root/New_CheckLiuliang_remote/datasets/toniot/test/normal/test_00013965_orig58639_58640_58641.png,0,0.5230338070800192,0.4371346902274943,0.7367831877998698
/root/New_CheckLiuliang_remote/datasets/toniot/test/normal/test_00013966_orig58642_58643_58644.png,0,0.5275419887222056,0.44431968492045376,0.7329422696953898
/root/New_CheckLiuliang_remote/datasets/toniot/test/normal/test_00013967_orig58645_58646_58647.png,0,0.5222453687243714,0.43600591537752104,0.7371566981901374
/root/New_CheckLiuliang_remote/datasets/toniot/test/normal/test_00013968_orig58648_58649_58650.png,0,0.530831541839155,0.44850762287856255,0.7326009158287877
/root/New_CheckLiuliang_remote/datasets/toniot/test/normal/test_00013969_orig58651_58652_58653.png,0,0.5272333138105781,0.4434444262499544,0.7340996297052621
/root/New_CheckLiuliang_remote/datasets/toniot/test/normal/test_00013970_orig58654_58655_58656.png,0,0.5206742451116131,0.4341026774464778,0.737093484511137
/root/New_CheckLiuliang_remote/datasets/toniot/test/normal/test_00013971_orig58657_58658_58659.png,0,0.5244126905652372,0.4392785479326299,0.7357338407284635
/root/New_CheckLiuliang_remote/datasets/toniot/test/normal/test_00013972_orig58660_58661_58662.png,0,0.4908151564928602,0.38054356651787724,0.7764646128450745
/root/New_CheckLiuliang_remote/datasets/toniot/test/normal/test_00013973_orig58663_58664_58665.png,0,0.5230752404938734,0.4370084412063909,0.737196550292116
/root/New_CheckLiuliang_remote/datasets/toniot/test/normal/test_00013974_orig58666_58667_58668.png,0,0.5202600111865555,0.43353048430244445,0.7372410747094988
/root/New_CheckLiuliang_remote/datasets/toniot/test/normal/test_00013975_orig58669_58670_58671.png,0,0.5210680270483172,0.43393570293469585,0.7386119870175594
/root/New_CheckLiuliang_remote/datasets/toniot/test/normal/test_00013976_orig58672_58673_58674.png,0,0.6686858180011916,0.6324157936846643,0.6986829292559228
/root/New_CheckLiuliang_remote/datasets/toniot/test/normal/test_00013977_orig58675_58676_58677.png,0,0.541883707491907,0.43582536570217956,0.7938772329888554
/root/New_CheckLiuliang_remote/datasets/toniot/test/normal/test_00013978_orig58678_58679_58680.png,0,0.7164589859054492,0.6602085654191374,0.7707893986812527
/root/New_CheckLiuliang_remote/datasets/toniot/test/normal/test_00013979_orig58681_58682_58683.png,0,0.5258966585947398,0.4420679046650201,0.7334795859668931
/root/New_CheckLiuliang_remote/datasets/toniot/test/normal/test_00013980_orig58684_58685_58686.png,0,0.6103075563388934,0.5535037072923233,0.7154521440843128
/root/New_CheckLiuliang_remote/datasets/toniot/test/normal/test_00013981_orig58687_58688_58689.png,0,0.6602158977238929,0.6107338818265043,0.7249924624558844
/root/New_CheckLiuliang_remote/datasets/toniot/test/normal/test_00013982_orig58690_58691_58692.png,0,0.6199568184467762,0.573227062427935,0.697093517492187
/root/New_CheckLiuliang_remote/datasets/toniot/test/normal/test_00013983_orig58693_58694_58695.png,0,0.647743405123739,0.5993470346327876,0.7158055910025497
/root/New_CheckLiuliang_remote/datasets/toniot/test/normal/test_00013984_orig58696_58697_58698.png,0,0.6374932058961215,0.526988019069711,0.8552579901403151
/root/New_CheckLiuliang_remote/datasets/toniot/test/normal/test_00013985_orig58699_58700_58701.png,0,0.5252766303897397,0.4397628418926154,0.7370805669332543
/root/New_CheckLiuliang_remote/datasets/toniot/test/normal/test_00013986_orig58702_58703_58704.png,0,0.5237316288270268,0.4383411828888457,0.7359685558670127
/root/New_CheckLiuliang_remote/datasets/toniot/test/normal/test_00013987_orig58705_58706_58707.png,0,0.5331647933695005,0.4515294542869094,0.7322389488059898
/root/New_CheckLiuliang_remote/datasets/toniot/test/normal/test_00013988_orig58708_58709_58710.png,0,0.5280923682555083,0.44452297299475746,0.7340457606570705
/root/New_CheckLiuliang_remote/datasets/toniot/test/normal/test_00013989_orig58711_58712_58713.png,0,0.522523232532373,0.43676510639958666,0.7361818333231184
/root/New_CheckLiuliang_remote/datasets/toniot/test/normal/test_00013990_orig58714_58715_58716.png,0,0.5220726775142223,0.43645253825862895,0.7356195064220975
/root/New_CheckLiuliang_remote/datasets/toniot/test/normal/test_00013991_orig58717_58718_58719.png,0,0.5277481469184586,0.44420429603019795,0.7338025254139603
/root/New_CheckLiuliang_remote/datasets/toniot/test/normal/test_00013992_orig58720_58721_58722.png,0,0.5300139710962677,0.4475899418219397,0.7323983572139038
/root/New_CheckLiuliang_remote/datasets/toniot/test/normal/test_00013993_orig58723_58724_58725.png,0,0.529662938674177,0.4468741913232645,0.733062100843408
/root/New_CheckLiuliang_remote/datasets/toniot/test/normal/test_00013994_orig58726_58727_58728.png,0,0.5210918201236093,0.4349524826853031,0.7363077109969539
/root/New_CheckLiuliang_remote/datasets/toniot/test/normal/test_00013995_orig58729_58730_58731.png,0,0.5320632462156604,0.44728008871369385,0.7389962162490487
/root/New_CheckLiuliang_remote/datasets/toniot/test/normal/test_00013996_orig58732_58733_58734.png,0,0.5435565864029438,0.4483776406874802,0.7693844059549484
/root/New_CheckLiuliang_remote/datasets/toniot/test/normal/test_00013997_orig58735_58736_58737.png,0,0.5224840811392312,0.43668331603914057,0.736260438158745
/root/New_CheckLiuliang_remote/datasets/toniot/test/normal/test_00013998_orig58738_58739_58740.png,0,0.5196530969750781,0.4330034285772465,0.7367309678041739
/root/New_CheckLiuliang_remote/datasets/toniot/test/normal/test_00013999_orig58741_58742_58743.png,0,0.5214780666787636,0.4354673207632975,0.7362137150047011
/root/New_CheckLiuliang_remote/datasets/toniot/test/normal/test_00014000_orig58744_58745_58746.png,0,0.5295525684332916,0.4466977141969909,0.7331574710460736
/root/New_CheckLiuliang_remote/datasets/toniot/test/normal/test_00014001_orig58747_58748_58749.png,0,0.5285793656198611,0.44549529408470734,0.7331731370447825
/root/New_CheckLiuliang_remote/datasets/toniot/test/normal/test_00014002_orig58750_58751_58752.png,0,0.5283936174106653,0.4453938197371,0.7328774069638937
/root/New_CheckLiuliang_remote/datasets/toniot/test/normal/test_00014003_orig58753_58754_58755.png,0,0.5201245205614716,0.4334683779291597,0.736997564624306
/root/New_CheckLiuliang_remote/datasets/toniot/test/normal/test_00014004_orig58756_58757_58758.png,0,0.5282646954093859,0.44526451630419567,0.7328095209694889
/root/New_CheckLiuliang_remote/datasets/toniot/test/normal/test_00014005_orig58759_58760_58761.png,0,0.5262347535433364,0.4424463123492414,0.7335658863808328
/root/New_CheckLiuliang_remote/datasets/toniot/test/normal/test_00014006_orig58762_58763_58764.png,0,0.5305038168460662,0.44818589150220217,0.7324120993180343
/root/New_CheckLiuliang_remote/datasets/toniot/test/normal/test_00014007_orig58765_58766_58767.png,0,0.5264515636042874,0.44245920875462297,0.7341573465426103
/root/New_CheckLiuliang_remote/datasets/toniot/test/normal/test_00014008_orig58768_58769_58770.png,0,0.40044931328799616,0.29130078065674947,0.7256366922975231
/root/New_CheckLiuliang_remote/datasets/toniot/test/normal/test_00014009_orig58771_58772_58773.png,0,0.5277999158375932,0.444618677897852,0.7329840456919465
/root/New_CheckLiuliang_remote/datasets/toniot/test/normal/test_00014010_orig58774_58775_58776.png,0,0.5202826514205098,0.4337157852850318,0.7368736108450487
/root/New_CheckLiuliang_remote/datasets/toniot/test/normal/test_00014011_orig58777_58778_58779.png,0,0.5214301933173286,0.4355569168427903,0.7358674139806121
/root/New_CheckLiuliang_remote/datasets/toniot/test/normal/test_00014012_orig58780_58781_58782.png,0,0.5259821355255866,0.44208623113582546,0.7336818697396943
/root/New_CheckLiuliang_remote/datasets/toniot/test/normal/test_00014013_orig58783_58784_58785.png,0,0.5247464612283361,0.4403316412457588,0.7342334777994933
/root/New_CheckLiuliang_remote/datasets/toniot/test/normal/test_00014014_orig58786_58787_58788.png,0,0.48961858161798805,0.379249514051567,0.776053723931572
/root/New_CheckLiuliang_remote/datasets/toniot/test/normal/test_00014015_orig58789_58790_58791.png,0,0.5554990499070597,0.4516421281444533,0.7960039610240945
/root/New_CheckLiuliang_remote/datasets/toniot/test/normal/test_00014016_orig58792_58793_58794.png,0,0.5236575581647107,0.4387229843639569,0.7348653397474146
/root/New_CheckLiuliang_remote/datasets/toniot/test/normal/test_00014017_orig58795_58796_58797.png,0,0.5292956685562398,0.4464852628872846,0.732916709381707
/root/New_CheckLiuliang_remote/datasets/toniot/test/normal/test_00014018_orig58798_58799_58800.png,0,0.5257278490028477,0.4416701523727265,0.7339237307723915
/root/New_CheckLiuliang_remote/datasets/toniot/test/normal/test_00014019_orig58801_58802_58803.png,0,0.5326841541165712,0.4512277462767993,0.7315650360194291
/root/New_CheckLiuliang_remote/datasets/toniot/test/normal/test_00014020_orig58804_58805_58806.png,0,0.521969768597749,0.43595365099781697,0.7364885570873115
/root/New_CheckLiuliang_remote/datasets/toniot/test/normal/test_00014021_orig58807_58808_58809.png,0,0.5277148119997134,0.443954852399792,0.7342889959001807
/root/New_CheckLiuliang_remote/datasets/toniot/test/normal/test_00014022_orig58810_58811_58812.png,0,0.5274259300543093,0.4437983986397686,0.7338258869909822
/root/New_CheckLiuliang_remote/datasets/toniot/test/normal/test_00014023_orig58813_58814_58815.png,0,0.5371572238396647,0.45714753572601247,0.7305756045220317
/root/New_CheckLiuliang_remote/datasets/toniot/test/normal/test_00014024_orig58816_58817_58818.png,0,0.530025909825169,0.4476255766262834,0.7323494353231992
/root/New_CheckLiuliang_remote/datasets/toniot/test/normal/test_00014025_orig58819_58820_58821.png,0,0.5244104847990998,0.4397272070882717,0.7346806458679005
/root/New_CheckLiuliang_remote/datasets/toniot/test/normal/test_00014026_orig58822_58823_58824.png,0,0.5206720013261606,0.43447531568618636,0.7362175627938577
/root/New_CheckLiuliang_remote/datasets/toniot/test/normal/test_00014027_orig58825_58826_58827.png,0,0.5240831439931494,0.4392425737491972,0.7348730353257277
/root/New_CheckLiuliang_remote/datasets/toniot/test/normal/test_00014028_orig58828_58829_58830.png,0,0.525246637307736,0.4410025937046876,0.734101828441923
/root/New_CheckLiuliang_remote/datasets/toniot/test/normal/test_00014029_orig58831_58832_58833.png,0,0.5316958584466778,0.4497093642326681,0.7322746782767291
/root/New_CheckLiuliang_remote/datasets/toniot/test/normal/test_00014030_orig58834_58835_58836.png,0,0.5286524276441008,0.44557504817061944,0.7331964986218044
/root/New_CheckLiuliang_remote/datasets/toniot/test/normal/test_00014031_orig58837_58838_58839.png,0,0.5243382947417489,0.4394757271833317,0.735060477626068
/root/New_CheckLiuliang_remote/datasets/toniot/test/normal/test_00014032_orig58840_58841_58842.png,0,0.5326266308672095,0.45115919170082375,0.7315600888619421
/root/New_CheckLiuliang_remote/datasets/toniot/test/normal/test_00014033_orig58843_58844_58845.png,0,0.5223529237983486,0.4367749483931673,0.7356706270494631
/root/New_CheckLiuliang_remote/datasets/toniot/test/normal/test_00014034_orig58846_58847_58848.png,0,0.542993457501941,0.5060113369584677,0.6332914015929297
/root/New_CheckLiuliang_remote/datasets/toniot/test/normal/test_00014035_orig58849_58850_58851.png,0,0.5865472502707589,0.5015569864155035,0.7685450382346564
/root/New_CheckLiuliang_remote/datasets/toniot/test/normal/test_00014036_orig58852_58853_58854.png,0,0.5272359430788365,0.4434403537008865,0.734116669914384
/root/New_CheckLiuliang_remote/datasets/toniot/test/normal/test_00014037_orig58855_58856_58857.png,0,0.6174529592225604,0.56992965519933,0.6976093960812466
/root/New_CheckLiuliang_remote/datasets/toniot/test/normal/test_00014038_orig58858_58859_58860.png,0,0.592731292378547,0.5127127164496196,0.7602434331294097
/root/New_CheckLiuliang_remote/datasets/toniot/test/normal/test_00014039_orig58861_58862_58863.png,0,0.5429733586139999,0.43404837679223973,0.8011473557580653
/root/New_CheckLiuliang_remote/datasets/toniot/test/normal/test_00014040_orig58864_58865_58866.png,0,0.539952299757716,0.43034167838231563,0.8011355375485131
/root/New_CheckLiuliang_remote/datasets/toniot/test/normal/test_00014041_orig58867_58868_58869.png,0,0.6459974742176339,0.6414541375825857,0.6125504438287371
/root/New_CheckLiuliang_remote/datasets/toniot/test/normal/test_00014042_orig58870_58871_58872.png,0,0.5337716129870701,0.452730856261926,0.7311753099462877
/root/New_CheckLiuliang_remote/datasets/toniot/test/normal/test_00014043_orig58873_58874_58875.png,0,0.6817635120630503,0.6550537364365026,0.6833522378879155
/root/New_CheckLiuliang_remote/datasets/toniot/test/normal/test_00014044_orig58876_58877_58878.png,0,0.5332992455481017,0.45187969350674473,0.7318071718942089
/root/New_CheckLiuliang_remote/datasets/toniot/test/normal/test_00014045_orig58879_58880_58881.png,0,0.5371134155507529,0.45706167281649857,0.7306503615685018
/root/New_CheckLiuliang_remote/datasets/toniot/test/normal/test_00014046_orig58882_58883_58884.png,0,0.5282806455124903,0.44479481564503665,0.7339512149806525
/root/New_CheckLiuliang_remote/datasets/toniot/test/normal/test_00014047_orig58885_58886_58887.png,0,0.5351450908752331,0.4545271897799381,0.7309213558619556
/root/New_CheckLiuliang_remote/datasets/toniot/test/normal/test_00014048_orig58888_58889_58890.png,0,0.527751090037773,0.44381367069877303,0.7347224218644572
/root/New_CheckLiuliang_remote/datasets/toniot/test/normal/test_00014049_orig58891_58892_58893.png,0,0.5012137714555277,0.38871581498070207,0.7872068156439014
/root/New_CheckLiuliang_remote/datasets/toniot/test/normal/test_00014050_orig58894_58895_58896.png,0,0.5260681179726646,0.4422895192101291,0.7334540256532103
/root/New_CheckLiuliang_remote/datasets/toniot/test/normal/test_00014051_orig58897_58898_58899.png,0,0.5241113452475729,0.4388906376339169,0.735775067040855
/root/New_CheckLiuliang_remote/datasets/toniot/test/normal/test_00014052_orig58900_58901_58902.png,0,0.5247251755273497,0.43978591967066655,0.7354458062258877
/root/New_CheckLiuliang_remote/datasets/toniot/test/normal/test_00014053_orig58903_58904_58905.png,0,0.5297403499345551,0.4470214818478852,0.7329403458008115
/root/New_CheckLiuliang_remote/datasets/toniot/test/normal/test_00014054_orig58906_58907_58908.png,0,0.5323822199349065,0.4506687889172365,0.7320036839832753
/root/New_CheckLiuliang_remote/datasets/toniot/test/normal/test_00014055_orig58909_58910_58911.png,0,0.5269708695698156,0.4435201077867987,0.733170663466039
/root/New_CheckLiuliang_remote/datasets/toniot/test/normal/test_00014056_orig58912_58913_58914.png,0,0.5335401336667565,0.4521321915489516,0.7319085886226921
/root/New_CheckLiuliang_remote/datasets/toniot/test/normal/test_00014057_orig58915_58916_58917.png,0,0.523262643199622,0.43804931687231624,0.7353050870795912
/root/New_CheckLiuliang_remote/datasets/toniot/test/normal/test_00014058_orig58918_58919_58920.png,0,0.5310707165752516,0.44882833611765593,0.7325382518339525
/root/New_CheckLiuliang_remote/datasets/toniot/test/normal/test_00014059_orig58921_58922_58923.png,0,0.5277808995395294,0.4445653953808809,0.7330538555809296
/root/New_CheckLiuliang_remote/datasets/toniot/test/normal/test_00014060_orig58924_58925_58926.png,0,0.529298107492982,0.44615538641278846,0.733693413107164
/root/New_CheckLiuliang_remote/datasets/toniot/test/normal/test_00014061_orig58927_58928_58929.png,0,0.522924776245951,0.43732406375914945,0.7360287462831044
/root/New_CheckLiuliang_remote/datasets/toniot/test/normal/test_00014062_orig58930_58931_58932.png,0,0.5274342079077277,0.44406888377369186,0.7332184859884132
/root/New_CheckLiuliang_remote/datasets/toniot/test/normal/test_00014063_orig58933_58934_58935.png,0,0.5274200247645361,0.44399727478591544,0.7333449133464139
/root/New_CheckLiuliang_remote/datasets/toniot/test/normal/test_00014064_orig58936_58937_58938.png,0,0.5298897139477309,0.4475644883902656,0.7321015277646846
/root/New_CheckLiuliang_remote/datasets/toniot/test/normal/test_00014065_orig58939_58940_58941.png,0,0.5340766501063381,0.4532144714637335,0.7309213558619556
/root/New_CheckLiuliang_remote/datasets/toniot/test/normal/test_00014066_orig58942_58943_58944.png,0,0.5291470245536573,0.4462694177866884,0.7329942148490032
/root/New_CheckLiuliang_remote/datasets/toniot/test/normal/test_00014067_orig58945_58946_58947.png,0,0.5347986198912262,0.45413554631124625,0.7308419265000812
/root/New_CheckLiuliang_remote/datasets/toniot/test/normal/test_00014068_orig58948_58949_58950.png,0,0.5320812981763507,0.4502968294357059,0.732008905982845
/root/New_CheckLiuliang_remote/datasets/toniot/test/normal/test_00014069_orig58951_58952_58953.png,0,0.5203355792704374,0.4336927075069806,0.7370791927228413
/root/New_CheckLiuliang_remote/datasets/toniot/test/normal/test_00014070_orig58954_58955_58956.png,0,0.5299111407077899,0.44736018217869494,0.7326396685624358
/root/New_CheckLiuliang_remote/datasets/toniot/test/normal/test_00014071_orig58957_58958_58959.png,0,0.5233121244714802,0.43817183272344085,0.7351610698283034
/root/New_CheckLiuliang_remote/datasets/toniot/test/normal/test_00014072_orig58960_58961_58962.png,0,0.5204196636110096,0.43428119084728534,0.7359471181845691
/root/New_CheckLiuliang_remote/datasets/toniot/test/normal/test_00014073_orig58963_58964_58965.png,0,0.5323710344921234,0.4507478642449706,0.7317871084221783
/root/New_CheckLiuliang_remote/datasets/toniot/test/normal/test_00014074_orig58966_58967_58968.png,0,0.5323074554633233,0.4506226333611341,0.7318970452552225
/root/New_CheckLiuliang_remote/datasets/toniot/test/normal/test_00014075_orig58969_58970_58971.png,0,0.5305143704268029,0.4476255766262834,0.7337497557340991
/root/New_CheckLiuliang_remote/datasets/toniot/test/normal/test_00014076_orig58972_58973_58974.png,0,0.5355240118563973,0.45514893227096365,0.7305569152604142
/root/New_CheckLiuliang_remote/datasets/toniot/test/normal/test_00014077_orig58975_58976_58977.png,0,0.530153330759811,0.44722239426856597,0.7336554848997637
/root/New_CheckLiuliang_remote/datasets/toniot/test/normal/test_00014078_orig58978_58979_58980.png,0,0.5257437065695205,0.44181472786463527,0.7336318484806592
/root/New_CheckLiuliang_remote/datasets/toniot/test/normal/test_00014079_orig58981_58982_58983.png,0,0.526786916287407,0.44319939454770524,0.7333916365004578
/root/New_CheckLiuliang_remote/datasets/toniot/test/normal/test_00014080_orig58984_58985_58986.png,0,0.5234574112192426,0.43810769007562217,0.7357272445184808
/root/New_CheckLiuliang_remote/datasets/toniot/test/normal/test_00014081_orig58987_58988_58989.png,0,0.5279796930437585,0.4441808788730578,0.7345209626179038
/root/New_CheckLiuliang_remote/datasets/toniot/test/normal/test_00014082_orig58990_58991_58992.png,0,0.5202001614518056,0.4341142163355034,0.7357074558885328
/root/New_CheckLiuliang_remote/datasets/toniot/test/normal/test_00014083_orig58993_58994_58995.png,0,0.5206596789369893,0.43406534574668915,0.7371388334547677
/root/New_CheckLiuliang_remote/datasets/toniot/test/normal/test_00014084_orig58996_58997_58998.png,0,0.660605440917589,0.5553251548629206,0.8553962357078682
/root/New_CheckLiuliang_remote/datasets/toniot/test/normal/test_00014085_orig58999_59000_59001.png,0,0.526768294876756,0.44300289405518134,0.7337967537302255
/root/New_CheckLiuliang_remote/datasets/toniot/test/normal/test_00014086_orig59002_59003_59004.png,0,0.5203350635048171,0.43352233920430877,0.7374752401638829
/root/New_CheckLiuliang_remote/datasets/toniot/test/normal/test_00014087_orig59005_59006_59007.png,0,0.5208903949187441,0.4347953501671018,0.7360969071195917
/root/New_CheckLiuliang_remote/datasets/toniot/test/normal/test_00014088_orig59008_59009_59010.png,0,0.5236879722024824,0.4382393691621494,0.7360809662788004
/root/New_CheckLiuliang_remote/datasets/toniot/test/normal/test_00014089_orig59011_59012_59013.png,0,0.526764022581018,0.4431559540243148,0.7334273659711971
/root/New_CheckLiuliang_remote/datasets/toniot/test/normal/test_00014090_orig59014_59015_59016.png,0,0.529806382442392,0.4470564378940509,0.7330480838971948
/root/New_CheckLiuliang_remote/datasets/toniot/test/normal/test_00014091_orig59017_59018_59019.png,0,0.7219148278634194,0.6629592329353831,0.7800119996053267
/root/New_CheckLiuliang_remote/datasets/toniot/test/normal/test_00014092_orig59020_59021_59022.png,0,0.5298984543573266,0.4474239854474247,0.7324544249987563
/root/New_CheckLiuliang_remote/datasets/toniot/test/normal/test_00014093_orig59023_59024_59025.png,0,0.6663289292279134,0.6175652435087385,0.7265774767462985
/root/New_CheckLiuliang_remote/datasets/toniot/test/normal/test_00014094_orig59026_59027_59028.png,0,0.5425918576820026,0.43588102387277355,0.7957774911480237
/root/New_CheckLiuliang_remote/datasets/toniot/test/normal/test_00014095_orig59029_59030_59031.png,0,0.5293363546024678,0.44626127268855265,0.7335559920658588
/root/New_CheckLiuliang_remote/datasets/toniot/test/normal/test_00014096_orig59032_59033_59034.png,0,0.525383409284434,0.4396148726098167,0.737731942669041
/root/New_CheckLiuliang_remote/datasets/toniot/test/normal/test_00014097_orig59035_59036_59037.png,0,0.521635688986341,0.43609279642430193,0.7352061439298515
/root/New_CheckLiuliang_remote/datasets/toniot/test/normal/test_00014098_orig59038_59039_59040.png,0,0.6978361747651226,0.6641419690605054,0.7082235224695771
/root/New_CheckLiuliang_remote/datasets/toniot/test/normal/test_00014099_orig59041_59042_59043.png,0,0.7131423714295162,0.6963415782654844,0.6769709544138677
/root/New_CheckLiuliang_remote/datasets/toniot/test/normal/test_00014100_orig59044_59045_59046.png,0,0.5372083458465859,0.4572354349100603,0.7305170631584358
/root/New_CheckLiuliang_remote/datasets/toniot/test/normal/test_00014101_orig59047_59048_59049.png,0,0.5366041406440564,0.4564161737892439,0.7306965350383803
/root/New_CheckLiuliang_remote/datasets/toniot/test/normal/test_00014102_orig59050_59051_59052.png,0,0.5317298751787483,0.4498356132537716,0.7320776165034975
/root/New_CheckLiuliang_remote/datasets/toniot/test/normal/test_00014103_orig59053_59054_59055.png,0,0.530794554687725,0.44857278366364817,0.7323428391132165
/root/New_CheckLiuliang_remote/datasets/toniot/test/normal/test_00014104_orig59056_59057_59058.png,0,0.5291096897417877,0.4458105772583769,0.7339578111906352
/root/New_CheckLiuliang_remote/datasets/toniot/test/normal/test_00014105_orig59059_59060_59061.png,0,0.5265350885523555,0.4421585188817798,0.7350984058334682
/root/New_CheckLiuliang_remote/datasets/toniot/test/normal/test_00014106_orig59062_59063_59064.png,0,0.5203741882647434,0.4335277692697326,0.7375747329977878
/root/New_CheckLiuliang_remote/datasets/toniot/test/normal/test_00014107_orig59065_59066_59067.png,0,0.5250970216446611,0.4405956781769913,0.7346223793463871
/root/New_CheckLiuliang_remote/datasets/toniot/test/normal/test_00014108_orig59068_59069_59070.png,0,0.5203415553091864,0.4340375166613922,0.7362917701561625
/root/New_CheckLiuliang_remote/datasets/toniot/test/normal/test_00014109_orig59071_59072_59073.png,0,0.51972123683212,0.4329012754714612,0.7371646686105331
/root/New_CheckLiuliang_remote/datasets/toniot/test/normal/test_00014110_orig59074_59075_59076.png,0,0.5227271570975833,0.43772215543053206,0.7345333305116213
/root/New_CheckLiuliang_remote/datasets/toniot/test/normal/test_00014111_orig59077_59078_59079.png,0,0.5270864239911621,0.4428705362104761,0.7350176022611807
/root/New_CheckLiuliang_remote/datasets/toniot/test/normal/test_00014112_orig59080_59081_59082.png,0,0.5260487680485832,0.44234619551799004,0.7332663085107874
/root/New_CheckLiuliang_remote/datasets/toniot/test/normal/test_00014113_orig59083_59084_59085.png,0,0.6584178411140169,0.5561002967021685,0.8473161533212055
/root/New_CheckLiuliang_remote/datasets/toniot/test/normal/test_00014114_orig59086_59087_59088.png,0,0.5238936543229988,0.4391668922123529,0.7345063959875254
/root/New_CheckLiuliang_remote/datasets/toniot/test/normal/test_00014115_orig59089_59090_59091.png,0,0.5258670637463024,0.44197559355281546,0.733610135956133
/root/New_CheckLiuliang_remote/datasets/toniot/test/normal/test_00014116_orig59092_59093_59094.png,0,0.5248605514656502,0.4392113508730103,0.7371745629255071
/root/New_CheckLiuliang_remote/datasets/toniot/test/normal/test_00014117_orig59095_59096_59097.png,0,0.5202087026711425,0.4334795774390963,0.73721276597499
/root/New_CheckLiuliang_remote/datasets/toniot/test/normal/test_00014118_orig59098_59099_59100.png,0,0.52211599263176,0.43599301897213955,0.7368158940077005
/root/New_CheckLiuliang_remote/datasets/toniot/test/normal/test_00014119_orig59101_59102_59103.png,0,0.5248321763655062,0.4402742861797199,0.7346130347155783
/root/New_CheckLiuliang_remote/datasets/toniot/test/normal/test_00014120_orig59104_59105_59106.png,0,0.5230940398531914,0.43817692340977565,0.7345239858808126
/root/New_CheckLiuliang_remote/datasets/toniot/test/normal/test_00014121_orig59107_59108_59109.png,0,0.5237921284142404,0.4382352966130815,0.7363890642534066
/root/New_CheckLiuliang_remote/datasets/toniot/test/normal/test_00014122_orig59110_59111_59112.png,0,0.5240075922740978,0.4393141827369736,0.7344893557784036
/root/New_CheckLiuliang_remote/datasets/toniot/test/normal/test_00014123_orig59113_59114_59115.png,0,0.5317845302677031,0.45000394528190946,0.7318415271545352
/root/New_CheckLiuliang_remote/datasets/toniot/test/normal/test_00014124_orig59116_59117_59118.png,0,0.5247146921047424,0.44019555023107476,0.7344599476755643
/root/New_CheckLiuliang_remote/datasets/toniot/test/normal/test_00014125_orig59119_59120_59121.png,0,0.52304964407193,0.43787996670691137,0.7350896108868247
/root/New_CheckLiuliang_remote/datasets/toniot/test/normal/test_00014126_orig59122_59123_59124.png,0,0.5314636123396822,0.44948503465484724,0.732132310077937
/root/New_CheckLiuliang_remote/datasets/toniot/test/normal/test_00014127_orig59125_59126_59127.png,0,0.5297389827008245,0.44699365276258823,0.733001360743151
/root/New_CheckLiuliang_remote/datasets/toniot/test/normal/test_00014128_orig59128_59129_59130.png,0,0.5266248916362175,0.4428708755895651,0.7336936879492466
/root/New_CheckLiuliang_remote/datasets/toniot/test/normal/test_00014129_orig59131_59132_59133.png,0,0.5242605822671,0.43887163240493354,0.7362472457387796
/root/New_CheckLiuliang_remote/datasets/toniot/test/normal/test_00014130_orig59134_59135_59136.png,0,0.5272893805219558,0.4437678545217597,0.733505695964741
/root/New_CheckLiuliang_remote/datasets/toniot/test/normal/test_00014131_orig59137_59138_59139.png,0,0.5304934049722353,0.4482619124181354,0.7322048683877461
/root/New_CheckLiuliang_remote/datasets/toniot/test/normal/test_00014132_orig59140_59141_59142.png,0,0.5296549178242899,0.4473075784199019,0.732027870086545
/root/New_CheckLiuliang_remote/datasets/toniot/test/normal/test_00014133_orig59143_59144_59145.png,0,0.5273809833713748,0.4438350515813793,0.733611510166546
/root/New_CheckLiuliang_remote/datasets/toniot/test/normal/test_00014134_orig59146_59147_59148.png,0,0.5297564520769282,0.4471416220453869,0.7327061803464274
/root/New_CheckLiuliang_remote/datasets/toniot/test/normal/test_00014135_orig59149_59150_59151.png,0,0.5242297921321335,0.4386177768463707,0.7367513061182871
/root/New_CheckLiuliang_remote/datasets/toniot/test/normal/test_00014136_orig59152_59153_59154.png,0,0.5261678051308034,0.44249009225172087,0.7332718053524396
/root/New_CheckLiuliang_remote/datasets/toniot/test/normal/test_00014137_orig59155_59156_59157.png,0,0.5211886124691297,0.43531935148049883,0.735729168413059
/root/New_CheckLiuliang_remote/datasets/toniot/test/normal/test_00014138_orig59158_59159_59160.png,0,0.5277114938819227,0.44390801808551167,0.7343887635761682
/root/New_CheckLiuliang_remote/datasets/toniot/test/normal/test_00014139_orig59161_59162_59163.png,0,0.5203098283768478,0.43342867057574813,0.7376214561518316
/root/New_CheckLiuliang_remote/datasets/toniot/test/normal/test_00014140_orig59164_59165_59166.png,0,0.5247050445472241,0.4396372716296899,0.7357349400967939
/root/New_CheckLiuliang_remote/datasets/toniot/test/normal/test_00014141_orig59167_59168_59169.png,0,0.5322953912713811,0.4505021537845435,0.732143578603324
/root/New_CheckLiuliang_remote/datasets/toniot/test/normal/test_00014142_orig59170_59171_59172.png,0,0.5290433649993879,0.4462901199111166,0.7326487383511618
/root/New_CheckLiuliang_remote/datasets/toniot/test/normal/test_00014143_orig59173_59174_59175.png,0,0.5304803080743501,0.44807219950739124,0.7326099856175138
/root/New_CheckLiuliang_remote/datasets/toniot/test/normal/test_00014144_orig59176_59177_59178.png,0,0.5252586105058601,0.44041139533167095,0.7355156161148708
/root/New_CheckLiuliang_remote/datasets/toniot/test/normal/test_00014145_orig59179_59180_59181.png,0,0.5261747256439749,0.44196948472921366,0.7345063959875254
/root/New_CheckLiuliang_remote/datasets/toniot/test/normal/test_00014146_orig59182_59183_59184.png,0,0.7090507508918219,0.6444613756901062,0.7862948896138001
/root/New_CheckLiuliang_remote/datasets/toniot/test/normal/test_00014147_orig59185_59186_59187.png,0,0.6627625687038446,0.6177359511904994,0.7159551050954898
/root/New_CheckLiuliang_remote/datasets/toniot/test/normal/test_00014148_orig59188_59189_59190.png,0,0.6050484375386117,0.5325361884164826,0.7492994962419468
/root/New_CheckLiuliang_remote/datasets/toniot/test/normal/test_00014149_orig59191_59192_59193.png,0,0.5216245106937402,0.43548870164590375,0.7365836524478947
/root/New_CheckLiuliang_remote/datasets/toniot/test/normal/test_00014150_orig59194_59195_59196.png,0,0.6369368948771529,0.6400894942657661,0.5897597138124362
/root/New_CheckLiuliang_remote/datasets/toniot/test/normal/test_00014151_orig59197_59198_59199.png,0,0.6310418110977869,0.5341597779782,0.8200290068333987
/root/New_CheckLiuliang_remote/datasets/toniot/test/normal/test_00014152_orig59200_59201_59202.png,0,0.527106669912007,0.4434586801716919,0.733703307422138
/root/New_CheckLiuliang_remote/datasets/toniot/test/normal/test_00014153_orig59203_59204_59205.png,0,0.8149851294295493,0.8028309306707913,0.7204589423032262
/root/New_CheckLiuliang_remote/datasets/toniot/test/normal/test_00014154_orig59206_59207_59208.png,0,0.5280542554108184,0.4450988993087696,0.7325926705663094
/root/New_CheckLiuliang_remote/datasets/toniot/test/normal/test_00014155_orig59209_59210_59211.png,0,0.5292978756180444,0.4465680713849976,0.732729816765532
/root/New_CheckLiuliang_remote/datasets/toniot/test/normal/test_00014156_orig59212_59213_59214.png,0,0.5317510020012081,0.44984884903824207,0.7321072994484195
/root/New_CheckLiuliang_remote/datasets/toniot/test/normal/test_00014157_orig59215_59216_59217.png,0,0.5371246435786884,0.4569727554951838,0.730890023864538
/root/New_CheckLiuliang_remote/datasets/toniot/test/normal/test_00014158_orig59218_59219_59220.png,0,0.5219248263596868,0.4351014701053687,0.7383481386182534
/root/New_CheckLiuliang_remote/datasets/toniot/test/normal/test_00014159_orig59221_59222_59223.png,0,0.5208462390263807,0.4337568501547993,0.7383934875618842
/root/New_CheckLiuliang_remote/datasets/toniot/test/normal/test_00014160_orig59224_59225_59226.png,0,0.5205252762207905,0.4333621522743065,0.738394312088132
/root/New_CheckLiuliang_remote/datasets/toniot/test/normal/test_00014161_orig59227_59228_59229.png,0,0.5228802924301178,0.43632391358390255,0.7382349036802179
/root/New_CheckLiuliang_remote/datasets/toniot/test/normal/test_00014162_orig59230_59231_59232.png,0,0.5290181117410402,0.4455397527453647,0.7343271989496635
/root/New_CheckLiuliang_remote/datasets/toniot/test/normal/test_00014163_orig59233_59234_59235.png,0,0.5228101368205406,0.4361661023075233,0.738402007666445
/root/New_CheckLiuliang_remote/datasets/toniot/test/normal/test_00014164_orig59236_59237_59238.png,0,0.5256387747503299,0.441739046327791,0.7335076198593193
/root/New_CheckLiuliang_remote/datasets/toniot/test/normal/test_00014165_orig59239_59240_59241.png,0,0.5215758635094165,0.4357785313878993,0.7357679211467071
/root/New_CheckLiuliang_remote/datasets/toniot/test/normal/test_00014166_orig59242_59243_59244.png,0,0.5264154591390161,0.4422294491113783,0.734589947980639
/root/New_CheckLiuliang_remote/datasets/toniot/test/normal/test_00014167_orig59245_59246_59247.png,0,0.526863503982572,0.44257968833121364,0.7350571795210766
/root/New_CheckLiuliang_remote/datasets/toniot/test/normal/test_00014168_orig59248_59249_59250.png,0,0.521632613348783,0.436367354107293,0.7345566920886432
/root/New_CheckLiuliang_remote/datasets/toniot/test/normal/test_00014169_orig59251_59252_59253.png,0,0.5216337951657506,0.4350719441246268,0.7375827034181835
/root/New_CheckLiuliang_remote/datasets/toniot/test/normal/test_00014170_orig59254_59255_59256.png,0,0.5249514418555452,0.44039137196542066,0.7346817452362309
/root/New_CheckLiuliang_remote/datasets/toniot/test/normal/test_00014171_orig59257_59258_59259.png,0,0.5224537768664995,0.43714079905109604,0.7351061014117813
/root/New_CheckLiuliang_remote/datasets/toniot/test/normal/test_00014172_orig59260_59261_59262.png,0,0.5339637223429192,0.45293991378074244,0.7312382487832054
/root/New_CheckLiuliang_remote/datasets/toniot/test/normal/test_00014173_orig59263_59264_59265.png,0,0.5243453743683877,0.43943330479720827,0.735179759089921
/root/New_CheckLiuliang_remote/datasets/toniot/test/normal/test_00014174_orig59266_59267_59268.png,0,0.5239571126065625,0.4379783866427178,0.7374614980597524
/root/New_CheckLiuliang_remote/datasets/toniot/test/normal/test_00014175_orig59269_59270_59271.png,0,0.5310907168406733,0.4489980256621498,0.7321996463881765
/root/New_CheckLiuliang_remote/datasets/toniot/test/normal/test_00014176_orig59272_59273_59274.png,0,0.5268080574552126,0.44322077543031146,0.7334023553416795
/root/New_CheckLiuliang_remote/datasets/toniot/test/normal/test_00014177_orig59275_59276_59277.png,0,0.5277783372732057,0.44417884259852386,0.7339484665598264
/root/New_CheckLiuliang_remote/datasets/toniot/test/normal/test_00014178_orig59278_59279_59280.png,0,0.5228523849028733,0.4369242751923219,0.7367540545391131
/root/New_CheckLiuliang_remote/datasets/toniot/test/normal/test_00014179_orig59281_59282_59283.png,0,0.5252014365045332,0.44091537327881775,0.7341757609621452
/root/New_CheckLiuliang_remote/datasets/toniot/test/normal/test_00014180_orig59284_59285_59286.png,0,0.5199610869931688,0.4331904264552787,0.7371775861884158
/root/New_CheckLiuliang_remote/datasets/toniot/test/normal/test_00014181_orig59287_59288_59289.png,0,0.5251179623905181,0.4408230621666131,0.734151849700958
/root/New_CheckLiuliang_remote/datasets/toniot/test/normal/test_00014182_orig59290_59291_59292.png,0,0.5233448522628754,0.4385936809310526,0.7342705814806457
/root/New_CheckLiuliang_remote/datasets/toniot/test/normal/test_00014183_orig59293_59294_59295.png,0,0.5246171724584855,0.439524597772146,0.7357459337800983
/root/New_CheckLiuliang_remote/datasets/toniot/test/normal/test_00014184_orig59296_59297_59298.png,0,0.5271776093589218,0.44345596513898,0.7339130119311696
/root/New_CheckLiuliang_remote/datasets/toniot/test/normal/test_00014185_orig59299_59300_59301.png,0,0.5294898159859384,0.4469193287420999,0.7324604715245737
/root/New_CheckLiuliang_remote/datasets/toniot/test/normal/test_00014186_orig59302_59303_59304.png,0,0.5306990206936689,0.44847130931604084,0.7323057354320641
/root/New_CheckLiuliang_remote/datasets/toniot/test/normal/test_00014187_orig59305_59306_59307.png,0,0.5381185733104434,0.45838321498901685,0.7304483526377832
/root/New_CheckLiuliang_remote/datasets/toniot/test/normal/test_00014188_orig59308_59309_59310.png,0,0.5242681491466203,0.439357623260364,0.7351349598304554
/root/New_CheckLiuliang_remote/datasets/toniot/test/normal/test_00014189_orig59311_59312_59313.png,0,0.529728508428888,0.44708867890750476,0.7327496053954798
/root/New_CheckLiuliang_remote/datasets/toniot/test/normal/test_00014190_orig59314_59315_59316.png,0,0.5317974748343917,0.4500867537796225,0.7316854168516125
/root/New_CheckLiuliang_remote/datasets/toniot/test/normal/test_00014191_orig59317_59318_59319.png,0,0.520710370056667,0.4344461290845334,0.7363956604633892
/root/New_CheckLiuliang_remote/datasets/toniot/test/normal/test_00014192_orig59320_59321_59322.png,0,0.5270604682497476,0.44355845762385426,0.7333380422943487
/root/New_CheckLiuliang_remote/datasets/toniot/test/normal/test_00014193_orig59323_59324_59325.png,0,0.528843731152222,0.44535377300459944,0.734261236849837
/root/New_CheckLiuliang_remote/datasets/toniot/test/normal/test_00014194_orig59326_59327_59328.png,0,0.5212780169945216,0.4346691011459983,0.7375027243721439
/root/New_CheckLiuliang_remote/datasets/toniot/test/normal/test_00014195_orig59329_59330_59331.png,0,0.5242600155724468,0.4398086580696287,0.7340592279191184
/root/New_CheckLiuliang_remote/datasets/toniot/test/normal/test_00014196_orig59332_59333_59334.png,0,0.5344160271373561,0.4534975136239493,0.7312338513098836
/root/New_CheckLiuliang_remote/datasets/toniot/test/normal/test_00014197_orig59335_59336_59337.png,0,0.5291076395580213,0.445891688860645,0.7337626733119818
/root/New_CheckLiuliang_remote/datasets/toniot/test/normal/test_00014198_orig59338_59339_59340.png,0,0.5292529883929655,0.4464343560239364,0.7329131364346331
/root/New_CheckLiuliang_remote/datasets/toniot/test/normal/test_00014199_orig59341_59342_59343.png,0,0.5247435190867752,0.44021930676730386,0.7344871570417427
/root/New_CheckLiuliang_remote/datasets/toniot/test/normal/test_00014200_orig59344_59345_59346.png,0,0.5215212236675775,0.4356868990338726,0.7358250882998901
/root/New_CheckLiuliang_remote/datasets/toniot/test/normal/test_00014201_orig59347_59348_59349.png,0,0.5224254324885377,0.43664259054846205,0.7361873301647706
/root/New_CheckLiuliang_remote/datasets/toniot/test/normal/test_00014202_orig59350_59351_59352.png,0,0.6981172819450724,0.6413696321894279,0.7621648541289389
/root/New_CheckLiuliang_remote/datasets/toniot/test/normal/test_00014203_orig59353_59354_59355.png,0,0.5882704039357176,0.4774970452808065,0.8296248433056577
/root/New_CheckLiuliang_remote/datasets/toniot/test/normal/test_00014204_orig59356_59357_59358.png,0,0.65213173027341,0.6103388445669226,0.7027384990269216
/root/New_CheckLiuliang_remote/datasets/toniot/test/normal/test_00014205_orig59359_59360_59361.png,0,0.6309764298798531,0.5734625915156925,0.7281350068284516
/root/New_CheckLiuliang_remote/datasets/toniot/test/normal/test_00014206_orig59362_59363_59364.png,0,0.6442991375525451,0.5870601540950754,0.7346009416639434
/root/New_CheckLiuliang_remote/datasets/toniot/test/normal/test_00014207_orig59365_59366_59367.png,0,0.6350211936411294,0.6319973392679423,0.6031494703930489
/root/New_CheckLiuliang_remote/datasets/toniot/test/normal/test_00014208_orig59368_59369_59370.png,0,0.6100527640839788,0.5528140889835003,0.7163308142224182
/root/New_CheckLiuliang_remote/datasets/toniot/test/normal/test_00014209_orig59371_59372_59373.png,0,0.5232544539836275,0.43737327372705265,0.7368590442146704
/root/New_CheckLiuliang_remote/datasets/toniot/test/normal/test_00014210_orig59374_59375_59376.png,0,0.5239636376104733,0.43885262717595025,0.7354403093842355
/root/New_CheckLiuliang_remote/datasets/toniot/test/normal/test_00014211_orig59377_59378_59379.png,0,0.5508817409383779,0.44589813706333575,0.7961696907999086
/root/New_CheckLiuliang_remote/datasets/toniot/test/normal/test_00014212_orig59380_59381_59382.png,0,0.5378785705642617,0.45818433884287,0.7302243563404557
/root/New_CheckLiuliang_remote/datasets/toniot/test/normal/test_00014213_orig59383_59384_59385.png,0,0.5388698013775011,0.45935519669987773,0.7303340183314172
/root/New_CheckLiuliang_remote/datasets/toniot/test/normal/test_00014214_orig59386_59387_59388.png,0,0.5373607226483292,0.45748861171044514,0.7303631515921739
/root/New_CheckLiuliang_remote/datasets/toniot/test/normal/test_00014215_orig59389_59390_59391.png,0,0.5297307565923558,0.42063781209088913,0.7944747396764504
/root/New_CheckLiuliang_remote/datasets/toniot/test/normal/test_00014216_orig59392_59393_59394.png,0,0.528980744517424,0.4456476752956628,0.7339682551897744
/root/New_CheckLiuliang_remote/datasets/toniot/test/normal/test_00014217_orig59395_59396_59397.png,0,0.5319584405973078,0.45030395639657467,0.7316400679079818
/root/New_CheckLiuliang_remote/datasets/toniot/test/normal/test_00014218_orig59398_59399_59400.png,0,0.6414293098700833,0.531944650664377,0.8549765518477221
/root/New_CheckLiuliang_remote/datasets/toniot/test/normal/test_00014219_orig59401_59402_59403.png,0,0.5238734611607123,0.4391258273425854,0.7345443241949257
/root/New_CheckLiuliang_remote/datasets/toniot/test/normal/test_00014220_orig59404_59405_59406.png,0,0.5335858853146447,0.45231443811973804,0.731614507594299
/root/New_CheckLiuliang_remote/datasets/toniot/test/normal/test_00014221_orig59407_59408_59409.png,0,0.5214471902557776,0.43507601667369467,0.7370382412525324
/root/New_CheckLiuliang_remote/datasets/toniot/test/normal/test_00014222_orig59410_59411_59412.png,0,0.5254057751602677,0.4411685500792026,0.7341708138046582
/root/New_CheckLiuliang_remote/datasets/toniot/test/normal/test_00014223_orig59413_59414_59415.png,0,0.5286399218836368,0.4455848901642001,0.7331376824161258
/root/New_CheckLiuliang_remote/datasets/toniot/test/normal/test_00014224_orig59416_59417_59418.png,0,0.5314712505710304,0.4494059593271131,0.7323387164819773
/root/New_CheckLiuliang_remote/datasets/toniot/test/normal/test_00014225_orig59419_59420_59421.png,0,0.5265325684842771,0.4429594535317909,0.7332223337775697
/root/New_CheckLiuliang_remote/datasets/toniot/test/normal/test_00014226_orig59422_59423_59424.png,0,0.5271969861131672,0.4437071056648309,0.7333825667117316
/root/New_CheckLiuliang_remote/datasets/toniot/test/normal/test_00014227_orig59425_59426_59427.png,0,0.5354947494972673,0.45493240841218946,0.730978248173056
/root/New_CheckLiuliang_remote/datasets/toniot/test/normal/test_00014228_orig59428_59429_59430.png,0,0.5247707155451424,0.440548843862711,0.7337962040460603
/root/New_CheckLiuliang_remote/datasets/toniot/test/normal/test_00014229_orig59431_59432_59433.png,0,0.5218053728115525,0.4346870882377147,0.7389725798299442
/root/New_CheckLiuliang_remote/datasets/toniot/test/normal/test_00014230_orig59434_59435_59436.png,0,0.531959548008222,0.4502795211021675,0.7317002583240735
/root/New_CheckLiuliang_remote/datasets/toniot/test/normal/test_00014231_orig59437_59438_59439.png,0,0.5236986327099784,0.4384474085436989,0.7356261026320802
/root/New_CheckLiuliang_remote/datasets/toniot/test/normal/test_00014232_orig59440_59441_59442.png,0,0.5264795146944378,0.4413460453427432,0.7368348581114006
/root/New_CheckLiuliang_remote/datasets/toniot/test/normal/test_00014233_orig59443_59444_59445.png,0,0.521262844219416,0.43426693692554785,0.7383976101931233
/root/New_CheckLiuliang_remote/datasets/toniot/test/normal/test_00014234_orig59446_59447_59448.png,0,0.5306803951490695,0.44853782761748245,0.7320971302913628
/root/New_CheckLiuliang_remote/datasets/toniot/test/normal/test_00014235_orig59449_59450_59451.png,0,0.5345482556543819,0.45358541280799713,0.731407826348176
/root/New_CheckLiuliang_remote/datasets/toniot/test/normal/test_00014236_orig59452_59453_59454.png,0,0.5294265316240789,0.4468253207344503,0.732498399731974
/root/New_CheckLiuliang_remote/datasets/toniot/test/normal/test_00014237_orig59455_59456_59457.png,0,0.5312651043447331,0.4485551359510208,0.7337329903670599
/root/New_CheckLiuliang_remote/datasets/toniot/test/normal/test_00014238_orig59458_59459_59460.png,0,0.5277328196597008,0.44446969047778634,0.7331393314686214
/root/New_CheckLiuliang_remote/datasets/toniot/test/normal/test_00014239_orig59461_59462_59463.png,0,0.5234398589272585,0.43815079121992356,0.7355763562151277
/root/New_CheckLiuliang_remote/datasets/toniot/test/normal/test_00014240_orig59464_59465_59466.png,0,0.5215560868890275,0.4354364372661996,0.7365094450855899
/root/New_CheckLiuliang_remote/datasets/toniot/test/normal/test_00014241_orig59467_59468_59469.png,0,0.5201135760873093,0.43324879965858465,0.7374785382688741
/root/New_CheckLiuliang_remote/datasets/toniot/test/normal/test_00014242_orig59470_59471_59472.png,0,0.5249839893678648,0.4402413664080881,0.7351250655154814
/root/New_CheckLiuliang_remote/datasets/toniot/test/normal/test_00014243_orig59473_59474_59475.png,0,0.5211835265656398,0.4351737578513231,0.7360543065967872
/root/New_CheckLiuliang_remote/datasets/toniot/test/normal/test_00014244_orig59476_59477_59478.png,0,0.5245249732579743,0.4390779748910381,0.7365237368738857
/root/New_CheckLiuliang_remote/datasets/toniot/test/normal/test_00014245_orig59479_59480_59481.png,0,0.5292724849646918,0.44641331452041916,0.7330181261101902
/root/New_CheckLiuliang_remote/datasets/toniot/test/normal/test_00014246_orig59482_59483_59484.png,0,0.5316535692718084,0.4497239575334946,0.7321193925000543
/root/New_CheckLiuliang_remote/datasets/toniot/test/normal/test_00014247_orig59485_59486_59487.png,0,0.5352308027802247,0.45480140808384023,0.7305272323154923
/root/New_CheckLiuliang_remote/datasets/toniot/test/normal/test_00014248_orig59488_59489_59490.png,0,0.5314707507193551,0.44943514592876604,0.7322691814350769
/root/New_CheckLiuliang_remote/datasets/toniot/test/normal/test_00014249_orig59491_59492_59493.png,0,0.5205296788633209,0.43424250163114075,0.736352785098502
/root/New_CheckLiuliang_remote/datasets/toniot/test/normal/test_00014250_orig59494_59495_59496.png,0,0.5380810760769448,0.4583492770801181,0.7304200439032743
/root/New_CheckLiuliang_remote/datasets/toniot/test/normal/test_00014251_orig59497_59498_59499.png,0,0.5360859928095205,0.45579511005639634,0.7306602558834757
/root/New_CheckLiuliang_remote/datasets/toniot/test/normal/test_00014252_orig59500_59501_59502.png,0,0.5221988800602159,0.43665718384928853,0.7355037979053185
/root/New_CheckLiuliang_remote/datasets/toniot/test/normal/test_00014253_orig59503_59504_59505.png,0,0.5224476982768702,0.43737055869434077,0.734552569457404
/root/New_CheckLiuliang_remote/datasets/toniot/test/normal/test_00014254_orig59506_59507_59508.png,0,0.5290063826677315,0.4460722385359865,0.7330511071601035
/root/New_CheckLiuliang_remote/datasets/toniot/test/normal/test_00014255_orig59509_59510_59511.png,0,0.5291820250941288,0.44599486010369727,0.7337351891037207
/root/New_CheckLiuliang_remote/datasets/toniot/test/normal/test_00014256_orig59512_59513_59514.png,0,0.5300228654246556,0.44760487450185515,0.7323890125830951
/root/New_CheckLiuliang_remote/datasets/toniot/test/normal/test_00014257_orig59515_59516_59517.png,0,0.5267661445485011,0.44268693212333377,0.7345278336699691
/root/New_CheckLiuliang_remote/datasets/toniot/test/normal/test_00014258_orig59518_59519_59520.png,0,0.5361394608038593,0.4558473744361004,0.7306915878808934
/root/New_CheckLiuliang_remote/datasets/toniot/test/normal/test_00014259_orig59521_59522_59523.png,0,0.530486781729345,0.4480735570237472,0.73262537677414
/root/New_CheckLiuliang_remote/datasets/toniot/test/normal/test_00014260_orig59524_59525_59526.png,0,0.44943507579220254,0.37861012384791404,0.6623474317244169
/root/New_CheckLiuliang_remote/datasets/toniot/test/normal/test_00014261_orig59527_59528_59529.png,0,0.4868281157027635,0.38366042407114065,0.7577618839655205
/root/New_CheckLiuliang_remote/datasets/toniot/test/normal/test_00014262_orig59530_59531_59532.png,0,0.5836462517111101,0.48723926140928864,0.7936364713244888
/root/New_CheckLiuliang_remote/datasets/toniot/test/normal/test_00014263_orig59533_59534_59535.png,0,0.6590673317386861,0.6587648467745836,0.6096274982801757
/root/New_CheckLiuliang_remote/datasets/toniot/test/normal/test_00014264_orig59536_59537_59538.png,0,0.7254330349381679,0.7090560764553212,0.6825387053233888
/root/New_CheckLiuliang_remote/datasets/toniot/test/normal/test_00014265_orig59539_59540_59541.png,0,0.6664388918625329,0.6364737494516907,0.6827728707777728
/root/New_CheckLiuliang_remote/datasets/toniot/test/normal/test_00014266_orig59542_59543_59544.png,0,0.5335725477020749,0.4522261995566012,0.7317821612646913
/root/New_CheckLiuliang_remote/datasets/toniot/test/normal/test_00014267_orig59545_59546_59547.png,0,0.5289745552039968,0.4462636483421756,0.732513241204435
/root/New_CheckLiuliang_remote/datasets/toniot/test/normal/test_00014268_orig59548_59549_59550.png,0,0.5017169241077196,0.38915802593365306,0.7876174297153213
/root/New_CheckLiuliang_remote/datasets/toniot/test/normal/test_00014269_orig59551_59552_59553.png,0,0.5407113414014483,0.43294675226938556,0.7972330548175283
/root/New_CheckLiuliang_remote/datasets/toniot/test/normal/test_00014270_orig59554_59555_59556.png,0,0.538807515112401,0.45929716287566086,0.7302908681244474
/root/New_CheckLiuliang_remote/datasets/toniot/test/normal/test_00014271_orig59557_59558_59559.png,0,0.5221407670260879,0.4364919062329515,0.735722847045159
/root/New_CheckLiuliang_remote/datasets/toniot/test/normal/test_00014272_orig59560_59561_59562.png,0,0.5242883304909183,0.4392218716247689,0.7355095695890533
/root/New_CheckLiuliang_remote/datasets/toniot/test/normal/test_00014273_orig59563_59564_59565.png,0,0.5301399889563053,0.44782581028878615,0.7322092658610678
/root/New_CheckLiuliang_remote/datasets/toniot/test/normal/test_00014274_orig59566_59567_59568.png,0,0.5316884696108037,0.44948096210577937,0.7327864342345497
/root/New_CheckLiuliang_remote/datasets/toniot/test/normal/test_00014275_orig59569_59570_59571.png,0,0.5322451020183354,0.45058088973318866,0.7318156919987698
/root/New_CheckLiuliang_remote/datasets/toniot/test/normal/test_00014276_orig59572_59573_59574.png,0,0.5306304709750305,0.44829992287610204,0.7325091185731958
/root/New_CheckLiuliang_remote/datasets/toniot/test/normal/test_00014277_orig59575_59576_59577.png,0,0.5363298574629757,0.45610462378555316,0.7306371691485365
/root/New_CheckLiuliang_remote/datasets/toniot/test/normal/test_00014278_orig59578_59579_59580.png,0,0.531338485554665,0.4492311790962844,0.7323659258481557
/root/New_CheckLiuliang_remote/datasets/toniot/test/normal/test_00014279_orig59581_59582_59583.png,0,0.531341929840318,0.4491999562200975,0.7324486533150215
/root/New_CheckLiuliang_remote/datasets/toniot/test/normal/test_00014280_orig59584_59585_59586.png,0,0.527781341596928,0.4441835939057697,0.7339459929810829
/root/New_CheckLiuliang_remote/datasets/toniot/test/normal/test_00014281_orig59587_59588_59589.png,0,0.5278747531536201,0.4448626914628342,0.7326292245632966
/root/New_CheckLiuliang_remote/datasets/toniot/test/normal/test_00014282_orig59590_59591_59592.png,0,0.5229272771489099,0.43679802617121843,0.7372633369181902
/root/New_CheckLiuliang_remote/datasets/toniot/test/normal/test_00014283_orig59593_59594_59595.png,0,0.5223498481987823,0.43676374888323066,0.7356879421006675
/root/New_CheckLiuliang_remote/datasets/toniot/test/normal/test_00014284_orig59596_59597_59598.png,0,0.5207319026637626,0.434567287419302,0.7361746874289705
/root/New_CheckLiuliang_remote/datasets/toniot/test/normal/test_00014285_orig59599_59600_59601.png,0,0.5307587080067897,0.4483124799023946,0.7328474491768892
/root/New_CheckLiuliang_remote/datasets/toniot/test/normal/test_00014286_orig59602_59603_59604.png,0,0.5356929282920752,0.45522631070325287,0.7308606157616987
/root/New_CheckLiuliang_remote/datasets/toniot/test/normal/test_00014287_orig59605_59606_59607.png,0,0.5236192409730788,0.43819626801784795,0.7359844967078041
/root/New_CheckLiuliang_remote/datasets/toniot/test/normal/test_00014288_orig59608_59609_59610.png,0,0.5261410567882883,0.4424558149637331,0.733275103457431
/root/New_CheckLiuliang_remote/datasets/toniot/test/normal/test_00014289_orig59611_59612_59613.png,0,0.5318233455644581,0.44993573008502297,0.7321119717638238
/root/New_CheckLiuliang_remote/datasets/toniot/test/normal/test_00014290_orig59614_59615_59616.png,0,0.5307834835758195,0.4485398638920164,0.7323879132147646
/root/New_CheckLiuliang_remote/datasets/toniot/test/normal/test_00014291_orig59617_59618_59619.png,0,0.5281241635044449,0.4451297828058675,0.7327210218188884
/root/New_CheckLiuliang_remote/datasets/toniot/test/normal/test_00014292_orig59620_59621_59622.png,0,0.5252727758175912,0.4410036118419546,0.7341743867517321
/root/New_CheckLiuliang_remote/datasets/toniot/test/normal/test_00014293_orig59623_59624_59625.png,0,0.5234715821315521,0.4376824480771205,0.7367601010649306
/root/New_CheckLiuliang_remote/datasets/toniot/test/normal/test_00014294_orig59626_59627_59628.png,0,0.5296553420882197,0.44716062727437017,0.7323719723739732
/root/New_CheckLiuliang_remote/datasets/toniot/test/normal/test_00014295_orig59629_59630_59631.png,0,0.5239400407471977,0.43846437749814826,0.7362785777361972
/root/New_CheckLiuliang_remote/datasets/toniot/test/normal/test_00014296_orig59632_59633_59634.png,0,0.5247592600871415,0.440161612322176,0.73466690376377
/root/New_CheckLiuliang_remote/datasets/toniot/test/normal/test_00014297_orig59635_59636_59637.png,0,0.5260806879347742,0.4423977811395162,0.7332374500921133
/root/New_CheckLiuliang_remote/datasets/toniot/test/normal/test_00014298_orig59638_59639_59640.png,0,0.5234556868184963,0.43712179382211275,0.7380227255924428
/root/New_CheckLiuliang_remote/datasets/toniot/test/normal/test_00014299_orig59641_59642_59643.png,0,0.5242369071177592,0.4398201969586543,0.7339660564531134
/root/New_CheckLiuliang_remote/datasets/toniot/test/normal/test_00014300_orig59644_59645_59646.png,0,0.5205953965353582,0.4335067277662153,0.7382579904151572
/root/New_CheckLiuliang_remote/datasets/toniot/test/normal/test_00014301_orig59647_59648_59649.png,0,0.4608930429771847,0.32107043558457626,0.8294544412144392
/root/New_CheckLiuliang_remote/datasets/toniot/test/normal/test_00014302_orig59650_59651_59652.png,0,0.5394475034800457,0.46023860046851284,0.7299289011016495
/root/New_CheckLiuliang_remote/datasets/toniot/test/normal/test_00014303_orig59653_59654_59655.png,0,0.5389961382832701,0.45952726189799453,0.730294715913604
/root/New_CheckLiuliang_remote/datasets/toniot/test/normal/test_00014304_orig59656_59657_59658.png,0,0.5357610100629127,0.45525447916763884,0.7309900663826082
/root/New_CheckLiuliang_remote/datasets/toniot/test/normal/test_00014305_orig59659_59660_59661.png,0,0.5293175748661441,0.4465124132144036,0.7329161596975418
/root/New_CheckLiuliang_remote/datasets/toniot/test/normal/test_00014306_orig59662_59663_59664.png,0,0.2067169081489718,0.06173051094370295,0.7059079779235845
/root/New_CheckLiuliang_remote/datasets/toniot/test/normal/test_00014307_orig59665_59666_59667.png,0,0.4049326640143938,0.469619377867223,0.32241284963691985
/root/New_CheckLiuliang_remote/datasets/toniot/test/normal/test_00014308_orig59668_59669_59670.png,0,0.05860770019408199,0.15365812477781277,0.06681026249342784
/root/New_CheckLiuliang_remote/datasets/toniot/test/normal/test_00014309_orig59671_59672_59673.png,0,0.5204684059230995,0.4344400202609316,0.7357162508351763
/root/New_CheckLiuliang_remote/datasets/toniot/test/normal/test_00014310_orig59674_59675_59676.png,0,0.5257921842770124,0.4419185778658655,0.7335285078575977
/root/New_CheckLiuliang_remote/datasets/toniot/test/normal/test_00014311_orig59677_59678_59679.png,0,0.5255001566498956,0.44133009452556077,0.734064449918688
/root/New_CheckLiuliang_remote/datasets/toniot/test/normal/test_00014312_orig59680_59681_59682.png,0,0.5295722170822783,0.4469807563572067,0.732553368148496
/root/New_CheckLiuliang_remote/datasets/toniot/test/normal/test_00014313_orig59683_59684_59685.png,0,0.536665510788516,0.45646436561988013,0.7307600235594633
/root/New_CheckLiuliang_remote/datasets/toniot/test/normal/test_00014314_orig59686_59687_59688.png,0,0.5293113842950413,0.44631116141463384,0.7333680000813533
/root/New_CheckLiuliang_remote/datasets/toniot/test/normal/test_00014315_orig59689_59690_59691.png,0,0.5282478545421846,0.44512638901497764,0.7330835385258515
/root/New_CheckLiuliang_remote/datasets/toniot/test/normal/test_00014316_orig59692_59693_59694.png,0,0.5306011282083812,0.44824867663366486,0.7325445732018525
/root/New_CheckLiuliang_remote/datasets/toniot/test/normal/test_00014317_orig59695_59696_59697.png,0,0.5275825379002973,0.44415406792502776,0.7334449558644842
/root/New_CheckLiuliang_remote/datasets/toniot/test/normal/test_00014318_orig59698_59699_59700.png,0,0.528280738366836,0.4452149669572035,0.7329711281140638
/root/New_CheckLiuliang_remote/datasets/toniot/test/normal/test_00014319_orig59701_59702_59703.png,0,0.531505776267455,0.4494741745239996,0.7322785260658857
/root/New_CheckLiuliang_remote/datasets/toniot/test/normal/test_00014320_orig59704_59705_59706.png,0,0.6353711518751162,0.5781114062766466,0.7298865754209275
/root/New_CheckLiuliang_remote/datasets/toniot/test/normal/test_00014321_orig59707_59708_59709.png,0,0.6312256096135787,0.5424148349387379,0.8012941214301793
/root/New_CheckLiuliang_remote/datasets/toniot/test/normal/test_00014322_orig59710_59711_59712.png,0,0.6447110591554972,0.6102159893367091,0.6817515575987927
/root/New_CheckLiuliang_remote/datasets/toniot/test/normal/test_00014323_orig59713_59714_59715.png,0,0.5416596821488746,0.43535600442210953,0.7943301727409974
/root/New_CheckLiuliang_remote/datasets/toniot/test/normal/test_00014324_orig59716_59717_59718.png,0,0.5281156534011874,0.4446661909703103,0.7337783393106906
/root/New_CheckLiuliang_remote/datasets/toniot/test/normal/test_00014325_orig59719_59720_59721.png,0,0.520495461963238,0.434125076466351,0.7365286840313727
/root/New_CheckLiuliang_remote/datasets/toniot/test/normal/test_00014326_orig59722_59723_59724.png,0,0.5251962836940877,0.44044601199874767,0.7352561651888866
/root/New_CheckLiuliang_remote/datasets/toniot/test/normal/test_00014327_orig59725_59726_59727.png,0,0.6422458272387718,0.6368660716785605,0.6125006974117846
/root/New_CheckLiuliang_remote/datasets/toniot/test/normal/test_00014328_orig59728_59729_59730.png,0,0.680321509793797,0.6526309091202191,0.6848715649205858
/root/New_CheckLiuliang_remote/datasets/toniot/test/normal/test_00014329_orig59731_59732_59733.png,0,0.5371521957684429,0.4570687997773673,0.7307449072449197
/root/New_CheckLiuliang_remote/datasets/toniot/test/normal/test_00014330_orig59734_59735_59736.png,0,0.537259203248909,0.45726835468169214,0.7305860485211709
/root/New_CheckLiuliang_remote/datasets/toniot/test/normal/test_00014331_orig59737_59738_59739.png,0,0.5322988457874274,0.45059921620399396,0.731927003042227
/root/New_CheckLiuliang_remote/datasets/toniot/test/normal/test_00014332_orig59740_59741_59742.png,0,0.533386220408387,0.45204768615579366,0.7316645288533341
/root/New_CheckLiuliang_remote/datasets/toniot/test/normal/test_00014333_orig59743_59744_59745.png,0,0.5280167875538367,0.445061228229892,0.732573156778444
/root/New_CheckLiuliang_remote/datasets/toniot/test/normal/test_00014334_orig59746_59747_59748.png,0,0.5269913774469365,0.44352893164311236,0.7332088665155219
/root/New_CheckLiuliang_remote/datasets/toniot/test/normal/test_00014335_orig59749_59750_59751.png,0,0.5292471781099934,0.44627892040118,0.7332591626166396
/root/New_CheckLiuliang_remote/datasets/toniot/test/normal/test_00014336_orig59752_59753_59754.png,0,0.5330759978319864,0.45171577340676367,0.7315496448628029
/root/New_CheckLiuliang_remote/datasets/toniot/test/normal/test_00014337_orig59755_59756_59757.png,0,0.5289383332326573,0.4460488213788463,0.7329106628558896
/root/New_CheckLiuliang_remote/datasets/toniot/test/normal/test_00014338_orig59758_59759_59760.png,0,0.5310836916551676,0.4489216653671276,0.7323576805856775
/root/New_CheckLiuliang_remote/datasets/toniot/test/normal/test_00014339_orig59761_59762_59763.png,0,0.5280382589755206,0.44464413132952607,0.7336079372194722
/root/New_CheckLiuliang_remote/datasets/toniot/test/normal/test_00014340_orig59764_59765_59766.png,0,0.5288305360533491,0.4455641880397718,0.7337324406828947
/root/New_CheckLiuliang_remote/datasets/toniot/test/normal/test_00014341_orig59767_59768_59769.png,0,0.5254396026785366,0.44112612769307913,0.7343667762095594
/root/New_CheckLiuliang_remote/datasets/toniot/test/normal/test_00014342_orig59770_59771_59772.png,0,0.5220084037363936,0.43611655296053103,0.7362192118463534
/root/New_CheckLiuliang_remote/datasets/toniot/test/normal/test_00014343_orig59773_59774_59775.png,0,0.521060542170901,0.43499320817598164,0.7361230171174398
/root/New_CheckLiuliang_remote/datasets/toniot/test/normal/test_00014344_orig59776_59777_59778.png,0,0.5275745257691915,0.4440956947217219,0.7335581908025196
/root/New_CheckLiuliang_remote/datasets/toniot/test/normal/test_00014345_orig59779_59780_59781.png,0,0.5297564520769282,0.4471416220453869,0.7327061803464274
/root/New_CheckLiuliang_remote/datasets/toniot/test/normal/test_00014346_orig59782_59783_59784.png,0,0.5243026682387274,0.4394288928690514,0.7350676235202158
/root/New_CheckLiuliang_remote/datasets/toniot/test/normal/test_00014347_orig59785_59786_59787.png,0,0.5206233416760145,0.43432259509614185,0.7364344131970373
/root/New_CheckLiuliang_remote/datasets/toniot/test/normal/test_00014348_orig59788_59789_59790.png,0,0.5271501585073539,0.4433426125232581,0.7340988051790143
/root/New_CheckLiuliang_remote/datasets/toniot/test/normal/test_00014349_orig59791_59792_59793.png,0,0.5293533915227286,0.44651071631895867,0.7330227984255946
/root/New_CheckLiuliang_remote/datasets/toniot/test/normal/test_00014350_orig59794_59795_59796.png,0,0.5219238340484489,0.43608261505163226,0.7360559556492828
/root/New_CheckLiuliang_remote/datasets/toniot/test/normal/test_00014351_orig59797_59798_59799.png,0,0.5210653792817688,0.43433752777605733,0.7376668050954622
/root/New_CheckLiuliang_remote/datasets/toniot/test/normal/test_00014352_orig59800_59801_59802.png,0,0.5208449394044268,0.4338898867576825,0.7380793430614605
/root/New_CheckLiuliang_remote/datasets/toniot/test/normal/test_00014353_orig59803_59804_59805.png,0,0.5197948922861975,0.43306621370870924,0.7369909684143233
/root/New_CheckLiuliang_remote/datasets/toniot/test/normal/test_00014354_orig59806_59807_59808.png,0,0.5213549784944645,0.43490123644286593,0.737181708819655
/root/New_CheckLiuliang_remote/datasets/toniot/test/normal/test_00014355_orig59809_59810_59811.png,0,0.5216011901320863,0.43452927696133536,0.7387554545846821
/root/New_CheckLiuliang_remote/datasets/toniot/test/normal/test_00014356_orig59812_59813_59814.png,0,0.526107450672633,0.4403513252329201,0.7380892373764344
/root/New_CheckLiuliang_remote/datasets/toniot/test/normal/test_00014357_orig59815_59816_59817.png,0,0.5204584474927672,0.4341339003226647,0.7364019818312892
/root/New_CheckLiuliang_remote/datasets/toniot/test/normal/test_00014358_orig59818_59819_59820.png,0,0.5264819798584922,0.44243273718568193,0.7343063109513851
/root/New_CheckLiuliang_remote/datasets/toniot/test/normal/test_00014359_orig59821_59822_59823.png,0,0.5318639627672196,0.45025101325869255,0.7314927525517027
/root/New_CheckLiuliang_remote/datasets/toniot/test/normal/test_00014360_orig59824_59825_59826.png,0,0.5274536696163336,0.4442117623701557,0.7329408954849768
/root/New_CheckLiuliang_remote/datasets/toniot/test/normal/test_00014361_orig59827_59828_59829.png,0,0.5295266608206205,0.44678697089739466,0.7328749333851502
/root/New_CheckLiuliang_remote/datasets/toniot/test/normal/test_00014362_orig59830_59831_59832.png,0,0.5301717073788171,0.4473547521132712,0.7333993320787708
/root/New_CheckLiuliang_remote/datasets/toniot/test/normal/test_00014363_orig59833_59834_59835.png,0,0.5252230294902499,0.4407918392904262,0.7345259097753908
/root/New_CheckLiuliang_remote/datasets/toniot/test/normal/test_00014364_orig59836_59837_59838.png,0,0.525075414370586,0.4402824312778556,0.7352913449754607
/root/New_CheckLiuliang_remote/datasets/toniot/test/normal/test_00014365_orig59839_59840_59841.png,0,0.529700588022928,0.44692645570296863,0.7330480838971948
/root/New_CheckLiuliang_remote/datasets/toniot/test/normal/test_00014366_orig59842_59843_59844.png,0,0.5206104121404973,0.43422790833031427,0.7366182825503037
/root/New_CheckLiuliang_remote/datasets/toniot/test/normal/test_00014367_orig59845_59846_59847.png,0,0.524804556094094,0.4401259775178322,0.734879906377793
/root/New_CheckLiuliang_remote/datasets/toniot/test/normal/test_00014368_orig59848_59849_59850.png,0,0.526839203537511,0.4433297161178765,0.7332374500921133
/root/New_CheckLiuliang_remote/datasets/toniot/test/normal/test_00014369_orig59851_59852_59853.png,0,0.5298476495736008,0.4472780524391599,0.7326492880353271
/root/New_CheckLiuliang_remote/datasets/toniot/test/normal/test_00014370_orig59854_59855_59856.png,0,0.523018089518682,0.4373145611446578,0.7363184298381757
/root/New_CheckLiuliang_remote/datasets/toniot/test/normal/test_00014371_orig59857_59858_59859.png,0,0.5267366065545787,0.4431644385015395,0.7333289725056226
/root/New_CheckLiuliang_remote/datasets/toniot/test/normal/test_00014372_orig59860_59861_59862.png,0,0.5204943177267065,0.4336591089771708,0.737612661205188
/root/New_CheckLiuliang_remote/datasets/toniot/test/normal/test_00014373_orig59863_59864_59865.png,0,0.6276818705431153,0.5692695628712489,0.7284738871163101
/root/New_CheckLiuliang_remote/datasets/toniot/test/normal/test_00014374_orig59866_59867_59868.png,0,0.6353251386909979,0.5479439990565261,0.8001452815248679
/root/New_CheckLiuliang_remote/datasets/toniot/test/normal/test_00014375_orig59869_59870_59871.png,0,0.639828944124784,0.5815146997810157,0.7347251702852833
/root/New_CheckLiuliang_remote/datasets/toniot/test/normal/test_00014376_orig59872_59873_59874.png,0,0.6089033872765867,0.5453382464112783,0.7304794097931181
/root/New_CheckLiuliang_remote/datasets/toniot/test/normal/test_00014377_orig59875_59876_59877.png,0,0.5235841345095873,0.43871687554035516,0.7346691025004308
/root/New_CheckLiuliang_remote/datasets/toniot/test/normal/test_00014378_orig59878_59879_59880.png,0,0.5198998734918071,0.4333604553788616,0.736605364972421
/root/New_CheckLiuliang_remote/datasets/toniot/test/normal/test_00014379_orig59881_59882_59883.png,0,0.5320848850649206,0.40193429111768564,0.8448651116284861
/root/New_CheckLiuliang_remote/datasets/toniot/test/normal/test_00014380_orig59884_59885_59886.png,0,0.6568428262849055,0.6632032465003652,0.5928940129225251
/root/New_CheckLiuliang_remote/datasets/toniot/test/normal/test_00014381_orig59887_59888_59889.png,0,0.6259407103640063,0.5670680107209854,0.728619278578011
/root/New_CheckLiuliang_remote/datasets/toniot/test/normal/test_00014382_orig59890_59891_59892.png,0,0.5237557928998181,0.4390582909038768,0.7343645774728985
/root/New_CheckLiuliang_remote/datasets/toniot/test/normal/test_00014383_orig59893_59894_59895.png,0,0.5315028466297083,0.449518633184657,0.7321663904961807
/root/New_CheckLiuliang_remote/datasets/toniot/test/normal/test_00014384_orig59896_59897_59898.png,0,0.5359913708781403,0.4553949821104798,0.7313226253025668
/root/New_CheckLiuliang_remote/datasets/toniot/test/normal/test_00014385_orig59899_59900_59901.png,0,0.5219484246516009,0.4350210372612786,0.7386034669129985
/root/New_CheckLiuliang_remote/datasets/toniot/test/normal/test_00014386_orig59902_59903_59904.png,0,0.5208407302945889,0.4349497676525912,0.7355942209504973
/root/New_CheckLiuliang_remote/datasets/toniot/test/normal/test_00014387_orig59905_59906_59907.png,0,0.5253652952385358,0.4411149281831425,0.7341798835933844
/root/New_CheckLiuliang_remote/datasets/toniot/test/normal/test_00014388_orig59908_59909_59910.png,0,0.524154724001896,0.43937221656119047,0.7347757412284837
/root/New_CheckLiuliang_remote/datasets/toniot/test/normal/test_00014389_orig59911_59912_59913.png,0,0.5210307209911169,0.4347247593165923,0.736663906336017
/root/New_CheckLiuliang_remote/datasets/toniot/test/normal/test_00014390_orig59914_59915_59916.png,0,0.525857069373127,0.4413905040034006,0.7349466930038673
/root/New_CheckLiuliang_remote/datasets/toniot/test/normal/test_00014391_orig59917_59918_59919.png,0,0.5261631227955161,0.44199527753997675,0.7344129496794379
/root/New_CheckLiuliang_remote/datasets/toniot/test/normal/test_00014392_orig59920_59921_59922.png,0,0.5257996280808878,0.44149096021374096,0.734547622299917
/root/New_CheckLiuliang_remote/datasets/toniot/test/normal/test_00014393_orig59923_59924_59925.png,0,0.5252848974669003,0.4405851574252327,0.7351855307736558
/root/New_CheckLiuliang_remote/datasets/toniot/test/normal/test_00014394_orig59926_59927_59928.png,0,0.5199680577945293,0.4329569336420552,0.7377423866681802
/root/New_CheckLiuliang_remote/datasets/toniot/test/normal/test_00014395_orig59929_59930_59931.png,0,0.5242341943427747,0.43932097031875333,0.7351231416209032
/root/New_CheckLiuliang_remote/datasets/toniot/test/normal/test_00014396_orig59932_59933_59934.png,0,0.521525726212666,0.43535838007573247,0.7366045404461732
/root/New_CheckLiuliang_remote/datasets/toniot/test/normal/test_00014397_orig59935_59936_59937.png,0,0.5294011034212921,0.44648594164546257,0.7332173866200827
/root/New_CheckLiuliang_remote/datasets/toniot/test/normal/test_00014398_orig59938_59939_59940.png,0,0.5297001369668257,0.44647983282186077,0.7340889108640403
/root/New_CheckLiuliang_remote/datasets/toniot/test/normal/test_00014399_orig59941_59942_59943.png,0,0.5279521385615874,0.44419920534386315,0.7343992075753074
/root/New_CheckLiuliang_remote/datasets/toniot/test/normal/test_00014400_orig59944_59945_59946.png,0,0.5222079210552445,0.4365648727370839,0.7357451092538505
/root/New_CheckLiuliang_remote/datasets/toniot/test/normal/test_00014401_orig59947_59948_59949.png,0,0.5276023107356536,0.4438476086076718,0.7342167124324541
/root/New_CheckLiuliang_remote/datasets/toniot/test/normal/test_00014402_orig59950_59951_59952.png,0,0.5214099785765406,0.4351021488635467,0.73687058758214
/root/New_CheckLiuliang_remote/datasets/toniot/test/normal/test_00014403_orig59953_59954_59955.png,0,0.6496590981041973,0.5410725906417914,0.8572712083954362
/root/New_CheckLiuliang_remote/datasets/toniot/test/normal/test_00014404_orig59956_59957_59958.png,0,0.5227013228562244,0.4374720330419481,0.7350428877327809
/root/New_CheckLiuliang_remote/datasets/toniot/test/normal/test_00014405_orig59959_59960_59961.png,0,0.5219766599503479,0.4355253545875144,0.7375076715296308
/root/New_CheckLiuliang_remote/datasets/toniot/test/normal/test_00014406_orig59962_59963_59964.png,0,0.5359989665293521,0.45186238517320637,0.739587126726661
/root/New_CheckLiuliang_remote/datasets/toniot/test/normal/test_00014407_orig59965_59966_59967.png,0,0.5228149093589719,0.4124889807852044,0.7936623064802542
/root/New_CheckLiuliang_remote/datasets/toniot/test/normal/test_00014408_orig59968_59969_59970.png,0,0.5417655642649325,0.4490082070348195,0.7627785764994078
/root/New_CheckLiuliang_remote/datasets/toniot/test/normal/test_00014409_orig59971_59972_59973.png,0,0.5200145500277727,0.43286564066711747,0.7380886876922692
/root/New_CheckLiuliang_remote/datasets/toniot/test/normal/test_00014410_orig59974_59975_59976.png,0,0.5285575713864094,0.4451847622182835,0.7338352316217909
/root/New_CheckLiuliang_remote/datasets/toniot/test/normal/test_00014411_orig59977_59978_59979.png,0,0.5310959713192254,0.44868138497212423,0.7329535382207768
/root/New_CheckLiuliang_remote/datasets/toniot/test/normal/test_00014412_orig59980_59981_59982.png,0,0.5572359122199161,0.45962975438286885,0.7823454088866889
/root/New_CheckLiuliang_remote/datasets/toniot/test/normal/test_00014413_orig59983_59984_59985.png,0,0.5230814614452324,0.4382203639331661,0.7343865648395074
/root/New_CheckLiuliang_remote/datasets/toniot/test/normal/test_00014414_orig59986_59987_59988.png,0,0.53107043666655,0.4491252928205202,0.7318445504174439
/root/New_CheckLiuliang_remote/datasets/toniot/test/normal/test_00014415_orig59989_59990_59991.png,0,0.5321997270135064,0.4504559982284412,0.7319770243012621
/root/New_CheckLiuliang_remote/datasets/toniot/test/normal/test_00014416_orig59992_59993_59994.png,0,0.525573323892334,0.4413267007346709,0.7342821248481154
/root/New_CheckLiuliang_remote/datasets/toniot/test/normal/test_00014417_orig59995_59996_59997.png,0,0.5207385966486385,0.4336390856109205,0.7383596819857231
/root/New_CheckLiuliang_remote/datasets/toniot/test/normal/test_00014418_orig59998_59999_60000.png,0,0.532756512495048,0.45121417111323975,0.7318041486313002
/root/New_CheckLiuliang_remote/datasets/toniot/test/normal/test_00014419_orig60001_60002_60003.png,0,0.5304427231621852,0.44808373839641685,0.7324753129970347
/root/New_CheckLiuliang_remote/datasets/toniot/test/normal/test_00014420_orig60004_60005_60006.png,0,0.5281984124453479,0.44495126940505997,0.7333504101880662
/root/New_CheckLiuliang_remote/datasets/toniot/test/normal/test_00014421_orig60007_60008_60009.png,0,0.523098051481331,0.437474408695571,0.7361746874289705
/root/New_CheckLiuliang_remote/datasets/toniot/test/normal/test_00014422_orig60010_60011_60012.png,0,0.5339916582499316,0.45298165740868795,0.7312209337320009
/root/New_CheckLiuliang_remote/datasets/toniot/test/normal/test_00014423_orig60013_60014_60015.png,0,0.527562633918348,0.44430441286144934,0.7330370902138904
/root/New_CheckLiuliang_remote/datasets/toniot/test/normal/test_00014424_orig60016_60017_60018.png,0,0.5201889254858933,0.43396047760819195,0.736033968282674
/root/New_CheckLiuliang_remote/datasets/toniot/test/normal/test_00014425_orig60019_60020_60021.png,0,0.5204179348413747,0.4336126140419795,0.7375021746879786
/root/New_CheckLiuliang_remote/datasets/toniot/test/normal/test_00014426_orig60022_60023_60024.png,0,0.5310004274886732,0.44891453840625883,0.7321356081829283
/root/New_CheckLiuliang_remote/datasets/toniot/test/normal/test_00014427_orig60025_60026_60027.png,0,0.5241756404639418,0.4389802337134096,0.73575033125342
/root/New_CheckLiuliang_remote/datasets/toniot/test/normal/test_00014428_orig60028_60029_60030.png,0,0.5214562908296266,0.4356163081833631,0.7358036506174465
/root/New_CheckLiuliang_remote/datasets/toniot/test/normal/test_00014429_orig60031_60032_60033.png,0,0.5289329975207999,0.44589067072337807,0.7332643846162091
/root/New_CheckLiuliang_remote/datasets/toniot/test/normal/test_00014430_orig60034_60035_60036.png,0,0.5817415412282398,0.5235117590612096,0.7035402133818961
/root/New_CheckLiuliang_remote/datasets/toniot/test/normal/test_00014431_orig60037_60038_60039.png,0,0.6052497906848539,0.5282976829741147,0.7597665821160806
/root/New_CheckLiuliang_remote/datasets/toniot/test/normal/test_00014432_orig60040_60041_60042.png,0,0.5297946400394827,0.44679206158372947,0.733631298796494
/root/New_CheckLiuliang_remote/datasets/toniot/test/normal/test_00014433_orig60043_60044_60045.png,0,0.5238665728053512,0.43927685103718495,0.7341721880150712
/root/New_CheckLiuliang_remote/datasets/toniot/test/normal/test_00014434_orig60046_60047_60048.png,0,0.6943575328968346,0.6726054047816816,0.6785029241823379
/root/New_CheckLiuliang_remote/datasets/toniot/test/normal/test_00014435_orig60049_60050_60051.png,0,0.6291805975168946,0.6208833528617718,0.6123382657409618
/root/New_CheckLiuliang_remote/datasets/toniot/test/normal/test_00014436_orig60052_60053_60054.png,0,0.7127480186952125,0.6957625975396713,0.6771913777641212
/root/New_CheckLiuliang_remote/datasets/toniot/test/normal/test_00014437_orig60055_60056_60057.png,0,0.5277924570785298,0.44448665943223575,0.7332707059841092
/root/New_CheckLiuliang_remote/datasets/toniot/test/normal/test_00014438_orig60058_60059_60060.png,0,0.5596250497237835,0.4418744585842971,0.8306236194338638
/root/New_CheckLiuliang_remote/datasets/toniot/test/normal/test_00014439_orig60061_60062_60063.png,0,0.5203823997450646,0.4345974921582219,0.7351022536226248
/root/New_CheckLiuliang_remote/datasets/toniot/test/normal/test_00014440_orig60064_60065_60066.png,0,0.5317645336473529,0.44982271684839004,0.732207067124407
/root/New_CheckLiuliang_remote/datasets/toniot/test/normal/test_00014441_orig60067_60068_60069.png,0,0.524096259643261,0.43883735511694577,0.735856145455225
/root/New_CheckLiuliang_remote/datasets/toniot/test/normal/test_00014442_orig60070_60071_60072.png,0,0.5234875304381067,0.43873588076933845,0.7343478121058593
/root/New_CheckLiuliang_remote/datasets/toniot/test/normal/test_00014443_orig60073_60074_60075.png,0,0.5282058881151058,0.44463700436865733,0.7341051265469143
/root/New_CheckLiuliang_remote/datasets/toniot/test/normal/test_00014444_orig60076_60077_60078.png,0,0.5308066606200373,0.4481862308812911,0.7332795009307527
/root/New_CheckLiuliang_remote/datasets/toniot/test/normal/test_00014445_orig60079_60080_60081.png,0,0.5349447006877235,0.4541820412464376,0.7311522232113483
/root/New_CheckLiuliang_remote/datasets/toniot/test/normal/test_00014446_orig60082_60083_60084.png,0,0.528381828307651,0.44525942561786086,0.7331571962039911
/root/New_CheckLiuliang_remote/datasets/toniot/test/normal/test_00014447_orig60085_60086_60087.png,0,0.5256018227349524,0.44130022916572986,0.734425592415238
/root/New_CheckLiuliang_remote/datasets/toniot/test/normal/test_00014448_orig60088_60089_60090.png,0,0.5269660257336648,0.44337587167397885,0.7334933280710236
/root/New_CheckLiuliang_remote/datasets/toniot/test/normal/test_00014449_orig60091_60092_60093.png,0,0.5224275635117123,0.43657335721430857,0.736354983835163
/root/New_CheckLiuliang_remote/datasets/toniot/test/normal/test_00014450_orig60094_60095_60096.png,0,0.5204110141122587,0.4340446436222609,0.7364742652990158
/root/New_CheckLiuliang_remote/datasets/toniot/test/normal/test_00014451_orig60097_60098_60099.png,0,0.5278943724640816,0.44486370960010113,0.7326830936114882
/root/New_CheckLiuliang_remote/datasets/toniot/test/normal/test_00014452_orig60100_60101_60102.png,0,0.5251014637471509,0.4392802448280748,0.7377044584607799
/root/New_CheckLiuliang_remote/datasets/toniot/test/normal/test_00014453_orig60103_60104_60105.png,0,0.5199088733303217,0.43280930373834553,0.7379171862327203
/root/New_CheckLiuliang_remote/datasets/toniot/test/normal/test_00014454_orig60106_60107_60108.png,0,0.5261978989291459,0.44248466218629706,0.7333707485021793
/root/New_CheckLiuliang_remote/datasets/toniot/test/normal/test_00014455_orig60109_60110_60111.png,0,0.5306308394261765,0.4483118011442166,0.7324824588911826
/root/New_CheckLiuliang_remote/datasets/toniot/test/normal/test_00014456_orig60112_60113_60114.png,0,0.5318796898921209,0.45007657240695287,0.7319448677775967
/root/New_CheckLiuliang_remote/datasets/toniot/test/normal/test_00014457_orig60115_60116_60117.png,0,0.5203312601156375,0.43345853593557904,0.7376132108893533
/root/New_CheckLiuliang_remote/datasets/toniot/test/normal/test_00014458_orig60118_60119_60120.png,0,0.5196670269187669,0.4328768401770541,0.7370662751449586
/root/New_CheckLiuliang_remote/datasets/toniot/test/normal/test_00014459_orig60121_60122_60123.png,0,0.5259048264861693,0.4421330654501058,0.7333509598722314
/root/New_CheckLiuliang_remote/datasets/toniot/test/normal/test_00014460_orig60124_60125_60126.png,0,0.5231409825706872,0.437695005103413,0.7357830374612507
/root/New_CheckLiuliang_remote/datasets/toniot/test/normal/test_00014461_orig60127_60128_60129.png,0,0.520008750585036,0.43338998135960355,0.7368486002155311
/root/New_CheckLiuliang_remote/datasets/toniot/test/normal/test_00014462_orig60130_60131_60132.png,0,0.5196173291140662,0.4325293159899306,0.737734691089867
/root/New_CheckLiuliang_remote/datasets/toniot/test/normal/test_00014463_orig60133_60134_60135.png,0,0.2787190571798076,0.15600034956046166,0.6923610116717187
/root/New_CheckLiuliang_remote/datasets/toniot/test/normal/test_00014464_orig60136_60137_60138.png,0,0.22193506881843997,0.08142909140581849,0.703572095063479
/root/New_CheckLiuliang_remote/datasets/toniot/test/normal/test_00014465_orig60139_60140_60141.png,0,0.5649801115491702,0.6150534988711404,0.4418911004209756
/root/New_CheckLiuliang_remote/datasets/toniot/test/normal/test_00014466_orig60142_60143_60144.png,0,0.0870835834795944,0.18655804273291798,0.07167854030270557
/root/New_CheckLiuliang_remote/datasets/toniot/test/normal/test_00014467_orig60145_60146_60147.png,0,0.10677394000378711,0.20524001313397075,0.08453565292721935
/root/New_CheckLiuliang_remote/datasets/toniot/test/normal/test_00014468_orig60148_60149_60150.png,0,0.5100132696042174,0.5552596546987459,0.42383095233056467
/root/New_CheckLiuliang_remote/datasets/toniot/test/normal/test_00014469_orig60151_60152_60153.png,0,0.5323106324200723,0.45047364594106853,0.7322537902784507
/root/New_CheckLiuliang_remote/datasets/toniot/test/normal/test_00014470_orig60154_60155_60156.png,0,0.531976659201565,0.4502581402195613,0.7317992014738132
/root/New_CheckLiuliang_remote/datasets/toniot/test/normal/test_00014471_orig60157_60158_60159.png,0,0.5325033108459646,0.4507200351596736,0.7322312532276767
/root/New_CheckLiuliang_remote/datasets/toniot/test/normal/test_00014472_orig60160_60161_60162.png,0,0.5360020949204524,0.45559827018478344,0.7308790301812336
/root/New_CheckLiuliang_remote/datasets/toniot/test/normal/test_00014473_orig60163_60164_60165.png,0,0.49455666233692674,0.385368179646927,0.7759333430993887
/root/New_CheckLiuliang_remote/datasets/toniot/test/normal/test_00014474_orig60166_60167_60168.png,0,0.5293677112991162,0.4465782527576672,0.7329062653825678
/root/New_CheckLiuliang_remote/datasets/toniot/test/normal/test_00014475_orig60169_60170_60171.png,0,0.5258372043312588,0.4415425458352671,0.734534979564117
/root/New_CheckLiuliang_remote/datasets/toniot/test/normal/test_00014476_orig60172_60173_60174.png,0,0.5280065638520767,0.44457727364899546,0.7336730747930508
/root/New_CheckLiuliang_remote/datasets/toniot/test/normal/test_00014477_orig60175_60176_60177.png,0,0.5370935380050706,0.45705692150925276,0.7306044629407058
/root/New_CheckLiuliang_remote/datasets/toniot/test/normal/test_00014478_orig60178_60179_60180.png,0,0.5349038042620858,0.454143691409382,0.7311244641610047
/root/New_CheckLiuliang_remote/datasets/toniot/test/normal/test_00014479_orig60181_60182_60183.png,0,0.5300572374372284,0.44746335342174726,0.7328177662319673
/root/New_CheckLiuliang_remote/datasets/toniot/test/normal/test_00014480_orig60184_60185_60186.png,0,0.5261162604665435,0.44245479682646616,0.7332063929367784
/root/New_CheckLiuliang_remote/datasets/toniot/test/normal/test_00014481_orig60187_60188_60189.png,0,0.5258700953890655,0.44203668178883326,0.7334762878619018
/root/New_CheckLiuliang_remote/datasets/toniot/test/normal/test_00014482_orig60190_60191_60192.png,0,0.5248399455844903,0.4398341115013028,0.7356623817869847
/root/New_CheckLiuliang_remote/datasets/toniot/test/normal/test_00014483_orig60193_60194_60195.png,0,0.5251400740821056,0.44102125955458193,0.7337527789970077
/root/New_CheckLiuliang_remote/datasets/toniot/test/normal/test_00014484_orig60196_60197_60198.png,0,0.5237283561586555,0.43900738404052864,0.7344047044169596
/root/New_CheckLiuliang_remote/datasets/toniot/test/normal/test_00014485_orig60199_60200_60201.png,0,0.5198911247123457,0.4330811463886247,0.7372320049207727
/root/New_CheckLiuliang_remote/datasets/toniot/test/normal/test_00014486_orig60202_60203_60204.png,0,0.5201454775132021,0.4334123803794767,0.7371883050296376
/root/New_CheckLiuliang_remote/datasets/toniot/test/normal/test_00014487_orig60205_60206_60207.png,0,0.6486044499379314,0.5483872281467441,0.8371802521566171
/root/New_CheckLiuliang_remote/datasets/toniot/test/normal/test_00014488_orig60208_60209_60210.png,0,0.5303820364566381,0.4476751259732756,0.7332547651433178
/root/New_CheckLiuliang_remote/datasets/toniot/test/normal/test_00014489_orig60211_60212_60213.png,0,0.5315304805986326,0.44940935311800295,0.7325005984686349
/root/New_CheckLiuliang_remote/datasets/toniot/test/normal/test_00014490_orig60214_60215_60216.png,0,0.6970400490187525,0.6423249843249283,0.7568474843566758
/root/New_CheckLiuliang_remote/datasets/toniot/test/normal/test_00014491_orig60217_60218_60219.png,0,0.5239623650726198,0.43909630136184347,0.7348680881682408
/root/New_CheckLiuliang_remote/datasets/toniot/test/normal/test_00014492_orig60220_60221_60222.png,0,0.6737429372460368,0.6278195826825033,0.7239051871770777
/root/New_CheckLiuliang_remote/datasets/toniot/test/normal/test_00014493_orig60223_60224_60225.png,0,0.5293234598730832,0.4464313016121355,0.7331222912594996
/root/New_CheckLiuliang_remote/datasets/toniot/test/normal/test_00014494_orig60226_60227_60228.png,0,0.6177393059638661,0.5459952843275585,0.7542771612001035
/root/New_CheckLiuliang_remote/datasets/toniot/test/normal/test_00014495_orig60229_60230_60231.png,0,0.5296372514933562,0.4469797382199397,0.7327421846592495
/root/New_CheckLiuliang_remote/datasets/toniot/test/normal/test_00014496_orig60232_60233_60234.png,0,0.6528742321932444,0.6103707462012874,0.7047926687523516
/root/New_CheckLiuliang_remote/datasets/toniot/test/normal/test_00014497_orig60235_60236_60237.png,0,0.6433349040601285,0.6401383648545803,0.6079875155732395
/root/New_CheckLiuliang_remote/datasets/toniot/test/normal/test_00014498_orig60238_60239_60240.png,0,0.538154673698754,0.45844735763683553,0.7304021791679046
/root/New_CheckLiuliang_remote/datasets/toniot/test/normal/test_00014499_orig60241_60242_60243.png,0,0.5374417531008074,0.45747944847504246,0.7306168308344233
/root/New_CheckLiuliang_remote/datasets/toniot/test/normal/test_00014500_orig60244_60245_60246.png,0,0.5383497277045254,0.4587429568233439,0.7302716291786646
/root/New_CheckLiuliang_remote/datasets/toniot/test/normal/test_00014501_orig60247_60248_60249.png,0,0.53355225136007,0.4523510910613487,0.7314325621356109
/root/New_CheckLiuliang_remote/datasets/toniot/test/normal/test_00014502_orig60250_60251_60252.png,0,0.5260327230906445,0.4420271791743416,0.7339646822427004
/root/New_CheckLiuliang_remote/datasets/toniot/test/normal/test_00014503_orig60253_60254_60255.png,0,0.5348939828588467,0.45429641199942644,0.7307399600874328
/root/New_CheckLiuliang_remote/datasets/toniot/test/normal/test_00014504_orig60256_60257_60258.png,0,0.5345135224998019,0.45354909924547543,0.731392984875715
/root/New_CheckLiuliang_remote/datasets/toniot/test/normal/test_00014505_orig60259_60260_60261.png,0,0.5334027802681679,0.4521827590332108,0.7313968326648715
/root/New_CheckLiuliang_remote/datasets/toniot/test/normal/test_00014506_orig60262_60263_60264.png,0,0.4937666938560381,0.38474507963954546,0.775122558955688
/root/New_CheckLiuliang_remote/datasets/toniot/test/normal/test_00014507_orig60265_60266_60267.png,0,0.5225309046300921,0.43716794937821507,0.7352638607671997
/root/New_CheckLiuliang_remote/datasets/toniot/test/normal/test_00014508_orig60268_60269_60270.png,0,0.5203415553091864,0.4340375166613922,0.7362917701561625
/root/New_CheckLiuliang_remote/datasets/toniot/test/normal/test_00014509_orig60271_60272_60273.png,0,0.5233267557495196,0.4383958229221727,0.7346803710258178
/root/New_CheckLiuliang_remote/datasets/toniot/test/normal/test_00014510_orig60274_60275_60276.png,0,0.5252409579554121,0.44091469452063975,0.7342906449526763
/root/New_CheckLiuliang_remote/datasets/toniot/test/normal/test_00014511_orig60277_60278_60279.png,0,0.520680578723281,0.43406534574668915,0.7371987490287768
/root/New_CheckLiuliang_remote/datasets/toniot/test/normal/test_00014512_orig60280_60281_60282.png,0,0.530464562133245,0.44760996518818996,0.7336433918481289
/root/New_CheckLiuliang_remote/datasets/toniot/test/normal/test_00014513_orig60283_60284_60285.png,0,0.5255179127169717,0.44155238782884776,0.7335966686940851
/root/New_CheckLiuliang_remote/datasets/toniot/test/normal/test_00014514_orig60286_60287_60288.png,0,0.48404945987228704,0.37255424338401677,0.7757104461703916
/root/New_CheckLiuliang_remote/datasets/toniot/test/normal/test_00014515_orig60289_60290_60291.png,0,0.5266693505583976,0.44270016790780425,0.7342194608532803
/root/New_CheckLiuliang_remote/datasets/toniot/test/normal/test_00014516_orig60292_60293_60294.png,0,0.529829290945012,0.4471423008035648,0.7329134112767157
/root/New_CheckLiuliang_remote/datasets/toniot/test/normal/test_00014517_orig60295_60296_60297.png,0,0.5297118939310255,0.4468409321725437,0.733280050614918
/root/New_CheckLiuliang_remote/datasets/toniot/test/normal/test_00014518_orig60298_60299_60300.png,0,0.4856593337893178,0.3819323057500151,0.7584434923303942
/root/New_CheckLiuliang_remote/datasets/toniot/test/normal/test_00014519_orig60301_60302_60303.png,0,0.5207278367844487,0.43395979885001396,0.7375805046815226
/root/New_CheckLiuliang_remote/datasets/toniot/test/normal/test_00014520_orig60304_60305_60306.png,0,0.5258681911411329,0.4406560876548311,0.7366922150705258
/root/New_CheckLiuliang_remote/datasets/toniot/test/normal/test_00014521_orig60307_60308_60309.png,0,0.5205991212825669,0.4341586749961608,0.7367474583291306
/root/New_CheckLiuliang_remote/datasets/toniot/test/normal/test_00014522_orig60310_60311_60312.png,0,0.5301921228144856,0.4472634591383335,0.7336708760563899
/root/New_CheckLiuliang_remote/datasets/toniot/test/normal/test_00014523_orig60313_60314_60315.png,0,0.5204606224917407,0.4338718996659661,0.7370195519909148
/root/New_CheckLiuliang_remote/datasets/toniot/test/normal/test_00014524_orig60316_60317_60318.png,0,0.5216231729505018,0.43459986781184484,0.7386537630141161
/root/New_CheckLiuliang_remote/datasets/toniot/test/normal/test_00014525_orig60319_60320_60321.png,0,0.5198962772878507,0.4336048083229328,0.7360248984939478
/root/New_CheckLiuliang_remote/datasets/toniot/test/normal/test_00014526_orig60322_60323_60324.png,0,0.5282141518771146,0.44470216515374295,0.7339767752943352
/root/New_CheckLiuliang_remote/datasets/toniot/test/normal/test_00014527_orig60325_60326_60327.png,0,0.5272628359545326,0.4439989716813604,0.7328903245417764
/root/New_CheckLiuliang_remote/datasets/toniot/test/normal/test_00014528_orig60328_60329_60330.png,0,0.5289406280491117,0.44551463869277963,0.7341636679105104
/root/New_CheckLiuliang_remote/datasets/toniot/test/normal/test_00014529_orig60331_60332_60333.png,0,0.523359415948134,0.43851392684514046,0.7344984255671297
/root/New_CheckLiuliang_remote/datasets/toniot/test/normal/test_00014530_orig60334_60335_60336.png,0,0.5266526952599263,0.44274225091483876,0.7340735197074141
/root/New_CheckLiuliang_remote/datasets/toniot/test/normal/test_00014531_orig60337_60338_60339.png,0,0.5297959017630866,0.44738597498945804,0.7322491179630464
/root/New_CheckLiuliang_remote/datasets/toniot/test/normal/test_00014532_orig60340_60341_60342.png,0,0.5227347054148364,0.43737429186431964,0.7353666517060959
/root/New_CheckLiuliang_remote/datasets/toniot/test/normal/test_00014533_orig60343_60344_60345.png,0,0.5257617867560378,0.4414929964882749,0.7344343873618816
/root/New_CheckLiuliang_remote/datasets/toniot/test/normal/test_00014534_orig60346_60347_60348.png,0,0.5226773982854237,0.4372107111434275,0.7355840517934408
/root/New_CheckLiuliang_remote/datasets/toniot/test/normal/test_00014535_orig60349_60350_60351.png,0,0.5238956475952626,0.4389445989090659,0.7350307946811461
/root/New_CheckLiuliang_remote/datasets/toniot/test/normal/test_00014536_orig60352_60353_60354.png,0,0.5233603393779137,0.43835781246420613,0.7348653397474146
/root/New_CheckLiuliang_remote/datasets/toniot/test/normal/test_00014537_orig60355_60356_60357.png,0,0.52850180177435,0.4454382783977574,0.7330838133679342
/root/New_CheckLiuliang_remote/datasets/toniot/test/normal/test_00014538_orig60358_60359_60360.png,0,0.5242280625247061,0.4391122521790259,0.7355925718980018
/root/New_CheckLiuliang_remote/datasets/toniot/test/normal/test_00014539_orig60361_60362_60363.png,0,0.5292494393779907,0.44629724687198535,0.7332228834617349
/root/New_CheckLiuliang_remote/datasets/toniot/test/normal/test_00014540_orig60364_60365_60366.png,0,0.5274972991567776,0.444202938513842,0.7330865617887602
/root/New_CheckLiuliang_remote/datasets/toniot/test/normal/test_00014541_orig60367_60368_60369.png,0,0.5218240501939444,0.43524197304820966,0.7377313929848757
/root/New_CheckLiuliang_remote/datasets/toniot/test/normal/test_00014542_orig60370_60371_60372.png,0,0.5205209735137941,0.4344505410126902,0.7358424033510945
/root/New_CheckLiuliang_remote/datasets/toniot/test/normal/test_00014543_orig60373_60374_60375.png,0,0.5281263478130461,0.44507039146529465,0.7328658635964241
/root/New_CheckLiuliang_remote/datasets/toniot/test/normal/test_00014544_orig60376_60377_60378.png,0,0.5263279581877376,0.4424771958463393,0.7337610242594861
/root/New_CheckLiuliang_remote/datasets/toniot/test/normal/test_00014545_orig60379_60380_60381.png,0,0.5256832300464345,0.4414369989385919,0.7343398416854636
/root/New_CheckLiuliang_remote/datasets/toniot/test/normal/test_00014546_orig60382_60383_60384.png,0,0.6794702605467119,0.6459817940087712,0.6979458027903618
/root/New_CheckLiuliang_remote/datasets/toniot/test/normal/test_00014547_orig60385_60386_60387.png,0,0.6457355437392864,0.58482907596407,0.7439246844744181
/root/New_CheckLiuliang_remote/datasets/toniot/test/normal/test_00014548_orig60388_60389_60390.png,0,0.5369076055987955,0.4567351901328924,0.7308221378701333
/root/New_CheckLiuliang_remote/datasets/toniot/test/normal/test_00014549_orig60391_60392_60393.png,0,0.6098218828143541,0.5466625036165084,0.7300226222518197
/root/New_CheckLiuliang_remote/datasets/toniot/test/normal/test_00014550_orig60394_60395_60396.png,0,0.5286734847973076,0.4454874883656606,0.7334611715473581
/root/New_CheckLiuliang_remote/datasets/toniot/test/normal/test_00014551_orig60397_60398_60399.png,0,0.48818123034895594,0.38691812394633396,0.7540396976407281
/root/New_CheckLiuliang_remote/datasets/toniot/test/normal/test_00014552_orig60400_60401_60402.png,0,0.6636540070674799,0.675863444035964,0.582879866800533
/root/New_CheckLiuliang_remote/datasets/toniot/test/normal/test_00014553_orig60403_60404_60405.png,0,0.6017786283941331,0.5755667418674165,0.6395209722373767
/root/New_CheckLiuliang_remote/datasets/toniot/test/normal/test_00014554_orig60406_60407_60408.png,0,0.5297865680376282,0.44658402220218,0.7340935831794446
/root/New_CheckLiuliang_remote/datasets/toniot/test/normal/test_00014555_orig60409_60410_60411.png,0,0.5227044953421154,0.4366945155490772,0.7368661901088183
/root/New_CheckLiuliang_remote/datasets/toniot/test/normal/test_00014556_orig60412_60413_60414.png,0,0.5237204491247833,0.4380628920358758,0.7365858511845557
/root/New_CheckLiuliang_remote/datasets/toniot/test/normal/test_00014557_orig60415_60416_60417.png,0,0.5291847091784216,0.44647779654732683,0.7326160321433313
/root/New_CheckLiuliang_remote/datasets/toniot/test/normal/test_00014558_orig60418_60419_60420.png,0,0.5306031130347958,0.44817808578315543,0.732714975293071
/root/New_CheckLiuliang_remote/datasets/toniot/test/normal/test_00014559_orig60421_60422_60423.png,0,0.5204968841269784,0.43378264296556235,0.7373317725967602
/root/New_CheckLiuliang_remote/datasets/toniot/test/normal/test_00014560_orig60424_60425_60426.png,0,0.5220008302335595,0.43577649511336536,0.7369909684143233
/root/New_CheckLiuliang_remote/datasets/toniot/test/normal/test_00014561_orig60427_60428_60429.png,0,0.5277436314376667,0.44419886596477415,0.7338022505718776
/root/New_CheckLiuliang_remote/datasets/toniot/test/normal/test_00014562_orig60430_60431_60432.png,0,0.5310669555362842,0.44880899150958364,0.7325726070942788
/root/New_CheckLiuliang_remote/datasets/toniot/test/normal/test_00014563_orig60433_60434_60435.png,0,0.5254948769287748,0.4413874495915997,0.7339154855099131
/root/New_CheckLiuliang_remote/datasets/toniot/test/normal/test_00014564_orig60436_60437_60438.png,0,0.5298468334005,0.4474338274410053,0.7322834732233727
/root/New_CheckLiuliang_remote/datasets/toniot/test/normal/test_00014565_orig60439_60440_60441.png,0,0.5246530148845073,0.43924494940282005,0.7365011998231117
/root/New_CheckLiuliang_remote/datasets/toniot/test/normal/test_00014566_orig60442_60443_60444.png,0,0.5209533419265411,0.4339221277711363,0.7383148827262576
/root/New_CheckLiuliang_remote/datasets/toniot/test/normal/test_00014567_orig60445_60446_60447.png,0,0.5212751819766683,0.4355565774637013,0.7354238188592789
/root/New_CheckLiuliang_remote/datasets/toniot/test/normal/test_00014568_orig60448_60449_60450.png,0,0.5248828832211765,0.44048028928673544,0.7342777273747936
/root/New_CheckLiuliang_remote/datasets/toniot/test/normal/test_00014569_orig60451_60452_60453.png,0,0.5206933713906617,0.4342184057158226,0.7368782831604531
/root/New_CheckLiuliang_remote/datasets/toniot/test/normal/test_00014570_orig60454_60455_60456.png,0,0.5203615303890269,0.43351928479250784,0.7375582424728312
/root/New_CheckLiuliang_remote/datasets/toniot/test/normal/test_00014571_orig60457_60458_60459.png,0,0.523855904283895,0.43939766999286456,0.7338596925671432
/root/New_CheckLiuliang_remote/datasets/toniot/test/normal/test_00014572_orig60460_60461_60462.png,0,0.534925506073081,0.45421122784809054,0.7310290939583389
/root/New_CheckLiuliang_remote/datasets/toniot/test/normal/test_00014573_orig60463_60464_60465.png,0,0.5269984190922519,0.44312473114812795,0.7341721880150712
/root/New_CheckLiuliang_remote/datasets/toniot/test/normal/test_00014574_orig60466_60467_60468.png,0,0.5257220952564768,0.4410501067771459,0.7353540089702959
/root/New_CheckLiuliang_remote/datasets/toniot/test/normal/test_00014575_orig60469_60470_60471.png,0,0.5220943704094874,0.4367803784585911,0.7349167352168627
/root/New_CheckLiuliang_remote/datasets/toniot/test/normal/test_00014576_orig60472_60473_60474.png,0,0.5267679516681788,0.4432503014110534,0.7332184859884132
/root/New_CheckLiuliang_remote/datasets/toniot/test/normal/test_00014577_orig60475_60476_60477.png,0,0.5215346337116975,0.4356529611249738,0.7359427207112473
/root/New_CheckLiuliang_remote/datasets/toniot/test/normal/test_00014578_orig60478_60479_60480.png,0,0.5220690209436507,0.4351384624260684,0.7386752006965598
/root/New_CheckLiuliang_remote/datasets/toniot/test/normal/test_00014579_orig60481_60482_60483.png,0,0.5312222710314656,0.4494174982161387,0.7315980170693424
/root/New_CheckLiuliang_remote/datasets/toniot/test/normal/test_00014580_orig60484_60485_60486.png,0,0.5292954446952625,0.44656908952226454,0.7327204721347232
/root/New_CheckLiuliang_remote/datasets/toniot/test/normal/test_00014581_orig60487_60488_60489.png,0,0.5243816185400764,0.4388102047898268,0.7367375640141566
/root/New_CheckLiuliang_remote/datasets/toniot/test/normal/test_00014582_orig60490_60491_60492.png,0,0.5206866258979129,0.4337565107757103,0.7379367000205856
/root/New_CheckLiuliang_remote/datasets/toniot/test/normal/test_00014583_orig60493_60494_60495.png,0,0.5331472009627334,0.4518423618069561,0.7314583972913763
/root/New_CheckLiuliang_remote/datasets/toniot/test/normal/test_00014584_orig60496_60497_60498.png,0,0.5306821069820241,0.448135324017943,0.7330412128451295
/root/New_CheckLiuliang_remote/datasets/toniot/test/normal/test_00014585_orig60499_60500_60501.png,0,0.5236716174894442,0.4383296439998201,0.7358234392473945
/root/New_CheckLiuliang_remote/datasets/toniot/test/normal/test_00014586_orig60502_60503_60504.png,0,0.5204280159914464,0.4340836722174945,0.7364319396182938
/root/New_CheckLiuliang_remote/datasets/toniot/test/normal/test_00014587_orig60505_60506_60507.png,0,0.5220638551665,0.4362811518186901,0.7359941161806954
/root/New_CheckLiuliang_remote/datasets/toniot/test/normal/test_00014588_orig60508_60509_60510.png,0,0.5327694534356607,0.45116563990351455,0.7319544872504881
/root/New_CheckLiuliang_remote/datasets/toniot/test/normal/test_00014589_orig60511_60512_60513.png,0,0.5249502567614176,0.44064387000762756,0.7340891857061229
/root/New_CheckLiuliang_remote/datasets/toniot/test/normal/test_00014590_orig60514_60515_60516.png,0,0.5219349379090108,0.43644032061142535,0.7352531419259779
/root/New_CheckLiuliang_remote/datasets/toniot/test/normal/test_00014591_orig60517_60518_60519.png,0,0.5363019771289534,0.42687695726283975,0.7987551302710245
/root/New_CheckLiuliang_remote/datasets/toniot/test/normal/test_00014592_orig60520_60521_60522.png,0,0.5334146670832933,0.45216850511147333,0.7314641689751111
/root/New_CheckLiuliang_remote/datasets/toniot/test/normal/test_00014593_orig60523_60524_60525.png,0,0.5220081955354253,0.4365971137505377,0.7350973064651378
/root/New_CheckLiuliang_remote/datasets/toniot/test/normal/test_00014594_orig60526_60527_60528.png,0,0.5205899521191877,0.43396047760819195,0.7371836327142333
/root/New_CheckLiuliang_remote/datasets/toniot/test/normal/test_00014595_orig60529_60530_60531.png,0,0.5264481637073269,0.4426176987891803,0.7337777896265253
/root/New_CheckLiuliang_remote/datasets/toniot/test/normal/test_00014596_orig60532_60533_60534.png,0,0.5363785697507147,0.45600145254250085,0.7310175505908693
/root/New_CheckLiuliang_remote/datasets/toniot/test/normal/test_00014597_orig60535_60536_60537.png,0,0.5297554638736529,0.44634238429082074,0.7345682354561128
/root/New_CheckLiuliang_remote/datasets/toniot/test/normal/test_00014598_orig60538_60539_60540.png,0,0.522171110613802,0.4366419117902841,0.7354598231721009
/root/New_CheckLiuliang_remote/datasets/toniot/test/normal/test_00014599_orig60541_60542_60543.png,0,0.5299540599791573,0.4474039620811744,0.7326605565607142
/root/New_CheckLiuliang_remote/datasets/toniot/test/normal/test_00014600_orig60544_60545_60546.png,0,0.5200801202143729,0.43325728413580933,0.7373628297520952
/root/New_CheckLiuliang_remote/datasets/toniot/test/normal/test_00014601_orig60547_60548_60549.png,0,0.52198969168783,0.43595704478870684,0.7365377538200988
/root/New_CheckLiuliang_remote/datasets/toniot/test/normal/test_00014602_orig60550_60551_60552.png,0,0.5557581199862551,0.46197995457410895,0.7726250689510075
/root/New_CheckLiuliang_remote/datasets/toniot/test/normal/test_00014603_orig60553_60554_60555.png,0,0.699617060193309,0.6441678127781317,0.7599353351548034
/root/New_CheckLiuliang_remote/datasets/toniot/test/normal/test_00014604_orig60556_60557_60558.png,0,0.5289814921199902,0.44569111581905324,0.7338690371979519
/root/New_CheckLiuliang_remote/datasets/toniot/test/normal/test_00014605_orig60559_60560_60561.png,0,0.6435868251806672,0.5862198514707417,0.7345195884074908
/root/New_CheckLiuliang_remote/datasets/toniot/test/normal/test_00014606_orig60562_60563_60564.png,0,0.5279884272619295,0.4443634648229332,0.7341199680193753
/root/New_CheckLiuliang_remote/datasets/toniot/test/normal/test_00014607_orig60565_60566_60567.png,0,0.6506154540187018,0.5943561257501339,0.7356846439956762
/root/New_CheckLiuliang_remote/datasets/toniot/test/normal/test_00014608_orig60568_60569_60570.png,0,0.5438143276899062,0.4007780265615044,0.8811890657925222
/root/New_CheckLiuliang_remote/datasets/toniot/test/normal/test_00014609_orig60571_60572_60573.png,0,0.5335722728290915,0.4523286920414755,0.7315422241265724
/root/New_CheckLiuliang_remote/datasets/toniot/test/normal/test_00014610_orig60574_60575_60576.png,0,0.6565299642071365,0.6062445752373745,0.7249006652002925
/root/New_CheckLiuliang_remote/datasets/toniot/test/normal/test_00014611_orig60577_60578_60579.png,0,0.5259560376193911,0.4415639267178733,0.7348257624875187
/root/New_CheckLiuliang_remote/datasets/toniot/test/normal/test_00014612_orig60580_60581_60582.png,0,0.6485626210403145,0.64905996234589,0.6021572904748255
/root/New_CheckLiuliang_remote/datasets/toniot/test/normal/test_00014613_orig60583_60584_60585.png,0,0.6108542771301729,0.5533102612116003,0.717470859181086
/root/New_CheckLiuliang_remote/datasets/toniot/test/normal/test_00014614_orig60586_60587_60588.png,0,0.5312732194016209,0.4486447320305136,0.7335471971192152
/root/New_CheckLiuliang_remote/datasets/toniot/test/normal/test_00014615_orig60589_60590_60591.png,0,0.5280803192346983,0.44505070747813336,0.732779838024567
/root/New_CheckLiuliang_remote/datasets/toniot/test/normal/test_00014616_orig60592_60593_60594.png,0,0.526664216996045,0.44304463768312685,0.7334009811312665
/root/New_CheckLiuliang_remote/datasets/toniot/test/normal/test_00014617_orig60595_60596_60597.png,0,0.606281783598,0.5190065016548973,0.784404525769606
/root/New_CheckLiuliang_remote/datasets/toniot/test/normal/test_00014618_orig60598_60599_60600.png,0,0.5340026091314628,0.4529667247287725,0.73128717067391
/root/New_CheckLiuliang_remote/datasets/toniot/test/normal/test_00014619_orig60601_60602_60603.png,0,0.5359583232982008,0.4554855963272395,0.7310164512225388
/root/New_CheckLiuliang_remote/datasets/toniot/test/normal/test_00014620_orig60604_60605_60606.png,0,0.5265383835870229,0.44283184699433153,0.733536753120076
/root/New_CheckLiuliang_remote/datasets/toniot/test/normal/test_00014621_orig60607_60608_60609.png,0,0.5219911424472827,0.4363452944665088,0.7356359969470542
/root/New_CheckLiuliang_remote/datasets/toniot/test/normal/test_00014622_orig60610_60611_60612.png,0,0.521927885874345,0.43619902207915506,0.7357959550391334
/root/New_CheckLiuliang_remote/datasets/toniot/test/normal/test_00014623_orig60613_60614_60615.png,0,0.523984745915647,0.43940649384917824,0.7342084671699758
/root/New_CheckLiuliang_remote/datasets/toniot/test/normal/test_00014624_orig60616_60617_60618.png,0,0.5300303825998431,0.44683787776074285,0.7342002219074975
/root/New_CheckLiuliang_remote/datasets/toniot/test/normal/test_00014625_orig60619_60620_60621.png,0,0.5270735643028507,0.44325098016923137,0.7340930334952794
/root/New_CheckLiuliang_remote/datasets/toniot/test/normal/test_00014626_orig60622_60623_60624.png,0,0.5341267621985114,0.453089579958986,0.7313564308787278
/root/New_CheckLiuliang_remote/datasets/toniot/test/normal/test_00014627_orig60625_60626_60627.png,0,0.534700084119801,0.45371777065270236,0.7315342537061768
/root/New_CheckLiuliang_remote/datasets/toniot/test/normal/test_00014628_orig60628_60629_60630.png,0,0.5285518059430148,0.4451908710418853,0.7338044493085385
/root/New_CheckLiuliang_remote/datasets/toniot/test/normal/test_00014629_orig60631_60632_60633.png,0,0.5288845450938687,0.4457603491532067,0.733429564707858
/root/New_CheckLiuliang_remote/datasets/toniot/test/normal/test_00014630_orig60634_60635_60636.png,0,0.5206830294400202,0.43419804297048337,0.7368961478958228
/root/New_CheckLiuliang_remote/datasets/toniot/test/normal/test_00014631_orig60637_60638_60639.png,0,0.5203327714316642,0.43397642842537437,0.7364091277254372
/root/New_CheckLiuliang_remote/datasets/toniot/test/normal/test_00014632_orig60640_60641_60642.png,0,0.5242899062435311,0.4398035673832939,0.734156796858445
/root/New_CheckLiuliang_remote/datasets/toniot/test/normal/test_00014633_orig60643_60644_60645.png,0,0.6468385266475565,0.5584511756515866,0.8086351534567026
/root/New_CheckLiuliang_remote/datasets/toniot/test/normal/test_00014634_orig60646_60647_60648.png,0,0.5349078488168345,0.45414029761849206,0.73114397794887
/root/New_CheckLiuliang_remote/datasets/toniot/test/normal/test_00014635_orig60649_60650_60651.png,0,0.5272637490329538,0.44291160108024363,0.735430140227179
/root/New_CheckLiuliang_remote/datasets/toniot/test/normal/test_00014636_orig60652_60653_60654.png,0,0.5293978847811606,0.4467133256350843,0.732677596769836
/root/New_CheckLiuliang_remote/datasets/toniot/test/normal/test_00014637_orig60655_60656_60657.png,0,0.5301231549283625,0.4476303279335292,0.7326171315116616
/root/New_CheckLiuliang_remote/datasets/toniot/test/normal/test_00014638_orig60658_60659_60660.png,0,0.530342712195529,0.44780137499437905,0.7328474491768892
/root/New_CheckLiuliang_remote/datasets/toniot/test/normal/test_00014639_orig60661_60662_60663.png,0,0.5230978619566056,0.4379315523284375,0.7351074756221944
/root/New_CheckLiuliang_remote/datasets/toniot/test/normal/test_00014640_orig60664_60665_60666.png,0,0.5320236658477742,0.4502343836833322,0.7319893921949796
/root/New_CheckLiuliang_remote/datasets/toniot/test/normal/test_00014641_orig60667_60668_60669.png,0,0.5341320598910537,0.45317170969852105,0.731179982261692
/root/New_CheckLiuliang_remote/datasets/toniot/test/normal/test_00014642_orig60670_60671_60672.png,0,0.5322989277445499,0.4507682269903099,0.7315328794957637
/root/New_CheckLiuliang_remote/datasets/toniot/test/normal/test_00014643_orig60673_60674_60675.png,0,0.5349986796659008,0.45440195889610163,0.7307938291356244
/root/New_CheckLiuliang_remote/datasets/toniot/test/normal/test_00014644_orig60676_60677_60678.png,0,0.5297717299112754,0.44694342465741804,0.7332124394625957
/root/New_CheckLiuliang_remote/datasets/toniot/test/normal/test_00014645_orig60679_60680_60681.png,0,0.5351362757986581,0.454475604158412,0.7310164512225388
/root/New_CheckLiuliang_remote/datasets/toniot/test/normal/test_00014646_orig60682_60683_60684.png,0,0.5337189072135758,0.4523901196565823,0.7318192649458437
/root/New_CheckLiuliang_remote/datasets/toniot/test/normal/test_00014647_orig60685_60686_60687.png,0,0.5320803754703881,0.4501471632574623,0.7323554818490166
/root/New_CheckLiuliang_remote/datasets/toniot/test/normal/test_00014648_orig60688_60689_60690.png,0,0.5274643529720124,0.4438476086076718,0.7338212146755778
/root/New_CheckLiuliang_remote/datasets/toniot/test/normal/test_00014649_orig60691_60692_60693.png,0,0.5215119000775332,0.4357276245245511,0.7357033332572936
/root/New_CheckLiuliang_remote/datasets/toniot/test/normal/test_00014650_orig60694_60695_60696.png,0,0.520186603191441,0.4339211096338694,0.7361191693282833
/root/New_CheckLiuliang_remote/datasets/toniot/test/normal/test_00014651_orig60697_60698_60699.png,0,0.5254656121372671,0.4406252041577332,0.7356101617912888
/root/New_CheckLiuliang_remote/datasets/toniot/test/normal/test_00014652_orig60700_60701_60702.png,0,0.5246886290426714,0.4396522043096054,0.735653037156176
/root/New_CheckLiuliang_remote/datasets/toniot/test/normal/test_00014653_orig60703_60704_60705.png,0,0.5319334862608142,0.4501247642375891,0.7319866437741535
/root/New_CheckLiuliang_remote/datasets/toniot/test/normal/test_00014654_orig60706_60707_60708.png,0,0.5243934645355972,0.43922865920654863,0.7357951305128856
/root/New_CheckLiuliang_remote/datasets/toniot/test/normal/test_00014655_orig60709_60710_60711.png,0,0.5234417100227354,0.4385213931850982,0.7347169250228051
/root/New_CheckLiuliang_remote/datasets/toniot/test/normal/test_00014656_orig60712_60713_60714.png,0,0.5440367580926803,0.5073047106665999,0.6332644670688339
/root/New_CheckLiuliang_remote/datasets/toniot/test/normal/test_00014657_orig60715_60716_60717.png,0,0.6060706703441205,0.4802867413922857,0.8741454128993833
/root/New_CheckLiuliang_remote/datasets/toniot/test/normal/test_00014658_orig60718_60719_60720.png,0,0.5362683083351077,0.45601604584332733,0.7306674017776236
/root/New_CheckLiuliang_remote/datasets/toniot/test/normal/test_00014659_orig60721_60722_60723.png,0,0.6256252200833963,0.5723253321884946,0.715447746610991
/root/New_CheckLiuliang_remote/datasets/toniot/test/normal/test_00014660_orig60724_60725_60726.png,0,0.5361868145006657,0.4557961281936633,0.7309469161756383
/root/New_CheckLiuliang_remote/datasets/toniot/test/normal/test_00014661_orig60727_60728_60729.png,0,0.6644285883808703,0.676888029505618,0.5827097395513973
/root/New_CheckLiuliang_remote/datasets/toniot/test/normal/test_00014662_orig60730_60731_60732.png,0,0.6159791495575303,0.5537813193871153,0.7310637240607478
/root/New_CheckLiuliang_remote/datasets/toniot/test/normal/test_00014663_orig60733_60734_60735.png,0,0.6269152673692217,0.6218607646380564,0.6035633825694602
/root/New_CheckLiuliang_remote/datasets/toniot/test/normal/test_00014664_orig60736_60737_60738.png,0,0.5591392955646802,0.455747257604849,0.7968611934797564
/root/New_CheckLiuliang_remote/datasets/toniot/test/normal/test_00014665_orig60739_60740_60741.png,0,0.5275245044289057,0.44332632232698665,0.735209991719008
/root/New_CheckLiuliang_remote/datasets/toniot/test/normal/test_00014666_orig60742_60743_60744.png,0,0.5317229217009759,0.4499428570458917,0.7318074467362915
/root/New_CheckLiuliang_remote/datasets/toniot/test/normal/test_00014667_orig60745_60746_60747.png,0,0.537678322242615,0.4578721100810013,0.7303788175908827
/root/New_CheckLiuliang_remote/datasets/toniot/test/normal/test_00014668_orig60748_60749_60750.png,0,0.6232423551699205,0.5540141334421609,0.7513426722840724
/root/New_CheckLiuliang_remote/datasets/toniot/test/normal/test_00014669_orig60751_60752_60753.png,0,0.5344206694528398,0.4535477417291195,0.7311299610026569
/root/New_CheckLiuliang_remote/datasets/toniot/test/normal/test_00014670_orig60754_60755_60756.png,0,0.5301231549283625,0.4476303279335292,0.7326171315116616
/root/New_CheckLiuliang_remote/datasets/toniot/test/normal/test_00014671_orig60757_60758_60759.png,0,0.5283102401259872,0.44494142741147935,0.7336939627913291
/root/New_CheckLiuliang_remote/datasets/toniot/test/normal/test_00014672_orig60760_60761_60762.png,0,0.5241090885644087,0.4386435696571338,0.736345089520189
/root/New_CheckLiuliang_remote/datasets/toniot/test/normal/test_00014673_orig60763_60764_60765.png,0,0.5336426165537517,0.45235516361041656,0.7316821187466211
/root/New_CheckLiuliang_remote/datasets/toniot/test/normal/test_00014674_orig60766_60767_60768.png,0,0.525859636205288,0.4416911938762437,0.7342524419031935
/root/New_CheckLiuliang_remote/datasets/toniot/test/normal/test_00014675_orig60769_60770_60771.png,0,0.5255313261902188,0.4414183330886976,0.7339479168756612
/root/New_CheckLiuliang_remote/datasets/toniot/test/normal/test_00014676_orig60772_60773_60774.png,0,0.5356998175302103,0.4552867201810927,0.7307394104032675
/root/New_CheckLiuliang_remote/datasets/toniot/test/normal/test_00014677_orig60775_60776_60777.png,0,0.5298056345668933,0.4473530552178262,0.7323538327965209
/root/New_CheckLiuliang_remote/datasets/toniot/test/normal/test_00014678_orig60778_60779_60780.png,0,0.5323017016409688,0.4505741021514089,0.7319937896683013
/root/New_CheckLiuliang_remote/datasets/toniot/test/normal/test_00014679_orig60781_60782_60783.png,0,0.5311732891603975,0.4492315184753734,0.7318915484135703
/root/New_CheckLiuliang_remote/datasets/toniot/test/normal/test_00014680_orig60784_60785_60786.png,0,0.5337101797586794,0.4527216930265233,0.7310205738537779
/root/New_CheckLiuliang_remote/datasets/toniot/test/normal/test_00014681_orig60787_60788_60789.png,0,0.5246657084871222,0.4394438255489669,0.7360735455425699
/root/New_CheckLiuliang_remote/datasets/toniot/test/normal/test_00014682_orig60790_60791_60792.png,0,0.5220353180506301,0.4364287817223998,0.7355678361105668
/root/New_CheckLiuliang_remote/datasets/toniot/test/normal/test_00014683_orig60793_60794_60795.png,0,0.5254691253683557,0.44100055743015365,0.7347444092310661
/root/New_CheckLiuliang_remote/datasets/toniot/test/normal/test_00014684_orig60796_60797_60798.png,0,0.5297896210049563,0.44725599279837575,0.732534404044796
/root/New_CheckLiuliang_remote/datasets/toniot/test/normal/test_00014685_orig60799_60800_60801.png,0,0.5218903460746896,0.4360320475673731,0.7360779430158917
/root/New_CheckLiuliang_remote/datasets/toniot/test/normal/test_00014686_orig60802_60803_60804.png,0,0.5322367740166891,0.4506833822180629,0.7315526681257116
/root/New_CheckLiuliang_remote/datasets/toniot/test/normal/test_00014687_orig60805_60806_60807.png,0,0.5276773616062806,0.44445102462789204,0.7330238977939251
/root/New_CheckLiuliang_remote/datasets/toniot/test/normal/test_00014688_orig60808_60809_60810.png,0,0.5332202395479443,0.45179993942083263,0.7317667701080651
/root/New_CheckLiuliang_remote/datasets/toniot/test/normal/test_00014689_orig60811_60812_60813.png,0,0.5337887298829609,0.45263786639154335,0.7314413570822544
/root/New_CheckLiuliang_remote/datasets/toniot/test/normal/test_00014690_orig60814_60815_60816.png,0,0.5277411296709297,0.44437059178380195,0.7333943849212838
/root/New_CheckLiuliang_remote/datasets/toniot/test/normal/test_00014691_orig60817_60818_60819.png,0,0.5260970255971568,0.4420936974757832,0.7339938155034571
/root/New_CheckLiuliang_remote/datasets/toniot/test/normal/test_00014692_orig60820_60821_60822.png,0,0.5272479960626318,0.44393550779171964,0.7329958639014988
/root/New_CheckLiuliang_remote/datasets/toniot/test/normal/test_00014693_orig60823_60824_60825.png,0,0.520301130965298,0.43387936600592386,0.7365448997142466
/root/New_CheckLiuliang_remote/datasets/toniot/test/normal/test_00014694_orig60826_60827_60828.png,0,0.5270447435122423,0.4429041347402859,0.7348197159617013
/root/New_CheckLiuliang_remote/datasets/toniot/test/normal/test_00014695_orig60829_60830_60831.png,0,0.5248522907838528,0.43995764548969435,0.7354095270709832
/root/New_CheckLiuliang_remote/datasets/toniot/test/normal/test_00014696_orig60832_60833_60834.png,0,0.5254596196197127,0.44090383438979214,0.7349428452147108
/root/New_CheckLiuliang_remote/datasets/toniot/test/normal/test_00014697_orig60835_60836_60837.png,0,0.5254988573768575,0.44055155889542286,0.7358773082955861
/root/New_CheckLiuliang_remote/datasets/toniot/test/normal/test_00014698_orig60838_60839_60840.png,0,0.5336369512928374,0.4524725887752063,0.7313918855073845
/root/New_CheckLiuliang_remote/datasets/toniot/test/normal/test_00014699_orig60841_60842_60843.png,0,0.5318685787414158,0.44974194462521094,0.73269381245271
/root/New_CheckLiuliang_remote/datasets/toniot/test/normal/test_00014700_orig60844_60845_60846.png,0,0.5372539460840432,0.45723645304732724,0.7306454144110148
/root/New_CheckLiuliang_remote/datasets/toniot/test/normal/test_00014701_orig60847_60848_60849.png,0,0.5601619260156264,0.45797392380769764,0.7945973192452946
/root/New_CheckLiuliang_remote/datasets/toniot/test/normal/test_00014702_orig60850_60851_60852.png,0,0.5259600699622539,0.44092080334424155,0.7363379436260411
/root/New_CheckLiuliang_remote/datasets/toniot/test/normal/test_00014703_orig60853_60854_60855.png,0,0.5229896050214092,0.43734917781173455,0.736155998167353
/root/New_CheckLiuliang_remote/datasets/toniot/test/normal/test_00014704_orig60856_60857_60858.png,0,0.5278404422814773,0.44416798246767625,0.734151849700958
/root/New_CheckLiuliang_remote/datasets/toniot/test/normal/test_00014705_orig60859_60860_60861.png,0,0.5285265493955013,0.445200713035466,0.7337090791058728
/root/New_CheckLiuliang_remote/datasets/toniot/test/normal/test_00014706_orig60862_60863_60864.png,0,0.6213906049668149,0.5707197297184935,0.7070543442501525
/root/New_CheckLiuliang_remote/datasets/toniot/test/normal/test_00014707_orig60865_60866_60867.png,0,0.5375169292755189,0.4576504955358923,0.7304332363232395
/root/New_CheckLiuliang_remote/datasets/toniot/test/normal/test_00014708_orig60868_60869_60870.png,0,0.5378617014572538,0.45806419864536835,0.7304563230581789
/root/New_CheckLiuliang_remote/datasets/toniot/test/normal/test_00014709_orig60871_60872_60873.png,0,0.5283455220487805,0.4452757158141323,0.7330151028472816
/root/New_CheckLiuliang_remote/datasets/toniot/test/normal/test_00014710_orig60874_60875_60876.png,0,0.5352149622832034,0.4547277628215299,0.730653659673493
/root/New_CheckLiuliang_remote/datasets/toniot/test/normal/test_00014711_orig60877_60878_60879.png,0,0.5400305766274486,0.4610076334841591,0.7298060466907227
/root/New_CheckLiuliang_remote/datasets/toniot/test/normal/test_00014712_orig60880_60881_60882.png,0,0.571079536775504,0.532385843480061,0.6522681480288464
/root/New_CheckLiuliang_remote/datasets/toniot/test/normal/test_00014713_orig60883_60884_60885.png,0,0.5897192582865007,0.49396914874391556,0.7953435154995818
/root/New_CheckLiuliang_remote/datasets/toniot/test/normal/test_00014714_orig60886_60887_60888.png,0,0.6173754161328063,0.5610593039504574,0.718084581551555
/root/New_CheckLiuliang_remote/datasets/toniot/test/normal/test_00014715_orig60889_60890_60891.png,0,0.5532893103491406,0.43377721290013854,0.8313538748473596
/root/New_CheckLiuliang_remote/datasets/toniot/test/normal/test_00014716_orig60892_60893_60894.png,0,0.6480395717715571,0.5967945645045107,0.7226104061259002
/root/New_CheckLiuliang_remote/datasets/toniot/test/normal/test_00014717_orig60895_60896_60897.png,0,0.5311776334178053,0.4490648833426804,0.7322928178541814
/root/New_CheckLiuliang_remote/datasets/toniot/test/normal/test_00014718_orig60898_60899_60900.png,0,0.7117949735331147,0.6944994285704589,0.6774065791148051
/root/New_CheckLiuliang_remote/datasets/toniot/test/normal/test_00014719_orig60901_60902_60903.png,0,0.5589677768439436,0.44112816396761306,0.8304807015509064
/root/New_CheckLiuliang_remote/datasets/toniot/test/normal/test_00014720_orig60904_60905_60906.png,0,0.6506579235475618,0.6080524476444121,0.7038483113565024
/root/New_CheckLiuliang_remote/datasets/toniot/test/normal/test_00014721_orig60907_60908_60909.png,0,0.4898156371608776,0.38738375205642517,0.7576387547125111
/root/New_CheckLiuliang_remote/datasets/toniot/test/normal/test_00014722_orig60910_60911_60912.png,0,0.634931884736654,0.5780024655890815,0.7288814779248214
/root/New_CheckLiuliang_remote/datasets/toniot/test/normal/test_00014723_orig60913_60914_60915.png,0,0.5392064270493593,0.45988598559505456,0.7300605504592199
/root/New_CheckLiuliang_remote/datasets/toniot/test/normal/test_00014724_orig60916_60917_60918.png,0,0.5304907354682288,0.4477328204184035,0.7334317634445189
/root/New_CheckLiuliang_remote/datasets/toniot/test/normal/test_00014725_orig60919_60920_60921.png,0,0.5307068281099209,0.44848149068871046,0.7323043612216511
/root/New_CheckLiuliang_remote/datasets/toniot/test/normal/test_00014726_orig60922_60923_60924.png,0,0.5291640293540993,0.4466026880520743,0.7322653336459204
/root/New_CheckLiuliang_remote/datasets/toniot/test/normal/test_00014727_orig60925_60926_60927.png,0,0.5334234885482413,0.45212845837897275,0.7315829007547988
/root/New_CheckLiuliang_remote/datasets/toniot/test/normal/test_00014728_orig60928_60929_60930.png,0,0.6663643510461772,0.5967837043736631,0.7751692821097318
/root/New_CheckLiuliang_remote/datasets/toniot/test/normal/test_00014729_orig60931_60932_60933.png,0,0.23413777251667903,0.09782551333208328,0.7002965271229283
/root/New_CheckLiuliang_remote/datasets/toniot/test/normal/test_00014730_orig60934_60935_60936.png,0,0.6225850316330745,0.5352009930232143,0.7933555827160609
/root/New_CheckLiuliang_remote/datasets/toniot/test/normal/test_00014731_orig60937_60938_60939.png,0,0.6409737276784626,0.7354774172911949,0.3787606985716182
/root/New_CheckLiuliang_remote/datasets/toniot/test/normal/test_00014732_orig60940_60941_60942.png,0,0.5790995664365628,0.5235881193562318,0.6957880175997876
/root/New_CheckLiuliang_remote/datasets/toniot/test/normal/test_00014733_orig60943_60944_60945.png,0,0.5366879964178528,0.4565142543459613,0.73070807840585
/root/New_CheckLiuliang_remote/datasets/toniot/test/normal/test_00014734_orig60946_60947_60948.png,0,0.5321019461157948,0.45020146391170035,0.7322906191175206
/root/New_CheckLiuliang_remote/datasets/toniot/test/normal/test_00014735_orig60949_60950_60951.png,0,0.5292078443233124,0.446113982163932,0.7335312562784239
/root/New_CheckLiuliang_remote/datasets/toniot/test/normal/test_00014736_orig60952_60953_60954.png,0,0.5334178169179499,0.45219463730132536,0.7314122238214977
/root/New_CheckLiuliang_remote/datasets/toniot/test/normal/test_00014737_orig60955_60956_60957.png,0,0.531795945743892,0.44966083302294285,0.7326748483490099
/root/New_CheckLiuliang_remote/datasets/toniot/test/normal/test_00014738_orig60958_60959_60960.png,0,0.5326542311287199,0.45108520705942445,0.7318118442096133
/root/New_CheckLiuliang_remote/datasets/toniot/test/normal/test_00014739_orig60961_60962_60963.png,0,0.5209280230638952,0.43503970311117296,0.735634622736641
/root/New_CheckLiuliang_remote/datasets/toniot/test/normal/test_00014740_orig60964_60965_60966.png,0,0.5345195621113585,0.4536033998997135,0.7312835977268362
/root/New_CheckLiuliang_remote/datasets/toniot/test/normal/test_00014741_orig60967_60968_60969.png,0,0.5313029301305393,0.4489593364460052,0.7328982949621721
/root/New_CheckLiuliang_remote/datasets/toniot/test/normal/test_00014742_orig60970_60971_60972.png,0,0.5275304184634464,0.4441530497877608,0.7332979153502877
/root/New_CheckLiuliang_remote/datasets/toniot/test/normal/test_00014743_orig60973_60974_60975.png,0,0.521048035940556,0.4351116514780384,0.7358107965115943
/root/New_CheckLiuliang_remote/datasets/toniot/test/normal/test_00014744_orig60976_60977_60978.png,0,0.5328659047060638,0.45114833156997614,0.7322713801717379
/root/New_CheckLiuliang_remote/datasets/toniot/test/normal/test_00014745_orig60979_60980_60981.png,0,0.5345216694605638,0.45346629074776246,0.731609560436812
/root/New_CheckLiuliang_remote/datasets/toniot/test/normal/test_00014746_orig60982_60983_60984.png,0,0.5282301578949724,0.4450194846019465,0.7332822493515788
/root/New_CheckLiuliang_remote/datasets/toniot/test/normal/test_00014747_orig60985_60986_60987.png,0,0.5311760193349535,0.44903298170831557,0.7323626277431645
/root/New_CheckLiuliang_remote/datasets/toniot/test/normal/test_00014748_orig60988_60989_60990.png,0,0.5313955401514047,0.4493194176594212,0.7323236001674338
/root/New_CheckLiuliang_remote/datasets/toniot/test/normal/test_00014749_orig60991_60992_60993.png,0,0.5278359174720618,0.44410282168259063,0.7342909197947589
/root/New_CheckLiuliang_remote/datasets/toniot/test/normal/test_00014750_orig60994_60995_60996.png,0,0.531011466753692,0.4486912269657049,0.7326883156110577
/root/New_CheckLiuliang_remote/datasets/toniot/test/normal/test_00014751_orig60997_60998_60999.png,0,0.5344028559853845,0.45343574662975356,0.7313402151958538
/root/New_CheckLiuliang_remote/datasets/toniot/test/normal/test_00014752_orig61000_61001_61002.png,0,0.5341869217713343,0.4531852848620806,0.7313055850934449
/root/New_CheckLiuliang_remote/datasets/toniot/test/normal/test_00014753_orig61003_61004_61005.png,0,0.53103466376982,0.4488456444511943,0.7323945094247473
/root/New_CheckLiuliang_remote/datasets/toniot/test/normal/test_00014754_orig61006_61007_61008.png,0,0.5362534609371192,0.455887081789512,0.7309257533352774
/root/New_CheckLiuliang_remote/datasets/toniot/test/normal/test_00014755_orig61009_61010_61011.png,0,0.5331957782048719,0.4517917943226969,0.7317156494806997
/root/New_CheckLiuliang_remote/datasets/toniot/test/normal/test_00014756_orig61012_61013_61014.png,0,0.5308313304819918,0.44874824265265484,0.7320388637698494
/root/New_CheckLiuliang_remote/datasets/toniot/test/normal/test_00014757_orig61015_61016_61017.png,0,0.528647970935339,0.44541927316877405,0.7335471971192152
/root/New_CheckLiuliang_remote/datasets/toniot/test/normal/test_00014758_orig61018_61019_61020.png,0,0.5272074815507118,0.44370574814847497,0.7334158226037275
/root/New_CheckLiuliang_remote/datasets/toniot/test/normal/test_00014759_orig61021_61022_61023.png,0,0.5323746427300132,0.4507689057484879,0.7317483556885302
/root/New_CheckLiuliang_remote/datasets/toniot/test/normal/test_00014760_orig61024_61025_61026.png,0,0.48890256447081154,0.3782653146935025,0.7762975088588474
/root/New_CheckLiuliang_remote/datasets/toniot/test/normal/test_00014761_orig61027_61028_61029.png,0,0.519893482498756,0.43336520668610745,0.7365759568695817
/root/New_CheckLiuliang_remote/datasets/toniot/test/normal/test_00014762_orig61030_61031_61032.png,0,0.5286936282812472,0.44579292954574956,0.7328062228644976
/root/New_CheckLiuliang_remote/datasets/toniot/test/normal/test_00014763_orig61033_61034_61035.png,0,0.5044589829594166,0.3928280714019665,0.7869149333521692
/root/New_CheckLiuliang_remote/datasets/toniot/test/normal/test_00014764_orig61036_61037_61038.png,0,0.5357689911919141,0.45555381152412605,0.7303145045435518
/root/New_CheckLiuliang_remote/datasets/toniot/test/normal/test_00014765_orig61039_61040_61041.png,0,0.5283428178406105,0.4454277576459988,0.7326525861403185
/root/New_CheckLiuliang_remote/datasets/toniot/test/normal/test_00014766_orig61042_61043_61044.png,0,0.5265344463079489,0.4426920228096686,0.7338517221467475
/root/New_CheckLiuliang_remote/datasets/toniot/test/normal/test_00014767_orig61045_61046_61047.png,0,0.6612943521231829,0.5876846116188128,0.7818658094525338
/root/New_CheckLiuliang_remote/datasets/toniot/test/normal/test_00014768_orig61048_61049_61050.png,0,0.5297453589166408,0.4468036004727551,0.7334630954419364
/root/New_CheckLiuliang_remote/datasets/toniot/test/normal/test_00014769_orig61051_61052_61053.png,0,0.5311029475122095,0.44900209821121767,0.7322252067018593
/root/New_CheckLiuliang_remote/datasets/toniot/test/normal/test_00014770_orig61054_61055_61056.png,0,0.7399901023979883,0.7166262664142817,0.7066071761817454
/root/New_CheckLiuliang_remote/datasets/toniot/test/normal/test_00014771_orig61057_61058_61059.png,0,0.5988676786215161,0.5203596060826914,0.7599925023079864
/root/New_CheckLiuliang_remote/datasets/toniot/test/normal/test_00014772_orig61060_61061_61062.png,0,0.627375117693859,0.5745207755151562,0.7153416575671033
/root/New_CheckLiuliang_remote/datasets/toniot/test/normal/test_00014773_orig61063_61064_61065.png,0,0.6223760013462423,0.5701156349400953,0.7112888362169306
/root/New_CheckLiuliang_remote/datasets/toniot/test/normal/test_00014774_orig61066_61067_61068.png,0,0.6453407311680953,0.5881872320496037,0.7349571370030065
/root/New_CheckLiuliang_remote/datasets/toniot/test/normal/test_00014775_orig61069_61070_61071.png,0,0.5374946158093279,0.45755546939097574,0.7305909956786579
/root/New_CheckLiuliang_remote/datasets/toniot/test/normal/test_00014776_orig61072_61073_61074.png,0,0.5338838346153605,0.4527949989097447,0.7313473610900018
/root/New_CheckLiuliang_remote/datasets/toniot/test/normal/test_00014777_orig61075_61076_61077.png,0,0.5326089977548133,0.4510475359805468,0.7317700682130565
/root/New_CheckLiuliang_remote/datasets/toniot/test/normal/test_00014778_orig61078_61079_61080.png,0,0.5256657587908071,0.44172343488969756,0.73362140448152
/root/New_CheckLiuliang_remote/datasets/toniot/test/normal/test_00014779_orig61081_61082_61083.png,0,0.5357122984989907,0.4550518698515132,0.731323174986732
/root/New_CheckLiuliang_remote/datasets/toniot/test/normal/test_00014780_orig61084_61085_61086.png,0,0.5316875673466321,0.44973074511527433,0.7322010205985896
/root/New_CheckLiuliang_remote/datasets/toniot/test/normal/test_00014781_orig61087_61088_61089.png,0,0.5324196383674773,0.4507736570557337,0.7318662629419701
/root/New_CheckLiuliang_remote/datasets/toniot/test/normal/test_00014782_orig61090_61091_61092.png,0,0.5325399996473905,0.45092094758035434,0.7318676371523831
/root/New_CheckLiuliang_remote/datasets/toniot/test/normal/test_00014783_orig61093_61094_61095.png,0,0.5314307460355675,0.4495016642302076,0.7319992865099535
/root/New_CheckLiuliang_remote/datasets/toniot/test/normal/test_00014784_orig61096_61097_61098.png,0,0.5287941090752278,0.4457841056894359,0.7331148705232691
/root/New_CheckLiuliang_remote/datasets/toniot/test/normal/test_00014785_orig61099_61100_61101.png,0,0.5209255681302342,0.43408129656387157,0.7378638668686939
/root/New_CheckLiuliang_remote/datasets/toniot/test/normal/test_00014786_orig61102_61103_61104.png,0,0.5604645458404683,0.4929774830458934,0.7137898991686852
/root/New_CheckLiuliang_remote/datasets/toniot/test/normal/test_00014787_orig61105_61106_61107.png,0,0.34028632593477226,0.22274875002439287,0.7131159863821245
/root/New_CheckLiuliang_remote/datasets/toniot/test/normal/test_00014788_orig61108_61109_61110.png,0,0.19829276225690323,0.2134869249963729,0.3276593101518695
/root/New_CheckLiuliang_remote/datasets/toniot/test/normal/test_00014789_orig61111_61112_61113.png,0,0.5733368566346713,0.517490834643478,0.693494460420404
/root/New_CheckLiuliang_remote/datasets/toniot/test/normal/test_00014790_orig61114_61115_61116.png,0,0.5765445634410761,0.49892035027315773,0.7460214547226527
/root/New_CheckLiuliang_remote/datasets/toniot/test/normal/test_00014791_orig61117_61118_61119.png,0,0.6627128929495001,0.6228171349108239,0.7039565991370508
/root/New_CheckLiuliang_remote/datasets/toniot/test/normal/test_00014792_orig61120_61121_61122.png,0,0.5245579063740651,0.4400995059488912,0.7342345771678238
/root/New_CheckLiuliang_remote/datasets/toniot/test/normal/test_00014793_orig61123_61124_61125.png,0,0.5228084145862297,0.4377262279795999,0.7347567771247835
/root/New_CheckLiuliang_remote/datasets/toniot/test/normal/test_00014794_orig61126_61127_61128.png,0,0.5275221417467383,0.44389681857557506,0.7338720604608607
/root/New_CheckLiuliang_remote/datasets/toniot/test/normal/test_00014795_orig61129_61130_61131.png,0,0.5208766258470807,0.4341627475452286,0.7375335066853962
/root/New_CheckLiuliang_remote/datasets/toniot/test/normal/test_00014796_orig61132_61133_61134.png,0,0.5323980889826584,0.45009863204773704,0.733379543448823
/root/New_CheckLiuliang_remote/datasets/toniot/test/normal/test_00014797_orig61135_61136_61137.png,0,0.5199522096964408,0.4335321811978894,0.7363547089930803
/root/New_CheckLiuliang_remote/datasets/toniot/test/normal/test_00014798_orig61138_61139_61140.png,0,0.4927039064730809,0.38356675544258,0.7748251798223036
/root/New_CheckLiuliang_remote/datasets/toniot/test/normal/test_00014799_orig61141_61142_61143.png,0,0.5244463704960995,0.43941769335911485,0.7355057217998968
/root/New_CheckLiuliang_remote/datasets/toniot/test/normal/test_00014800_orig61144_61145_61146.png,0,0.520414898829723,0.43386884525416525,0.7368955982116575
/root/New_CheckLiuliang_remote/datasets/toniot/test/normal/test_00014801_orig61147_61148_61149.png,0,0.5212822047867841,0.4346585803942397,0.737539278369131
/root/New_CheckLiuliang_remote/datasets/toniot/test/normal/test_00014802_orig61150_61151_61152.png,0,0.5287118090821341,0.4457596703950288,0.7329359483274898
/root/New_CheckLiuliang_remote/datasets/toniot/test/normal/test_00014803_orig61153_61154_61155.png,0,0.524329585118313,0.43928669303076556,0.7354765885391401
/root/New_CheckLiuliang_remote/datasets/toniot/test/normal/test_00014804_orig61156_61157_61158.png,0,0.5256179330692389,0.44146584616115586,0.7340853379169664
/root/New_CheckLiuliang_remote/datasets/toniot/test/normal/test_00014805_orig61159_61160_61161.png,0,0.5286976612529477,0.445558418595259,0.7333649768184446
/root/New_CheckLiuliang_remote/datasets/toniot/test/normal/test_00014806_orig61162_61163_61164.png,0,0.5255633206794118,0.44043040056065424,0.7363448146781063
/root/New_CheckLiuliang_remote/datasets/toniot/test/normal/test_00014807_orig61165_61166_61167.png,0,0.5207779547951144,0.43385187629971583,0.737976002438399
/root/New_CheckLiuliang_remote/datasets/toniot/test/normal/test_00014808_orig61168_61169_61170.png,0,0.5278346308427989,0.4441411715196462,0.734197748328754
/root/New_CheckLiuliang_remote/datasets/toniot/test/normal/test_00014809_orig61171_61172_61173.png,0,0.5198311093167982,0.4327611119077093,0.7378066997155109
/root/New_CheckLiuliang_remote/datasets/toniot/test/normal/test_00014810_orig61174_61175_61176.png,0,0.5210625366748545,0.43407077581211295,0.7382810771500965
/root/New_CheckLiuliang_remote/datasets/toniot/test/normal/test_00014811_orig61177_61178_61179.png,0,0.5232042339299539,0.43766140657360325,0.7360427632293175
/root/New_CheckLiuliang_remote/datasets/toniot/test/normal/test_00014812_orig61180_61181_61182.png,0,0.5227475799373705,0.4367505130987602,0.7368590442146704
/root/New_CheckLiuliang_remote/datasets/toniot/test/normal/test_00014813_orig61183_61184_61185.png,0,0.521959312017312,0.43486797729214516,0.738991818775727
/root/New_CheckLiuliang_remote/datasets/toniot/test/normal/test_00014814_orig61186_61187_61188.png,0,0.5242159171824319,0.43960570937441407,0.7344063534694553
/root/New_CheckLiuliang_remote/datasets/toniot/test/normal/test_00014815_orig61189_61190_61191.png,0,0.5303462644046903,0.44789266796931676,0.7326446157199227
/root/New_CheckLiuliang_remote/datasets/toniot/test/normal/test_00014816_orig61192_61193_61194.png,0,0.5246088802027337,0.43967460332947855,0.7353721485477481
/root/New_CheckLiuliang_remote/datasets/toniot/test/normal/test_00014817_orig61195_61196_61197.png,0,0.5195460909232503,0.43233519115102964,0.7379834231746294
/root/New_CheckLiuliang_remote/datasets/toniot/test/normal/test_00014818_orig61198_61199_61200.png,0,0.5207180441478847,0.4335572952504745,0.738491606185376
/root/New_CheckLiuliang_remote/datasets/toniot/test/normal/test_00014819_orig61201_61202_61203.png,0,0.5246691117182303,0.4398996116654774,0.7350198009978417
/root/New_CheckLiuliang_remote/datasets/toniot/test/normal/test_00014820_orig61204_61205_61206.png,0,0.526422351552342,0.4423869210086686,0.7342422727461368
/root/New_CheckLiuliang_remote/datasets/toniot/test/normal/test_00014821_orig61207_61208_61209.png,0,0.520955069051593,0.4349708091561084,0.7358729108222642
/root/New_CheckLiuliang_remote/datasets/toniot/test/normal/test_00014822_orig61210_61211_61212.png,0,0.5284751914366816,0.4453598818282012,0.733190452095987
/root/New_CheckLiuliang_remote/datasets/toniot/test/normal/test_00014823_orig61213_61214_61215.png,0,0.5040683774165751,0.39879265889092613,0.7718777733283898
/root/New_CheckLiuliang_remote/datasets/toniot/test/normal/test_00014824_orig61216_61217_61218.png,0,0.5234432056977489,0.43849967292340297,0.7347718934393271
/root/New_CheckLiuliang_remote/datasets/toniot/test/normal/test_00014825_orig61219_61220_61221.png,0,0.5217261789762342,0.43605885851540316,0.7355447493756275
/root/New_CheckLiuliang_remote/datasets/toniot/test/normal/test_00014826_orig61222_61223_61224.png,0,0.5287188943923248,0.44578851761759275,0.7328889503313634
/root/New_CheckLiuliang_remote/datasets/toniot/test/normal/test_00014827_orig61225_61226_61227.png,0,0.5202065468372883,0.4334666810337148,0.737236677236177
/root/New_CheckLiuliang_remote/datasets/toniot/test/normal/test_00014828_orig61228_61229_61230.png,0,0.5212238391439994,0.43498947500600277,0.7365998681307687
/root/New_CheckLiuliang_remote/datasets/toniot/test/normal/test_00014829_orig61231_61232_61233.png,0,0.5221591191263423,0.43605919789449216,0.7367851116944482
/root/New_CheckLiuliang_remote/datasets/toniot/test/normal/test_00014830_orig61234_61235_61236.png,0,0.6914166783816256,0.6358893386604537,0.7557428940266646
/root/New_CheckLiuliang_remote/datasets/toniot/test/normal/test_00014831_orig61237_61238_61239.png,0,0.6532536231155457,0.642388787593658,0.6311715446097559
/root/New_CheckLiuliang_remote/datasets/toniot/test/normal/test_00014832_orig61240_61241_61242.png,0,0.5481584245914841,0.4428267563079967,0.7955290339053438
/root/New_CheckLiuliang_remote/datasets/toniot/test/normal/test_00014833_orig61243_61244_61245.png,0,0.5229052356984255,0.4375378725852117,0.7354738401183141
/root/New_CheckLiuliang_remote/datasets/toniot/test/normal/test_00014834_orig61246_61247_61248.png,0,0.5249671430520523,0.4399776688559446,0.7356920647319066
/root/New_CheckLiuliang_remote/datasets/toniot/test/normal/test_00014835_orig61249_61250_61251.png,0,0.5304345256403022,0.44821949003201195,0.732135058498763
/root/New_CheckLiuliang_remote/datasets/toniot/test/normal/test_00014836_orig61252_61253_61254.png,0,0.66794311950324,0.6704781766519065,0.6077415319093032
/root/New_CheckLiuliang_remote/datasets/toniot/test/normal/test_00014837_orig61255_61256_61257.png,0,0.6326833433694693,0.5752304171902296,0.7289034652914301
/root/New_CheckLiuliang_remote/datasets/toniot/test/normal/test_00014838_orig61258_61259_61260.png,0,0.5336718586490438,0.45254657341660565,0.7313193271975754
/root/New_CheckLiuliang_remote/datasets/toniot/test/normal/test_00014839_orig61261_61262_61263.png,0,0.5360513543888095,0.45574454257213715,0.7306789451450932
/root/New_CheckLiuliang_remote/datasets/toniot/test/normal/test_00014840_orig61264_61265_61266.png,0,0.5357904363932755,0.4553803888096533,0.7307806367156591
/root/New_CheckLiuliang_remote/datasets/toniot/test/normal/test_00014841_orig61267_61268_61269.png,0,0.5240341557906958,0.43871959057306703,0.7359528898683039
/root/New_CheckLiuliang_remote/datasets/toniot/test/normal/test_00014842_orig61270_61271_61272.png,0,0.5320210049295779,0.4502136815589039,0.7320300688232059
/root/New_CheckLiuliang_remote/datasets/toniot/test/normal/test_00014843_orig61273_61274_61275.png,0,0.5244458827353454,0.4392836386189647,0.7358171178794944
/root/New_CheckLiuliang_remote/datasets/toniot/test/normal/test_00014844_orig61276_61277_61278.png,0,0.5270261793689994,0.44359748621908784,0.7331486760994301
/root/New_CheckLiuliang_remote/datasets/toniot/test/normal/test_00014845_orig61279_61280_61281.png,0,0.530641571012568,0.44829483218976723,0.7325528184643308
/root/New_CheckLiuliang_remote/datasets/toniot/test/normal/test_00014846_orig61282_61283_61284.png,0,0.5242793500904556,0.4391580683560392,0.7356326988420628
/root/New_CheckLiuliang_remote/datasets/toniot/test/normal/test_00014847_orig61285_61286_61287.png,0,0.5258665359847404,0.4412540736096275,0.7352921695017085
/root/New_CheckLiuliang_remote/datasets/toniot/test/normal/test_00014848_orig61288_61289_61290.png,0,0.5240038552200235,0.43873689890660544,0.7358256379840553
/root/New_CheckLiuliang_remote/datasets/toniot/test/normal/test_00014849_orig61291_61292_61293.png,0,0.5232007443348428,0.437639686311908,0.7360834398575439
/root/New_CheckLiuliang_remote/datasets/toniot/test/normal/test_00014850_orig61294_61295_61296.png,0,0.520164926267109,0.43336418854884046,0.7373565083841952
/root/New_CheckLiuliang_remote/datasets/toniot/test/normal/test_00014851_orig61297_61298_61299.png,0,0.5252750471950167,0.4403472526838523,0.7357124030460198
/root/New_CheckLiuliang_remote/datasets/toniot/test/normal/test_00014852_orig61300_61301_61302.png,0,0.5278860449513121,0.4447147221800355,0.7330068575848032
/root/New_CheckLiuliang_remote/datasets/toniot/test/normal/test_00014853_orig61303_61304_61305.png,0,0.5348309765641572,0.4540540953298892,0.7311247390030873
/root/New_CheckLiuliang_remote/datasets/toniot/test/normal/test_00014854_orig61306_61307_61308.png,0,0.5233362510518247,0.4382756827246711,0.7349879193162588
/root/New_CheckLiuliang_remote/datasets/toniot/test/normal/test_00014855_orig61309_61310_61311.png,0,0.5351290570494579,0.4544050133079025,0.7311604684738267
/root/New_CheckLiuliang_remote/datasets/toniot/test/normal/test_00014856_orig61312_61313_61314.png,0,0.5318292736074346,0.449879053777162,0.7322612110146812
/root/New_CheckLiuliang_remote/datasets/toniot/test/normal/test_00014857_orig61315_61316_61317.png,0,0.5209339647663922,0.435011195267698,0.7357181747297546
/root/New_CheckLiuliang_remote/datasets/toniot/test/normal/test_00014858_orig61318_61319_61320.png,0,0.5238912871509775,0.43925173698459985,0.7343016386359807
/root/New_CheckLiuliang_remote/datasets/toniot/test/normal/test_00014859_orig61321_61322_61323.png,0,0.5251227152518467,0.44011274173336173,0.7358228895632292
/root/New_CheckLiuliang_remote/datasets/toniot/test/normal/test_00014860_orig61324_61325_61326.png,0,0.5224947617706043,0.436256377145194,0.7372872481793773
/root/New_CheckLiuliang_remote/datasets/toniot/test/normal/test_00014861_orig61327_61328_61329.png,0,0.5216800746701802,0.43526131765628195,0.7372735060752468
/root/New_CheckLiuliang_remote/datasets/toniot/test/normal/test_00014862_orig61330_61331_61332.png,0,0.5242862127713588,0.43857060315300145,0.7370231249379887
/root/New_CheckLiuliang_remote/datasets/toniot/test/normal/test_00014863_orig61333_61334_61335.png,0,0.5240532667276493,0.43947301215061985,0.7342496934823673
/root/New_CheckLiuliang_remote/datasets/toniot/test/normal/test_00014864_orig61336_61337_61338.png,0,0.5218947496499918,0.43503495180392715,0.7384171239809886
/root/New_CheckLiuliang_remote/datasets/toniot/test/normal/test_00014865_orig61339_61340_61341.png,0,0.5288250488170854,0.4460820805295671,0.732508294046948
/root/New_CheckLiuliang_remote/datasets/toniot/test/normal/test_00014866_orig61342_61343_61344.png,0,0.5240090033246706,0.4386320307681082,0.7360850889100395
/root/New_CheckLiuliang_remote/datasets/toniot/test/normal/test_00014867_orig61345_61346_61347.png,0,0.5215223363301545,0.4355565774637013,0.7361323617482485
/root/New_CheckLiuliang_remote/datasets/toniot/test/normal/test_00014868_orig61348_61349_61350.png,0,0.5225437574221579,0.43727349627489026,0.7350544311002506
/root/New_CheckLiuliang_remote/datasets/toniot/test/normal/test_00014869_orig61351_61352_61353.png,0,0.5322989277445499,0.4507682269903099,0.7315328794957637
/root/New_CheckLiuliang_remote/datasets/toniot/test/normal/test_00014870_orig61354_61355_61356.png,0,0.5216364796819325,0.43573203645270797,0.736050183965548
/root/New_CheckLiuliang_remote/datasets/toniot/test/normal/test_00014871_orig61357_61358_61359.png,0,0.5304313594408153,0.4479595256498473,0.7327325651863581
/root/New_CheckLiuliang_remote/datasets/toniot/test/normal/test_00014872_orig61360_61361_61362.png,0,0.5260237256775178,0.4414638098866219,0.7352534167680604
/root/New_CheckLiuliang_remote/datasets/toniot/test/normal/test_00014873_orig61363_61364_61365.png,0,0.5209677947930225,0.43494298007081145,0.7359743275507475
/root/New_CheckLiuliang_remote/datasets/toniot/test/normal/test_00014874_orig61366_61367_61368.png,0,0.5269589204135722,0.44312473114812795,0.7340589530770357
/root/New_CheckLiuliang_remote/datasets/toniot/test/normal/test_00014875_orig61369_61370_61371.png,0,0.5221384568035607,0.43643217551328967,0.7358555957710599
/root/New_CheckLiuliang_remote/datasets/toniot/test/normal/test_00014876_orig61372_61373_61374.png,0,0.5226997044614716,0.43732881506639526,0.7353724233898308
/root/New_CheckLiuliang_remote/datasets/toniot/test/normal/test_00014877_orig61375_61376_61377.png,0,0.5205244114490656,0.4342251932976024,0.7363780705701022
/root/New_CheckLiuliang_remote/datasets/toniot/test/normal/test_00014878_orig61378_61379_61380.png,0,0.5251410608877446,0.4403431801347844,0.7353377932874219
/root/New_CheckLiuliang_remote/datasets/toniot/test/normal/test_00014879_orig61381_61382_61383.png,0,0.5207560500348136,0.4341590143752498,0.737196550292116
/root/New_CheckLiuliang_remote/datasets/toniot/test/normal/test_00014880_orig61384_61385_61386.png,0,0.5217235816498418,0.43560476929433756,0.73659684486786
/root/New_CheckLiuliang_remote/datasets/toniot/test/normal/test_00014881_orig61387_61388_61389.png,0,0.5275727399550829,0.444286086390644,0.7331088239974517
/root/New_CheckLiuliang_remote/datasets/toniot/test/normal/test_00014882_orig61390_61391_61392.png,0,0.5281075889054208,0.4445236517529354,0.7340878114957099
/root/New_CheckLiuliang_remote/datasets/toniot/test/normal/test_00014883_orig61393_61394_61395.png,0,0.5210537779259258,0.4351262447788648,0.7357932066183073
/root/New_CheckLiuliang_remote/datasets/toniot/test/normal/test_00014884_orig61396_61397_61398.png,0,0.5227679664284111,0.43684010917825294,0.7367084307533999
/root/New_CheckLiuliang_remote/datasets/toniot/test/normal/test_00014885_orig61399_61400_61401.png,0,0.621512654750844,0.5266930986413807,0.8101330428069292
/root/New_CheckLiuliang_remote/datasets/toniot/test/normal/test_00014886_orig61402_61403_61404.png,0,0.7073240062957021,0.6410957532646148,0.789197771690331
/root/New_CheckLiuliang_remote/datasets/toniot/test/normal/test_00014887_orig61405_61406_61407.png,0,0.6197377127815761,0.5728225225538616,0.6974093110451063
/root/New_CheckLiuliang_remote/datasets/toniot/test/normal/test_00014888_orig61408_61409_61410.png,0,0.5206793896281762,0.43358071240761464,0.7383261512516446
/root/New_CheckLiuliang_remote/datasets/toniot/test/normal/test_00014889_orig61411_61412_61413.png,0,0.5216510696634968,0.43483709379504726,0.7381802101057785
/root/New_CheckLiuliang_remote/datasets/toniot/test/normal/test_00014890_orig61414_61415_61416.png,0,0.5563180370862221,0.43706104496518394,0.832374363500092
/root/New_CheckLiuliang_remote/datasets/toniot/test/normal/test_00014891_orig61417_61418_61419.png,0,0.6219065700481121,0.6196500492523903,0.5943627690119949
/root/New_CheckLiuliang_remote/datasets/toniot/test/normal/test_00014892_orig61420_61421_61422.png,0,0.6772847902636664,0.6528515055280611,0.6756511627331726
/root/New_CheckLiuliang_remote/datasets/toniot/test/normal/test_00014893_orig61423_61424_61425.png,0,0.6259952825560768,0.5672845345797596,0.7282705039751785
/root/New_CheckLiuliang_remote/datasets/toniot/test/normal/test_00014894_orig61426_61427_61428.png,0,0.5200969690385466,0.43349518887718974,0.7368560209517616
/root/New_CheckLiuliang_remote/datasets/toniot/test/normal/test_00014895_orig61429_61430_61431.png,0,0.5578521448758545,0.4388702748885776,0.8325508121171278
/root/New_CheckLiuliang_remote/datasets/toniot/test/normal/test_00014896_orig61432_61433_61434.png,0,0.5210445569627458,0.43402088708603176,0.7383459398815926
/root/New_CheckLiuliang_remote/datasets/toniot/test/normal/test_00014897_orig61435_61436_61437.png,0,0.5260120225326034,0.44223555793498004,0.7334191207087188
/root/New_CheckLiuliang_remote/datasets/toniot/test/normal/test_00014898_orig61438_61439_61440.png,0,0.5212935904805527,0.43565940932766456,0.7352366514010212
/root/New_CheckLiuliang_remote/datasets/toniot/test/normal/test_00014899_orig61441_61442_61443.png,0,0.5232602676007472,0.4381429855008769,0.7350797165718508
/root/New_CheckLiuliang_remote/datasets/toniot/test/normal/test_00014900_orig61444_61445_61446.png,0,0.5201811743143142,0.43396862270632763,0.7359927419702824
/root/New_CheckLiuliang_remote/datasets/toniot/test/normal/test_00014901_orig61447_61448_61449.png,0,0.5228945686056078,0.4371900090189993,0.7362549413170927
/root/New_CheckLiuliang_remote/datasets/toniot/test/normal/test_00014902_orig61450_61451_61452.png,0,0.5256783625743062,0.4409391298150469,0.7354875822224446
/root/New_CheckLiuliang_remote/datasets/toniot/test/normal/test_00014903_orig61453_61454_61455.png,0,0.524975964441017,0.4405091365092994,0.7344772627267687
/root/New_CheckLiuliang_remote/datasets/toniot/test/normal/test_00014904_orig61456_61457_61458.png,0,0.5219839676548859,0.43622481488991816,0.7358965472413688
/root/New_CheckLiuliang_remote/datasets/toniot/test/normal/test_00014905_orig61459_61460_61461.png,0,0.5248118387910037,0.44051185154201133,0.7340004117134398
/root/New_CheckLiuliang_remote/datasets/toniot/test/normal/test_00014906_orig61462_61463_61464.png,0,0.5213614573441349,0.43522534347284925,0.7364440326699286
/root/New_CheckLiuliang_remote/datasets/toniot/test/normal/test_00014907_orig61465_61466_61467.png,0,0.521104636071062,0.43471050539485484,0.7369090654737055
/root/New_CheckLiuliang_remote/datasets/toniot/test/normal/test_00014908_orig61468_61469_61470.png,0,0.5247996183688567,0.440493185692117,0.7340089318180006
/root/New_CheckLiuliang_remote/datasets/toniot/test/normal/test_00014909_orig61471_61472_61473.png,0,0.5202120172008491,0.4331093148530107,0.7380862141135257
/root/New_CheckLiuliang_remote/datasets/toniot/test/normal/test_00014910_orig61474_61475_61476.png,0,0.5215769852016992,0.43453063447769136,0.7386828962748728
/root/New_CheckLiuliang_remote/datasets/toniot/test/normal/test_00014911_orig61477_61478_61479.png,0,0.525490779126591,0.44109524419598123,0.7345855505073172
/root/New_CheckLiuliang_remote/datasets/toniot/test/normal/test_00014912_orig61480_61481_61482.png,0,0.5248821322084789,0.44039408699813254,0.7344767130426035
/root/New_CheckLiuliang_remote/datasets/toniot/test/normal/test_00014913_orig61483_61484_61485.png,0,0.5272986779486656,0.44354216742758285,0.7340589530770357
/root/New_CheckLiuliang_remote/datasets/toniot/test/normal/test_00014914_orig61486_61487_61488.png,0,0.5281537928031091,0.44473813933717565,0.7337197979470945
/root/New_CheckLiuliang_remote/datasets/toniot/test/normal/test_00014915_orig61489_61490_61491.png,0,0.5209805840882638,0.4347675210818048,0.7364203962508242
/root/New_CheckLiuliang_remote/datasets/toniot/test/normal/test_00014916_orig61492_61493_61494.png,0,0.5304871881998062,0.448161456207795,0.7324214439488431
/root/New_CheckLiuliang_remote/datasets/toniot/test/normal/test_00014917_orig61495_61496_61497.png,0,0.5200717691485993,0.43384339182249115,0.7359713042878389
/root/New_CheckLiuliang_remote/datasets/toniot/test/normal/test_00014918_orig61498_61499_61500.png,0,0.5285479441946985,0.44559744719049266,0.7328447007560631
/root/New_CheckLiuliang_remote/datasets/toniot/test/normal/test_00014919_orig61501_61502_61503.png,0,0.5234284514270381,0.4384508023345888,0.7348436272228884
/root/New_CheckLiuliang_remote/datasets/toniot/test/normal/test_00014920_orig61504_61505_61506.png,0,0.5204815125365159,0.43349213446538887,0.7379655584392598
/root/New_CheckLiuliang_remote/datasets/toniot/test/normal/test_00014921_orig61507_61508_61509.png,0,0.5211446573546203,0.43482351863148777,0.7367601010649306
/root/New_CheckLiuliang_remote/datasets/toniot/test/normal/test_00014922_orig61510_61511_61512.png,0,0.5227437033548316,0.4374004240541717,0.7353314719195219
/root/New_CheckLiuliang_remote/datasets/toniot/test/normal/test_00014923_orig61513_61514_61515.png,0,0.5270690945634062,0.4434756491261413,0.7335559920658588
/root/New_CheckLiuliang_remote/datasets/toniot/test/normal/test_00014924_orig61516_61517_61518.png,0,0.5215693157712981,0.43461921241991713,0.738454227662141
/root/New_CheckLiuliang_remote/datasets/toniot/test/normal/test_00014925_orig61519_61520_61521.png,0,0.5221450274848413,0.43630490835491925,0.7361713893239792
/root/New_CheckLiuliang_remote/datasets/toniot/test/normal/test_00014926_orig61522_61523_61524.png,0,0.5224042589279813,0.4370450941480015,0.735187454668234
/root/New_CheckLiuliang_remote/datasets/toniot/test/normal/test_00014927_orig61525_61526_61527.png,0,0.5248851182428658,0.4392249260365698,0.7372133156591552
/root/New_CheckLiuliang_remote/datasets/toniot/test/normal/test_00014928_orig61528_61529_61530.png,0,0.5231676327692023,0.43770077454792583,0.7358459762981685
/root/New_CheckLiuliang_remote/datasets/toniot/test/normal/test_00014929_orig61531_61532_61533.png,0,0.5226850420033752,0.43697144888569117,0.7361642434298313
/root/New_CheckLiuliang_remote/datasets/toniot/test/normal/test_00014930_orig61534_61535_61536.png,0,0.5198376608519553,0.4327658632149551,0.7378143952938241
/root/New_CheckLiuliang_remote/datasets/toniot/test/normal/test_00014931_orig61537_61538_61539.png,0,0.5223905332862527,0.43689983989791475,0.7354870325382793
/root/New_CheckLiuliang_remote/datasets/toniot/test/normal/test_00014932_orig61540_61541_61542.png,0,0.5207810909132631,0.43427847581457346,0.7369895942039103
/root/New_CheckLiuliang_remote/datasets/toniot/test/normal/test_00014933_orig61543_61544_61545.png,0,0.5286878655811543,0.44571894490435027,0.7329623331674203
/root/New_CheckLiuliang_remote/datasets/toniot/test/normal/test_00014934_orig61546_61547_61548.png,0,0.5201965420817524,0.4338963349603733,0.7362054697422229
/root/New_CheckLiuliang_remote/datasets/toniot/test/normal/test_00014935_orig61549_61550_61551.png,0,0.5249742427075889,0.4400146611766443,0.7356261026320802
/root/New_CheckLiuliang_remote/datasets/toniot/test/normal/test_00014936_orig61552_61553_61554.png,0,0.5208675951394331,0.43395470816367915,0.7379930426475207
/root/New_CheckLiuliang_remote/datasets/toniot/test/normal/test_00014937_orig61555_61556_61557.png,0,0.5287859686997878,0.4460067383718119,0.7325720574101136
/root/New_CheckLiuliang_remote/datasets/toniot/test/normal/test_00014938_orig61558_61559_61560.png,0,0.5306374162228982,0.4484329594789852,0.7322186104918766
/root/New_CheckLiuliang_remote/datasets/toniot/test/normal/test_00014939_orig61561_61562_61563.png,0,0.5293710879729924,0.44638616419330013,0.7333641522921968
/root/New_CheckLiuliang_remote/datasets/toniot/test/normal/test_00014940_orig61564_61565_61566.png,0,0.5227792883524232,0.43789999007316166,0.7342678330598197
/root/New_CheckLiuliang_remote/datasets/toniot/test/normal/test_00014941_orig61567_61568_61569.png,0,0.5223067292672755,0.4363344343356612,0.7365660625546077
/root/New_CheckLiuliang_remote/datasets/toniot/test/normal/test_00014942_orig61570_61571_61572.png,0,0.5250355595476258,0.4401958896101637,0.7353790195998134
/root/New_CheckLiuliang_remote/datasets/toniot/test/normal/test_00014943_orig61573_61574_61575.png,0,0.7019447675948843,0.6474234763787912,0.7590118657572326
/root/New_CheckLiuliang_remote/datasets/toniot/test/normal/test_00014944_orig61576_61577_61578.png,0,0.5957074488836014,0.5170119707489164,0.7587438947266875
/root/New_CheckLiuliang_remote/datasets/toniot/test/normal/test_00014945_orig61579_61580_61581.png,0,0.6192622191279749,0.5638547695064495,0.7169709214328177
/root/New_CheckLiuliang_remote/datasets/toniot/test/normal/test_00014946_orig61582_61583_61584.png,0,0.5263556267468499,0.44254405352686993,0.7336843433184378
/root/New_CheckLiuliang_remote/datasets/toniot/test/normal/test_00014947_orig61585_61586_61587.png,0,0.5946274807339332,0.5338740207852724,0.7163030551720745
/root/New_CheckLiuliang_remote/datasets/toniot/test/normal/test_00014948_orig61588_61589_61590.png,0,0.5398222148307507,0.4127387637946994,0.841836077036037
/root/New_CheckLiuliang_remote/datasets/toniot/test/normal/test_00014949_orig61591_61592_61593.png,0,0.52300479968594,0.4375392301015677,0.7357561029371549
/root/New_CheckLiuliang_remote/datasets/toniot/test/normal/test_00014950_orig61594_61595_61596.png,0,0.6484958851178699,0.6060854064446393,0.7022399354890664
/root/New_CheckLiuliang_remote/datasets/toniot/test/normal/test_00014951_orig61597_61598_61599.png,0,0.7079523345152472,0.689374464947655,0.6783487377739935
/root/New_CheckLiuliang_remote/datasets/toniot/test/normal/test_00014952_orig61600_61601_61602.png,0,0.6199050826802274,0.5666736522195817,0.7122364917177713
/root/New_CheckLiuliang_remote/datasets/toniot/test/normal/test_00014953_orig61603_61604_61605.png,0,0.5373940437296013,0.4573355517413117,0.7308158165022333
/root/New_CheckLiuliang_remote/datasets/toniot/test/normal/test_00014954_orig61606_61607_61608.png,0,0.5353639834177218,0.4547494830832251,0.7310301933266693
/root/New_CheckLiuliang_remote/datasets/toniot/test/normal/test_00014955_orig61609_61610_61611.png,0,0.5240945477923789,0.42567216149693327,0.7665700230290181
/root/New_CheckLiuliang_remote/datasets/toniot/test/normal/test_00014956_orig61612_61613_61614.png,0,0.5242506626438774,0.4395673595373584,0.7345954448222912
/root/New_CheckLiuliang_remote/datasets/toniot/test/normal/test_00014957_orig61615_61616_61617.png,0,0.526479557756461,0.4428878445440145,0.7332374500921133
/root/New_CheckLiuliang_remote/datasets/toniot/test/normal/test_00014958_orig61618_61619_61620.png,0,0.5197750236752413,0.43265828004374596,0.7378858542353027
/root/New_CheckLiuliang_remote/datasets/toniot/test/normal/test_00014959_orig61621_61622_61623.png,0,0.5276818593695873,0.44411979063704,0.7338096713081081
/root/New_CheckLiuliang_remote/datasets/toniot/test/normal/test_00014960_orig61624_61625_61626.png,0,0.5280398726834709,0.4440702412900478,0.7349516401613543
/root/New_CheckLiuliang_remote/datasets/toniot/test/normal/test_00014961_orig61627_61628_61629.png,0,0.5200288577132394,0.43309641844762914,0.7375912235227444
/root/New_CheckLiuliang_remote/datasets/toniot/test/normal/test_00014962_orig61630_61631_61632.png,0,0.5251590894783997,0.44100598749557746,0.733842927200104
/root/New_CheckLiuliang_remote/datasets/toniot/test/normal/test_00014963_orig61633_61634_61635.png,0,0.5249957516027234,0.440353700886543,0.7348966717448322
/root/New_CheckLiuliang_remote/datasets/toniot/test/normal/test_00014964_orig61636_61637_61638.png,0,0.5302415013195186,0.4478719658448885,0.732392585530169
/root/New_CheckLiuliang_remote/datasets/toniot/test/normal/test_00014965_orig61639_61640_61641.png,0,0.5263193156872017,0.44270050728689325,0.7332151878834219
/root/New_CheckLiuliang_remote/datasets/toniot/test/normal/test_00014966_orig61642_61643_61644.png,0,0.5264568839670598,0.4415948102149712,0.7361895289014314
/root/New_CheckLiuliang_remote/datasets/toniot/test/normal/test_00014967_orig61645_61646_61647.png,0,0.52215338047512,0.43665888074473347,0.7353694001269221
/root/New_CheckLiuliang_remote/datasets/toniot/test/normal/test_00014968_orig61648_61649_61650.png,0,0.5293653953550455,0.4467330096222456,0.7325385266760351
/root/New_CheckLiuliang_remote/datasets/toniot/test/normal/test_00014969_orig61651_61652_61653.png,0,0.5301875799196735,0.44791608512645686,0.732135058498763
/root/New_CheckLiuliang_remote/datasets/toniot/test/normal/test_00014970_orig61654_61655_61656.png,0,0.5266529807761964,0.44308807820651724,0.7332674078791178
/root/New_CheckLiuliang_remote/datasets/toniot/test/normal/test_00014971_orig61657_61658_61659.png,0,0.532301795003187,0.45059989496217195,0.7319338740942922
/root/New_CheckLiuliang_remote/datasets/toniot/test/normal/test_00014972_orig61660_61661_61662.png,0,0.5284371358144182,0.4454511748031389,0.7328683371751675
/root/New_CheckLiuliang_remote/datasets/toniot/test/normal/test_00014973_orig61663_61664_61665.png,0,0.5208698324415333,0.43438809526031646,0.7369882199934973
/root/New_CheckLiuliang_remote/datasets/toniot/test/normal/test_00014974_orig61666_61667_61668.png,0,0.5270102114084486,0.4430704304938899,0.7343326957913157
/root/New_CheckLiuliang_remote/datasets/toniot/test/normal/test_00014975_orig61669_61670_61671.png,0,0.5224254324885377,0.43664259054846205,0.7361873301647706
/root/New_CheckLiuliang_remote/datasets/toniot/test/normal/test_00014976_orig61672_61673_61674.png,0,0.5283191405508201,0.44534766418099764,0.7327715927620887
/root/New_CheckLiuliang_remote/datasets/toniot/test/normal/test_00014977_orig61675_61676_61677.png,0,0.4878381704440706,0.3844759520219782,0.7587546135679092
/root/New_CheckLiuliang_remote/datasets/toniot/test/normal/test_00014978_orig61678_61679_61680.png,0,0.5265829966629356,0.44276227428108905,0.7338269863593126
/root/New_CheckLiuliang_remote/datasets/toniot/test/normal/test_00014979_orig61681_61682_61683.png,0,0.5293238426885709,0.44630844638192196,0.7334100509199927
/root/New_CheckLiuliang_remote/datasets/toniot/test/normal/test_00014980_orig61684_61685_61686.png,0,0.5248993994540739,0.43989655725367655,0.7356871175744196
/root/New_CheckLiuliang_remote/datasets/toniot/test/normal/test_00014981_orig61687_61688_61689.png,0,0.5289368807266523,0.4450948267597018,0.7351324862517119
/root/New_CheckLiuliang_remote/datasets/toniot/test/normal/test_00014982_orig61690_61691_61692.png,0,0.5244428780177258,0.43881597423433955,0.7368997208428967
/root/New_CheckLiuliang_remote/datasets/toniot/test/normal/test_00014983_orig61693_61694_61695.png,0,0.5201355470307483,0.43357120979312297,0.7367892343256873
/root/New_CheckLiuliang_remote/datasets/toniot/test/normal/test_00014984_orig61696_61697_61698.png,0,0.5287775445096485,0.4450748033934515,0.7347224218644572
/root/New_CheckLiuliang_remote/datasets/toniot/test/normal/test_00014985_orig61699_61700_61701.png,0,0.5206736056295039,0.43441320931290156,0.7363670768867978
/root/New_CheckLiuliang_remote/datasets/toniot/test/normal/test_00014986_orig61702_61703_61704.png,0,0.5232784859320724,0.43843722717102923,0.734445381045186
/root/New_CheckLiuliang_remote/datasets/toniot/test/normal/test_00014987_orig61705_61706_61707.png,0,0.5320267724114529,0.4502903812330151,0.7318676371523831
/root/New_CheckLiuliang_remote/datasets/toniot/test/normal/test_00014988_orig61708_61709_61710.png,0,0.5315649470911381,0.44945075736685947,0.7325027972052958
/root/New_CheckLiuliang_remote/datasets/toniot/test/normal/test_00014989_orig61711_61712_61713.png,0,0.5271004963725642,0.44361411579444826,0.7333229259798052
/root/New_CheckLiuliang_remote/datasets/toniot/test/normal/test_00014990_orig61714_61715_61716.png,0,0.5339938808317842,0.4528011077333465,0.7316485880125427
/root/New_CheckLiuliang_remote/datasets/toniot/test/normal/test_00014991_orig61717_61718_61719.png,0,0.5225772444941471,0.4372555091831739,0.735192401825721
/root/New_CheckLiuliang_remote/datasets/toniot/test/normal/test_00014992_orig61720_61721_61722.png,0,0.4952736522813058,0.386557703353829,0.7752132568429495
/root/New_CheckLiuliang_remote/datasets/toniot/test/normal/test_00014993_orig61723_61724_61725.png,0,0.5274924528882491,0.44351298082592994,0.7346825697624787
/root/New_CheckLiuliang_remote/datasets/toniot/test/normal/test_00014994_orig61726_61727_61728.png,0,0.5109283677481147,0.4111667598545082,0.7626711132451072
/root/New_CheckLiuliang_remote/datasets/toniot/test/normal/test_00014995_orig61729_61730_61731.png,0,0.5840630865216161,0.4957522464774572,0.7749678228631783
/root/New_CheckLiuliang_remote/datasets/toniot/test/normal/test_00014996_orig61732_61733_61734.png,0,0.5273055787608851,0.43704984545524733,0.7492274876163029
/root/New_CheckLiuliang_remote/datasets/toniot/test/normal/test_00014997_orig61735_61736_61737.png,0,0.5298979342798049,0.4471423008035648,0.7331101982078647
/root/New_CheckLiuliang_remote/datasets/toniot/test/normal/test_00014998_orig61738_61739_61740.png,0,0.5336340426047542,0.45252213812219855,0.7312679317281273
/root/New_CheckLiuliang_remote/datasets/toniot/test/normal/test_00014999_orig61741_61742_61743.png,0,0.6406364140585874,0.5859510632322634,0.7266885129476731
/root/New_CheckLiuliang_remote/datasets/toniot/test/normal/test_00015000_orig61744_61745_61746.png,0,0.5952511606599605,0.4934668676922137,0.8123743799906169
/root/New_CheckLiuliang_remote/datasets/toniot/test/normal/test_00015001_orig61747_61748_61749.png,0,0.5953178504561242,0.5425322601035276,0.698079650884593
/root/New_CheckLiuliang_remote/datasets/toniot/test/normal/test_00015002_orig61750_61751_61752.png,0,0.6292466470586905,0.5613090869599524,0.7515342372156518
/root/New_CheckLiuliang_remote/datasets/toniot/test/normal/test_00015003_orig61753_61754_61755.png,0,0.5540950669493153,0.44990348907156913,0.7960358427056774
/root/New_CheckLiuliang_remote/datasets/toniot/test/normal/test_00015004_orig61756_61757_61758.png,0,0.5310894823601269,0.4490319635710486,0.7321169189213108
/root/New_CheckLiuliang_remote/datasets/toniot/test/normal/test_00015005_orig61759_61760_61761.png,0,0.6528633571154028,0.6105920213673074,0.7042451833237917
/root/New_CheckLiuliang_remote/datasets/toniot/test/normal/test_00015006_orig61762_61763_61764.png,0,0.6323531239187822,0.574914455258382,0.7286940356244811
/root/New_CheckLiuliang_remote/datasets/toniot/test/normal/test_00015007_orig61765_61766_61767.png,0,0.6402349108444007,0.6438908794415178,0.5903445777642311
/root/New_CheckLiuliang_remote/datasets/toniot/test/normal/test_00015008_orig61768_61769_61770.png,0,0.6049610413417351,0.5156354491639821,0.7884840068017919
/root/New_CheckLiuliang_remote/datasets/toniot/test/normal/test_00015009_orig61771_61772_61773.png,0,0.5333159236187722,0.4518369317415323,0.7319547620925707
/root/New_CheckLiuliang_remote/datasets/toniot/test/normal/test_00015010_orig61774_61775_61776.png,0,0.5364814714150368,0.45623766038843633,0.7307613977698764
/root/New_CheckLiuliang_remote/datasets/toniot/test/normal/test_00015011_orig61777_61778_61779.png,0,0.56461532403169,0.4469203468793669,0.8331560143830359
/root/New_CheckLiuliang_remote/datasets/toniot/test/normal/test_00015012_orig61780_61781_61782.png,0,0.5217483822644916,0.4358599823692563,0.7360724461742394
/root/New_CheckLiuliang_remote/datasets/toniot/test/normal/test_00015013_orig61783_61784_61785.png,0,0.5214446010073229,0.43552467582933646,0.7359839470236389
/root/New_CheckLiuliang_remote/datasets/toniot/test/normal/test_00015014_orig61786_61787_61788.png,0,0.5235972663085846,0.4384569111581905,0.7353133323420695
/root/New_CheckLiuliang_remote/datasets/toniot/test/normal/test_00015015_orig61789_61790_61791.png,0,0.5223850935498949,0.43641045525159444,0.7366133353928167
/root/New_CheckLiuliang_remote/datasets/toniot/test/normal/test_00015016_orig61792_61793_61794.png,0,0.523473373261301,0.4386177768463707,0.7345828020864912
/root/New_CheckLiuliang_remote/datasets/toniot/test/normal/test_00015017_orig61795_61796_61797.png,0,0.5362687922538418,0.45593018293381343,0.7308691358662597
/root/New_CheckLiuliang_remote/datasets/toniot/test/normal/test_00015018_orig61798_61799_61800.png,0,0.49996895076709724,0.38676234894448863,0.7881962471412988
/root/New_CheckLiuliang_remote/datasets/toniot/test/normal/test_00015019_orig61801_61802_61803.png,0,0.5238485582681139,0.43910512521815714,0.7345212374599864
/root/New_CheckLiuliang_remote/datasets/toniot/test/normal/test_00015020_orig61804_61805_61806.png,0,0.5255885139910272,0.4416026159340179,0.7336818697396943
/root/New_CheckLiuliang_remote/datasets/toniot/test/normal/test_00015021_orig61807_61808_61809.png,0,0.5253628309002677,0.44066830530203466,0.735214938876495
/root/New_CheckLiuliang_remote/datasets/toniot/test/normal/test_00015022_orig61810_61811_61812.png,0,0.5205205459157166,0.4339832160071541,0.7369316025244795
/root/New_CheckLiuliang_remote/datasets/toniot/test/normal/test_00015023_orig61813_61814_61815.png,0,0.5258672307147733,0.44160770662035276,0.7344690174642905
/root/New_CheckLiuliang_remote/datasets/toniot/test/normal/test_00015024_orig61816_61817_61818.png,0,0.5204856759119961,0.4338623970514745,0.7371135479831675
/root/New_CheckLiuliang_remote/datasets/toniot/test/normal/test_00015025_orig61819_61820_61821.png,0,0.48903279242543035,0.3785985849588885,0.7758932161553276
/root/New_CheckLiuliang_remote/datasets/toniot/test/normal/test_00015026_orig61822_61823_61824.png,0,0.5269178472399554,0.44336026023588543,0.7333916365004578
/root/New_CheckLiuliang_remote/datasets/toniot/test/normal/test_00015027_orig61825_61826_61827.png,0,0.5300256076521406,0.44752885358592187,0.7325742561467745
/root/New_CheckLiuliang_remote/datasets/toniot/test/normal/test_00015028_orig61828_61829_61830.png,0,0.5271297794844092,0.44360427380086764,0.7334298395499406
/root/New_CheckLiuliang_remote/datasets/toniot/test/normal/test_00015029_orig61831_61832_61833.png,0,0.5259711956552534,0.4414950327628088,0.7350299701548982
/root/New_CheckLiuliang_remote/datasets/toniot/test/normal/test_00015030_orig61834_61835_61836.png,0,0.5207882880079784,0.4345068779414622,0.7364772885619245
/root/New_CheckLiuliang_remote/datasets/toniot/test/normal/test_00015031_orig61837_61838_61839.png,0,0.5213256776271424,0.4348601715730984,0.7371935270292072
/root/New_CheckLiuliang_remote/datasets/toniot/test/normal/test_00015032_orig61840_61841_61842.png,0,0.529833110971954,0.44709987841744137,0.7330233481097599
/root/New_CheckLiuliang_remote/datasets/toniot/test/normal/test_00015033_orig61843_61844_61845.png,0,0.5211560627213809,0.43515509200142877,0.736019126810213
/root/New_CheckLiuliang_remote/datasets/toniot/test/normal/test_00015034_orig61846_61847_61848.png,0,0.5214894361026813,0.4355199245220906,0.736123566801605
/root/New_CheckLiuliang_remote/datasets/toniot/test/normal/test_00015035_orig61849_61850_61851.png,0,0.5218823924806736,0.4358776300818837,0.7364154490933372
/root/New_CheckLiuliang_remote/datasets/toniot/test/normal/test_00015036_orig61852_61853_61854.png,0,0.5221459782146661,0.4363480094992207,0.7360735455425699
/root/New_CheckLiuliang_remote/datasets/toniot/test/normal/test_00015037_orig61855_61856_61857.png,0,0.5274323582408891,0.44322959928662514,0.7351715138274426
/root/New_CheckLiuliang_remote/datasets/toniot/test/normal/test_00015038_orig61858_61859_61860.png,0,0.5283759868066302,0.44525637120605993,0.7331475767310998
/root/New_CheckLiuliang_remote/datasets/toniot/test/normal/test_00015039_orig61861_61862_61863.png,0,0.5318355133680076,0.4500674091715502,0.7318396032599569
/root/New_CheckLiuliang_remote/datasets/toniot/test/normal/test_00015040_orig61864_61865_61866.png,0,0.5245437670477158,0.43931791590695246,0.7360177525998
/root/New_CheckLiuliang_remote/datasets/toniot/test/normal/test_00015041_orig61867_61868_61869.png,0,0.524763764143842,0.4404531389596164,0.7339995871871919
/root/New_CheckLiuliang_remote/datasets/toniot/test/normal/test_00015042_orig61870_61871_61872.png,0,0.5287248108142613,0.4457864813430588,0.7329106628558896
/root/New_CheckLiuliang_remote/datasets/toniot/test/normal/test_00015043_orig61873_61874_61875.png,0,0.521158610756334,0.43467622810686707,0.7371437806122547
/root/New_CheckLiuliang_remote/datasets/toniot/test/normal/test_00015044_orig61876_61877_61878.png,0,0.5198320269300548,0.4335338780933343,0.7360062092323303
/root/New_CheckLiuliang_remote/datasets/toniot/test/normal/test_00015045_orig61879_61880_61881.png,0,0.48307516032922065,0.37153882114976544,0.7752866396790065
/root/New_CheckLiuliang_remote/datasets/toniot/test/normal/test_00015046_orig61882_61883_61884.png,0,0.5205009650374635,0.43437825326673585,0.7359537143945517
/root/New_CheckLiuliang_remote/datasets/toniot/test/normal/test_00015047_orig61885_61886_61887.png,0,0.5271979103047558,0.4429594535317909,0.7351297378308859
/root/New_CheckLiuliang_remote/datasets/toniot/test/normal/test_00015048_orig61888_61889_61890.png,0,0.5204628482487841,0.43378841241007515,0.7372207363953857
/root/New_CheckLiuliang_remote/datasets/toniot/test/normal/test_00015049_orig61891_61892_61893.png,0,0.524062352460286,0.4385963959637645,0.7363211782590018
/root/New_CheckLiuliang_remote/datasets/toniot/test/normal/test_00015050_orig61894_61895_61896.png,0,0.5270834268626038,0.4435571001074983,0.7334070276570839
/root/New_CheckLiuliang_remote/datasets/toniot/test/normal/test_00015051_orig61897_61898_61899.png,0,0.5275930704933787,0.44387441955570184,0.7341276635976883
/root/New_CheckLiuliang_remote/datasets/toniot/test/normal/test_00015052_orig61900_61901_61902.png,0,0.523736262124811,0.43770586523426064,0.7374642464805784
/root/New_CheckLiuliang_remote/datasets/toniot/test/normal/test_00015053_orig61903_61904_61905.png,0,0.5213789773193516,0.43503461242483815,0.7369392981027926
/root/New_CheckLiuliang_remote/datasets/toniot/test/normal/test_00015054_orig61906_61907_61908.png,0,0.529754728895866,0.4472587078310876,0.7324280401588258
/root/New_CheckLiuliang_remote/datasets/toniot/test/normal/test_00015055_orig61909_61910_61911.png,0,0.5285333835256738,0.4452570499642379,0.7335972183782503
/root/New_CheckLiuliang_remote/datasets/toniot/test/normal/test_00015056_orig61912_61913_61914.png,0,0.524179498961084,0.43904810953120715,0.7356030158971409
/root/New_CheckLiuliang_remote/datasets/toniot/test/normal/test_00015057_orig61915_61916_61917.png,0,0.6943269800475882,0.6398054339682834,0.7549486004079207
/root/New_CheckLiuliang_remote/datasets/toniot/test/normal/test_00015058_orig61918_61919_61920.png,0,0.594808227841127,0.5160304864235638,0.7584561350661944
/root/New_CheckLiuliang_remote/datasets/toniot/test/normal/test_00015059_orig61921_61922_61923.png,0,0.6400712800775266,0.6041587513564558,0.6825837794249369
/root/New_CheckLiuliang_remote/datasets/toniot/test/normal/test_00015060_orig61924_61925_61926.png,0,0.5320711263123831,0.45043427796674596,0.7316590320116819
/root/New_CheckLiuliang_remote/datasets/toniot/test/normal/test_00015061_orig61927_61928_61929.png,0,0.6281901898692118,0.5721010026106736,0.723324445856522
/root/New_CheckLiuliang_remote/datasets/toniot/test/normal/test_00015062_orig61930_61931_61932.png,0,0.6165336283756008,0.5619664642553217,0.7135546343459707
/root/New_CheckLiuliang_remote/datasets/toniot/test/normal/test_00015063_orig61933_61934_61935.png,0,0.6503296324436758,0.6077018690454878,0.7037251821034929
/root/New_CheckLiuliang_remote/datasets/toniot/test/normal/test_00015064_orig61936_61937_61938.png,0,0.5347609473383867,0.4539068048052685,0.7312676568860447
/root/New_CheckLiuliang_remote/datasets/toniot/test/normal/test_00015065_orig61939_61940_61941.png,0,0.6334413593554711,0.5761372381160048,0.7289606324446132
/root/New_CheckLiuliang_remote/datasets/toniot/test/normal/test_00015066_orig61942_61943_61944.png,0,0.5359354721769642,0.45543231381026844,0.7310752674282174
/root/New_CheckLiuliang_remote/datasets/toniot/test/normal/test_00015067_orig61945_61946_61947.png,0,0.5366964011249588,0.4566866589231671,0.730329895700178
/root/New_CheckLiuliang_remote/datasets/toniot/test/normal/test_00015068_orig61948_61949_61950.png,0,0.5296889382204278,0.4472794099555159,0.7321911262836156
/root/New_CheckLiuliang_remote/datasets/toniot/test/normal/test_00015069_orig61951_61952_61953.png,0,0.5329924909503191,0.45144155510286155,0.7319500897771662
/root/New_CheckLiuliang_remote/datasets/toniot/test/normal/test_00015070_orig61954_61955_61956.png,0,0.5273104176082732,0.44388663720290544,0.7332888455615615
/root/New_CheckLiuliang_remote/datasets/toniot/test/normal/test_00015071_orig61957_61958_61959.png,0,0.5342380822674516,0.4532406036535856,0.731323174986732
/root/New_CheckLiuliang_remote/datasets/toniot/test/normal/test_00015072_orig61960_61961_61962.png,0,0.5324969789168715,0.4500915050868683,0.7336796710030334
/root/New_CheckLiuliang_remote/datasets/toniot/test/normal/test_00015073_orig61963_61964_61965.png,0,0.5242658432169985,0.439552087478354,0.734674599342083
/root/New_CheckLiuliang_remote/datasets/toniot/test/normal/test_00015074_orig61966_61967_61968.png,0,0.5235668068213936,0.43822749089403484,0.7357613249367245
/root/New_CheckLiuliang_remote/datasets/toniot/test/normal/test_00015075_orig61969_61970_61971.png,0,0.5290885232364341,0.4462443037341033,0.7328851025422068
/root/New_CheckLiuliang_remote/datasets/toniot/test/normal/test_00015076_orig61972_61973_61974.png,0,0.5310262196717481,0.44863726569055584,0.7328565189656153
/root/New_CheckLiuliang_remote/datasets/toniot/test/normal/test_00015077_orig61975_61976_61977.png,0,0.525464078359965,0.4394821753860225,0.7382728318876182
/root/New_CheckLiuliang_remote/datasets/toniot/test/normal/test_00015078_orig61978_61979_61980.png,0,0.5214089406949183,0.434567287419302,0.7381156222163651
/root/New_CheckLiuliang_remote/datasets/toniot/test/normal/test_00015079_orig61981_61982_61983.png,0,0.5311306871122257,0.4491297047486771,0.7320069820882666
/root/New_CheckLiuliang_remote/datasets/toniot/test/normal/test_00015080_orig61984_61985_61986.png,0,0.5217180106149237,0.43610229903879355,0.7354199710701224
/root/New_CheckLiuliang_remote/datasets/toniot/test/normal/test_00015081_orig61987_61988_61989.png,0,0.521935446714408,0.43586507305559113,0.73659684486786
/root/New_CheckLiuliang_remote/datasets/toniot/test/normal/test_00015082_orig61990_61991_61992.png,0,0.5301672027762522,0.4477433411701621,0.7324797104703565
/root/New_CheckLiuliang_remote/datasets/toniot/test/normal/test_00015083_orig61993_61994_61995.png,0,0.5327177056821343,0.4508449266644211,0.7325544675168265
/root/New_CheckLiuliang_remote/datasets/toniot/test/normal/test_00015084_orig61996_61997_61998.png,0,0.5226672120571144,0.4374828931727957,0.7349197584797715
/root/New_CheckLiuliang_remote/datasets/toniot/test/normal/test_00015085_orig61999_62000_62001.png,0,0.5264788131131408,0.44285288849784876,0.7333168794539877
/root/New_CheckLiuliang_remote/datasets/toniot/test/normal/test_00015086_orig62002_62003_62004.png,0,0.5356756226332677,0.45518490645439635,0.7309076137578251
/root/New_CheckLiuliang_remote/datasets/toniot/test/normal/test_00015087_orig62005_62006_62007.png,0,0.5278435019101106,0.4444082628626796,0.7335999667990765
/root/New_CheckLiuliang_remote/datasets/toniot/test/normal/test_00015088_orig62008_62009_62010.png,0,0.5314198675855866,0.44939442043808747,0.732218335649794
/root/New_CheckLiuliang_remote/datasets/toniot/test/normal/test_00015089_orig62011_62012_62013.png,0,0.530729352952271,0.4481930184630709,0.7330420373713773
/root/New_CheckLiuliang_remote/datasets/toniot/test/normal/test_00015090_orig62014_62015_62016.png,0,0.5382741008676092,0.45858819995876543,0.7304159212720351
/root/New_CheckLiuliang_remote/datasets/toniot/test/normal/test_00015091_orig62017_62018_62019.png,0,0.5336868529676094,0.452371114427599,0.7317717172655521
/root/New_CheckLiuliang_remote/datasets/toniot/test/normal/test_00015092_orig62020_62021_62022.png,0,0.5282311815072325,0.44497468656220013,0.7333897126058795
/root/New_CheckLiuliang_remote/datasets/toniot/test/normal/test_00015093_orig62023_62024_62025.png,0,0.6140139116897236,0.5508833613462489,0.7321916759677808
/root/New_CheckLiuliang_remote/datasets/toniot/test/normal/test_00015094_orig62026_62027_62028.png,0,0.5405794944399354,0.49188468237935284,0.6593332386044288
/root/New_CheckLiuliang_remote/datasets/toniot/test/normal/test_00015095_orig62029_62030_62031.png,0,0.22892963069821856,0.08526000256231211,0.7146853346738298
/root/New_CheckLiuliang_remote/datasets/toniot/test/normal/test_00015096_orig62032_62033_62034.png,0,0.6804745790810176,0.6786843630236301,0.6245189920001715
/root/New_CheckLiuliang_remote/datasets/toniot/test/normal/test_00015097_orig62035_62036_62037.png,0,0.5171928499026726,0.44230241561551065,0.7079802872264669
/root/New_CheckLiuliang_remote/datasets/toniot/test/normal/test_00015098_orig62038_62039_62040.png,0,0.5297713393737555,0.44691220178123114,0.7332841732461571
/root/New_CheckLiuliang_remote/datasets/toniot/test/normal/test_00015099_orig62041_62042_62043.png,0,0.5315685309502374,0.44956682501529327,0.7322422469109812
/root/New_CheckLiuliang_remote/datasets/toniot/test/normal/test_00015100_orig62044_62045_62046.png,0,0.5520369112420548,0.44619169997531016,0.7987963565834161
/root/New_CheckLiuliang_remote/datasets/toniot/test/normal/test_00015101_orig62047_62048_62049.png,0,0.5360696968685124,0.45573503995764547,0.7307537021915633
/root/New_CheckLiuliang_remote/datasets/toniot/test/normal/test_00015102_orig62050_62051_62052.png,0,0.526994964970103,0.4434905818060567,0.7333086341915094
/root/New_CheckLiuliang_remote/datasets/toniot/test/normal/test_00015103_orig62053_62054_62055.png,0,0.5266090799248673,0.442099127541207,0.7354491043308791
/root/New_CheckLiuliang_remote/datasets/toniot/test/normal/test_00015104_orig62056_62057_62058.png,0,0.5222193394336919,0.43665888074473347,0.735558491479758
/root/New_CheckLiuliang_remote/datasets/toniot/test/normal/test_00015105_orig62059_62060_62061.png,0,0.5338873105699471,0.4526456721105901,0.7317057551657257
/root/New_CheckLiuliang_remote/datasets/toniot/test/normal/test_00015106_orig62062_62063_62064.png,0,0.5363137981216993,0.45606321953669665,0.7306877400917368
/root/New_CheckLiuliang_remote/datasets/toniot/test/normal/test_00015107_orig62065_62066_62067.png,0,0.5308553655416498,0.44867765180214536,0.7322724795400682
/root/New_CheckLiuliang_remote/datasets/toniot/test/normal/test_00015108_orig62068_62069_62070.png,0,0.5289257912754138,0.4459768730119809,0.7330425870555426
/root/New_CheckLiuliang_remote/datasets/toniot/test/normal/test_00015109_orig62071_62072_62073.png,0,0.5304675094694811,0.4480450491802722,0.732636645299527
/root/New_CheckLiuliang_remote/datasets/toniot/test/normal/test_00015110_orig62074_62075_62076.png,0,0.5304677563375981,0.44790624313287625,0.7329612337990898
/root/New_CheckLiuliang_remote/datasets/toniot/test/normal/test_00015111_orig62077_62078_62079.png,0,0.5266756654938226,0.44268625336515577,0.7342700317964805
/root/New_CheckLiuliang_remote/datasets/toniot/test/normal/test_00015112_orig62080_62081_62082.png,0,0.5246388740155444,0.4397893134615564,0.7351904779311427
/root/New_CheckLiuliang_remote/datasets/toniot/test/normal/test_00015113_orig62083_62084_62085.png,0,0.6373114130781251,0.5792048857013651,0.7328974704359242
/root/New_CheckLiuliang_remote/datasets/toniot/test/normal/test_00015114_orig62086_62087_62088.png,0,0.6196117336677129,0.5637699247342025,0.7181708819654947
/root/New_CheckLiuliang_remote/datasets/toniot/test/normal/test_00015115_orig62089_62090_62091.png,0,0.5273620337833178,0.4438740801766129,0.7334661187048451
/root/New_CheckLiuliang_remote/datasets/toniot/test/normal/test_00015116_orig62092_62093_62094.png,0,0.5268991406589991,0.4431834437305228,0.7337505802603469
/root/New_CheckLiuliang_remote/datasets/toniot/test/normal/test_00015117_orig62095_62096_62097.png,0,0.5214423187706663,0.43564413726866014,0.7356986609418893
/root/New_CheckLiuliang_remote/datasets/toniot/test/normal/test_00015118_orig62098_62099_62100.png,0,0.6345182678111349,0.636603392263684,0.5909602240292784
/root/New_CheckLiuliang_remote/datasets/toniot/test/normal/test_00015119_orig62101_62102_62103.png,0,0.6288812802276291,0.6226267432419018,0.6074122710943359
/root/New_CheckLiuliang_remote/datasets/toniot/test/normal/test_00015120_orig62104_62105_62106.png,0,0.534467920439809,0.4535538505527213,0.7312511663610881
/root/New_CheckLiuliang_remote/datasets/toniot/test/normal/test_00015121_orig62107_62108_62109.png,0,0.557608441214322,0.45231511687791603,0.8004808637077351
/root/New_CheckLiuliang_remote/datasets/toniot/test/normal/test_00015122_orig62110_62111_62112.png,0,0.5291354864147165,0.4460189560190154,0.7335455480667196
/root/New_CheckLiuliang_remote/datasets/toniot/test/normal/test_00015123_orig62113_62114_62115.png,0,0.5349255930659218,0.45418577441641644,0.7310887346902654
/root/New_CheckLiuliang_remote/datasets/toniot/test/normal/test_00015124_orig62116_62117_62118.png,0,0.5314949820670133,0.4494215707652065,0.7323703233214776
/root/New_CheckLiuliang_remote/datasets/toniot/test/normal/test_00015125_orig62119_62120_62121.png,0,0.5227790184321844,0.4367192902225733,0.7370220255696583
/root/New_CheckLiuliang_remote/datasets/toniot/test/normal/test_00015126_orig62122_62123_62124.png,0,0.5232209097082078,0.43773301556137967,0.7359234817654646
/root/New_CheckLiuliang_remote/datasets/toniot/test/normal/test_00015127_orig62125_62126_62127.png,0,0.5246079756271496,0.4401816356884262,0.7341864798033669
/root/New_CheckLiuliang_remote/datasets/toniot/test/normal/test_00015128_orig62128_62129_62130.png,0,0.5250881074843242,0.44073278732894233,0.7342769028485457
/root/New_CheckLiuliang_remote/datasets/toniot/test/normal/test_00015129_orig62131_62132_62133.png,0,0.5314666515075287,0.4494687444585758,0.7321790332319807
/root/New_CheckLiuliang_remote/datasets/toniot/test/normal/test_00015130_orig62134_62135_62136.png,0,0.5350731230532723,0.45442910922322066,0.7309438929127297
/root/New_CheckLiuliang_remote/datasets/toniot/test/normal/test_00015131_orig62137_62138_62139.png,0,0.5250669914381224,0.44016772114577774,0.7355348550606535
/root/New_CheckLiuliang_remote/datasets/toniot/test/normal/test_00015132_orig62140_62141_62142.png,0,0.5238775513548392,0.43840668305302033,0.7362340533188143
/root/New_CheckLiuliang_remote/datasets/toniot/test/normal/test_00015133_orig62143_62144_62145.png,0,0.5211156707322517,0.4348588140567425,0.7365946461311992
/root/New_CheckLiuliang_remote/datasets/toniot/test/normal/test_00015134_orig62146_62147_62148.png,0,0.5212503666037793,0.43497318480973135,0.736713927595052
/root/New_CheckLiuliang_remote/datasets/toniot/test/normal/test_00015135_orig62149_62150_62151.png,0,0.5243891919669269,0.43972177702284787,0.734632273661361
/root/New_CheckLiuliang_remote/datasets/toniot/test/normal/test_00015136_orig62152_62153_62154.png,0,0.528267244308117,0.4451399641785372,0.7331074497870386
/root/New_CheckLiuliang_remote/datasets/toniot/test/normal/test_00015137_orig62155_62156_62157.png,0,0.5306211585931332,0.4479659738525381,0.7332616361953831
/root/New_CheckLiuliang_remote/datasets/toniot/test/normal/test_00015138_orig62158_62159_62160.png,0,0.5313199645804307,0.4489488156942466,0.7329716777982291
/root/New_CheckLiuliang_remote/datasets/toniot/test/normal/test_00015139_orig62161_62162_62163.png,0,0.5336810635963092,0.45250652668410507,0.7314391583455936
/root/New_CheckLiuliang_remote/datasets/toniot/test/normal/test_00015140_orig62164_62165_62166.png,0,0.5356147318417047,0.4551367146237601,0.7308454994471552
/root/New_CheckLiuliang_remote/datasets/toniot/test/normal/test_00015141_orig62167_62168_62169.png,0,0.5286534389115036,0.44589067072337807,0.7324629451033172
/root/New_CheckLiuliang_remote/datasets/toniot/test/normal/test_00015142_orig62170_62171_62172.png,0,0.53341692811635,0.4522411322365167,0.7313011876201232
/root/New_CheckLiuliang_remote/datasets/toniot/test/normal/test_00015143_orig62173_62174_62175.png,0,0.5303002818216264,0.44790590375378725,0.7324819092070174
/root/New_CheckLiuliang_remote/datasets/toniot/test/normal/test_00015144_orig62176_62177_62178.png,0,0.5356248264923399,0.45511872753204374,0.7309164087044686
/root/New_CheckLiuliang_remote/datasets/toniot/test/normal/test_00015145_orig62179_62180_62181.png,0,0.5335088830710807,0.4519434967754744,0.732259287120103
/root/New_CheckLiuliang_remote/datasets/toniot/test/normal/test_00015146_orig62182_62183_62184.png,0,0.5289507121774255,0.4458513027490555,0.7334070276570839
/root/New_CheckLiuliang_remote/datasets/toniot/test/normal/test_00015147_orig62185_62186_62187.png,0,0.5322817578551604,0.45036843842348234,0.7324164967913561
/root/New_CheckLiuliang_remote/datasets/toniot/test/normal/test_00015148_orig62188_62189_62190.png,0,0.5305000849486753,0.448217114378389,0.7323285473249208
/root/New_CheckLiuliang_remote/datasets/toniot/test/normal/test_00015149_orig62191_62192_62193.png,0,0.5326224403506412,0.4511069273211196,0.7316700256949863
/root/New_CheckLiuliang_remote/datasets/toniot/test/normal/test_00015150_orig62194_62195_62196.png,0,0.5242972759072956,0.4386466240689347,0.7368774586342053
/root/New_CheckLiuliang_remote/datasets/toniot/test/normal/test_00015151_orig62197_62198_62199.png,0,0.525831699809399,0.44190093015323817,0.7336829691080248
/root/New_CheckLiuliang_remote/datasets/toniot/test/normal/test_00015152_orig62200_62201_62202.png,0,0.6479375611974665,0.5536055210190196,0.8230923966861741
/root/New_CheckLiuliang_remote/datasets/toniot/test/normal/test_00015153_orig62203_62204_62205.png,0,0.5288935628468172,0.44577731810765614,0.7334158226037275
/root/New_CheckLiuliang_remote/datasets/toniot/test/normal/test_00015154_orig62206_62207_62208.png,0,0.5359152434657318,0.4555751924067323,0.7306838923025802
/root/New_CheckLiuliang_remote/datasets/toniot/test/normal/test_00015155_orig62209_62210_62211.png,0,0.5205212745501121,0.43453301013131423,0.7356508384195151
/root/New_CheckLiuliang_remote/datasets/toniot/test/normal/test_00015156_orig62212_62213_62214.png,0,0.5270555585863641,0.44353334357126917,0.7333825667117316
/root/New_CheckLiuliang_remote/datasets/toniot/test/normal/test_00015157_orig62215_62216_62217.png,0,0.5232573923021642,0.43712281195937974,0.737451878586861
/root/New_CheckLiuliang_remote/datasets/toniot/test/normal/test_00015158_orig62218_62219_62220.png,0,0.5264616479675416,0.44274157215666077,0.7335274084892672
/root/New_CheckLiuliang_remote/datasets/toniot/test/normal/test_00015159_orig62221_62222_62223.png,0,0.532064824369649,0.45035350574356686,0.7318294341029004
/root/New_CheckLiuliang_remote/datasets/toniot/test/normal/test_00015160_orig62224_62225_62226.png,0,0.5308466005943069,0.44839596715828556,0.7329046163300722
/root/New_CheckLiuliang_remote/datasets/toniot/test/normal/test_00015161_orig62227_62228_62229.png,0,0.5253940450072362,0.44125814615869535,0.7339281282457132
/root/New_CheckLiuliang_remote/datasets/toniot/test/normal/test_00015162_orig62230_62231_62232.png,0,0.5325476178308451,0.4509053361422609,0.7319259036738965
/root/New_CheckLiuliang_remote/datasets/toniot/test/normal/test_00015163_orig62233_62234_62235.png,0,0.5279306621421772,0.4445250092692914,0.7335774297483024
/root/New_CheckLiuliang_remote/datasets/toniot/test/normal/test_00015164_orig62236_62237_62238.png,0,0.5259975372543751,0.44178146871391444,0.7344371357827076
/root/New_CheckLiuliang_remote/datasets/toniot/test/normal/test_00015165_orig62239_62240_62241.png,0,0.5282914925094822,0.4451087413023503,0.7332498179858308
/root/New_CheckLiuliang_remote/datasets/toniot/test/normal/test_00015166_orig62242_62243_62244.png,0,0.6944129404962817,0.6376147419488675,0.7603066468084101
/root/New_CheckLiuliang_remote/datasets/toniot/test/normal/test_00015167_orig62245_62246_62247.png,0,0.6278159021847635,0.5845545182810788,0.693193233497863
/root/New_CheckLiuliang_remote/datasets/toniot/test/normal/test_00015168_orig62248_62249_62250.png,0,0.6094265370951557,0.5127368123649377,0.8080491901365773
/root/New_CheckLiuliang_remote/datasets/toniot/test/normal/test_00015169_orig62251_62252_62253.png,0,0.5369834754048208,0.45695985908980224,0.7305154141059401
/root/New_CheckLiuliang_remote/datasets/toniot/test/normal/test_00015170_orig62254_62255_62256.png,0,0.6292426755752677,0.5735063714181718,0.7230625213517943
/root/New_CheckLiuliang_remote/datasets/toniot/test/normal/test_00015171_orig62257_62258_62259.png,0,0.5369204946066365,0.45677964879354976,0.730755351244059
/root/New_CheckLiuliang_remote/datasets/toniot/test/normal/test_00015172_orig62260_62261_62262.png,0,0.619472143018996,0.5664218329355527,0.7115829172453237
/root/New_CheckLiuliang_remote/datasets/toniot/test/normal/test_00015173_orig62263_62264_62265.png,0,0.7479312349128707,0.765959768305896,0.6142613357929867
/root/New_CheckLiuliang_remote/datasets/toniot/test/normal/test_00015174_orig62266_62267_62268.png,0,0.17347353831282863,0.024520987627086863,0.6974280003067238
/root/New_CheckLiuliang_remote/datasets/toniot/test/normal/test_00015175_orig62269_62270_62271.png,0,0.20419101400170034,0.040907228180682036,0.7472543963052429
/root/New_CheckLiuliang_remote/datasets/toniot/test/normal/test_00015176_orig62272_62273_62274.png,0,0.6434327079676967,0.6968404655262964,0.4759629985601023
/root/New_CheckLiuliang_remote/datasets/toniot/test/normal/test_00015177_orig62275_62276_62277.png,0,0.5665202858890652,0.5033624831689183,0.7069188471034256
/root/New_CheckLiuliang_remote/datasets/toniot/test/normal/test_00015178_orig62278_62279_62280.png,0,0.5397546436366174,0.4604737901771813,0.7302606354953602
/root/New_CheckLiuliang_remote/datasets/toniot/test/normal/test_00015179_orig62281_62282_62283.png,0,0.7003702158534171,0.6336463822613337,0.7866444887428805
/root/New_CheckLiuliang_remote/datasets/toniot/test/normal/test_00015180_orig62284_62285_62286.png,0,0.5403498244628852,0.4614220153518131,0.7297543763791919
/root/New_CheckLiuliang_remote/datasets/toniot/test/normal/test_00015181_orig62287_62288_62289.png,0,0.5389381737003268,0.4595347282379523,0.7301111214024202
/root/New_CheckLiuliang_remote/datasets/toniot/test/normal/test_00015182_orig62290_62291_62292.png,0,0.5304881876492203,0.44830026225519104,0.7321004283963541
/root/New_CheckLiuliang_remote/datasets/toniot/test/normal/test_00015183_orig62293_62294_62295.png,0,0.5320515965031236,0.45038201358704183,0.7317249941115084
/root/New_CheckLiuliang_remote/datasets/toniot/test/normal/test_00015184_orig62296_62297_62298.png,0,0.5317686581207441,0.44990552534610306,0.7320256713498842
/root/New_CheckLiuliang_remote/datasets/toniot/test/normal/test_00015185_orig62299_62300_62301.png,0,0.5371957462730188,0.4571852068048901,0.7305981415728058
/root/New_CheckLiuliang_remote/datasets/toniot/test/normal/test_00015186_orig62302_62303_62304.png,0,0.5285918720471549,0.44560830732134027,0.7329452929582985
/root/New_CheckLiuliang_remote/datasets/toniot/test/normal/test_00015187_orig62305_62306_62307.png,0,0.5295583875750063,0.4470214818478852,0.732418695528017
/root/New_CheckLiuliang_remote/datasets/toniot/test/normal/test_00015188_orig62308_62309_62310.png,0,0.5308912470857056,0.44877403546341793,0.7321504496553892
/root/New_CheckLiuliang_remote/datasets/toniot/test/normal/test_00015189_orig62311_62312_62313.png,0,0.5397256333402797,0.46044120978463854,0.7302534896012124
/root/New_CheckLiuliang_remote/datasets/toniot/test/normal/test_00015190_orig62314_62315_62316.png,0,0.5252297831939075,0.44115633243199903,0.733694787317577
/root/New_CheckLiuliang_remote/datasets/toniot/test/normal/test_00015191_orig62317_62318_62319.png,0,0.5247599613005268,0.4397092199965553,0.7357244960976547
/root/New_CheckLiuliang_remote/datasets/toniot/test/normal/test_00015192_orig62320_62321_62322.png,0,0.5317995593924015,0.4500932019823133,0.7316763470628863
/root/New_CheckLiuliang_remote/datasets/toniot/test/normal/test_00015193_orig62323_62324_62325.png,0,0.5294568053265956,0.4467859527601277,0.7326770470856707
/root/New_CheckLiuliang_remote/datasets/toniot/test/normal/test_00015194_orig62326_62327_62328.png,0,0.529578110985952,0.44678221959014885,0.7330335172668164
/root/New_CheckLiuliang_remote/datasets/toniot/test/normal/test_00015195_orig62329_62330_62331.png,0,0.5342432123626853,0.4532820079024421,0.7312412720461141
/root/New_CheckLiuliang_remote/datasets/toniot/test/normal/test_00015196_orig62332_62333_62334.png,0,0.5259317712306598,0.4413670868462604,0.7352154885606602
/root/New_CheckLiuliang_remote/datasets/toniot/test/normal/test_00015197_orig62335_62336_62337.png,0,0.520688297521105,0.43433820653423527,0.73658420213206
/root/New_CheckLiuliang_remote/datasets/toniot/test/normal/test_00015198_orig62338_62339_62340.png,0,0.529984363959961,0.4474294155128485,0.7326880407689752
/root/New_CheckLiuliang_remote/datasets/toniot/test/normal/test_00015199_orig62341_62342_62343.png,0,0.537468212929815,0.45744517118705474,0.7307726662952634
/root/New_CheckLiuliang_remote/datasets/toniot/test/normal/test_00015200_orig62344_62345_62346.png,0,0.52675041471829,0.44265570924714687,0.7345555927203127
/root/New_CheckLiuliang_remote/datasets/toniot/test/normal/test_00015201_orig62347_62348_62349.png,0,0.5240340739925303,0.43906779351836844,0.735140181830025
/root/New_CheckLiuliang_remote/datasets/toniot/test/normal/test_00015202_orig62350_62351_62352.png,0,0.5280028132214555,0.44506054947171403,0.7325346788868786
/root/New_CheckLiuliang_remote/datasets/toniot/test/normal/test_00015203_orig62353_62354_62355.png,0,0.5306038745508189,0.44805251552022995,0.7330101556897946
/root/New_CheckLiuliang_remote/datasets/toniot/test/normal/test_00015204_orig62356_62357_62358.png,0,0.5268470314905335,0.44302495369596556,0.7339710036106004
/root/New_CheckLiuliang_remote/datasets/toniot/test/normal/test_00015205_orig62359_62360_62361.png,0,0.5240513739487899,0.4391808067550014,0.7349260798476716
/root/New_CheckLiuliang_remote/datasets/toniot/test/normal/test_00015206_orig62362_62363_62364.png,0,0.5299756249220161,0.44752987172318887,0.732428589842991
/root/New_CheckLiuliang_remote/datasets/toniot/test/normal/test_00015207_orig62365_62366_62367.png,0,0.527339519209353,0.4440050805049621,0.733095906419569
/root/New_CheckLiuliang_remote/datasets/toniot/test/normal/test_00015208_orig62368_62369_62370.png,0,0.5229357460006738,0.4375171704607835,0.7356096121071235
/root/New_CheckLiuliang_remote/datasets/toniot/test/normal/test_00015209_orig62371_62372_62373.png,0,0.551808748544942,0.4397533392781237,0.813165100662287
/root/New_CheckLiuliang_remote/datasets/toniot/test/normal/test_00015210_orig62374_62375_62376.png,0,0.5379390503195262,0.45823049439897234,0.7302900435981996
/root/New_CheckLiuliang_remote/datasets/toniot/test/normal/test_00015211_orig62377_62378_62379.png,0,0.5245323359305137,0.4391214154144285,0.7364434829857635
/root/New_CheckLiuliang_remote/datasets/toniot/test/normal/test_00015212_orig62380_62381_62382.png,0,0.5278665567874434,0.44486981842370293,0.7325890976192354
/root/New_CheckLiuliang_remote/datasets/toniot/test/normal/test_00015213_orig62383_62384_62385.png,0,0.5359635362903189,0.45547880874545976,0.7310472335357912
/root/New_CheckLiuliang_remote/datasets/toniot/test/normal/test_00015214_orig62386_62387_62388.png,0,0.5293065602718438,0.4461577620664114,0.7337121023687815
/root/New_CheckLiuliang_remote/datasets/toniot/test/normal/test_00015215_orig62389_62390_62391.png,0,0.4991248129404976,0.39100289066139043,0.7758816727878579
/root/New_CheckLiuliang_remote/datasets/toniot/test/normal/test_00015216_orig62392_62393_62394.png,0,0.5243723554876103,0.43912345168896244,0.7359800992344824
/root/New_CheckLiuliang_remote/datasets/toniot/test/normal/test_00015217_orig62395_62396_62397.png,0,0.5320346194536114,0.45028223613487944,0.7319091383068573
/root/New_CheckLiuliang_remote/datasets/toniot/test/normal/test_00015218_orig62398_62399_62400.png,0,0.5347996908894167,0.4539407427141673,0.7312995385676275
/root/New_CheckLiuliang_remote/datasets/toniot/test/normal/test_00015219_orig62401_62402_62403.png,0,0.5233073810337544,0.43822749089403484,0.7350176022611807
/root/New_CheckLiuliang_remote/datasets/toniot/test/normal/test_00015220_orig62404_62405_62406.png,0,0.5261438149037329,0.44106198504526045,0.7365352802413553
/root/New_CheckLiuliang_remote/datasets/toniot/test/normal/test_00015221_orig62407_62408_62409.png,0,0.6884027737750466,0.6172472453023571,0.790600840522057
/root/New_CheckLiuliang_remote/datasets/toniot/test/normal/test_00015222_orig62410_62411_62412.png,0,0.2874626117095314,0.1688546719349614,0.6874336428146798
/root/New_CheckLiuliang_remote/datasets/toniot/test/normal/test_00015223_orig62413_62414_62415.png,0,0.651068837673485,0.5629883346922637,0.8101759181718164
/root/New_CheckLiuliang_remote/datasets/toniot/test/normal/test_00015224_orig62416_62417_62418.png,0,0.5749100805536006,0.4848778617081119,0.7741015206187905
/root/New_CheckLiuliang_remote/datasets/toniot/test/normal/test_00015225_orig62419_62420_62421.png,0,0.6238572068514459,0.5697782921256416,0.7163222941178572
/root/New_CheckLiuliang_remote/datasets/toniot/test/normal/test_00015226_orig62422_62423_62424.png,0,0.5409462986759314,0.4149304739513823,0.8399446138235124
/root/New_CheckLiuliang_remote/datasets/toniot/test/normal/test_00015227_orig62425_62426_62427.png,0,0.602724278960984,0.5445569957484284,0.7145880405765858
/root/New_CheckLiuliang_remote/datasets/toniot/test/normal/test_00015228_orig62428_62429_62430.png,0,0.6652472224971944,0.6167765265059311,0.7253167761133646
/root/New_CheckLiuliang_remote/datasets/toniot/test/normal/test_00015229_orig62431_62432_62433.png,0,0.6807853483982514,0.6585941390928227,0.6722870956420215
/root/New_CheckLiuliang_remote/datasets/toniot/test/normal/test_00015230_orig62434_62435_62436.png,0,0.6237853803944654,0.5717677323452877,0.7114743546226927
/root/New_CheckLiuliang_remote/datasets/toniot/test/normal/test_00015231_orig62437_62438_62439.png,0,0.5400956777485332,0.4610989264590968,0.7297796618507921
/root/New_CheckLiuliang_remote/datasets/toniot/test/normal/test_00015232_orig62440_62441_62442.png,0,0.5332949252375955,0.45177414661006954,0.7320410625065104
/root/New_CheckLiuliang_remote/datasets/toniot/test/normal/test_00015233_orig62443_62444_62445.png,0,0.5296270040226474,0.4471423008035648,0.7323334944824078
/root/New_CheckLiuliang_remote/datasets/toniot/test/normal/test_00015234_orig62446_62447_62448.png,0,0.5257758122783779,0.441849344531712,0.7336431170060462
/root/New_CheckLiuliang_remote/datasets/toniot/test/normal/test_00015235_orig62449_62450_62451.png,0,0.5262004385752372,0.44172886495512137,0.7351415560404381
/root/New_CheckLiuliang_remote/datasets/toniot/test/normal/test_00015236_orig62452_62453_62454.png,0,0.526374076305279,0.4421598763981358,0.7346336478717741
/root/New_CheckLiuliang_remote/datasets/toniot/test/normal/test_00015237_orig62455_62456_62457.png,0,0.5332293889173664,0.4518644214477403,0.7316425414867253
/root/New_CheckLiuliang_remote/datasets/toniot/test/normal/test_00015238_orig62458_62459_62460.png,0,0.5368664368085355,0.45677353996994796,0.7306146320977625
/root/New_CheckLiuliang_remote/datasets/toniot/test/normal/test_00015239_orig62461_62462_62463.png,0,0.525622835461475,0.4413711593953283,0.7343203278975983
/root/New_CheckLiuliang_remote/datasets/toniot/test/normal/test_00015240_orig62464_62465_62466.png,0,0.5297663456387857,0.4472067828304725,0.7325825014092527
/root/New_CheckLiuliang_remote/datasets/toniot/test/normal/test_00015241_orig62467_62468_62469.png,0,0.5341826561179056,0.4530495332264855,0.7316101101209772
/root/New_CheckLiuliang_remote/datasets/toniot/test/normal/test_00015242_orig62470_62471_62472.png,0,0.5321529710964303,0.45041798777047454,0.7319316753576314
/root/New_CheckLiuliang_remote/datasets/toniot/test/normal/test_00015243_orig62473_62474_62475.png,0,0.5240186274241642,0.4392110114939213,0.7347617242822705
/root/New_CheckLiuliang_remote/datasets/toniot/test/normal/test_00015244_orig62476_62477_62478.png,0,0.5392407805826381,0.4599993382107765,0.7298945458413232
/root/New_CheckLiuliang_remote/datasets/toniot/test/normal/test_00015245_orig62479_62480_62481.png,0,0.5377651655054225,0.4578497110611281,0.7306800445134237
/root/New_CheckLiuliang_remote/datasets/toniot/test/normal/test_00015246_orig62482_62483_62484.png,0,0.5378632199044667,0.4580417996254952,0.7305129405271966
/root/New_CheckLiuliang_remote/datasets/toniot/test/normal/test_00015247_orig62485_62486_62487.png,0,0.5316038661774533,0.449768076815063,0.7318739585202833
/root/New_CheckLiuliang_remote/datasets/toniot/test/normal/test_00015248_orig62488_62489_62490.png,0,0.5339711123534954,0.452896812636441,0.7313600038258018
/root/New_CheckLiuliang_remote/datasets/toniot/test/normal/test_00015249_orig62491_62492_62493.png,0,0.5283433124976104,0.44507582153071845,0.7334751884935713
/root/New_CheckLiuliang_remote/datasets/toniot/test/normal/test_00015250_orig62494_62495_62496.png,0,0.5294107253043526,0.4466077787384091,0.7329606841149247
/root/New_CheckLiuliang_remote/datasets/toniot/test/normal/test_00015251_orig62497_62498_62499.png,0,0.5204953800061155,0.4339560656800351,0.736922807577836
/root/New_CheckLiuliang_remote/datasets/toniot/test/normal/test_00015252_orig62500_62501_62502.png,0,0.5362894683951007,0.45610258751101923,0.7305261329471618
/root/New_CheckLiuliang_remote/datasets/toniot/test/normal/test_00015253_orig62503_62504_62505.png,0,0.5224643507300705,0.43646271963129857,0.7367185999104564
/root/New_CheckLiuliang_remote/datasets/toniot/test/normal/test_00015254_orig62506_62507_62508.png,0,0.5211839082064255,0.43532240589229976,0.7357085552568633
/root/New_CheckLiuliang_remote/datasets/toniot/test/normal/test_00015255_orig62509_62510_62511.png,0,0.5241533674874356,0.43922119286659095,0.7351242409892336
/root/New_CheckLiuliang_remote/datasets/toniot/test/normal/test_00015256_orig62512_62513_62514.png,0,0.5274940712260144,0.4440848345908743,0.7333528837668097
/root/New_CheckLiuliang_remote/datasets/toniot/test/normal/test_00015257_orig62515_62516_62517.png,0,0.5313651860413691,0.4495240632500808,0.7317590745297521
/root/New_CheckLiuliang_remote/datasets/toniot/test/normal/test_00015258_orig62518_62519_62520.png,0,0.5371647140517172,0.4570728723264352,0.7307712920848504
/root/New_CheckLiuliang_remote/datasets/toniot/test/normal/test_00015259_orig62521_62522_62523.png,0,0.6480331885928008,0.5397364551684466,0.8557276952594963
/root/New_CheckLiuliang_remote/datasets/toniot/test/normal/test_00015260_orig62524_62525_62526.png,0,0.49772910054602837,0.38955781450048066,0.7752522844186801
/root/New_CheckLiuliang_remote/datasets/toniot/test/normal/test_00015261_orig62527_62528_62529.png,0,0.5243504719119136,0.43938137979659314,0.7353155310787305
/root/New_CheckLiuliang_remote/datasets/toniot/test/normal/test_00015262_orig62530_62531_62532.png,0,0.5246447462647331,0.4397485879708779,0.7353023386587652
/root/New_CheckLiuliang_remote/datasets/toniot/test/normal/test_00015263_orig62533_62534_62535.png,0,0.5236050059351071,0.4379318917075265,0.7365605657129555
/root/New_CheckLiuliang_remote/datasets/toniot/test/normal/test_00015264_orig62536_62537_62538.png,0,0.5206502927328948,0.4340364985241252,0.7371792352409114
/root/New_CheckLiuliang_remote/datasets/toniot/test/normal/test_00015265_orig62539_62540_62541.png,0,0.5233926327129771,0.4385125693287845,0.7345968190327042
/root/New_CheckLiuliang_remote/datasets/toniot/test/normal/test_00015266_orig62542_62543_62544.png,0,0.5238230727599271,0.4381616513507712,0.7366496145477213
/root/New_CheckLiuliang_remote/datasets/toniot/test/normal/test_00015267_orig62545_62546_62547.png,0,0.5236193415114647,0.4390562546293429,0.7339781495047483
/root/New_CheckLiuliang_remote/datasets/toniot/test/normal/test_00015268_orig62548_62549_62550.png,0,0.48513731617655165,0.37360258538989993,0.7763829847465392
/root/New_CheckLiuliang_remote/datasets/toniot/test/normal/test_00015269_orig62551_62552_62553.png,0,0.526950323457435,0.44334668507232594,0.7335164148059629
/root/New_CheckLiuliang_remote/datasets/toniot/test/normal/test_00015270_orig62554_62555_62556.png,0,0.5203934956416639,0.4331951777625246,0.7384061302976842
/root/New_CheckLiuliang_remote/datasets/toniot/test/normal/test_00015271_orig62557_62558_62559.png,0,0.523341727746771,0.4382553199793318,0.7350511329952593
/root/New_CheckLiuliang_remote/datasets/toniot/test/normal/test_00015272_orig62560_62561_62562.png,0,0.5246486382153529,0.4399783476141226,0.7347773902809793
/root/New_CheckLiuliang_remote/datasets/toniot/test/normal/test_00015273_orig62563_62564_62565.png,0,0.5299258635635035,0.44732997743977504,0.732752353816306
/root/New_CheckLiuliang_remote/datasets/toniot/test/normal/test_00015274_orig62566_62567_62568.png,0,0.5311306980474404,0.4490950880816003,0.7320877856605541
/root/New_CheckLiuliang_remote/datasets/toniot/test/normal/test_00015275_orig62569_62570_62571.png,0,0.5267718614692549,0.44281657493532706,0.7342417230619717
/root/New_CheckLiuliang_remote/datasets/toniot/test/normal/test_00015276_orig62572_62573_62574.png,0,0.6973248750043123,0.6426280498513944,0.7569568715055547
/root/New_CheckLiuliang_remote/datasets/toniot/test/normal/test_00015277_orig62575_62576_62577.png,0,0.6511139668815361,0.6408347707451831,0.6286636106059361
/root/New_CheckLiuliang_remote/datasets/toniot/test/normal/test_00015278_orig62578_62579_62580.png,0,0.524927866570771,0.44041682539709476,0.7345547681940648
/root/New_CheckLiuliang_remote/datasets/toniot/test/normal/test_00015279_orig62581_62582_62583.png,0,0.5495111352875827,0.44416764308858725,0.7962782534225398
/root/New_CheckLiuliang_remote/datasets/toniot/test/normal/test_00015280_orig62584_62585_62586.png,0,0.5281665558780284,0.4448063545340622,0.7335972183782503
/root/New_CheckLiuliang_remote/datasets/toniot/test/normal/test_00015281_orig62587_62588_62589.png,0,0.5372828529847182,0.4573464118721593,0.7304717142148051
/root/New_CheckLiuliang_remote/datasets/toniot/test/normal/test_00015282_orig62590_62591_62592.png,0,0.6727419641424782,0.6123941243298323,0.7570283304470334
/root/New_CheckLiuliang_remote/datasets/toniot/test/normal/test_00015283_orig62593_62594_62595.png,0,0.64168401914161,0.6378149756113702,0.6086759949901785
/root/New_CheckLiuliang_remote/datasets/toniot/test/normal/test_00015284_orig62596_62597_62598.png,0,0.5394691747968093,0.46015273755899894,0.7301913752905425
/root/New_CheckLiuliang_remote/datasets/toniot/test/normal/test_00015285_orig62599_62600_62601.png,0,0.5345562370373198,0.45368756591378245,0.7311923501554095
/root/New_CheckLiuliang_remote/datasets/toniot/test/normal/test_00015286_orig62602_62603_62604.png,0,0.5387544274061928,0.45929071467297006,0.7301537219252248
/root/New_CheckLiuliang_remote/datasets/toniot/test/normal/test_00015287_orig62605_62606_62607.png,0,0.536497829538206,0.45619014731597807,0.7309191571252948
/root/New_CheckLiuliang_remote/datasets/toniot/test/normal/test_00015288_orig62608_62609_62610.png,0,0.4882557001946324,0.3780603297237539,0.7749213745512172
/root/New_CheckLiuliang_remote/datasets/toniot/test/normal/test_00015289_orig62611_62612_62613.png,0,0.5326856163381072,0.45104414218965694,0.7319976374574578
/root/New_CheckLiuliang_remote/datasets/toniot/test/normal/test_00015290_orig62614_62615_62616.png,0,0.5343728191365363,0.45329660120326853,0.7315787781235596
/root/New_CheckLiuliang_remote/datasets/toniot/test/normal/test_00015291_orig62617_62618_62619.png,0,0.5217883265506622,0.4361810349874387,0.735437835805492
/root/New_CheckLiuliang_remote/datasets/toniot/test/normal/test_00015292_orig62620_62621_62622.png,0,0.526138420775751,0.44180284959652066,0.7347911323851098
/root/New_CheckLiuliang_remote/datasets/toniot/test/normal/test_00015293_orig62623_62624_62625.png,0,0.5218446533957802,0.43593091259885475,0.7361829326914489
/root/New_CheckLiuliang_remote/datasets/toniot/test/normal/test_00015294_orig62626_62627_62628.png,0,0.5217509204819444,0.4355728676599727,0.7367496570657914
/root/New_CheckLiuliang_remote/datasets/toniot/test/normal/test_00015295_orig62629_62630_62631.png,0,0.5229020330482229,0.43739329709330294,0.7358020015649508
/root/New_CheckLiuliang_remote/datasets/toniot/test/normal/test_00015296_orig62632_62633_62634.png,0,0.527609715618444,0.4432754154636385,0.7355730581101364
/root/New_CheckLiuliang_remote/datasets/toniot/test/normal/test_00015297_orig62635_62636_62637.png,0,0.5199008893440432,0.4334473364256425,0.7364055547783632
/root/New_CheckLiuliang_remote/datasets/toniot/test/normal/test_00015298_orig62638_62639_62640.png,0,0.5221623076091518,0.4365699634234187,0.7356024662129756
/root/New_CheckLiuliang_remote/datasets/toniot/test/normal/test_00015299_orig62641_62642_62643.png,0,0.5264756945155288,0.4425314965005774,0.7340578537087054
/root/New_CheckLiuliang_remote/datasets/toniot/test/normal/test_00015300_orig62644_62645_62646.png,0,0.5304725225475232,0.44784990620410425,0.7331063504187082
/root/New_CheckLiuliang_remote/datasets/toniot/test/normal/test_00015301_orig62647_62648_62649.png,0,0.5307105311006755,0.44834539967402637,0.7326325226682878
/root/New_CheckLiuliang_remote/datasets/toniot/test/normal/test_00015302_orig62650_62651_62652.png,0,0.5287039863807744,0.4459585465411756,0.7324494778412693
/root/New_CheckLiuliang_remote/datasets/toniot/test/normal/test_00015303_orig62653_62654_62655.png,0,0.5211245431712143,0.4350858586672753,0.7360903109096091
/root/New_CheckLiuliang_remote/datasets/toniot/test/normal/test_00015304_orig62656_62657_62658.png,0,0.5272049229484558,0.44316477788062847,0.7346707515529265
/root/New_CheckLiuliang_remote/datasets/toniot/test/normal/test_00015305_orig62659_62660_62661.png,0,0.5235626417253468,0.4388088472734708,0.7343928862074074
/root/New_CheckLiuliang_remote/datasets/toniot/test/normal/test_00015306_orig62662_62663_62664.png,0,0.5260516430482483,0.4421890629997887,0.733641193111468
/root/New_CheckLiuliang_remote/datasets/toniot/test/normal/test_00015307_orig62665_62666_62667.png,0,0.5273312365551569,0.44387475893479084,0.7333762453438316
/root/New_CheckLiuliang_remote/datasets/toniot/test/normal/test_00015308_orig62668_62669_62670.png,0,0.5472259946581657,0.4408576788336898,0.797450454904873
/root/New_CheckLiuliang_remote/datasets/toniot/test/normal/test_00015309_orig62671_62672_62673.png,0,0.529255474874595,0.4464716877237251,0.7328331573885934
/root/New_CheckLiuliang_remote/datasets/toniot/test/normal/test_00015310_orig62674_62675_62676.png,0,0.5285218487398766,0.4454779857511689,0.73304863358136
/root/New_CheckLiuliang_remote/datasets/toniot/test/normal/test_00015311_orig62677_62678_62679.png,0,0.5263105671046888,0.442652654835346,0.7333017631394442
/root/New_CheckLiuliang_remote/datasets/toniot/test/normal/test_00015312_orig62680_62681_62682.png,0,0.5247183395936372,0.4395924735899435,0.7358775831376687
/root/New_CheckLiuliang_remote/datasets/toniot/test/normal/test_00015313_orig62683_62684_62685.png,0,0.5220911124353775,0.43654315247538866,0.7354609225404314
/root/New_CheckLiuliang_remote/datasets/toniot/test/normal/test_00015314_orig62686_62687_62688.png,0,0.5302871528039224,0.44780001747802306,0.7326913388739665
/root/New_CheckLiuliang_remote/datasets/toniot/test/normal/test_00015315_orig62689_62690_62691.png,0,0.534896892651733,0.4373729343479637,0.7702364164110407
/root/New_CheckLiuliang_remote/datasets/toniot/test/normal/test_00015316_orig62692_62693_62694.png,0,0.5262355474711062,0.44175397900770647,0.7351836068790775
/root/New_CheckLiuliang_remote/datasets/toniot/test/normal/test_00015317_orig62695_62696_62697.png,0,0.5360039103080267,0.4556356018845721,0.7307971272406157
/root/New_CheckLiuliang_remote/datasets/toniot/test/normal/test_00015318_orig62698_62699_62700.png,0,0.5236828474608808,0.43903792815853754,0.7342029703283236
/root/New_CheckLiuliang_remote/datasets/toniot/test/normal/test_00015319_orig62701_62702_62703.png,0,0.531721324471831,0.44989330769889946,0.731918482937666
/root/New_CheckLiuliang_remote/datasets/toniot/test/normal/test_00015320_orig62704_62705_62706.png,0,0.5290986907695048,0.4461384174583391,0.7331613188352303
/root/New_CheckLiuliang_remote/datasets/toniot/test/normal/test_00015321_orig62707_62708_62709.png,0,0.5317412564206547,0.45006503351792726,0.7315749303344031
/root/New_CheckLiuliang_remote/datasets/toniot/test/normal/test_00015322_orig62710_62711_62712.png,0,0.5260046007131325,0.44173667067416805,0.7345619140882128
/root/New_CheckLiuliang_remote/datasets/toniot/test/normal/test_00015323_orig62713_62714_62715.png,0,0.5205573834792515,0.4337310573440362,0.7376255787830707
/root/New_CheckLiuliang_remote/datasets/toniot/test/normal/test_00015324_orig62716_62717_62718.png,0,0.5199757947417276,0.43374361437032877,0.7359289786071168
/root/New_CheckLiuliang_remote/datasets/toniot/test/normal/test_00015325_orig62719_62720_62721.png,0,0.5272332266017927,0.44338130173940266,0.7342466702194587
/root/New_CheckLiuliang_remote/datasets/toniot/test/normal/test_00015326_orig62722_62723_62724.png,0,0.5211193415841917,0.4349494282735022,0.736393736568811
/root/New_CheckLiuliang_remote/datasets/toniot/test/normal/test_00015327_orig62725_62726_62727.png,0,0.5237010194220209,0.438693458383215,0.7350588285735723
/root/New_CheckLiuliang_remote/datasets/toniot/test/normal/test_00015328_orig62728_62729_62730.png,0,0.5216680194769415,0.4359692624359104,0.7355870750563495
/root/New_CheckLiuliang_remote/datasets/toniot/test/normal/test_00015329_orig62731_62732_62733.png,0,0.5254776669486142,0.43765122520093364,0.7425840047954446
/root/New_CheckLiuliang_remote/datasets/toniot/test/normal/test_00015330_orig62734_62735_62736.png,0,0.7101393145439088,0.6451628722670438,0.7877787620178136
/root/New_CheckLiuliang_remote/datasets/toniot/test/normal/test_00015331_orig62737_62738_62739.png,0,0.5643135555137021,0.4712229440626901,0.7755848433386388
/root/New_CheckLiuliang_remote/datasets/toniot/test/normal/test_00015332_orig62740_62741_62742.png,0,0.6428732544193331,0.5853999115917473,0.7343871145236726
/root/New_CheckLiuliang_remote/datasets/toniot/test/normal/test_00015333_orig62743_62744_62745.png,0,0.6038804747005251,0.5310894153601279,0.7493269804502078
/root/New_CheckLiuliang_remote/datasets/toniot/test/normal/test_00015334_orig62746_62747_62748.png,0,0.5255979382904203,0.44113596968665975,0.7347977285950925
/root/New_CheckLiuliang_remote/datasets/toniot/test/normal/test_00015335_orig62749_62750_62751.png,0,0.654357744638799,0.612513585769156,0.7040456479718166
/root/New_CheckLiuliang_remote/datasets/toniot/test/normal/test_00015336_orig62752_62753_62754.png,0,0.547741305595325,0.44280062411814464,0.7943942109462455
/root/New_CheckLiuliang_remote/datasets/toniot/test/normal/test_00015337_orig62755_62756_62757.png,0,0.7006814942226691,0.6762130044976213,0.6882147440134585
/root/New_CheckLiuliang_remote/datasets/toniot/test/normal/test_00015338_orig62758_62759_62760.png,0,0.6338001413805416,0.5766534337103553,0.7287847335117424
/root/New_CheckLiuliang_remote/datasets/toniot/test/normal/test_00015339_orig62761_62762_62763.png,0,0.540573256630016,0.4616090132298453,0.7299585840465714
/root/New_CheckLiuliang_remote/datasets/toniot/test/normal/test_00015340_orig62764_62765_62766.png,0,0.5390604977202806,0.4595920833039912,0.7303279718055998
/root/New_CheckLiuliang_remote/datasets/toniot/test/normal/test_00015341_orig62767_62768_62769.png,0,0.5394453510753185,0.4601255872318799,0.7301864281330555
/root/New_CheckLiuliang_remote/datasets/toniot/test/normal/test_00015342_orig62770_62771_62772.png,0,0.5383434462605698,0.4586329979985118,0.7305101921063705
/root/New_CheckLiuliang_remote/datasets/toniot/test/normal/test_00015343_orig62773_62774_62775.png,0,0.5410104215949525,0.4623206911794526,0.7295512680801428
/root/New_CheckLiuliang_remote/datasets/toniot/test/normal/test_00015344_orig62776_62777_62778.png,0,0.5387379201460133,0.45918550715538387,0.7303518830667869
/root/New_CheckLiuliang_remote/datasets/toniot/test/normal/test_00015345_orig62779_62780_62781.png,0,0.539849831011965,0.4607799101154483,0.729819239110688
/root/New_CheckLiuliang_remote/datasets/toniot/test/normal/test_00015346_orig62782_62783_62784.png,0,0.5384727246410702,0.45879454244487,0.7305038707384705
/root/New_CheckLiuliang_remote/datasets/toniot/test/normal/test_00015347_orig62785_62786_62787.png,0,0.5389929406307938,0.45947397938102347,0.7304098747462177
/root/New_CheckLiuliang_remote/datasets/toniot/test/normal/test_00015348_orig62788_62789_62790.png,0,0.5374471603234495,0.4575897466789635,0.7303749698017262
/root/New_CheckLiuliang_remote/datasets/toniot/test/normal/test_00015349_orig62791_62792_62793.png,0,0.5371957462730188,0.4571852068048901,0.7305981415728058
/root/New_CheckLiuliang_remote/datasets/toniot/test/normal/test_00015350_orig62794_62795_62796.png,0,0.5377399032553611,0.4579311620424852,0.7304175703245308
/root/New_CheckLiuliang_remote/datasets/toniot/test/normal/test_00015351_orig62797_62798_62799.png,0,0.5397889716733912,0.4605250364196185,0.7302394726549992
/root/New_CheckLiuliang_remote/datasets/toniot/test/normal/test_00015352_orig62800_62801_62802.png,0,0.5375336424062582,0.4576752702093884,0.7304233420082656
/root/New_CheckLiuliang_remote/datasets/toniot/test/normal/test_00015353_orig62803_62804_62805.png,0,0.538154673698754,0.45844735763683553,0.7304021791679046
/root/New_CheckLiuliang_remote/datasets/toniot/test/normal/test_00015354_orig62806_62807_62808.png,0,0.5384153214061379,0.45868526237821594,0.7305942937836493
/root/New_CheckLiuliang_remote/datasets/toniot/test/normal/test_00015355_orig62809_62810_62811.png,0,0.5346690967380767,0.45376698062060555,0.7313305957229624
/root/New_CheckLiuliang_remote/datasets/toniot/test/normal/test_00015356_orig62812_62813_62814.png,0,0.531817856581642,0.44988787763347565,0.7322078916506548
/root/New_CheckLiuliang_remote/datasets/toniot/test/normal/test_00015357_orig62815_62816_62817.png,0,0.5371407830545515,0.457188939974869,0.7304318621128265
/root/New_CheckLiuliang_remote/datasets/toniot/test/normal/test_00015358_orig62818_62819_62820.png,0,0.5395685060266121,0.46035534687512464,0.730003383306037
/root/New_CheckLiuliang_remote/datasets/toniot/test/normal/test_00015359_orig62821_62822_62823.png,0,0.536183970934994,0.4558894574431349,0.7307209959837326
/root/New_CheckLiuliang_remote/datasets/toniot/test/normal/test_00015360_orig62824_62825_62826.png,0,0.5286798780637796,0.44551124490188976,0.7334240678662057
/root/New_CheckLiuliang_remote/datasets/toniot/test/normal/test_00015361_orig62827_62828_62829.png,0,0.5388287690044927,0.4593008960456397,0.7303430881201434
/root/New_CheckLiuliang_remote/datasets/toniot/test/normal/test_00015362_orig62830_62831_62832.png,0,0.5394020055015409,0.4601459499772192,0.730014651831424
/root/New_CheckLiuliang_remote/datasets/toniot/test/normal/test_00015363_orig62833_62834_62835.png,0,0.5355948871016664,0.45502811331528403,0.7310420115362216
/root/New_CheckLiuliang_remote/datasets/toniot/test/normal/test_00015364_orig62836_62837_62838.png,0,0.5365800639200116,0.4564222826128457,0.7306132578873493
/root/New_CheckLiuliang_remote/datasets/toniot/test/normal/test_00015365_orig62839_62840_62841.png,0,0.5384936535689385,0.45884510992912914,0.7304458790590397
/root/New_CheckLiuliang_remote/datasets/toniot/test/normal/test_00015366_orig62842_62843_62844.png,0,0.5395588889063376,0.46037910341135374,0.7299203809970886
/root/New_CheckLiuliang_remote/datasets/toniot/test/normal/test_00015367_orig62845_62846_62847.png,0,0.5331756590617311,0.451677084190619,0.731925628831814
/root/New_CheckLiuliang_remote/datasets/toniot/test/normal/test_00015368_orig62848_62849_62850.png,0,0.5285971906703647,0.44583840634367394,0.732423642685504
/root/New_CheckLiuliang_remote/datasets/toniot/test/normal/test_00015369_orig62851_62852_62853.png,0,0.536103494324439,0.4557163741077512,0.7308941464957772
/root/New_CheckLiuliang_remote/datasets/toniot/test/normal/test_00015370_orig62854_62855_62856.png,0,0.5324718210852081,0.4509671031364567,0.7315644863352639
/root/New_CheckLiuliang_remote/datasets/toniot/test/normal/test_00015371_orig62857_62858_62859.png,0,0.5257164158661612,0.44124796478602574,0.7348760585886365
/root/New_CheckLiuliang_remote/datasets/toniot/test/normal/test_00015372_orig62860_62861_62862.png,0,0.5291576367924489,0.4464160295531311,0.7326825439273229
/root/New_CheckLiuliang_remote/datasets/toniot/test/normal/test_00015373_orig62863_62864_62865.png,0,0.5389386576190608,0.45944886532843837,0.7303128554910562
/root/New_CheckLiuliang_remote/datasets/toniot/test/normal/test_00015374_orig62866_62867_62868.png,0,0.5370360685110165,0.45688960761838177,0.730830108290529
/root/New_CheckLiuliang_remote/datasets/toniot/test/normal/test_00015375_orig62869_62870_62871.png,0,0.5365086169183855,0.45615722754434623,0.731026895221678
/root/New_CheckLiuliang_remote/datasets/toniot/test/normal/test_00015376_orig62872_62873_62874.png,0,0.5250096114072784,0.44023491820539734,0.735213564666082
/root/New_CheckLiuliang_remote/datasets/toniot/test/normal/test_00015377_orig62875_62876_62877.png,0,0.5267173156754595,0.44273071202581316,0.7342856977951894
/root/New_CheckLiuliang_remote/datasets/toniot/test/normal/test_00015378_orig62878_62879_62880.png,0,0.5254691481215592,0.44114275726843954,0.7344126748373553
/root/New_CheckLiuliang_remote/datasets/toniot/test/normal/test_00015379_orig62881_62882_62883.png,0,0.5269148538704438,0.443178013665099,0.7338082970976951
/root/New_CheckLiuliang_remote/datasets/toniot/test/normal/test_00015380_orig62884_62885_62886.png,0,0.4714766104932338,0.4269621414141757,0.6127147993941381
/root/New_CheckLiuliang_remote/datasets/toniot/test/normal/test_00015381_orig62887_62888_62889.png,0,0.6866701564499879,0.5884129191437805,0.8529138620177311
/root/New_CheckLiuliang_remote/datasets/toniot/test/normal/test_00015382_orig62890_62891_62892.png,0,0.529727248235892,0.446971932500893,0.7330184009522729
/root/New_CheckLiuliang_remote/datasets/toniot/test/normal/test_00015383_orig62893_62894_62895.png,0,0.6663348593923439,0.6186801038160633,0.7239931366435131
/root/New_CheckLiuliang_remote/datasets/toniot/test/normal/test_00015384_orig62896_62897_62898.png,0,0.530290950490554,0.4479354297345292,0.7323862641622689
/root/New_CheckLiuliang_remote/datasets/toniot/test/normal/test_00015385_orig62899_62900_62901.png,0,0.6532271710848795,0.5769161131252317,0.7838652856035243
/root/New_CheckLiuliang_remote/datasets/toniot/test/normal/test_00015386_orig62902_62903_62904.png,0,0.6031332989731577,0.5452103004947298,0.7142362427108444
/root/New_CheckLiuliang_remote/datasets/toniot/test/normal/test_00015387_orig62905_62906_62907.png,0,0.7103689658766236,0.6925371386779318,0.6778971722322646
/root/New_CheckLiuliang_remote/datasets/toniot/test/normal/test_00015388_orig62908_62909_62910.png,0,0.5368736236728575,0.45687365680119935,0.7304016294837394
/root/New_CheckLiuliang_remote/datasets/toniot/test/normal/test_00015389_orig62911_62912_62913.png,0,0.532763496917937,0.45129460395732984,0.7316364949609079
/root/New_CheckLiuliang_remote/datasets/toniot/test/normal/test_00015390_orig62914_62915_62916.png,0,0.5384854298837211,0.45879589996122594,0.7305371266304663
/root/New_CheckLiuliang_remote/datasets/toniot/test/normal/test_00015391_orig62917_62918_62919.png,0,0.5244389114261124,0.43991148993359197,0.7343321461071505
/root/New_CheckLiuliang_remote/datasets/toniot/test/normal/test_00015392_orig62920_62921_62922.png,0,0.5258473342769034,0.4415377945280213,0.734575106508178
/root/New_CheckLiuliang_remote/datasets/toniot/test/normal/test_00015393_orig62923_62924_62925.png,0,0.5235714638951162,0.43860589857825616,0.7348917245873452
/root/New_CheckLiuliang_remote/datasets/toniot/test/normal/test_00015394_orig62926_62927_62928.png,0,0.5270393184201482,0.4436002012517998,0.7331800080968478
/root/New_CheckLiuliang_remote/datasets/toniot/test/normal/test_00015395_orig62929_62930_62931.png,0,0.5293837439691853,0.4468290539044292,0.7323670252164862
/root/New_CheckLiuliang_remote/datasets/toniot/test/normal/test_00015396_orig62932_62933_62934.png,0,0.5306803951490695,0.44853782761748245,0.7320971302913628
/root/New_CheckLiuliang_remote/datasets/toniot/test/normal/test_00015397_orig62935_62936_62937.png,0,0.5224107312113255,0.43708649839685804,0.7351093995167727
/root/New_CheckLiuliang_remote/datasets/toniot/test/normal/test_00015398_orig62938_62939_62940.png,0,0.5287038823752697,0.4454844339538597,0.7335554423816936
/root/New_CheckLiuliang_remote/datasets/toniot/test/normal/test_00015399_orig62941_62942_62943.png,0,0.5230052098964522,0.43690119741427075,0.7372460218669857
/root/New_CheckLiuliang_remote/datasets/toniot/test/normal/test_00015400_orig62944_62945_62946.png,0,0.5296715934245908,0.4470048522725248,0.7327820367612279
/root/New_CheckLiuliang_remote/datasets/toniot/test/normal/test_00015401_orig62947_62948_62949.png,0,0.5209104414523816,0.4346579016360617,0.7364750898252637
/root/New_CheckLiuliang_remote/datasets/toniot/test/normal/test_00015402_orig62950_62951_62952.png,0,0.5205342490391821,0.433931969764717,0.7370904612482283
/root/New_CheckLiuliang_remote/datasets/toniot/test/normal/test_00015403_orig62953_62954_62955.png,0,0.5956547784671202,0.5127924705355317,0.7684383995066035
/root/New_CheckLiuliang_remote/datasets/toniot/test/normal/test_00015404_orig62956_62957_62958.png,0,0.525560603148631,0.4414458227949056,0.7339677055056091
/root/New_CheckLiuliang_remote/datasets/toniot/test/normal/test_00015405_orig62959_62960_62961.png,0,0.5212001237399145,0.4355477536073876,0.7352292306647907
/root/New_CheckLiuliang_remote/datasets/toniot/test/normal/test_00015406_orig62962_62963_62964.png,0,0.5230500808776659,0.4376040515075643,0.7357346652547113
/root/New_CheckLiuliang_remote/datasets/toniot/test/normal/test_00015407_orig62965_62966_62967.png,0,0.5203320022695922,0.433376406196044,0.7378069745575936
/root/New_CheckLiuliang_remote/datasets/toniot/test/normal/test_00015408_orig62968_62969_62970.png,0,0.5244825761216048,0.43925580953366766,0.7359872451286302
/root/New_CheckLiuliang_remote/datasets/toniot/test/normal/test_00015409_orig62971_62972_62973.png,0,0.5202790038486418,0.4332301338086903,0.7379963407525121
/root/New_CheckLiuliang_remote/datasets/toniot/test/normal/test_00015410_orig62974_62975_62976.png,0,0.5212944889406957,0.43490395147557787,0.7370019620976278
/root/New_CheckLiuliang_remote/datasets/toniot/test/normal/test_00015411_orig62977_62978_62979.png,0,0.521580281494042,0.4360211874365255,0.7352143891923298
/root/New_CheckLiuliang_remote/datasets/toniot/test/normal/test_00015412_orig62980_62981_62982.png,0,0.5247494122476357,0.4404694291558878,0.7339204326674001
/root/New_CheckLiuliang_remote/datasets/toniot/test/normal/test_00015413_orig62983_62984_62985.png,0,0.5311076736643392,0.4487869318687994,0.7327408104488363
/root/New_CheckLiuliang_remote/datasets/toniot/test/normal/test_00015414_orig62986_62987_62988.png,0,0.5270789920242712,0.44333209177149946,0.7339193332990697
/root/New_CheckLiuliang_remote/datasets/toniot/test/normal/test_00015415_orig62989_62990_62991.png,0,0.5264877341507276,0.4423726670869311,0.734462970938473
/root/New_CheckLiuliang_remote/datasets/toniot/test/normal/test_00015416_orig62992_62993_62994.png,0,0.5321374838414312,0.44999376390923984,0.7328771321218112
/root/New_CheckLiuliang_remote/datasets/toniot/test/normal/test_00015417_orig62995_62996_62997.png,0,0.5207528853089468,0.4348048527815934,0.7356805213644371
/root/New_CheckLiuliang_remote/datasets/toniot/test/normal/test_00015418_orig62998_62999_63000.png,0,0.5205052173802874,0.4335742642049239,0.7378418795020851
/root/New_CheckLiuliang_remote/datasets/toniot/test/normal/test_00015419_orig63001_63002_63003.png,0,0.5227068667310584,0.43743538010033745,0.7351443044612642
/root/New_CheckLiuliang_remote/datasets/toniot/test/normal/test_00015420_orig63004_63005_63006.png,0,0.5208337468494535,0.4343663749986213,0.736935450313636
/root/New_CheckLiuliang_remote/datasets/toniot/test/normal/test_00015421_orig63007_63008_63009.png,0,0.5239706424871592,0.437529388107987,0.7385479488123111
/root/New_CheckLiuliang_remote/datasets/toniot/test/normal/test_00015422_orig63010_63011_63012.png,0,0.5232603306466865,0.43838971409857097,0.7345041972508646
/root/New_CheckLiuliang_remote/datasets/toniot/test/normal/test_00015423_orig63013_63014_63015.png,0,0.5239414516837955,0.43863949710806593,0.7358740101905947
/root/New_CheckLiuliang_remote/datasets/toniot/test/normal/test_00015424_orig63016_63017_63018.png,0,0.521335337859438,0.4342893359454211,0.7385531708118808
/root/New_CheckLiuliang_remote/datasets/toniot/test/normal/test_00015425_orig63019_63020_63021.png,0,0.5218148072463596,0.4350631202683131,0.7381222184263477
/root/New_CheckLiuliang_remote/datasets/toniot/test/normal/test_00015426_orig63022_63023_63024.png,0,0.5275382491977619,0.44348243670792103,0.7348851283773625
/root/New_CheckLiuliang_remote/datasets/toniot/test/normal/test_00015427_orig63025_63026_63027.png,0,0.5201747130231723,0.43346396600100284,0.7371517510326504
/root/New_CheckLiuliang_remote/datasets/toniot/test/normal/test_00015428_orig63028_63029_63030.png,0,0.5199555913680434,0.43343138560846006,0.7365995932886862
/root/New_CheckLiuliang_remote/datasets/toniot/test/normal/test_00015429_orig63031_63032_63033.png,0,0.5265248487656872,0.44276091676473306,0.7336634553201594
/root/New_CheckLiuliang_remote/datasets/toniot/test/normal/test_00015430_orig63034_63035_63036.png,0,0.5203116842541066,0.43380198757363464,0.7367557035916088
/root/New_CheckLiuliang_remote/datasets/toniot/test/normal/test_00015431_orig63037_63038_63039.png,0,0.520258368413012,0.4334822924718082,0.737348812805882
/root/New_CheckLiuliang_remote/datasets/toniot/test/normal/test_00015432_orig63040_63041_63042.png,0,0.522644147578226,0.43730166473927623,0.7352765035029998
/root/New_CheckLiuliang_remote/datasets/toniot/test/normal/test_00015433_orig63043_63044_63045.png,0,0.5297728416340909,0.4470303057041989,0.7330129041106206
/root/New_CheckLiuliang_remote/datasets/toniot/test/normal/test_00015434_orig63046_63047_63048.png,0,0.5204557482823237,0.43437723512946885,0.7358264625103031
/root/New_CheckLiuliang_remote/datasets/toniot/test/normal/test_00015435_orig63049_63050_63051.png,0,0.525496511408436,0.44044431510330273,0.7361208183807789
/root/New_CheckLiuliang_remote/datasets/toniot/test/normal/test_00015436_orig63052_63053_63054.png,0,0.6912002505653806,0.6212057629963101,0.7893841146223408
/root/New_CheckLiuliang_remote/datasets/toniot/test/normal/test_00015437_orig63055_63056_63057.png,0,0.665298746021832,0.6182355172094893,0.7220601722765142
/root/New_CheckLiuliang_remote/datasets/toniot/test/normal/test_00015438_orig63058_63059_63060.png,0,0.5997538242625389,0.5393105344117669,0.7183140746905347
/root/New_CheckLiuliang_remote/datasets/toniot/test/normal/test_00015439_orig63061_63062_63063.png,0,0.5303556711265592,0.4477494499937639,0.7330057582164727
/root/New_CheckLiuliang_remote/datasets/toniot/test/normal/test_00015440_orig63064_63065_63066.png,0,0.63709181928196,0.6396866512871376,0.5911438185404622
/root/New_CheckLiuliang_remote/datasets/toniot/test/normal/test_00015441_orig63067_63068_63069.png,0,0.5330018732744016,0.4515362418686891,0.7317560512668434
/root/New_CheckLiuliang_remote/datasets/toniot/test/normal/test_00015442_orig63070_63071_63072.png,0,0.6371699214493466,0.6398247785763557,0.5910454250748876
/root/New_CheckLiuliang_remote/datasets/toniot/test/normal/test_00015443_orig63073_63074_63075.png,0,0.5486889769362868,0.44108065089515475,0.8011242690231261
/root/New_CheckLiuliang_remote/datasets/toniot/test/normal/test_00015444_orig63076_63077_63078.png,0,0.5297540748074848,0.4460980313467496,0.7351344101462902
/root/New_CheckLiuliang_remote/datasets/toniot/test/normal/test_00015445_orig63079_63080_63081.png,0,0.526197277176528,0.44132873700920483,0.7360661248063394
/root/New_CheckLiuliang_remote/datasets/toniot/test/normal/test_00015446_orig63082_63083_63084.png,0,0.5201697304203659,0.4339553869218571,0.7359908180757041
/root/New_CheckLiuliang_remote/datasets/toniot/test/normal/test_00015447_orig63085_63086_63087.png,0,0.5253329301577472,0.44106232442434945,0.7342098413803889
/root/New_CheckLiuliang_remote/datasets/toniot/test/normal/test_00015448_orig63088_63089_63090.png,0,0.5204997683982794,0.4341138769564144,0.7365671619229381
/root/New_CheckLiuliang_remote/datasets/toniot/test/normal/test_00015449_orig63091_63092_63093.png,0,0.5199201400254059,0.43306214115964137,0.7373595316471039
/root/New_CheckLiuliang_remote/datasets/toniot/test/normal/test_00015450_orig63094_63095_63096.png,0,0.5248798059130496,0.4396175876425286,0.7362818758411885
/root/New_CheckLiuliang_remote/datasets/toniot/test/normal/test_00015451_orig63097_63098_63099.png,0,0.5285005117729477,0.44514810927667287,0.7337571764703296
/root/New_CheckLiuliang_remote/datasets/toniot/test/normal/test_00015452_orig63100_63101_63102.png,0,0.5293312959990227,0.4463148945846127,0.7334163722878927
/root/New_CheckLiuliang_remote/datasets/toniot/test/normal/test_00015453_orig63103_63104_63105.png,0,0.5200750469926498,0.4336428187808994,0.7364487049853331
/root/New_CheckLiuliang_remote/datasets/toniot/test/normal/test_00015454_orig63106_63107_63108.png,0,0.5210706354878771,0.43472951062383813,0.7367672469590785
/root/New_CheckLiuliang_remote/datasets/toniot/test/normal/test_00015455_orig63109_63110_63111.png,0,0.5243937215771203,0.4396467742441816,0.7348202656458666
/root/New_CheckLiuliang_remote/datasets/toniot/test/normal/test_00015456_orig63112_63113_63114.png,0,0.4979484026492218,0.3837527351833453,0.7894261654609802
/root/New_CheckLiuliang_remote/datasets/toniot/test/normal/test_00015457_orig63115_63116_63117.png,0,0.5215777193606896,0.4346344844789216,0.7384426842946714
/root/New_CheckLiuliang_remote/datasets/toniot/test/normal/test_00015458_orig63118_63119_63120.png,0,0.5207278367844487,0.43395979885001396,0.7375805046815226
/root/New_CheckLiuliang_remote/datasets/toniot/test/normal/test_00015459_orig63121_63122_63123.png,0,0.5236206032280787,0.4379899255317434,0.736469867825694
/root/New_CheckLiuliang_remote/datasets/toniot/test/normal/test_00015460_orig63124_63125_63126.png,0,0.5213947853596443,0.43430053545535763,0.7386974629052512
/root/New_CheckLiuliang_remote/datasets/toniot/test/normal/test_00015461_orig63127_63128_63129.png,0,0.5211098834184277,0.43493415621449777,0.7364022566733719
/root/New_CheckLiuliang_remote/datasets/toniot/test/normal/test_00015462_orig63130_63131_63132.png,0,0.5285301008998412,0.44545490797311776,0.7331261390486561
/root/New_CheckLiuliang_remote/datasets/toniot/test/normal/test_00015463_orig63133_63134_63135.png,0,0.5215622577611524,0.434789580722589,0.7380364676965733
/root/New_CheckLiuliang_remote/datasets/toniot/test/normal/test_00015464_orig63136_63137_63138.png,0,0.521330780638276,0.43479093823894494,0.7373697008041604
/root/New_CheckLiuliang_remote/datasets/toniot/test/normal/test_00015465_orig63139_63140_63141.png,0,0.5202826084414601,0.43326271420123313,0.7379306534947683
/root/New_CheckLiuliang_remote/datasets/toniot/test/normal/test_00015466_orig63142_63143_63144.png,0,0.5221162296063934,0.43661747649587695,0.7353595058119481
/root/New_CheckLiuliang_remote/datasets/toniot/test/normal/test_00015467_orig63145_63146_63147.png,0,0.5227444709413139,0.43614879397398487,0.7382541426260006
/root/New_CheckLiuliang_remote/datasets/toniot/test/normal/test_00015468_orig63148_63149_63150.png,0,0.5216332536496887,0.4350366486993721,0.7376635069904709
/root/New_CheckLiuliang_remote/datasets/toniot/test/normal/test_00015469_orig63151_63152_63153.png,0,0.5246621093239197,0.43967969401581336,0.7355128676940447
/root/New_CheckLiuliang_remote/datasets/toniot/test/normal/test_00015470_orig63154_63155_63156.png,0,0.49598202629241295,0.38169168597592273,0.7885980662660752
/root/New_CheckLiuliang_remote/datasets/toniot/test/normal/test_00015471_orig63157_63158_63159.png,0,0.5294517868569294,0.4464268896839787,0.7335004739651715
/root/New_CheckLiuliang_remote/datasets/toniot/test/normal/test_00015472_orig63160_63161_63162.png,0,0.5307060977929507,0.44859755833714426,0.732031443033619
/root/New_CheckLiuliang_remote/datasets/toniot/test/normal/test_00015473_orig63163_63164_63165.png,0,0.5315900355904583,0.4493659125946125,0.7327726921304192
/root/New_CheckLiuliang_remote/datasets/toniot/test/normal/test_00015474_orig63166_63167_63168.png,0,0.5226191788963866,0.437114327482155,0.7356420434728715
/root/New_CheckLiuliang_remote/datasets/toniot/test/normal/test_00015475_orig63169_63170_63171.png,0,0.5221117946280999,0.4357323758317969,0.7374120264848825
/root/New_CheckLiuliang_remote/datasets/toniot/test/normal/test_00015476_orig63172_63173_63174.png,0,0.5213683963555963,0.43430698365804843,0.7386067650179898
/root/New_CheckLiuliang_remote/datasets/toniot/test/normal/test_00015477_orig63175_63176_63177.png,0,0.5230285250094944,0.4377350518359136,0.7353672013902612
/root/New_CheckLiuliang_remote/datasets/toniot/test/normal/test_00015478_orig63178_63179_63180.png,0,0.525466663087564,0.440493864450295,0.7359196339763081
/root/New_CheckLiuliang_remote/datasets/toniot/test/normal/test_00015479_orig63181_63182_63183.png,0,0.5239774727633056,0.4391689284868868,0.7347419356523226
/root/New_CheckLiuliang_remote/datasets/toniot/test/normal/test_00015480_orig63184_63185_63186.png,0,0.5225797566882263,0.4374435251984731,0.7347608997560227
/root/New_CheckLiuliang_remote/datasets/toniot/test/normal/test_00015481_orig63187_63188_63189.png,0,0.5203228776348664,0.43396556829452676,0.7364061044625284
/root/New_CheckLiuliang_remote/datasets/toniot/test/normal/test_00015482_orig63190_63191_63192.png,0,0.5213225119995057,0.43543745540346657,0.7358374561936075
/root/New_CheckLiuliang_remote/datasets/toniot/test/normal/test_00015483_orig63193_63194_63195.png,0,0.5250157779295105,0.4397625025135264,0.7363335461527193
/root/New_CheckLiuliang_remote/datasets/toniot/test/normal/test_00015484_orig63196_63197_63198.png,0,0.5286405291889396,0.4457868207221478,0.7326682521390272
/root/New_CheckLiuliang_remote/datasets/toniot/test/normal/test_00015485_orig63199_63200_63201.png,0,0.52419054910433,0.439218817212968,0.7352363765589387
/root/New_CheckLiuliang_remote/datasets/toniot/test/normal/test_00015486_orig63202_63203_63204.png,0,0.5211838276589454,0.43482759118055564,0.7368628920038269
/root/New_CheckLiuliang_remote/datasets/toniot/test/normal/test_00015487_orig63205_63206_63207.png,0,0.5279672951308194,0.44488475110361836,0.7328430517035674
/root/New_CheckLiuliang_remote/datasets/toniot/test/normal/test_00015488_orig63208_63209_63210.png,0,0.5201125839280383,0.43308691583313746,0.7378534228695547
/root/New_CheckLiuliang_remote/datasets/toniot/test/normal/test_00015489_orig63211_63212_63213.png,0,0.5228701776366096,0.4371197575475788,0.7363489373093455
/root/New_CheckLiuliang_remote/datasets/toniot/test/normal/test_00015490_orig63214_63215_63216.png,0,0.5199775830831932,0.43338455129417974,0.7367719192744828
/root/New_CheckLiuliang_remote/datasets/toniot/test/normal/test_00015491_orig63217_63218_63219.png,0,0.5295385553387821,0.44706967367852146,0.732249392805129
/root/New_CheckLiuliang_remote/datasets/toniot/test/normal/test_00015492_orig63220_63221_63222.png,0,0.47148869175482755,0.4271535512203648,0.6123028111123051
/root/New_CheckLiuliang_remote/datasets/toniot/test/normal/test_00015493_orig63223_63224_63225.png,0,0.5312236533153633,0.4492905704368573,0.731898144623553
/root/New_CheckLiuliang_remote/datasets/toniot/test/normal/test_00015494_orig63226_63227_63228.png,0,0.572590597288128,0.4817056853633435,0.7748537633988951
/root/New_CheckLiuliang_remote/datasets/toniot/test/normal/test_00015495_orig63229_63230_63231.png,0,0.6385808174734615,0.5805827648026552,0.7333215517693921
/root/New_CheckLiuliang_remote/datasets/toniot/test/normal/test_00015496_orig63232_63233_63234.png,0,0.6289376646890708,0.6223549005916226,0.6082082137655757
/root/New_CheckLiuliang_remote/datasets/toniot/test/normal/test_00015497_orig63235_63236_63237.png,0,0.5208284645819797,0.43473528006835094,0.7360595285963567
/root/New_CheckLiuliang_remote/datasets/toniot/test/normal/test_00015498_orig63238_63239_63240.png,0,0.539516995757728,0.43284358102633325,0.7940498338167348
/root/New_CheckLiuliang_remote/datasets/toniot/test/normal/test_00015499_orig63241_63242_63243.png,0,0.7076411374970609,0.6892173324294537,0.6778232397120425
/root/New_CheckLiuliang_remote/datasets/toniot/test/normal/test_00015500_orig63244_63245_63246.png,0,0.5201522435617172,0.4334164529285446,0.7371981993446116
/root/New_CheckLiuliang_remote/datasets/toniot/test/normal/test_00015501_orig63247_63248_63249.png,0,0.5299979210836149,0.447608268292745,0.7323095832212206
/root/New_CheckLiuliang_remote/datasets/toniot/test/normal/test_00015502_orig63250_63251_63252.png,0,0.5311400070761941,0.4489576395505603,0.7324351860529736
/root/New_CheckLiuliang_remote/datasets/toniot/test/normal/test_00015503_orig63253_63254_63255.png,0,0.510691202388186,0.4093945222518142,0.7661264279076849
/root/New_CheckLiuliang_remote/datasets/toniot/test/normal/test_00015504_orig63256_63257_63258.png,0,0.6010422053762455,0.4958791742567386,0.8233474501388365
/root/New_CheckLiuliang_remote/datasets/toniot/test/normal/test_00015505_orig63259_63260_63261.png,0,0.5283740457780621,0.4447598595988709,0.7343005392676503
/root/New_CheckLiuliang_remote/datasets/toniot/test/normal/test_00015506_orig63262_63263_63264.png,0,0.4833007813037704,0.3789359277733423,0.7586735351535392
/root/New_CheckLiuliang_remote/datasets/toniot/test/normal/test_00015507_orig63265_63266_63267.png,0,0.5265417486208629,0.44283727705975534,0.7335337298571674
/root/New_CheckLiuliang_remote/datasets/toniot/test/normal/test_00015508_orig63268_63269_63270.png,0,0.5207440518670529,0.43415086927711405,0.7371811591354898
/root/New_CheckLiuliang_remote/datasets/toniot/test/normal/test_00015509_orig63271_63272_63273.png,0,0.5212610493116244,0.4343432972205701,0.7382142905240222
/root/New_CheckLiuliang_remote/datasets/toniot/test/normal/test_00015510_orig63274_63275_63276.png,0,0.5209509551195193,0.4343904709139394,0.7372152395537334
/root/New_CheckLiuliang_remote/datasets/toniot/test/normal/test_00015511_orig63277_63278_63279.png,0,0.5212917724446561,0.43498777811055783,0.736798578956496
/root/New_CheckLiuliang_remote/datasets/toniot/test/normal/test_00015512_orig63280_63281_63282.png,0,0.5236922352905622,0.4388295493978991,0.7347161004965572
/root/New_CheckLiuliang_remote/datasets/toniot/test/normal/test_00015513_orig63283_63284_63285.png,0,0.5213560644478428,0.43526606896352776,0.7363335461527193
/root/New_CheckLiuliang_remote/datasets/toniot/test/normal/test_00015514_orig63286_63287_63288.png,0,0.5202490555612338,0.43325694475672033,0.7378479260279025
/root/New_CheckLiuliang_remote/datasets/toniot/test/normal/test_00015515_orig63289_63290_63291.png,0,0.5241497644252251,0.4396657794731649,0.7340765429703229
/root/New_CheckLiuliang_remote/datasets/toniot/test/normal/test_00015516_orig63292_63293_63294.png,0,0.5235498115845152,0.43789965069407266,0.7364775634040072
/root/New_CheckLiuliang_remote/datasets/toniot/test/normal/test_00015517_orig63295_63296_63297.png,0,0.5234978505943022,0.4382539624629759,0.7355018740107403
/root/New_CheckLiuliang_remote/datasets/toniot/test/normal/test_00015518_orig63298_63299_63300.png,0,0.5298573516292397,0.4472889125700075,0.7326517616140706
/root/New_CheckLiuliang_remote/datasets/toniot/test/normal/test_00015519_orig63301_63302_63303.png,0,0.5204649018426817,0.4337500625730195,0.7373161065980515
/root/New_CheckLiuliang_remote/datasets/toniot/test/normal/test_00015520_orig63304_63305_63306.png,0,0.5194209014292036,0.4327261558615435,0.7367122785425564
/root/New_CheckLiuliang_remote/datasets/toniot/test/normal/test_00015521_orig63307_63308_63309.png,0,0.5208675951394331,0.43395470816367915,0.7379930426475207
/root/New_CheckLiuliang_remote/datasets/toniot/test/normal/test_00015522_orig63310_63311_63312.png,0,0.5258341247756969,0.4421687002544495,0.7330651241063166
/root/New_CheckLiuliang_remote/datasets/toniot/test/normal/test_00015523_orig63313_63314_63315.png,0,0.5251497946360347,0.4406343673931359,0.7346833942887265
/root/New_CheckLiuliang_remote/datasets/toniot/test/normal/test_00015524_orig63316_63317_63318.png,0,0.5254661444576766,0.4396006186880792,0.7380023872783296
/root/New_CheckLiuliang_remote/datasets/toniot/test/normal/test_00015525_orig63319_63320_63321.png,0,0.5217711849200752,0.435620380732431,0.7366968873859302
/root/New_CheckLiuliang_remote/datasets/toniot/test/normal/test_00015526_orig63322_63323_63324.png,0,0.5267432404907532,0.44171223537976095,0.7367364646458261
/root/New_CheckLiuliang_remote/datasets/toniot/test/normal/test_00015527_orig63325_63326_63327.png,0,0.5279417125583554,0.44435565910388647,0.7340042595025963
/root/New_CheckLiuliang_remote/datasets/toniot/test/normal/test_00015528_orig63328_63329_63330.png,0,0.5243787286302052,0.4397821865006877,0.7344613218859773
/root/New_CheckLiuliang_remote/datasets/toniot/test/normal/test_00015529_orig63331_63332_63333.png,0,0.519724142269029,0.4333261780908738,0.7361815584810357
/root/New_CheckLiuliang_remote/datasets/toniot/test/normal/test_00015530_orig63334_63335_63336.png,0,0.5233760895289505,0.43798551360358656,0.7357791896720941
/root/New_CheckLiuliang_remote/datasets/toniot/test/normal/test_00015531_orig63337_63338_63339.png,0,0.5228307160184874,0.43755585967692806,0.7352182369814864
/root/New_CheckLiuliang_remote/datasets/toniot/test/normal/test_00015532_orig63340_63341_63342.png,0,0.5227329509517475,0.4364121521470394,0.7376066146793706
/root/New_CheckLiuliang_remote/datasets/toniot/test/normal/test_00015533_orig63343_63344_63345.png,0,0.47937972056491235,0.3741309986314538,0.7586441270506998
/root/New_CheckLiuliang_remote/datasets/toniot/test/normal/test_00015534_orig63346_63347_63348.png,0,0.5275459228450847,0.4442195680892024,0.7331871539909957
/root/New_CheckLiuliang_remote/datasets/toniot/test/normal/test_00015535_orig63349_63350_63351.png,0,0.5310586099951057,0.4489491550733356,0.7322216337547853
/root/New_CheckLiuliang_remote/datasets/toniot/test/normal/test_00015536_orig63352_63353_63354.png,0,0.5225513034279983,0.43718288205813055,0.7352874971863042
/root/New_CheckLiuliang_remote/datasets/toniot/test/normal/test_00015537_orig63355_63356_63357.png,0,0.5225265900791213,0.43656215770437196,0.7366650057043475
/root/New_CheckLiuliang_remote/datasets/toniot/test/normal/test_00015538_orig63358_63359_63360.png,0,0.5387098111740853,0.4591203463702982,0.7304233420082656
/root/New_CheckLiuliang_remote/datasets/toniot/test/normal/test_00015539_orig63361_63362_63363.png,0,0.5349639759068338,0.4542190335671372,0.7311211660560134
/root/New_CheckLiuliang_remote/datasets/toniot/test/normal/test_00015540_orig63364_63365_63366.png,0,0.5290418336164716,0.44597856990742585,0.7333712981863446
/root/New_CheckLiuliang_remote/datasets/toniot/test/normal/test_00015541_orig63367_63368_63369.png,0,0.5258850167042306,0.4411461510593294,0.7355969693713235
/root/New_CheckLiuliang_remote/datasets/toniot/test/normal/test_00015542_orig63370_63371_63372.png,0,0.5262319204429986,0.4426136262401124,0.7331673653610477
/root/New_CheckLiuliang_remote/datasets/toniot/test/normal/test_00015543_orig63373_63374_63375.png,0,0.5293455524755347,0.44633288167632906,0.7334152729195622
/root/New_CheckLiuliang_remote/datasets/toniot/test/normal/test_00015544_orig63376_63377_63378.png,0,0.5244299795482903,0.4397119350292672,0.7347721682814097
/root/New_CheckLiuliang_remote/datasets/toniot/test/normal/test_00015545_orig63379_63380_63381.png,0,0.5259438216870982,0.44203091234432046,0.733701108685477
/root/New_CheckLiuliang_remote/datasets/toniot/test/normal/test_00015546_orig63382_63383_63384.png,0,0.535966976226079,0.4556220267210126,0.730722919878311
/root/New_CheckLiuliang_remote/datasets/toniot/test/normal/test_00015547_orig63385_63386_63387.png,0,0.5301072263397816,0.4472821249882278,0.7333839409221447
/root/New_CheckLiuliang_remote/datasets/toniot/test/normal/test_00015548_orig63388_63389_63390.png,0,0.5199647047946224,0.4332168980242198,0.7371261907189677
/root/New_CheckLiuliang_remote/datasets/toniot/test/normal/test_00015549_orig63391_63392_63393.png,0,0.5374840108846913,0.4537795376468981,0.7393711008497292
/root/New_CheckLiuliang_remote/datasets/toniot/test/normal/test_00015550_orig63394_63395_63396.png,0,0.6503804027164019,0.5659684224726651,0.8012487724865486
/root/New_CheckLiuliang_remote/datasets/toniot/test/normal/test_00015551_orig63397_63398_63399.png,0,0.6266110822811127,0.5827432520831513,0.6939655397499982
/root/New_CheckLiuliang_remote/datasets/toniot/test/normal/test_00015552_orig63400_63401_63402.png,0,0.5808523479695733,0.49448161116828704,0.7687280830616748
/root/New_CheckLiuliang_remote/datasets/toniot/test/normal/test_00015553_orig63403_63404_63405.png,0,0.7187605926575275,0.6630220180668458,0.7708229294153311
/root/New_CheckLiuliang_remote/datasets/toniot/test/normal/test_00015554_orig63406_63407_63408.png,0,0.6105475966345096,0.5538872056628795,0.7152454628381898
/root/New_CheckLiuliang_remote/datasets/toniot/test/normal/test_00015555_orig63409_63410_63411.png,0,0.6808710793663934,0.6576476108136359,0.6747414354397322
/root/New_CheckLiuliang_remote/datasets/toniot/test/normal/test_00015556_orig63412_63413_63414.png,0,0.6147668395817882,0.5527048089168461,0.7301001277191158
/root/New_CheckLiuliang_remote/datasets/toniot/test/normal/test_00015557_orig63415_63416_63417.png,0,0.533798105386781,0.45264702962694603,0.7314468539239066
/root/New_CheckLiuliang_remote/datasets/toniot/test/normal/test_00015558_orig63418_63419_63420.png,0,0.4246469759043371,0.3297313899355434,0.7053352070234246
/root/New_CheckLiuliang_remote/datasets/toniot/test/normal/test_00015559_orig63421_63422_63423.png,0,0.5661638106704692,0.4874924382096735,0.7429270077145425
/root/New_CheckLiuliang_remote/datasets/toniot/test/normal/test_00015560_orig63424_63425_63426.png,0,0.7139982798850147,0.656482183022052,0.7724299310723541
/root/New_CheckLiuliang_remote/datasets/toniot/test/normal/test_00015561_orig63427_63428_63429.png,0,0.503554289373221,0.535350659201458,0.4517686500279102
/root/New_CheckLiuliang_remote/datasets/toniot/test/normal/test_00015562_orig63430_63431_63432.png,0,0.5314332837831395,0.44932315082940005,0.7324230930013388
/root/New_CheckLiuliang_remote/datasets/toniot/test/normal/test_00015563_orig63433_63434_63435.png,0,0.5298169163121449,0.4474511357745437,0.7321573207074545
/root/New_CheckLiuliang_remote/datasets/toniot/test/normal/test_00015564_orig63436_63437_63438.png,0,0.5349863904952669,0.45420817343628966,0.7312107645749444
/root/New_CheckLiuliang_remote/datasets/toniot/test/normal/test_00015565_orig63439_63440_63441.png,0,0.5289090302888634,0.4462107052042935,0.7324489281571042
/root/New_CheckLiuliang_remote/datasets/toniot/test/normal/test_00015566_orig63442_63443_63444.png,0,0.5302871225256354,0.44773519607202644,0.7328425020194022
/root/New_CheckLiuliang_remote/datasets/toniot/test/normal/test_00015567_orig63445_63446_63447.png,0,0.5242856309435652,0.4385736575648023,0.7370143299913452
/root/New_CheckLiuliang_remote/datasets/toniot/test/normal/test_00015568_orig63448_63449_63450.png,0,0.5222396227450143,0.43691443319874124,0.7350203506820069
/root/New_CheckLiuliang_remote/datasets/toniot/test/normal/test_00015569_orig63451_63452_63453.png,0,0.5269171007361076,0.4436168308271602,0.7327908317078714
/root/New_CheckLiuliang_remote/datasets/toniot/test/normal/test_00015570_orig63454_63455_63456.png,0,0.5320693956632248,0.4502001063953444,0.7322004709144243
/root/New_CheckLiuliang_remote/datasets/toniot/test/normal/test_00015571_orig63457_63458_63459.png,0,0.5267786998923327,0.4431271068017509,0.733536753120076
/root/New_CheckLiuliang_remote/datasets/toniot/test/normal/test_00015572_orig63460_63461_63462.png,0,0.5222065817883884,0.43685911440723624,0.7350547059423331
/root/New_CheckLiuliang_remote/datasets/toniot/test/normal/test_00015573_orig63463_63464_63465.png,0,0.5358906411775624,0.4554598035164764,0.7308826031283076
/root/New_CheckLiuliang_remote/datasets/toniot/test/normal/test_00015574_orig63466_63467_63468.png,0,0.5378254357450555,0.4579878383503461,0.7305305304204837
/root/New_CheckLiuliang_remote/datasets/toniot/test/normal/test_00015575_orig63469_63470_63471.png,0,0.5272529759221367,0.4435241803358665,0.73396990424227
/root/New_CheckLiuliang_remote/datasets/toniot/test/normal/test_00015576_orig63472_63473_63474.png,0,0.5226514545329609,0.43678954169399375,0.736492404876468
/root/New_CheckLiuliang_remote/datasets/toniot/test/normal/test_00015577_orig63475_63476_63477.png,0,0.5273642745145447,0.4442073504419988,0.7326949118210404
/root/New_CheckLiuliang_remote/datasets/toniot/test/normal/test_00015578_orig63478_63479_63480.png,0,0.5240733306038706,0.4390664360020125,0.7352558903468039
/root/New_CheckLiuliang_remote/datasets/toniot/test/normal/test_00015579_orig63481_63482_63483.png,0,0.5254054764543581,0.440685953014662,0.7352960172908651
/root/New_CheckLiuliang_remote/datasets/toniot/test/normal/test_00015580_orig63484_63485_63486.png,0,0.5231987499068727,0.43799060428992137,0.7352589136097127
/root/New_CheckLiuliang_remote/datasets/toniot/test/normal/test_00015581_orig63487_63488_63489.png,0,0.5229980516658342,0.4372460065686823,0.7364209459349894
/root/New_CheckLiuliang_remote/datasets/toniot/test/normal/test_00015582_orig63490_63491_63492.png,0,0.5353214674226291,0.4548394185418068,0.7306984589329586
/root/New_CheckLiuliang_remote/datasets/toniot/test/normal/test_00015583_orig63493_63494_63495.png,0,0.5345943552736333,0.45366584565208723,0.7313523082474886
/root/New_CheckLiuliang_remote/datasets/toniot/test/normal/test_00015584_orig63496_63497_63498.png,0,0.5308037767046422,0.44860366716074607,0.7322972153275032
/root/New_CheckLiuliang_remote/datasets/toniot/test/normal/test_00015585_orig63499_63500_63501.png,0,0.5354213586477878,0.45482244958735746,0.7310244216429345
/root/New_CheckLiuliang_remote/datasets/toniot/test/normal/test_00015586_orig63502_63503_63504.png,0,0.5323504808356635,0.4507946985592509,0.7316189050676207
/root/New_CheckLiuliang_remote/datasets/toniot/test/normal/test_00015587_orig63505_63506_63507.png,0,0.5301915300514772,0.4473011302172111,0.7335812775374589
/root/New_CheckLiuliang_remote/datasets/toniot/test/normal/test_00015588_orig63508_63509_63510.png,0,0.5324876882534365,0.4508313515008616,0.7319267282001444
/root/New_CheckLiuliang_remote/datasets/toniot/test/normal/test_00015589_orig63511_63512_63513.png,0,0.5350268713377644,0.4541874713118614,0.7313751201403453
/root/New_CheckLiuliang_remote/datasets/toniot/test/normal/test_00015590_orig63514_63515_63516.png,0,0.5292265654655588,0.4463875217096561,0.7329466671687115
/root/New_CheckLiuliang_remote/datasets/toniot/test/normal/test_00015591_orig63517_63518_63519.png,0,0.5263330087962181,0.44260955369104454,0.7334666683890104
/root/New_CheckLiuliang_remote/datasets/toniot/test/normal/test_00015592_orig63520_63521_63522.png,0,0.5332166488305911,0.4518841054349016,0.7315600888619421
/root/New_CheckLiuliang_remote/datasets/toniot/test/normal/test_00015593_orig63523_63524_63525.png,0,0.5346139823061272,0.4538209418957546,0.731046683851626
/root/New_CheckLiuliang_remote/datasets/toniot/test/normal/test_00015594_orig63526_63527_63528.png,0,0.5309874014537388,0.44841123921729,0.7332726298786875
/root/New_CheckLiuliang_remote/datasets/toniot/test/normal/test_00015595_orig63529_63530_63531.png,0,0.5250293307412633,0.43983003895223494,0.7362148143730316
/root/New_CheckLiuliang_remote/datasets/toniot/test/normal/test_00015596_orig63532_63533_63534.png,0,0.5299921822924316,0.44754785881490516,0.7324340866846432
/root/New_CheckLiuliang_remote/datasets/toniot/test/normal/test_00015597_orig63535_63536_63537.png,0,0.5263275325901486,0.4423784365314439,0.7339902425563831
/root/New_CheckLiuliang_remote/datasets/toniot/test/normal/test_00015598_orig63538_63539_63540.png,0,0.5240724848193126,0.4392802448280748,0.7347545783881226
/root/New_CheckLiuliang_remote/datasets/toniot/test/normal/test_00015599_orig63541_63542_63543.png,0,0.5328601720303214,0.45133634758527535,0.731816241682935
/root/New_CheckLiuliang_remote/datasets/toniot/test/normal/test_00015600_orig63544_63545_63546.png,0,0.5325913560186148,0.4507132475778939,0.7324994991003044
/root/New_CheckLiuliang_remote/datasets/toniot/test/normal/test_00015601_orig63547_63548_63549.png,0,0.5221615327065406,0.4363273073747925,0.7361664421664922
/root/New_CheckLiuliang_remote/datasets/toniot/test/normal/test_00015602_orig63550_63551_63552.png,0,0.5218475000986511,0.4362204029617613,0.7355156161148708
/root/New_CheckLiuliang_remote/datasets/toniot/test/normal/test_00015603_orig63553_63554_63555.png,0,0.6440071650093789,0.5900819855034222,0.7267129738930254
/root/New_CheckLiuliang_remote/datasets/toniot/test/normal/test_00015604_orig63556_63557_63558.png,0,0.5548086992069852,0.45063586914560466,0.7963727990989578
/root/New_CheckLiuliang_remote/datasets/toniot/test/normal/test_00015605_orig63559_63560_63561.png,0,0.6461376755880318,0.5893282245467805,0.7345795039814998
/root/New_CheckLiuliang_remote/datasets/toniot/test/normal/test_00015606_orig63562_63563_63564.png,0,0.6500731203201336,0.5513839455025059,0.8343983005964348
/root/New_CheckLiuliang_remote/datasets/toniot/test/normal/test_00015607_orig63565_63566_63567.png,0,0.527698307990708,0.4433751929158009,0.7355942209504973
/root/New_CheckLiuliang_remote/datasets/toniot/test/normal/test_00015608_orig63568_63569_63570.png,0,0.6224992623162781,0.620763891422448,0.5934629360335285
/root/New_CheckLiuliang_remote/datasets/toniot/test/normal/test_00015609_orig63571_63572_63573.png,0,0.6330659094458851,0.6257965439330473,0.6120125778730686
/root/New_CheckLiuliang_remote/datasets/toniot/test/normal/test_00015610_orig63574_63575_63576.png,0,0.5240525259833371,0.43922933796472663,0.7348161430146274
/root/New_CheckLiuliang_remote/datasets/toniot/test/normal/test_00015611_orig63577_63578_63579.png,0,0.5319497079667319,0.4501699016564245,0.7319278275684749
/root/New_CheckLiuliang_remote/datasets/toniot/test/normal/test_00015612_orig63580_63581_63582.png,0,0.5608298822642194,0.44284236774609015,0.831819182493219
/root/New_CheckLiuliang_remote/datasets/toniot/test/normal/test_00015613_orig63583_63584_63585.png,0,0.5223630342229683,0.4362964238776946,0.7368161688497832
/root/New_CheckLiuliang_remote/datasets/toniot/test/normal/test_00015614_orig63586_63587_63588.png,0,0.5321457516614048,0.45036742028621535,0.7320289694548755
/root/New_CheckLiuliang_remote/datasets/toniot/test/normal/test_00015615_orig63589_63590_63591.png,0,0.5397685257244952,0.46060580864279754,0.7299923896227325
/root/New_CheckLiuliang_remote/datasets/toniot/test/normal/test_00015616_orig63592_63593_63594.png,0,0.5340192029525941,0.45286932293023296,0.7315620127565204
/root/New_CheckLiuliang_remote/datasets/toniot/test/normal/test_00015617_orig63595_63596_63597.png,0,0.5332713749794455,0.45197030772350444,0.7315158392866419
/root/New_CheckLiuliang_remote/datasets/toniot/test/normal/test_00015618_orig63598_63599_63600.png,0,0.2976458549079203,0.1683727536285988,0.7177514729474312
/root/New_CheckLiuliang_remote/datasets/toniot/test/normal/test_00015619_orig63601_63602_63603.png,0,0.23871646275833938,0.14268328379812714,0.608754599825805
/root/New_CheckLiuliang_remote/datasets/toniot/test/normal/test_00015620_orig63604_63605_63606.png,0,0.7070127225712616,0.7090340168145369,0.6297827675663256
/root/New_CheckLiuliang_remote/datasets/toniot/test/normal/test_00015621_orig63607_63608_63609.png,0,0.5284575703772145,0.4453707419590488,0.7331145956811865
/root/New_CheckLiuliang_remote/datasets/toniot/test/normal/test_00015622_orig63610_63611_63612.png,0,0.5335027477668973,0.45226353125638985,0.7314949512883635
/root/New_CheckLiuliang_remote/datasets/toniot/test/normal/test_00015623_orig63613_63614_63615.png,0,0.6542875539214544,0.5544112069762765,0.8394166421828179
/root/New_CheckLiuliang_remote/datasets/toniot/test/normal/test_00015624_orig63616_63617_63618.png,0,0.5262397677580891,0.442265423294811,0.734002335608018
/root/New_CheckLiuliang_remote/datasets/toniot/test/normal/test_00015625_orig63619_63620_63621.png,0,0.5249729436125035,0.4396104606816599,0.7365655128704425
/root/New_CheckLiuliang_remote/datasets/toniot/test/normal/test_00015626_orig63622_63623_63624.png,0,0.5204392536209377,0.4337144277686758,0.7373257260709428
/root/New_CheckLiuliang_remote/datasets/toniot/test/normal/test_00015627_orig63625_63626_63627.png,0,0.5250698026680309,0.4400696405890603,0.7357717689358637
/root/New_CheckLiuliang_remote/datasets/toniot/test/normal/test_00015628_orig63628_63629_63630.png,0,0.5378029432764605,0.45799530469030386,0.7304486274798657
/root/New_CheckLiuliang_remote/datasets/toniot/test/normal/test_00015629_orig63631_63632_63633.png,0,0.5290307092381353,0.44579292954574956,0.7337725676269558
/root/New_CheckLiuliang_remote/datasets/toniot/test/normal/test_00015630_orig63634_63635_63636.png,0,0.524356080185342,0.43969428731663984,0.7346014913481087
/root/New_CheckLiuliang_remote/datasets/toniot/test/normal/test_00015631_orig63637_63638_63639.png,0,0.5275258695291766,0.44398573589688983,0.7336752735297116
/root/New_CheckLiuliang_remote/datasets/toniot/test/normal/test_00015632_orig63640_63641_63642.png,0,0.5314319288182826,0.44950641553745346,0.7319915909316405
/root/New_CheckLiuliang_remote/datasets/toniot/test/normal/test_00015633_orig63643_63644_63645.png,0,0.5313357280610683,0.44937337893457024,0.7320262210340494
/root/New_CheckLiuliang_remote/datasets/toniot/test/normal/test_00015634_orig63646_63647_63648.png,0,0.5218206943557566,0.4362964238776946,0.7352613871884562
/root/New_CheckLiuliang_remote/datasets/toniot/test/normal/test_00015635_orig63649_63650_63651.png,0,0.5211443822656925,0.43483743317413626,0.7367268451729347
/root/New_CheckLiuliang_remote/datasets/toniot/test/normal/test_00015636_orig63652_63653_63654.png,0,0.5345818900408456,0.45372591575083804,0.731176409314618
/root/New_CheckLiuliang_remote/datasets/toniot/test/normal/test_00015637_orig63655_63656_63657.png,0,0.5292680396800212,0.4459714429465571,0.7340364160262617
/root/New_CheckLiuliang_remote/datasets/toniot/test/normal/test_00015638_orig63658_63659_63660.png,0,0.5213741997233267,0.4350912887326991,0.7367933569569265
/root/New_CheckLiuliang_remote/datasets/toniot/test/normal/test_00015639_orig63661_63662_63663.png,0,0.549461827241571,0.4497093642326681,0.7832062142894246
/root/New_CheckLiuliang_remote/datasets/toniot/test/normal/test_00015640_orig63664_63665_63666.png,0,0.5313217275653523,0.44918773857289396,0.7324192452121822
/root/New_CheckLiuliang_remote/datasets/toniot/test/normal/test_00015641_orig63667_63668_63669.png,0,0.533754643227701,0.45260800103171245,0.7314133231898282
/root/New_CheckLiuliang_remote/datasets/toniot/test/normal/test_00015642_orig63670_63671_63672.png,0,0.5292036448910138,0.44632202154548145,0.7330337921088991
/root/New_CheckLiuliang_remote/datasets/toniot/test/normal/test_00015643_orig63673_63674_63675.png,0,0.572724753827051,0.4790642979137519,0.7814016011750049
/root/New_CheckLiuliang_remote/datasets/toniot/test/normal/test_00015644_orig63676_63677_63678.png,0,0.5198891845665516,0.432796067953875,0.7378916259190376
/root/New_CheckLiuliang_remote/datasets/toniot/test/normal/test_00015645_orig63679_63680_63681.png,0,0.5208128259165495,0.4341298277735968,0.7374274176415087
/root/New_CheckLiuliang_remote/datasets/toniot/test/normal/test_00015646_orig63682_63683_63684.png,0,0.5249706417218506,0.44025629908800357,0.7350519575215071
/root/New_CheckLiuliang_remote/datasets/toniot/test/normal/test_00015647_orig63685_63686_63687.png,0,0.5266705315185769,0.4427106886595629,0.7341982980129192
/root/New_CheckLiuliang_remote/datasets/toniot/test/normal/test_00015648_orig63688_63689_63690.png,0,0.5280419098365544,0.44436957364653495,0.7342590381131762
/root/New_CheckLiuliang_remote/datasets/toniot/test/normal/test_00015649_orig63691_63692_63693.png,0,0.5273480535894318,0.443427796674594,0.7344673684117948
/root/New_CheckLiuliang_remote/datasets/toniot/test/normal/test_00015650_orig63694_63695_63696.png,0,0.5284856871091667,0.44530422365760725,0.7333504101880662
/root/New_CheckLiuliang_remote/datasets/toniot/test/normal/test_00015651_orig63697_63698_63699.png,0,0.5281654826254131,0.44482977169120236,0.7335395015409021
/root/New_CheckLiuliang_remote/datasets/toniot/test/normal/test_00015652_orig63700_63701_63702.png,0,0.5301109627460221,0.44759367499191854,0.732667702454862
/root/New_CheckLiuliang_remote/datasets/toniot/test/normal/test_00015653_orig63703_63704_63705.png,0,0.5277937448445033,0.4444625635169176,0.7333306215581182
/root/New_CheckLiuliang_remote/datasets/toniot/test/normal/test_00015654_orig63706_63707_63708.png,0,0.5358300350384911,0.4554031272086155,0.7308411019738333
/root/New_CheckLiuliang_remote/datasets/toniot/test/normal/test_00015655_orig63709_63710_63711.png,0,0.5304649806566353,0.44782038022336235,0.7331536232569171
/root/New_CheckLiuliang_remote/datasets/toniot/test/normal/test_00015656_orig63712_63713_63714.png,0,0.5275422711772602,0.44371117821389877,0.7343629284204028
/root/New_CheckLiuliang_remote/datasets/toniot/test/normal/test_00015657_orig63715_63716_63717.png,0,0.5817302916307667,0.5299708218828243,0.6884368164162077
/root/New_CheckLiuliang_remote/datasets/toniot/test/normal/test_00015658_orig63718_63719_63720.png,0,0.6039994388033566,0.5269119981537778,0.7594153339345046
/root/New_CheckLiuliang_remote/datasets/toniot/test/normal/test_00015659_orig63721_63722_63723.png,0,0.6635112810934252,0.6755512152740952,0.5831992333005264
/root/New_CheckLiuliang_remote/datasets/toniot/test/normal/test_00015660_orig63724_63725_63726.png,0,0.628881878730434,0.5708527663213767,0.7282199330319782
/root/New_CheckLiuliang_remote/datasets/toniot/test/normal/test_00015661_orig63727_63728_63729.png,0,0.5308768908586023,0.4488218879149652,0.7319976374574578
/root/New_CheckLiuliang_remote/datasets/toniot/test/normal/test_00015662_orig63730_63731_63732.png,0,0.613142474135818,0.6035902913824013,0.6067105992574316
/root/New_CheckLiuliang_remote/datasets/toniot/test/normal/test_00015663_orig63733_63734_63735.png,0,0.6215914628272193,0.5664245479682647,0.7176522549556089
/root/New_CheckLiuliang_remote/datasets/toniot/test/normal/test_00015664_orig63736_63737_63738.png,0,0.5492130541544483,0.4435509912838965,0.7968625676901694
/root/New_CheckLiuliang_remote/datasets/toniot/test/normal/test_00015665_orig63739_63740_63741.png,0,0.6693981034602572,0.5667700358808542,0.8538983463576416
/root/New_CheckLiuliang_remote/datasets/toniot/test/normal/test_00015666_orig63742_63743_63744.png,0,0.5247107939626982,0.44028887948054635,0.7342310042207498
/root/New_CheckLiuliang_remote/datasets/toniot/test/normal/test_00015667_orig63745_63746_63747.png,0,0.5299815554733539,0.44744740260456484,0.7326380195099401
/root/New_CheckLiuliang_remote/datasets/toniot/test/normal/test_00015668_orig63748_63749_63750.png,0,0.5328039565758307,0.4513231118008048,0.7316859665357777
/root/New_CheckLiuliang_remote/datasets/toniot/test/normal/test_00015669_orig63751_63752_63753.png,0,0.6387454370985973,0.5904953492338093,0.7106641201631573
/root/New_CheckLiuliang_remote/datasets/toniot/test/normal/test_00015670_orig63754_63755_63756.png,0,0.6504357148008498,0.596815945387117,0.7294297878796291
/root/New_CheckLiuliang_remote/datasets/toniot/test/normal/test_00015671_orig63757_63758_63759.png,0,0.5314064302224256,0.4493720214182143,0.7322320777539245
/root/New_CheckLiuliang_remote/datasets/toniot/test/normal/test_00015672_orig63760_63761_63762.png,0,0.5257098568059206,0.4413205919110691,0.7346877917620483
/root/New_CheckLiuliang_remote/datasets/toniot/test/normal/test_00015673_orig63763_63764_63765.png,0,0.5204891926102034,0.43385187629971583,0.7371481780855765
/root/New_CheckLiuliang_remote/datasets/toniot/test/normal/test_00015674_orig63766_63767_63768.png,0,0.5202514713578652,0.4339821978698871,0.7361625943773357
/root/New_CheckLiuliang_remote/datasets/toniot/test/normal/test_00015675_orig63769_63770_63771.png,0,0.5228403336086427,0.43742350183222284,0.7355546436906014
/root/New_CheckLiuliang_remote/datasets/toniot/test/normal/test_00015676_orig63772_63773_63774.png,0,0.628500623967654,0.5880803276365725,0.6869293075930897
/root/New_CheckLiuliang_remote/datasets/toniot/test/normal/test_00015677_orig63775_63776_63777.png,0,0.5350578038274706,0.4542227667371161,0.7313814415082454
/root/New_CheckLiuliang_remote/datasets/toniot/test/normal/test_00015678_orig63778_63779_63780.png,0,0.5279657901461783,0.4447038620491879,0.7332608116691353
/root/New_CheckLiuliang_remote/datasets/toniot/test/normal/test_00015679_orig63781_63782_63783.png,0,0.5301191509012899,0.44768394982958926,0.7324805349966044
/root/New_CheckLiuliang_remote/datasets/toniot/test/normal/test_00015680_orig63784_63785_63786.png,0,0.5263524519615526,0.4417756992694017,0.7354680684345792
/root/New_CheckLiuliang_remote/datasets/toniot/test/normal/test_00015681_orig63787_63788_63789.png,0,0.5264795186194314,0.4426546911098799,0.7337813625735993
/root/New_CheckLiuliang_remote/datasets/toniot/test/normal/test_00015682_orig63790_63791_63792.png,0,0.5232494560767177,0.43821663076318723,0.7348768831148843
/root/New_CheckLiuliang_remote/datasets/toniot/test/normal/test_00015683_orig63793_63794_63795.png,0,0.523725652636311,0.43913940250614486,0.7340889108640403
/root/New_CheckLiuliang_remote/datasets/toniot/test/normal/test_00015684_orig63796_63797_63798.png,0,0.6518490738955253,0.5441300568544819,0.8564153501501874
/root/New_CheckLiuliang_remote/datasets/toniot/test/normal/test_00015685_orig63799_63800_63801.png,0,0.5207601783122332,0.4347474977155545,0.7358352574569467
/root/New_CheckLiuliang_remote/datasets/toniot/test/normal/test_00015686_orig63802_63803_63804.png,0,0.5213273845453441,0.435455103116094,0.7358102468274291
/root/New_CheckLiuliang_remote/datasets/toniot/test/normal/test_00015687_orig63805_63806_63807.png,0,0.5235593072047341,0.4388139379598056,0.7343714485249637
/root/New_CheckLiuliang_remote/datasets/toniot/test/normal/test_00015688_orig63808_63809_63810.png,0,0.5362379230640113,0.4559444368555509,0.7307473808236632
/root/New_CheckLiuliang_remote/datasets/toniot/test/normal/test_00015689_orig63811_63812_63813.png,0,0.5335148094694743,0.4522669250472797,0.7315216109703767
/root/New_CheckLiuliang_remote/datasets/toniot/test/normal/test_00015690_orig63814_63815_63816.png,0,0.5379625878009298,0.45821759799359085,0.7303876125375263
/root/New_CheckLiuliang_remote/datasets/toniot/test/normal/test_00015691_orig63817_63818_63819.png,0,0.4950309012271474,0.3944876351471166,0.756014163162201
/root/New_CheckLiuliang_remote/datasets/toniot/test/normal/test_00015692_orig63820_63821_63822.png,0,0.52285146917613,0.4373773462761205,0.7356942634685676
/root/New_CheckLiuliang_remote/datasets/toniot/test/normal/test_00015693_orig63823_63824_63825.png,0,0.5263566869877785,0.4427582017320212,0.7331877036751608
/root/New_CheckLiuliang_remote/datasets/toniot/test/normal/test_00015694_orig63826_63827_63828.png,0,0.5234984301296791,0.4383652788041638,0.7352437972951691
/root/New_CheckLiuliang_remote/datasets/toniot/test/normal/test_00015695_orig63829_63830_63831.png,0,0.5276069767251065,0.44396571253063954,0.7339545130856439
/root/New_CheckLiuliang_remote/datasets/toniot/test/normal/test_00015696_orig63832_63833_63834.png,0,0.5275937460772877,0.44436007103204334,0.732996413585664
/root/New_CheckLiuliang_remote/datasets/toniot/test/normal/test_00015697_orig63835_63836_63837.png,0,0.5357397752979485,0.4552616061285076,0.7309125609153121
/root/New_CheckLiuliang_remote/datasets/toniot/test/normal/test_00015698_orig63838_63839_63840.png,0,0.536968762131667,0.4568526152976821,0.7307234695624761
/root/New_CheckLiuliang_remote/datasets/toniot/test/normal/test_00015699_orig63841_63842_63843.png,0,0.5346034267628936,0.45372693388810503,0.7312357752044619
/root/New_CheckLiuliang_remote/datasets/toniot/test/normal/test_00015700_orig63844_63845_63846.png,0,0.6449880689923689,0.5425906333068334,0.8403381876858105
/root/New_CheckLiuliang_remote/datasets/toniot/test/normal/test_00015701_orig63847_63848_63849.png,0,0.5215153665065476,0.435287110467045,0.7367411369612304
/root/New_CheckLiuliang_remote/datasets/toniot/test/normal/test_00015702_orig63850_63851_63852.png,0,0.5251997222202051,0.44091503389972875,0.734171638330906
/root/New_CheckLiuliang_remote/datasets/toniot/test/normal/test_00015703_orig63853_63854_63855.png,0,0.524648360732039,0.4391607833887511,0.7366842446501302
/root/New_CheckLiuliang_remote/datasets/toniot/test/normal/test_00015704_orig63856_63857_63858.png,0,0.520118984389674,0.43380198757363464,0.7362032710055619
/root/New_CheckLiuliang_remote/datasets/toniot/test/normal/test_00015705_orig63859_63860_63861.png,0,0.5333974834773956,0.45216918386965127,0.7314133231898282
/root/New_CheckLiuliang_remote/datasets/toniot/test/normal/test_00015706_orig63862_63863_63864.png,0,0.5273823856961763,0.44198441740912914,0.737933676757677
/root/New_CheckLiuliang_remote/datasets/toniot/test/normal/test_00015707_orig63865_63866_63867.png,0,0.5200786916812552,0.4335484713941608,0.7366792974926432
/root/New_CheckLiuliang_remote/datasets/toniot/test/normal/test_00015708_orig63868_63869_63870.png,0,0.5248014041639695,0.4404456726196587,0.7341249151768623
/root/New_CheckLiuliang_remote/datasets/toniot/test/normal/test_00015709_orig63871_63872_63873.png,0,0.5305341583952998,0.4482530885618217,0.7323422894290513
/root/New_CheckLiuliang_remote/datasets/toniot/test/normal/test_00015710_orig63874_63875_63876.png,0,0.6974493186923426,0.6406705112661131,0.7618812170996849
/root/New_CheckLiuliang_remote/datasets/toniot/test/normal/test_00015711_orig63877_63878_63879.png,0,0.5324345290744357,0.4505869985567904,0.7323444881657122
/root/New_CheckLiuliang_remote/datasets/toniot/test/normal/test_00015712_orig63880_63881_63882.png,0,0.5940017891616848,0.5020277052119295,0.7888173902479982
/root/New_CheckLiuliang_remote/datasets/toniot/test/normal/test_00015713_orig63883_63884_63885.png,0,0.6081298764135485,0.5396753669324288,0.7414752918341944
/root/New_CheckLiuliang_remote/datasets/toniot/test/normal/test_00015714_orig63886_63887_63888.png,0,0.5212028967155675,0.43542795278897495,0.7355167154832012
/root/New_CheckLiuliang_remote/datasets/toniot/test/normal/test_00015715_orig63889_63890_63891.png,0,0.6635838513012451,0.6152225096574562,0.7241742575759533
/root/New_CheckLiuliang_remote/datasets/toniot/test/normal/test_00015716_orig63892_63893_63894.png,0,0.6305088278997759,0.6175988420385484,0.6238098994270367
/root/New_CheckLiuliang_remote/datasets/toniot/test/normal/test_00015717_orig63895_63896_63897.png,0,0.5273918618783435,0.4435136595841079,0.7343926113653247
/root/New_CheckLiuliang_remote/datasets/toniot/test/normal/test_00015718_orig63898_63899_63900.png,0,0.6239035308375734,0.5642569337269,0.7293382654661198
/root/New_CheckLiuliang_remote/datasets/toniot/test/normal/test_00015719_orig63901_63902_63903.png,0,0.5409351071686107,0.4315064274157216,0.8012353052245006
/root/New_CheckLiuliang_remote/datasets/toniot/test/normal/test_00015720_orig63904_63905_63906.png,0,0.5355786043502979,0.45510481298939526,0.7308163661863984
/root/New_CheckLiuliang_remote/datasets/toniot/test/normal/test_00015721_orig63907_63908_63909.png,0,0.6787270474774886,0.5532803958517694,0.9121184195590818
/root/New_CheckLiuliang_remote/datasets/toniot/test/normal/test_00015722_orig63910_63911_63912.png,0,0.5292769874527928,0.44651343135167054,0.7327974279178541
/root/New_CheckLiuliang_remote/datasets/toniot/test/normal/test_00015723_orig63913_63914_63915.png,0,0.5302284119277212,0.447747753098319,0.7326448905620053
/root/New_CheckLiuliang_remote/datasets/toniot/test/normal/test_00015724_orig63916_63917_63918.png,0,0.5330650451659109,0.4514507183382642,0.7321367075512587
/root/New_CheckLiuliang_remote/datasets/toniot/test/normal/test_00015725_orig63919_63920_63921.png,0,0.5350031687484177,0.45427672801226515,0.7310989038473219
/root/New_CheckLiuliang_remote/datasets/toniot/test/normal/test_00015726_orig63922_63923_63924.png,0,0.5225800261505901,0.4369297052577457,0.735960585446617
/root/New_CheckLiuliang_remote/datasets/toniot/test/normal/test_00015727_orig63925_63926_63927.png,0,0.5200497262624865,0.4333916782550485,0.7369621099956493
/root/New_CheckLiuliang_remote/datasets/toniot/test/normal/test_00015728_orig63928_63929_63930.png,0,0.5303390422263632,0.44792219395005867,0.7325550172009917
/root/New_CheckLiuliang_remote/datasets/toniot/test/normal/test_00015729_orig63931_63932_63933.png,0,0.5306586050115745,0.44825003415002085,0.7327061803464274
/root/New_CheckLiuliang_remote/datasets/toniot/test/normal/test_00015730_orig63934_63935_63936.png,0,0.5204697889308143,0.4340073119224722,0.7367298684358434
/root/New_CheckLiuliang_remote/datasets/toniot/test/normal/test_00015731_orig63937_63938_63939.png,0,0.5269296643668316,0.44338808932118245,0.7333605793451228
/root/New_CheckLiuliang_remote/datasets/toniot/test/normal/test_00015732_orig63940_63941_63942.png,0,0.5252278436959472,0.44113698782392674,0.7337343645774729
/root/New_CheckLiuliang_remote/datasets/toniot/test/normal/test_00015733_orig63943_63944_63945.png,0,0.5273332857991615,0.44401084994947493,0.7330645744221513
/root/New_CheckLiuliang_remote/datasets/toniot/test/normal/test_00015734_orig63946_63947_63948.png,0,0.5231875516873432,0.4382529443257089,0.7346146837680739
/root/New_CheckLiuliang_remote/datasets/toniot/test/normal/test_00015735_orig63949_63950_63951.png,0,0.535670226561785,0.4551285695256244,0.7310235971166866
/root/New_CheckLiuliang_remote/datasets/toniot/test/normal/test_00015736_orig63952_63953_63954.png,0,0.5290095862387,0.44614249000740697,0.7328963710675939
/root/New_CheckLiuliang_remote/datasets/toniot/test/normal/test_00015737_orig63955_63956_63957.png,0,0.5211510599117241,0.4351927630803064,0.735916885555482
/root/New_CheckLiuliang_remote/datasets/toniot/test/normal/test_00015738_orig63958_63959_63960.png,0,0.4871592359160424,0.37617983019167284,0.776165859501277
/root/New_CheckLiuliang_remote/datasets/toniot/test/normal/test_00015739_orig63961_63962_63963.png,0,0.5322147238404333,0.4502547464286714,0.7324896047853304
/root/New_CheckLiuliang_remote/datasets/toniot/test/normal/test_00015740_orig63964_63965_63966.png,0,0.5327060681864996,0.45112321751739104,0.7318717597836223
/root/New_CheckLiuliang_remote/datasets/toniot/test/normal/test_00015741_orig63967_63968_63969.png,0,0.5276059409009602,0.44337078098764404,0.7353397171820002
/root/New_CheckLiuliang_remote/datasets/toniot/test/normal/test_00015742_orig63970_63971_63972.png,0,0.5242585724140614,0.43877151557368216,0.7364750898252637
/root/New_CheckLiuliang_remote/datasets/toniot/test/normal/test_00015743_orig63973_63974_63975.png,0,0.5375056329499811,0.4575985705352772,0.7305220103159227
/root/New_CheckLiuliang_remote/datasets/toniot/test/normal/test_00015744_orig63976_63977_63978.png,0,0.5302857896661484,0.44779492679168825,0.7326993092943622
/root/New_CheckLiuliang_remote/datasets/toniot/test/normal/test_00015745_orig63979_63980_63981.png,0,0.5276963613425656,0.4440390184138609,0.734039714131253
/root/New_CheckLiuliang_remote/datasets/toniot/test/normal/test_00015746_orig63982_63983_63984.png,0,0.4896470298994855,0.379275985620508,0.77607351256152
/root/New_CheckLiuliang_remote/datasets/toniot/test/normal/test_00015747_orig63985_63986_63987.png,0,0.5276446408700882,0.4440603992964671,0.7338415529896909
/root/New_CheckLiuliang_remote/datasets/toniot/test/normal/test_00015748_orig63988_63989_63990.png,0,0.5256728143115877,0.44143598080132496,0.7343123574772026
/root/New_CheckLiuliang_remote/datasets/toniot/test/normal/test_00015749_orig63991_63992_63993.png,0,0.531815396282343,0.4498926289407215,0.7321897520732026
/root/New_CheckLiuliang_remote/datasets/toniot/test/normal/test_00015750_orig63994_63995_63996.png,0,0.5253339583548405,0.44078878487862533,0.7348510479591189
/root/New_CheckLiuliang_remote/datasets/toniot/test/normal/test_00015751_orig63997_63998_63999.png,0,0.5360433097059959,0.45559284011935963,0.7310098550125561
/root/New_CheckLiuliang_remote/datasets/toniot/test/normal/test_00015752_orig64000_64001_64002.png,0,0.536372275060132,0.4561833597341983,0.7305750548378666
/root/New_CheckLiuliang_remote/datasets/toniot/test/normal/test_00015753_orig64003_64004_64005.png,0,0.5258945845590514,0.44170680531433715,0.7343162052663591
/root/New_CheckLiuliang_remote/datasets/toniot/test/normal/test_00015754_orig64006_64007_64008.png,0,0.5545067111870391,0.4490869429834646,0.7991212199250616
/root/New_CheckLiuliang_remote/datasets/toniot/test/normal/test_00015755_orig64009_64010_64011.png,0,0.5258985997942708,0.44127850890403464,0.7353270744462
/root/New_CheckLiuliang_remote/datasets/toniot/test/normal/test_00015756_orig64012_64013_64014.png,0,0.5267957546250583,0.44299882150611347,0.7338849780387434
/root/New_CheckLiuliang_remote/datasets/toniot/test/normal/test_00015757_orig64015_64016_64017.png,0,0.5252294450590403,0.4409235183769534,0.7342370507465673
/root/New_CheckLiuliang_remote/datasets/toniot/test/normal/test_00015758_orig64018_64019_64020.png,0,0.5337616087773986,0.45248039449425304,0.7317310406373259
/root/New_CheckLiuliang_remote/datasets/toniot/test/normal/test_00015759_orig64021_64022_64023.png,0,0.5294466446517787,0.4466916053733891,0.732868062333085
/root/New_CheckLiuliang_remote/datasets/toniot/test/normal/test_00015760_orig64024_64025_64026.png,0,0.5262914126048295,0.4424120350612537,0.7338082970976951
/root/New_CheckLiuliang_remote/datasets/toniot/test/normal/test_00015761_orig64027_64028_64029.png,0,0.5383077118150441,0.4586065264295708,0.7304695154781441
/root/New_CheckLiuliang_remote/datasets/toniot/test/normal/test_00015762_orig64030_64031_64032.png,0,0.5364728571733034,0.45630010614081007,0.7305909956786579
/root/New_CheckLiuliang_remote/datasets/toniot/test/normal/test_00015763_orig64033_64034_64035.png,0,0.5370905104582641,0.4570185716721971,0.7306852665129933
/root/New_CheckLiuliang_remote/datasets/toniot/test/normal/test_00015764_orig64036_64037_64038.png,0,0.531811485852429,0.4499177429933066,0.7321199421842195
/root/New_CheckLiuliang_remote/datasets/toniot/test/normal/test_00015765_orig64039_64040_64041.png,0,0.6996887275676614,0.6722989454643258,0.6945014818110884
/root/New_CheckLiuliang_remote/datasets/toniot/test/normal/test_00015766_orig64042_64043_64044.png,0,0.5393117705757884,0.43778901311106266,0.7819221520794689
/root/New_CheckLiuliang_remote/datasets/toniot/test/normal/test_00015767_orig64045_64046_64047.png,0,0.6229898490155583,0.5772398807761261,0.6964253763893611
/root/New_CheckLiuliang_remote/datasets/toniot/test/normal/test_00015768_orig64048_64049_64050.png,0,0.7334597548200399,0.703662324594039,0.7181351524947553
/root/New_CheckLiuliang_remote/datasets/toniot/test/normal/test_00015769_orig64051_64052_64053.png,0,0.5278263830137313,0.44413268704242154,0.7341939005395974
/root/New_CheckLiuliang_remote/datasets/toniot/test/normal/test_00015770_orig64054_64055_64056.png,0,0.5258598279464466,0.4416911938762437,0.7342529915873587
/root/New_CheckLiuliang_remote/datasets/toniot/test/normal/test_00015771_orig64057_64058_64059.png,0,0.6454995635503746,0.6010670078557775,0.7053596679687768
/root/New_CheckLiuliang_remote/datasets/toniot/test/normal/test_00015772_orig64060_64061_64062.png,0,0.5940957246616052,0.5646916783398932,0.6428707475402321
/root/New_CheckLiuliang_remote/datasets/toniot/test/normal/test_00015773_orig64063_64064_64065.png,0,0.5337012141734433,0.45255743354745326,0.731378143403254
/root/New_CheckLiuliang_remote/datasets/toniot/test/normal/test_00015774_orig64066_64067_64068.png,0,0.5392074046663358,0.4598082677836764,0.7302446946545689
/root/New_CheckLiuliang_remote/datasets/toniot/test/normal/test_00015775_orig64069_64070_64071.png,0,0.5242525933020908,0.43927549352082895,0.735282000344652
/root/New_CheckLiuliang_remote/datasets/toniot/test/normal/test_00015776_orig64072_64073_64074.png,0,0.5044757266033836,0.3928633668272213,0.7868805780918429
/root/New_CheckLiuliang_remote/datasets/toniot/test/normal/test_00015777_orig64075_64076_64077.png,0,0.5245269021766256,0.4398806064364941,0.7346564597646308
/root/New_CheckLiuliang_remote/datasets/toniot/test/normal/test_00015778_orig64078_64079_64080.png,0,0.5352633254818647,0.45456927278697257,0.7311621175263223
/root/New_CheckLiuliang_remote/datasets/toniot/test/normal/test_00015779_orig64081_64082_64083.png,0,0.5294892938509407,0.4466977141969909,0.7329760752715508
/root/New_CheckLiuliang_remote/datasets/toniot/test/normal/test_00015780_orig64084_64085_64086.png,0,0.5251839589365161,0.4407219271980947,0.7345770304027563
/root/New_CheckLiuliang_remote/datasets/toniot/test/normal/test_00015781_orig64087_64088_64089.png,0,0.527748339288455,0.4446129084533392,0.7328496479135501
/root/New_CheckLiuliang_remote/datasets/toniot/test/normal/test_00015782_orig64090_64091_64092.png,0,0.5260939106256204,0.44190364518595004,0.7344283408360641
/root/New_CheckLiuliang_remote/datasets/toniot/test/normal/test_00015783_orig64093_64094_64095.png,0,0.5250881074843242,0.44073278732894233,0.7342769028485457
/root/New_CheckLiuliang_remote/datasets/toniot/test/normal/test_00015784_orig64096_64097_64098.png,0,0.5328054169558348,0.4512881557546391,0.7317717172655521
/root/New_CheckLiuliang_remote/datasets/toniot/test/normal/test_00015785_orig64099_64100_64101.png,0,0.5280224947900617,0.4443824700519165,0.7341732873834017
/root/New_CheckLiuliang_remote/datasets/toniot/test/normal/test_00015786_orig64102_64103_64104.png,0,0.5346553289430848,0.45380872424855107,0.7311937243658225
/root/New_CheckLiuliang_remote/datasets/toniot/test/normal/test_00015787_orig64105_64106_64107.png,0,0.5241729302992878,0.43940106378375443,0.7347606249139401
/root/New_CheckLiuliang_remote/datasets/toniot/test/normal/test_00015788_orig64108_64109_64110.png,0,0.5203277306406837,0.43365232139539106,0.7371509265064026
/root/New_CheckLiuliang_remote/datasets/toniot/test/normal/test_00015789_orig64111_64112_64113.png,0,0.5308802952834083,0.4488632921638217,0.731910787359353
/root/New_CheckLiuliang_remote/datasets/toniot/test/normal/test_00015790_orig64114_64115_64116.png,0,0.5277044695411993,0.44432884815585644,0.7333866893429708
/root/New_CheckLiuliang_remote/datasets/toniot/test/normal/test_00015791_orig64117_64118_64119.png,0,0.5250502750182169,0.4409031556316142,0.7337709185744601
/root/New_CheckLiuliang_remote/datasets/toniot/test/normal/test_00015792_orig64120_64121_64122.png,0,0.5310597110176467,0.44901635213295515,0.7320679970306061
/root/New_CheckLiuliang_remote/datasets/toniot/test/normal/test_00015793_orig64123_64124_64125.png,0,0.5242045040366513,0.4395486936874641,0.7345066708296081
/root/New_CheckLiuliang_remote/datasets/toniot/test/normal/test_00015794_orig64126_64127_64128.png,0,0.524232823248028,0.4392161021802561,0.7353639032852699
/root/New_CheckLiuliang_remote/datasets/toniot/test/normal/test_00015795_orig64129_64130_64131.png,0,0.6696479380911283,0.5427895094529803,0.9105691347394071
/root/New_CheckLiuliang_remote/datasets/toniot/test/normal/test_00015796_orig64132_64133_64134.png,0,0.5279620113707297,0.4444907319813036,0.7337472821553556
/root/New_CheckLiuliang_remote/datasets/toniot/test/normal/test_00015797_orig64135_64136_64137.png,0,0.5232075695112933,0.43824208419486127,0.7346974112349397
/root/New_CheckLiuliang_remote/datasets/toniot/test/normal/test_00015798_orig64138_64139_64140.png,0,0.5214557703582079,0.43487171046212403,0.7375395532112137
/root/New_CheckLiuliang_remote/datasets/toniot/test/normal/test_00015799_orig64141_64142_64143.png,0,0.5270014960444732,0.4432387625220278,0.733914935825748
/root/New_CheckLiuliang_remote/datasets/toniot/test/normal/test_00015800_orig64144_64145_64146.png,0,0.5358338796791641,0.4552113780233374,0.7312995385676275
/root/New_CheckLiuliang_remote/datasets/toniot/test/normal/test_00015801_orig64147_64148_64149.png,0,0.5229218413185497,0.4377601658884987,0.7350027607887198
/root/New_CheckLiuliang_remote/datasets/toniot/test/normal/test_00015802_orig64150_64151_64152.png,0,0.5241861458779434,0.4393043407433929,0.7350241984711634
/root/New_CheckLiuliang_remote/datasets/toniot/test/normal/test_00015803_orig64153_64154_64155.png,0,0.522724895848582,0.43756095036326287,0.7349029931127322
/root/New_CheckLiuliang_remote/datasets/toniot/test/normal/test_00015804_orig64156_64157_64158.png,0,0.5265155677797914,0.4426489216653671,0.7338981704587086
/root/New_CheckLiuliang_remote/datasets/toniot/test/normal/test_00015805_orig64159_64160_64161.png,0,0.5222181910822082,0.436313053453055,0.7363621297293108
/root/New_CheckLiuliang_remote/datasets/toniot/test/normal/test_00015806_orig64162_64163_64164.png,0,0.5254699615513583,0.44106707573159526,0.7345915970331347
/root/New_CheckLiuliang_remote/datasets/toniot/test/normal/test_00015807_orig64165_64166_64167.png,0,0.5212042988504103,0.4350061045813632,0.7365050476122682
/root/New_CheckLiuliang_remote/datasets/toniot/test/normal/test_00015808_orig64168_64169_64170.png,0,0.5207365106239985,0.4343870771230495,0.7366083882353297
/root/New_CheckLiuliang_remote/datasets/toniot/test/normal/test_00015809_orig64171_64172_64173.png,0,0.5213381685343882,0.43523654298278586,0.7363511360460063
/root/New_CheckLiuliang_remote/datasets/toniot/test/normal/test_00015810_orig64174_64175_64176.png,0,0.5218186716240023,0.4354337222334877,0.7372685589177598
/root/New_CheckLiuliang_remote/datasets/toniot/test/normal/test_00015811_orig64177_64178_64179.png,0,0.5206447671024146,0.4338725784241441,0.7375458745791137
/root/New_CheckLiuliang_remote/datasets/toniot/test/normal/test_00015812_orig64180_64181_64182.png,0,0.5210916193077635,0.43469557271493936,0.736906591894962
/root/New_CheckLiuliang_remote/datasets/toniot/test/normal/test_00015813_orig64183_64184_64185.png,0,0.5224150691563436,0.4364399812323364,0.7366303756019386
/root/New_CheckLiuliang_remote/datasets/toniot/test/normal/test_00015814_orig64186_64187_64188.png,0,0.5304177594970682,0.44784481551776945,0.7329612337990898
/root/New_CheckLiuliang_remote/datasets/toniot/test/normal/test_00015815_orig64189_64190_64191.png,0,0.5293339218571499,0.4462680602703324,0.7335331801730021
/root/New_CheckLiuliang_remote/datasets/toniot/test/normal/test_00015816_orig64192_64193_64194.png,0,0.5267701132235765,0.44304871023219466,0.7336950621596596
/root/New_CheckLiuliang_remote/datasets/toniot/test/normal/test_00015817_orig64195_64196_64197.png,0,0.526733618417734,0.44301918425145276,0.7336593326889203
/root/New_CheckLiuliang_remote/datasets/toniot/test/normal/test_00015818_orig64198_64199_64200.png,0,0.6213161257536177,0.5609693684918757,0.7295916698662865
/root/New_CheckLiuliang_remote/datasets/toniot/test/normal/test_00015819_orig64201_64202_64203.png,0,0.5270372119917089,0.4436629863832625,0.7330274707409989
/root/New_CheckLiuliang_remote/datasets/toniot/test/normal/test_00015820_orig64204_64205_64206.png,0,0.693269324651394,0.6364309876864782,0.7597902185351851
/root/New_CheckLiuliang_remote/datasets/toniot/test/normal/test_00015821_orig64207_64208_64209.png,0,0.5290012081648093,0.4460464457252234,0.7330964561037342
/root/New_CheckLiuliang_remote/datasets/toniot/test/normal/test_00015822_orig64210_64211_64212.png,0,0.6664631708052388,0.6021937464312168,0.7628291474426082
/root/New_CheckLiuliang_remote/datasets/toniot/test/normal/test_00015823_orig64213_64214_64215.png,0,0.5938894761005347,0.5319592439652034,0.7186551537150542
/root/New_CheckLiuliang_remote/datasets/toniot/test/normal/test_00015824_orig64216_64217_64218.png,0,0.5202624449926001,0.43410946502825754,0.7358970969255341
/root/New_CheckLiuliang_remote/datasets/toniot/test/normal/test_00015825_orig64219_64220_64221.png,0,0.5518737559959265,0.4318576847728239,0.8317746580758361
/root/New_CheckLiuliang_remote/datasets/toniot/test/normal/test_00015826_orig64222_64223_64224.png,0,0.5292700139651184,0.44639838184050373,0.7330458851605339
/root/New_CheckLiuliang_remote/datasets/toniot/test/normal/test_00015827_orig64225_64226_64227.png,0,0.6615537037212934,0.6729678616487206,0.5836150693715159
/root/New_CheckLiuliang_remote/datasets/toniot/test/normal/test_00015828_orig64228_64229_64230.png,0,0.6822575663768221,0.6552699209161877,0.6842641639180168
/root/New_CheckLiuliang_remote/datasets/toniot/test/normal/test_00015829_orig64231_64232_64233.png,0,0.5316846910512998,0.4493564099801209,0.733066223474647
/root/New_CheckLiuliang_remote/datasets/toniot/test/normal/test_00015830_orig64234_64235_64236.png,0,0.5288166104405571,0.4456592141846884,0.7334707910202496
/root/New_CheckLiuliang_remote/datasets/toniot/test/normal/test_00015831_orig64237_64238_64239.png,0,0.5243344932320926,0.43897751868069773,0.7362120659522056
/root/New_CheckLiuliang_remote/datasets/toniot/test/normal/test_00015832_orig64240_64241_64242.png,0,0.5271041056072032,0.44298931889162185,0.7347911323851098
/root/New_CheckLiuliang_remote/datasets/toniot/test/normal/test_00015833_orig64243_64244_64245.png,0,0.5210906118253932,0.43502850360123635,0.7361268649065963
/root/New_CheckLiuliang_remote/datasets/toniot/test/normal/test_00015834_orig64246_64247_64248.png,0,0.5264868915793519,0.4423977811395162,0.7344019559961336
/root/New_CheckLiuliang_remote/datasets/toniot/test/normal/test_00015835_orig64249_64250_64251.png,0,0.5350420036041894,0.4543965288306778,0.7309307004927643
/root/New_CheckLiuliang_remote/datasets/toniot/test/normal/test_00015836_orig64252_64253_64254.png,0,0.5270231234234293,0.4430599097421313,0.7343942604178204
/root/New_CheckLiuliang_remote/datasets/toniot/test/normal/test_00015837_orig64255_64256_64257.png,0,0.5204312706504045,0.4335637434531653,0.7376544372017448
/root/New_CheckLiuliang_remote/datasets/toniot/test/normal/test_00015838_orig64258_64259_64260.png,0,0.5285194923061213,0.4452967573176495,0.7334647444944321
/root/New_CheckLiuliang_remote/datasets/toniot/test/normal/test_00015839_orig64261_64262_64263.png,0,0.5373023525156906,0.45733385484586675,0.7305569152604142
/root/New_CheckLiuliang_remote/datasets/toniot/test/normal/test_00015840_orig64264_64265_64266.png,0,0.5261801383532202,0.44191959600313246,0.7346383201871785
/root/New_CheckLiuliang_remote/datasets/toniot/test/normal/test_00015841_orig64267_64268_64269.png,0,0.5227297454062764,0.43749069889184244,0.7350808159401812
/root/New_CheckLiuliang_remote/datasets/toniot/test/normal/test_00015842_orig64270_64271_64272.png,0,0.5268749924241699,0.4432374050056719,0.7335554423816936
/root/New_CheckLiuliang_remote/datasets/toniot/test/normal/test_00015843_orig64273_64274_64275.png,0,0.5283229565008014,0.4451396247994482,0.7332679575632831
/root/New_CheckLiuliang_remote/datasets/toniot/test/normal/test_00015844_orig64276_64277_64278.png,0,0.520197492379688,0.4337622802202231,0.7365209884530596
/root/New_CheckLiuliang_remote/datasets/toniot/test/normal/test_00015845_orig64279_64280_64281.png,0,0.5246236371407627,0.44021489483914705,0.7341537735955364
/root/New_CheckLiuliang_remote/datasets/toniot/test/normal/test_00015846_orig64282_64283_64284.png,0,0.5269160015101163,0.4420265004161636,0.7364984514022855
/root/New_CheckLiuliang_remote/datasets/toniot/test/normal/test_00015847_orig64285_64286_64287.png,0,0.5288626068800902,0.4459056034032935,0.7330277455830816
/root/New_CheckLiuliang_remote/datasets/toniot/test/normal/test_00015848_orig64288_64289_64290.png,0,0.5218599095566467,0.43603340508372906,0.7359875199707129
/root/New_CheckLiuliang_remote/datasets/toniot/test/normal/test_00015849_orig64291_64292_64293.png,0,0.5333557476935646,0.45196725331170357,0.7317648462134869
/root/New_CheckLiuliang_remote/datasets/toniot/test/normal/test_00015850_orig64294_64295_64296.png,0,0.5303917234241183,0.4481265001616293,0.7322293293330985
/root/New_CheckLiuliang_remote/datasets/toniot/test/normal/test_00015851_orig64297_64298_64299.png,0,0.5312991467132698,0.44940358367349015,0.7318508717853439
/root/New_CheckLiuliang_remote/datasets/toniot/test/normal/test_00015852_orig64300_64301_64302.png,0,0.5256160397635108,0.441710877863405,0.7335081695434845
/root/New_CheckLiuliang_remote/datasets/toniot/test/normal/test_00015853_orig64303_64304_64305.png,0,0.5270480745277445,0.4435706752710578,0.7332740040891005
/root/New_CheckLiuliang_remote/datasets/toniot/test/normal/test_00015854_orig64306_64307_64308.png,0,0.5282131921745721,0.44534800356008664,0.7324670677345564
/root/New_CheckLiuliang_remote/datasets/toniot/test/normal/test_00015855_orig64309_64310_64311.png,0,0.5254237432513363,0.44127307883861083,0.7339784243468309
/root/New_CheckLiuliang_remote/datasets/toniot/test/normal/test_00015856_orig64312_64313_64314.png,0,0.524733435625291,0.4400054979412416,0.7349571370030065
/root/New_CheckLiuliang_remote/datasets/toniot/test/normal/test_00015857_orig64315_64316_64317.png,0,0.5307906574664465,0.44859178889263146,0.7322873210125292
/root/New_CheckLiuliang_remote/datasets/toniot/test/normal/test_00015858_orig64318_64319_64320.png,0,0.5268498964947456,0.44268523522788883,0.7347718934393271
/root/New_CheckLiuliang_remote/datasets/toniot/test/normal/test_00015859_orig64321_64322_64323.png,0,0.5276601413337229,0.44447851433410007,0.7329103880138069
/root/New_CheckLiuliang_remote/datasets/toniot/test/normal/test_00015860_orig64324_64325_64326.png,0,0.5262682638574059,0.44231904519087106,0.7339589105589656
/root/New_CheckLiuliang_remote/datasets/toniot/test/normal/test_00015861_orig64327_64328_64329.png,0,0.5292460856922585,0.4465772346204002,0.7325599643584787
/root/New_CheckLiuliang_remote/datasets/toniot/test/normal/test_00015862_orig64330_64331_64332.png,0,0.5278713913899501,0.44423993083454166,0.7340726951811662
/root/New_CheckLiuliang_remote/datasets/toniot/test/normal/test_00015863_orig64333_64334_64335.png,0,0.5256309842827644,0.4409968242601748,0.7352171376131559
/root/New_CheckLiuliang_remote/datasets/toniot/test/normal/test_00015864_orig64336_64337_64338.png,0,0.5288661147005592,0.4458696292198608,0.7331217415753344
/root/New_CheckLiuliang_remote/datasets/toniot/test/normal/test_00015865_orig64339_64340_64341.png,0,0.5287339877186688,0.44599587824096426,0.7324483784729389
/root/New_CheckLiuliang_remote/datasets/toniot/test/normal/test_00015866_orig64342_64343_64344.png,0,0.5297821415311699,0.44706458299218665,0.7329595847465942
/root/New_CheckLiuliang_remote/datasets/toniot/test/normal/test_00015867_orig64345_64346_64347.png,0,0.531247120638637,0.44942835834698625,0.7316439156971383
/root/New_CheckLiuliang_remote/datasets/toniot/test/normal/test_00015868_orig64348_64349_64350.png,0,0.5235505866650794,0.4385166418778524,0.7350401393119549
/root/New_CheckLiuliang_remote/datasets/toniot/test/normal/test_00015869_orig64351_64352_64353.png,0,0.5239232075070495,0.43919472129764986,0.7345261846174734
/root/New_CheckLiuliang_remote/datasets/toniot/test/normal/test_00015870_orig64354_64355_64356.png,0,0.5244200975884773,0.43973501280731836,0.7346899904987092
/root/New_CheckLiuliang_remote/datasets/toniot/test/normal/test_00015871_orig64357_64358_64359.png,0,0.5268730092043467,0.4432136484694427,0.733605188798646
/root/New_CheckLiuliang_remote/datasets/toniot/test/normal/test_00015872_orig64360_64361_64362.png,0,0.5362865761098397,0.4561002118573963,0.7305233845263358
/root/New_CheckLiuliang_remote/datasets/toniot/test/normal/test_00015873_orig64363_64364_64365.png,0,0.6428347267672919,0.5886457331988261,0.7267030795780515
/root/New_CheckLiuliang_remote/datasets/toniot/test/normal/test_00015874_orig64366_64367_64368.png,0,0.5810713915095999,0.49456509842417806,0.7691612341838688
/root/New_CheckLiuliang_remote/datasets/toniot/test/normal/test_00015875_orig64369_64370_64371.png,0,0.6736767280452346,0.6225062636653111,0.7361131228024658
/root/New_CheckLiuliang_remote/datasets/toniot/test/normal/test_00015876_orig64372_64373_64374.png,0,0.5519874668977831,0.4475054364287817,0.7955892243214355
/root/New_CheckLiuliang_remote/datasets/toniot/test/normal/test_00015877_orig64375_64376_64377.png,0,0.5395442949617879,0.4602511574948054,0.7301770835022467
/root/New_CheckLiuliang_remote/datasets/toniot/test/normal/test_00015878_orig64378_64379_64380.png,0,0.6193102748937243,0.6083005337584622,0.6134019046006641
/root/New_CheckLiuliang_remote/datasets/toniot/test/normal/test_00015879_orig64381_64382_64383.png,0,0.5519106640984143,0.4474314517873824,0.795541676641144
/root/New_CheckLiuliang_remote/datasets/toniot/test/normal/test_00015880_orig64384_64385_64386.png,0,0.5329811656801535,0.4515705191566769,0.7316167063309599
/root/New_CheckLiuliang_remote/datasets/toniot/test/normal/test_00015881_orig64387_64388_64389.png,0,0.6317461525187597,0.5968838212049146,0.6756921142034815
/root/New_CheckLiuliang_remote/datasets/toniot/test/normal/test_00015882_orig64390_64391_64392.png,0,0.6365989685319032,0.5808003067986964,0.7271323829110888
/root/New_CheckLiuliang_remote/datasets/toniot/test/normal/test_00015883_orig64393_64394_64395.png,0,0.538979705709066,0.45947126434831154,0.7303782679067174
/root/New_CheckLiuliang_remote/datasets/toniot/test/normal/test_00015884_orig64396_64397_64398.png,0,0.5387254307883713,0.4591434241483494,0.7304142722195395
/root/New_CheckLiuliang_remote/datasets/toniot/test/normal/test_00015885_orig64399_64400_64401.png,0,0.5375847853628432,0.45776826007977106,0.7303529824351174
/root/New_CheckLiuliang_remote/datasets/toniot/test/normal/test_00015886_orig64402_64403_64404.png,0,0.5253663354695625,0.44110678308500684,0.7342018709599931
/root/New_CheckLiuliang_remote/datasets/toniot/test/normal/test_00015887_orig64405_64406_64407.png,0,0.5353788212521465,0.45487301707161665,0.7307844845048156
/root/New_CheckLiuliang_remote/datasets/toniot/test/normal/test_00015888_orig64408_64409_64410.png,0,0.5246221265865448,0.4391054645972461,0.7367381136983218
/root/New_CheckLiuliang_remote/datasets/toniot/test/normal/test_00015889_orig64411_64412_64413.png,0,0.52438236146283,0.43979677980151416,0.7344376854668728
/root/New_CheckLiuliang_remote/datasets/toniot/test/normal/test_00015890_orig64414_64415_64416.png,0,0.5306654489212556,0.4484003790864424,0.7323749956368819
/root/New_CheckLiuliang_remote/datasets/toniot/test/normal/test_00015891_orig64417_64418_64419.png,0,0.5278386537050711,0.44458134619806333,0.7331822068335087
/root/New_CheckLiuliang_remote/datasets/toniot/test/normal/test_00015892_orig64420_64421_64422.png,0,0.5270129936177458,0.44372475337745826,0.7328139184428107
/root/New_CheckLiuliang_remote/datasets/toniot/test/normal/test_00015893_orig64423_64424_64425.png,0,0.525430539908058,0.4405732791571181,0.7356307749474845
/root/New_CheckLiuliang_remote/datasets/toniot/test/normal/test_00015894_orig64426_64427_64428.png,0,0.5233279588530605,0.4379970524926121,0.735614284422528
/root/New_CheckLiuliang_remote/datasets/toniot/test/normal/test_00015895_orig64429_64430_64431.png,0,0.5295470268128825,0.4469057535785404,0.7326561590873923
/root/New_CheckLiuliang_remote/datasets/toniot/test/normal/test_00015896_orig64432_64433_64434.png,0,0.52640613821629,0.44276159552291106,0.7333215517693921
/root/New_CheckLiuliang_remote/datasets/toniot/test/normal/test_00015897_orig64435_64436_64437.png,0,0.5265208278849076,0.44283218637342053,0.7334856324927105
/root/New_CheckLiuliang_remote/datasets/toniot/test/normal/test_00015898_orig64438_64439_64440.png,0,0.5347349160852107,0.4539054472889126,0.731196197944566
/root/New_CheckLiuliang_remote/datasets/toniot/test/normal/test_00015899_orig64441_64442_64443.png,0,0.5240122364691048,0.43893000560823947,0.735399083071844
/root/New_CheckLiuliang_remote/datasets/toniot/test/normal/test_00015900_orig64444_64445_64446.png,0,0.528723204256493,0.44567720127640476,0.7331610439931476
/root/New_CheckLiuliang_remote/datasets/toniot/test/normal/test_00015901_orig64447_64448_64449.png,0,0.5304117005044473,0.44797683398338567,0.7326358207732792
/root/New_CheckLiuliang_remote/datasets/toniot/test/normal/test_00015902_orig64450_64451_64452.png,0,0.526930698228481,0.4433286979806096,0.7335021230176672
/root/New_CheckLiuliang_remote/datasets/toniot/test/normal/test_00015903_orig64453_64454_64455.png,0,0.5273961771911232,0.44352791350584536,0.7343717233670464
/root/New_CheckLiuliang_remote/datasets/toniot/test/normal/test_00015904_orig64456_64457_64458.png,0,0.5236265787969467,0.43844333599463103,0.7354290408588485
/root/New_CheckLiuliang_remote/datasets/toniot/test/normal/test_00015905_orig64459_64460_64461.png,0,0.5249638155676466,0.4401568610149301,0.7352644104513649
/root/New_CheckLiuliang_remote/datasets/toniot/test/normal/test_00015906_orig64462_64463_64464.png,0,0.5345810397474378,0.4535969516970227,0.731474887816333
/root/New_CheckLiuliang_remote/datasets/toniot/test/normal/test_00015907_orig64465_64466_64467.png,0,0.5250889584825534,0.44069884942004356,0.734358530947081
/root/New_CheckLiuliang_remote/datasets/toniot/test/normal/test_00015908_orig64468_64469_64470.png,0,0.5297057946266729,0.4470113004752156,0.7328650390701763
/root/New_CheckLiuliang_remote/datasets/toniot/test/normal/test_00015909_orig64471_64472_64473.png,0,0.5270388366918616,0.44262584388731596,0.7354521275937878
/root/New_CheckLiuliang_remote/datasets/toniot/test/normal/test_00015910_orig64474_64475_64476.png,0,0.524227851008586,0.43883565822150084,0.7362373514238056
/root/New_CheckLiuliang_remote/datasets/toniot/test/normal/test_00015911_orig64477_64478_64479.png,0,0.5206074310398595,0.43425675555287824,0.7365424261355032
/root/New_CheckLiuliang_remote/datasets/toniot/test/normal/test_00015912_orig64480_64481_64482.png,0,0.5217515755480792,0.43623058433443096,0.7352168627710733
/root/New_CheckLiuliang_remote/datasets/toniot/test/normal/test_00015913_orig64483_64484_64485.png,0,0.5296900429070364,0.447192189529646,0.7323978075297386
/root/New_CheckLiuliang_remote/datasets/toniot/test/normal/test_00015914_orig64486_64487_64488.png,0,0.5325646054596664,0.45022182665703964,0.7335694593279066
/root/New_CheckLiuliang_remote/datasets/toniot/test/normal/test_00015915_orig64489_64490_64491.png,0,0.5280848199382554,0.4448708365609699,0.7332124394625957
/root/New_CheckLiuliang_remote/datasets/toniot/test/normal/test_00015916_orig64492_64493_64494.png,0,0.5211969094686718,0.43545781814880585,0.7354298653850964
/root/New_CheckLiuliang_remote/datasets/toniot/test/normal/test_00015917_orig64495_64496_64497.png,0,0.5276669795788479,0.44441471106537034,0.7330788662104472
/root/New_CheckLiuliang_remote/datasets/toniot/test/normal/test_00015918_orig64498_64499_64500.png,0,0.529401049862933,0.44681615749904763,0.7324467294204432
/root/New_CheckLiuliang_remote/datasets/toniot/test/normal/test_00015919_orig64501_64502_64503.png,0,0.5302338719659091,0.4479764946042967,0.7321268132362848
/root/New_CheckLiuliang_remote/datasets/toniot/test/normal/test_00015920_orig64504_64505_64506.png,0,0.5242751044659246,0.4391017314272672,0.7357519803059157
/root/New_CheckLiuliang_remote/datasets/toniot/test/normal/test_00015921_orig64507_64508_64509.png,0,0.5294863472195258,0.4460997282421945,0.7343629284204028
/root/New_CheckLiuliang_remote/datasets/toniot/test/normal/test_00015922_orig64510_64511_64512.png,0,0.5340943959620166,0.4531656008749193,0.7310862611115219
/root/New_CheckLiuliang_remote/datasets/toniot/test/normal/test_00015923_orig64513_64514_64515.png,0,0.525423217471267,0.4410630031825274,0.7344670935697122
/root/New_CheckLiuliang_remote/datasets/toniot/test/normal/test_00015924_orig64516_64517_64518.png,0,0.5279885920540954,0.4158315254326447,0.8006949656900886
/root/New_CheckLiuliang_remote/datasets/toniot/test/normal/test_00015925_orig64519_64520_64521.png,0,0.5255518549530257,0.44020064091740957,0.7368480505313659
/root/New_CheckLiuliang_remote/datasets/toniot/test/normal/test_00015926_orig64522_64523_64524.png,0,0.5254480967658796,0.44044431510330273,0.7359820231290606
/root/New_CheckLiuliang_remote/datasets/toniot/test/normal/test_00015927_orig64525_64526_64527.png,0,0.6849881007243441,0.6109449756198547,0.7955169408537089
/root/New_CheckLiuliang_remote/datasets/toniot/test/normal/test_00015928_orig64528_64529_64530.png,0,0.600418568374417,0.5097468825909557,0.7892016194794875
/root/New_CheckLiuliang_remote/datasets/toniot/test/normal/test_00015929_orig64531_64532_64533.png,0,0.5225127031074923,0.435481574685035,0.7391465548682365
/root/New_CheckLiuliang_remote/datasets/toniot/test/normal/test_00015930_orig64534_64535_64536.png,0,0.5201368507706967,0.4247310632831703,0.7574199804147532
/root/New_CheckLiuliang_remote/datasets/toniot/test/normal/test_00015931_orig64537_64538_64539.png,0,0.5232788678267941,0.438388695961304,0.7345597153515518
/root/New_CheckLiuliang_remote/datasets/toniot/test/normal/test_00015932_orig64540_64541_64542.png,0,0.604247757166199,0.5550757112325145,0.6944118832921574
/root/New_CheckLiuliang_remote/datasets/toniot/test/normal/test_00015933_orig64543_64544_64545.png,0,0.5278699494512483,0.4443057703778053,0.733914935825748
/root/New_CheckLiuliang_remote/datasets/toniot/test/normal/test_00015934_orig64546_64547_64548.png,0,0.6539226803047747,0.6125251246581817,0.7027714800768349
/root/New_CheckLiuliang_remote/datasets/toniot/test/normal/test_00015935_orig64549_64550_64551.png,0,0.6148718098611469,0.5598175158638513,0.7138047406411461
/root/New_CheckLiuliang_remote/datasets/toniot/test/normal/test_00015936_orig64552_64553_64554.png,0,0.7109800186339058,0.6934952058461442,0.6774134501668704
/root/New_CheckLiuliang_remote/datasets/toniot/test/normal/test_00015937_orig64555_64556_64557.png,0,0.5362865761098397,0.4561002118573963,0.7305233845263358
/root/New_CheckLiuliang_remote/datasets/toniot/test/normal/test_00015938_orig64558_64559_64560.png,0,0.5313803465855925,0.44942937648425324,0.7320234726132232
/root/New_CheckLiuliang_remote/datasets/toniot/test/normal/test_00015939_orig64561_64562_64563.png,0,0.5226390092530875,0.43750054088542306,0.7347977285950925
/root/New_CheckLiuliang_remote/datasets/toniot/test/normal/test_00015940_orig64564_64565_64566.png,0,0.5251296428652027,0.4409978423974418,0.7337775147844428
/root/New_CheckLiuliang_remote/datasets/toniot/test/normal/test_00015941_orig64567_64568_64569.png,0,0.5256321428836376,0.44132805825102683,0.7344475797818468
/root/New_CheckLiuliang_remote/datasets/toniot/test/normal/test_00015942_orig64570_64571_64572.png,0,0.5263949792477656,0.4423998174140501,0.7341337101235058
/root/New_CheckLiuliang_remote/datasets/toniot/test/normal/test_00015943_orig64573_64574_64575.png,0,0.5199018906349889,0.4334374944320618,0.7364313899341286
/root/New_CheckLiuliang_remote/datasets/toniot/test/normal/test_00015944_orig64576_64577_64578.png,0,0.5260689918190766,0.441683388157197,0.7348708365890668
/root/New_CheckLiuliang_remote/datasets/toniot/test/normal/test_00015945_orig64579_64580_64581.png,0,0.5249050094930502,0.44063233111860195,0.7339863947672266
/root/New_CheckLiuliang_remote/datasets/toniot/test/normal/test_00015946_orig64582_64583_64584.png,0,0.5208612306466265,0.4350359699411941,0.7354518527517052
/root/New_CheckLiuliang_remote/datasets/toniot/test/normal/test_00015947_orig64585_64586_64587.png,0,0.2906976595403788,0.17058805063196628,0.6926633379625902
/root/New_CheckLiuliang_remote/datasets/toniot/test/normal/test_00015948_orig64588_64589_64590.png,0,0.25925286539323517,0.1187265139064824,0.723527554155571
/root/New_CheckLiuliang_remote/datasets/toniot/test/normal/test_00015949_orig64591_64592_64593.png,0,0.1983916538636481,0.021910313985048654,0.7749549052852956
/root/New_CheckLiuliang_remote/datasets/toniot/test/normal/test_00015950_orig64594_64595_64596.png,0,0.5351998494507199,0.4762012959190513,0.6805054235962372
/root/New_CheckLiuliang_remote/datasets/toniot/test/normal/test_00015951_orig64597_64598_64599.png,0,0.5030471340566437,0.5281381748022904,0.4671438658133003
/root/New_CheckLiuliang_remote/datasets/toniot/test/normal/test_00015952_orig64600_64601_64602.png,0,0.5236282538492657,0.4389249149219046,0.7343101587405416
/root/New_CheckLiuliang_remote/datasets/toniot/test/normal/test_00015953_orig64603_64604_64605.png,0,0.5263022467231057,0.4419633759056119,0.734886227745693
/root/New_CheckLiuliang_remote/datasets/toniot/test/normal/test_00015954_orig64606_64607_64608.png,0,0.5274888434946533,0.44362056399713906,0.7344211949419163
/root/New_CheckLiuliang_remote/datasets/toniot/test/normal/test_00015955_orig64609_64610_64611.png,0,0.5330208092219342,0.45132616621260574,0.7323005134324945
/root/New_CheckLiuliang_remote/datasets/toniot/test/normal/test_00015956_orig64612_64613_64614.png,0,0.5313003693568318,0.4493357078556926,0.7320127537720015
/root/New_CheckLiuliang_remote/datasets/toniot/test/normal/test_00015957_orig64615_64616_64617.png,0,0.5221291703310618,0.4364803673439259,0.735716525677259
/root/New_CheckLiuliang_remote/datasets/toniot/test/normal/test_00015958_orig64618_64619_64620.png,0,0.5207518628713887,0.4345781475501496,0.7362065691105533
/root/New_CheckLiuliang_remote/datasets/toniot/test/normal/test_00015959_orig64621_64622_64623.png,0,0.5203646135136768,0.43345310587015523,0.7377214986699018
/root/New_CheckLiuliang_remote/datasets/toniot/test/normal/test_00015960_orig64624_64625_64626.png,0,0.5208989413327562,0.43448346078432204,0.7368491498996964
/root/New_CheckLiuliang_remote/datasets/toniot/test/normal/test_00015961_orig64627_64628_64629.png,0,0.5210578514822902,0.43451332614415294,0.7372350281836814
/root/New_CheckLiuliang_remote/datasets/toniot/test/normal/test_00015962_orig64630_64631_64632.png,0,0.49134808176420364,0.3816757351587403,0.7753506778842546
/root/New_CheckLiuliang_remote/datasets/toniot/test/normal/test_00015963_orig64633_64634_64635.png,0,0.5222343855450686,0.43573033955726304,0.7377682218239455
/root/New_CheckLiuliang_remote/datasets/toniot/test/normal/test_00015964_orig64636_64637_64638.png,0,0.5236633462023519,0.4383418616470237,0.7357712192516984
/root/New_CheckLiuliang_remote/datasets/toniot/test/normal/test_00015965_orig64639_64640_64641.png,0,0.5209805840882638,0.4347675210818048,0.7364203962508242
/root/New_CheckLiuliang_remote/datasets/toniot/test/normal/test_00015966_orig64642_64643_64644.png,0,0.5277694219381668,0.44458745502166513,0.7329694790615682
/root/New_CheckLiuliang_remote/datasets/toniot/test/normal/test_00015967_orig64645_64646_64647.png,0,0.5293983789112922,0.44689862661767166,0.7322466443843029
/root/New_CheckLiuliang_remote/datasets/toniot/test/normal/test_00015968_orig64648_64649_64650.png,0,0.5260915721252948,0.4421476587509322,0.7338522718309127
/root/New_CheckLiuliang_remote/datasets/toniot/test/normal/test_00015969_orig64651_64652_64653.png,0,0.5279500457356808,0.44471879472910336,0.7331808326230956
/root/New_CheckLiuliang_remote/datasets/toniot/test/normal/test_00015970_orig64654_64655_64656.png,0,0.5273251264675566,0.44293671513282873,0.7355474977964536
/root/New_CheckLiuliang_remote/datasets/toniot/test/normal/test_00015971_orig64657_64658_64659.png,0,0.5246485332130988,0.4401500734331504,0.7343763956824507
/root/New_CheckLiuliang_remote/datasets/toniot/test/normal/test_00015972_orig64660_64661_64662.png,0,0.533958780578713,0.4528557477666735,0.7314204690839761
/root/New_CheckLiuliang_remote/datasets/toniot/test/normal/test_00015973_orig64663_64664_64665.png,0,0.5315641903758929,0.449436164066033,0.7325346788868786
/root/New_CheckLiuliang_remote/datasets/toniot/test/normal/test_00015974_orig64666_64667_64668.png,0,0.5226279792337185,0.4366948549281662,0.7366460416006473
/root/New_CheckLiuliang_remote/datasets/toniot/test/normal/test_00015975_orig64669_64670_64671.png,0,0.5205106894904004,0.43378264296556235,0.7373713498566561
/root/New_CheckLiuliang_remote/datasets/toniot/test/normal/test_00015976_orig64672_64673_64674.png,0,0.5229480016988344,0.43769195069161215,0.7352369262431039
/root/New_CheckLiuliang_remote/datasets/toniot/test/normal/test_00015977_orig64675_64676_64677.png,0,0.5296140485207442,0.44709410897292856,0.732408801213043
/root/New_CheckLiuliang_remote/datasets/toniot/test/normal/test_00015978_orig64678_64679_64680.png,0,0.5294850318045917,0.4468361808652979,0.7326407679307662
/root/New_CheckLiuliang_remote/datasets/toniot/test/normal/test_00015979_orig64681_64682_64683.png,0,0.5216983708626713,0.435701831713788,0.7362980915240626
/root/New_CheckLiuliang_remote/datasets/toniot/test/normal/test_00015980_orig64684_64685_64686.png,0,0.5235694460471131,0.43869176148777006,0.7346855930253874
/root/New_CheckLiuliang_remote/datasets/toniot/test/normal/test_00015981_orig64687_64688_64689.png,0,0.5045031685962087,0.3928083874148052,0.7870875341800485
/root/New_CheckLiuliang_remote/datasets/toniot/test/normal/test_00015982_orig64690_64691_64692.png,0,0.6468970848952782,0.5584745928087268,0.8087483883947381
/root/New_CheckLiuliang_remote/datasets/toniot/test/normal/test_00015983_orig64693_64694_64695.png,0,0.5265161309313423,0.4426692844107064,0.7338522718309127
/root/New_CheckLiuliang_remote/datasets/toniot/test/normal/test_00015984_orig64696_64697_64698.png,0,0.5307129847576652,0.4486294599715091,0.7319767494591795
/root/New_CheckLiuliang_remote/datasets/toniot/test/normal/test_00015985_orig64699_64700_64701.png,0,0.7137819744474889,0.6633695422539693,0.7557393210795907
/root/New_CheckLiuliang_remote/datasets/toniot/test/normal/test_00015986_orig64702_64703_64704.png,0,0.6615006542696664,0.6078936182307659,0.7353028883429303
/root/New_CheckLiuliang_remote/datasets/toniot/test/normal/test_00015987_orig64705_64706_64707.png,0,0.5258685763700025,0.44122183259617365,0.7353732479160786
/root/New_CheckLiuliang_remote/datasets/toniot/test/normal/test_00015988_orig64708_64709_64710.png,0,0.46524465386691627,0.33151346953181804,0.8175625739840531
/root/New_CheckLiuliang_remote/datasets/toniot/test/normal/test_00015989_orig64711_64712_64713.png,0,0.5303294126022745,0.44778915734717545,0.7328378297039978
/root/New_CheckLiuliang_remote/datasets/toniot/test/normal/test_00015990_orig64714_64715_64716.png,0,0.6939117646857346,0.5978164349414529,0.8517325907466717
/root/New_CheckLiuliang_remote/datasets/toniot/test/normal/test_00015991_orig64717_64718_64719.png,0,0.5354096132476407,0.454835345992739,0.7309606582797689
/root/New_CheckLiuliang_remote/datasets/toniot/test/normal/test_00015992_orig64720_64721_64722.png,0,0.7120161787935803,0.6777245989599728,0.7171820001522625
/root/New_CheckLiuliang_remote/datasets/toniot/test/normal/test_00015993_orig64723_64724_64725.png,0,0.5814484016734636,0.5021105137096425,0.7526360791248369
/root/New_CheckLiuliang_remote/datasets/toniot/test/normal/test_00015994_orig64726_64727_64728.png,0,0.6285761252266485,0.5701733293852232,0.7289287507630303
/root/New_CheckLiuliang_remote/datasets/toniot/test/normal/test_00015995_orig64729_64730_64731.png,0,0.539886727055602,0.46086034295953837,0.7297373361700701
/root/New_CheckLiuliang_remote/datasets/toniot/test/normal/test_00015996_orig64732_64733_64734.png,0,0.5384458503656333,0.4587840216931114,0.7304513759006919
/root/New_CheckLiuliang_remote/datasets/toniot/test/normal/test_00015997_orig64735_64736_64737.png,0,0.5335988656462233,0.4523018810934455,0.7316810193782907
/root/New_CheckLiuliang_remote/datasets/toniot/test/normal/test_00015998_orig64738_64739_64740.png,0,0.5244112456292975,0.4396216601915965,0.7349291031105802
/root/New_CheckLiuliang_remote/datasets/toniot/test/normal/test_00015999_orig64741_64742_64743.png,0,0.5345938715898397,0.45369740790736307,0.731277276358936
/root/New_CheckLiuliang_remote/datasets/toniot/test/normal/test_00016000_orig64744_64745_64746.png,0,0.521444273280802,0.4357944822050817,0.7353534592861307
/root/New_CheckLiuliang_remote/datasets/toniot/test/normal/test_00016001_orig64747_64748_64749.png,0,0.5328689857352457,0.45142797993930206,0.7316277000142644
/root/New_CheckLiuliang_remote/datasets/toniot/test/normal/test_00016002_orig64750_64751_64752.png,0,0.5298084189476421,0.44709003642386075,0.7329755255873857
/root/New_CheckLiuliang_remote/datasets/toniot/test/normal/test_00016003_orig64753_64754_64755.png,0,0.5310821363063539,0.44902517598926883,0.7321116969217412
/root/New_CheckLiuliang_remote/datasets/toniot/test/normal/test_00016004_orig64756_64757_64758.png,0,0.6253154989535816,0.5085834910739058,0.8632907996887689
/root/New_CheckLiuliang_remote/datasets/toniot/test/normal/test_00016005_orig64759_64760_64761.png,0,0.5271157648402962,0.4436419448797453,0.7333017631394442
/root/New_CheckLiuliang_remote/datasets/toniot/test/normal/test_00016006_orig64762_64763_64764.png,0,0.5240037374600189,0.43894901083722276,0.7353303725511914
/root/New_CheckLiuliang_remote/datasets/toniot/test/normal/test_00016007_orig64765_64766_64767.png,0,0.5319638432731083,0.45035723891354573,0.7315312304432681
/root/New_CheckLiuliang_remote/datasets/toniot/test/normal/test_00016008_orig64768_64769_64770.png,0,0.5295535190231553,0.44608072301321117,0.734599842295613
/root/New_CheckLiuliang_remote/datasets/toniot/test/normal/test_00016009_orig64771_64772_64773.png,0,0.5240108281998254,0.43924630691917604,0.734657009448796
/root/New_CheckLiuliang_remote/datasets/toniot/test/normal/test_00016010_orig64774_64775_64776.png,0,0.4914375735593162,0.3909071857582959,0.7540671818489891
/root/New_CheckLiuliang_remote/datasets/toniot/test/normal/test_00016011_orig64777_64778_64779.png,0,0.5372296017961541,0.4571790979812883,0.730709452616263
/root/New_CheckLiuliang_remote/datasets/toniot/test/normal/test_00016012_orig64780_64781_64782.png,0,0.5393621258489052,0.4601201571664561,0.7299605079411497
/root/New_CheckLiuliang_remote/datasets/toniot/test/normal/test_00016013_orig64783_64784_64785.png,0,0.5260906216873982,0.44162162116300124,0.7350769681510246
/root/New_CheckLiuliang_remote/datasets/toniot/test/normal/test_00016014_orig64786_64787_64788.png,0,0.5237847576517572,0.4390922288127756,0.734368425262055
/root/New_CheckLiuliang_remote/datasets/toniot/test/normal/test_00016015_orig64789_64790_64791.png,0,0.5241346553818844,0.4394903204841582,0.7344426326243598
/root/New_CheckLiuliang_remote/datasets/toniot/test/normal/test_00016016_orig64792_64793_64794.png,0,0.5300750333651512,0.44761301959999084,0.732519562572335
/root/New_CheckLiuliang_remote/datasets/toniot/test/normal/test_00016017_orig64795_64796_64797.png,0,0.533209977515945,0.45186577896409624,0.7315837252810466
/root/New_CheckLiuliang_remote/datasets/toniot/test/normal/test_00016018_orig64798_64799_64800.png,0,0.5346701299139006,0.453727612646283,0.7314254162414631
/root/New_CheckLiuliang_remote/datasets/toniot/test/normal/test_00016019_orig64801_64802_64803.png,0,0.5313183593373256,0.4492281246844835,0.7323153549049555
/root/New_CheckLiuliang_remote/datasets/toniot/test/normal/test_00016020_orig64804_64805_64806.png,0,0.530082726704462,0.44753801682132455,0.7327166243455666
/root/New_CheckLiuliang_remote/datasets/toniot/test/normal/test_00016021_orig64807_64808_64809.png,0,0.5196036930755091,0.43327866501841555,0.7359471181845691
/root/New_CheckLiuliang_remote/datasets/toniot/test/normal/test_00016022_orig64810_64811_64812.png,0,0.5239445254608259,0.43865646606251535,0.7358432278773424
/root/New_CheckLiuliang_remote/datasets/toniot/test/normal/test_00016023_orig64813_64814_64815.png,0,0.525512957293245,0.44144005335039277,0.7338445762525997
/root/New_CheckLiuliang_remote/datasets/toniot/test/normal/test_00016024_orig64816_64817_64818.png,0,0.5208619756008706,0.43444511094726646,0.7368326593747397
/root/New_CheckLiuliang_remote/datasets/toniot/test/normal/test_00016025_orig64819_64820_64821.png,0,0.5246610939225684,0.4396270902570203,0.7356326988420628
/root/New_CheckLiuliang_remote/datasets/toniot/test/normal/test_00016026_orig64822_64823_64824.png,0,0.5341814535032415,0.45319682375110615,0.7312629845706403
/root/New_CheckLiuliang_remote/datasets/toniot/test/normal/test_00016027_orig64825_64826_64827.png,0,0.5276541083074882,0.444564037864525,0.7326935376106274
/root/New_CheckLiuliang_remote/datasets/toniot/test/normal/test_00016028_orig64828_64829_64830.png,0,0.5256902708919492,0.4419100933886408,0.7332561393537308
/root/New_CheckLiuliang_remote/datasets/toniot/test/normal/test_00016029_orig64831_64832_64833.png,0,0.5287156469405364,0.4451966404863981,0.7342606871656718
/root/New_CheckLiuliang_remote/datasets/toniot/test/normal/test_00016030_orig64834_64835_64836.png,0,0.5312230332333141,0.4492719045869629,0.7319399206201097
/root/New_CheckLiuliang_remote/datasets/toniot/test/normal/test_00016031_orig64837_64838_64839.png,0,0.5296123629840953,0.4466814240007195,0.7333669007130228
/root/New_CheckLiuliang_remote/datasets/toniot/test/normal/test_00016032_orig64840_64841_64842.png,0,0.5269318052265022,0.442984228205287,0.7343090593722112
/root/New_CheckLiuliang_remote/datasets/toniot/test/normal/test_00016033_orig64843_64844_64845.png,0,0.5333860933007631,0.452342945963213,0.7309752249101472
/root/New_CheckLiuliang_remote/datasets/toniot/test/normal/test_00016034_orig64846_64847_64848.png,0,0.5237943251886641,0.4386184556045487,0.7355013243265751
/root/New_CheckLiuliang_remote/datasets/toniot/test/normal/test_00016035_orig64849_64850_64851.png,0,0.524617163288819,0.43998208078410145,0.7346784471312395
/root/New_CheckLiuliang_remote/datasets/toniot/test/normal/test_00016036_orig64852_64853_64854.png,0,0.5204330046906981,0.4339835553862431,0.7366798471768083
/root/New_CheckLiuliang_remote/datasets/toniot/test/normal/test_00016037_orig64855_64856_64857.png,0,0.5322469235403465,0.4507237683296525,0.731487530552133
/root/New_CheckLiuliang_remote/datasets/toniot/test/normal/test_00016038_orig64858_64859_64860.png,0,0.621233718896674,0.5751187614699527,0.6963401753437518
/root/New_CheckLiuliang_remote/datasets/toniot/test/normal/test_00016039_orig64861_64862_64863.png,0,0.7210665503333348,0.6617737817775489,0.780346207577781
/root/New_CheckLiuliang_remote/datasets/toniot/test/normal/test_00016040_orig64864_64865_64866.png,0,0.5304715770123738,0.4481295545734302,0.732451126893765
/root/New_CheckLiuliang_remote/datasets/toniot/test/normal/test_00016041_orig64867_64868_64869.png,0,0.5781817729831114,0.49128126635913266,0.7685395413930041
/root/New_CheckLiuliang_remote/datasets/toniot/test/normal/test_00016042_orig64870_64871_64872.png,0,0.6471974919498459,0.5780961342176422,0.763825999676236
/root/New_CheckLiuliang_remote/datasets/toniot/test/normal/test_00016043_orig64873_64874_64875.png,0,0.5362862534380326,0.45603267541868775,0.7306800445134237
/root/New_CheckLiuliang_remote/datasets/toniot/test/normal/test_00016044_orig64876_64877_64878.png,0,0.5522784008304934,0.44771788773848803,0.7959275549251289
/root/New_CheckLiuliang_remote/datasets/toniot/test/normal/test_00016045_orig64879_64880_64881.png,0,0.6537099139157985,0.6122974012894709,0.7026928752412083
/root/New_CheckLiuliang_remote/datasets/toniot/test/normal/test_00016046_orig64882_64883_64884.png,0,0.626415795981589,0.5671694850685928,0.7297444820642179
/root/New_CheckLiuliang_remote/datasets/toniot/test/normal/test_00016047_orig64885_64886_64887.png,0,0.630389171641387,0.5952072885053151,0.6757138267280077
/root/New_CheckLiuliang_remote/datasets/toniot/test/normal/test_00016048_orig64888_64889_64890.png,0,0.6663423667801275,0.5973246746415096,0.7738439935873845
/root/New_CheckLiuliang_remote/datasets/toniot/test/normal/test_00016049_orig64891_64892_64893.png,0,0.5351587484732958,0.4543344224573931,0.7314102999269195
/root/New_CheckLiuliang_remote/datasets/toniot/test/normal/test_00016050_orig64894_64895_64896.png,0,0.5315459553688135,0.44953390524366144,0.732254339962616
/root/New_CheckLiuliang_remote/datasets/toniot/test/normal/test_00016051_orig64897_64898_64899.png,0,0.5201905680434922,0.4339200914966024,0.7361329114324138
/root/New_CheckLiuliang_remote/datasets/toniot/test/normal/test_00016052_orig64900_64901_64902.png,0,0.5213849879482885,0.4355555593264343,0.7357409866226113
/root/New_CheckLiuliang_remote/datasets/toniot/test/normal/test_00016053_orig64903_64904_64905.png,0,0.5349010101208247,0.454169823599234,0.7310554787982695
/root/New_CheckLiuliang_remote/datasets/toniot/test/normal/test_00016054_orig64906_64907_64908.png,0,0.5239159765269672,0.4386272794608624,0.7358294857732118
/root/New_CheckLiuliang_remote/datasets/toniot/test/normal/test_00016055_orig64909_64910_64911.png,0,0.5280885639645588,0.44439061515005224,0.7343436894746201
/root/New_CheckLiuliang_remote/datasets/toniot/test/normal/test_00016056_orig64912_64913_64914.png,0,0.5285575713864094,0.4451847622182835,0.7338352316217909
/root/New_CheckLiuliang_remote/datasets/toniot/test/normal/test_00016057_orig64915_64916_64917.png,0,0.5249758685704378,0.4405091365092994,0.7344769878846862
/root/New_CheckLiuliang_remote/datasets/toniot/test/normal/test_00016058_orig64918_64919_64920.png,0,0.5240897642767935,0.43942244466636066,0.7344723155692818
/root/New_CheckLiuliang_remote/datasets/toniot/test/normal/test_00016059_orig64921_64922_64923.png,0,0.5255016981042484,0.44125271609327155,0.7342494186402848
/root/New_CheckLiuliang_remote/datasets/toniot/test/normal/test_00016060_orig64924_64925_64926.png,0,0.5532745575359335,0.45873481172520814,0.7730771841769015
/root/New_CheckLiuliang_remote/datasets/toniot/test/normal/test_00016061_orig64927_64928_64929.png,0,0.5329233901330591,0.45137232176870806,0.7319135357801791
/root/New_CheckLiuliang_remote/datasets/toniot/test/normal/test_00016062_orig64930_64931_64932.png,0,0.5328636949009574,0.45114561653726426,0.7322713801717379
/root/New_CheckLiuliang_remote/datasets/toniot/test/normal/test_00016063_orig64933_64934_64935.png,0,0.5344175706301891,0.4535029436893731,0.7312256060474053
/root/New_CheckLiuliang_remote/datasets/toniot/test/normal/test_00016064_orig64936_64937_64938.png,0,0.5284013087874792,0.44466449407486536,0.7346012165060261
/root/New_CheckLiuliang_remote/datasets/toniot/test/normal/test_00016065_orig64939_64940_64941.png,0,0.5206169289265092,0.43353930815875813,0.7382436986268615
/root/New_CheckLiuliang_remote/datasets/toniot/test/normal/test_00016066_orig64942_64943_64944.png,0,0.5220827596800394,0.4361348794313364,0.7363896139375719
/root/New_CheckLiuliang_remote/datasets/toniot/test/normal/test_00016067_orig64945_64946_64947.png,0,0.5246165964921965,0.43997325692778777,0.7346974112349397
/root/New_CheckLiuliang_remote/datasets/toniot/test/normal/test_00016068_orig64948_64949_64950.png,0,0.5285581504709016,0.44526180127148374,0.7336571339522594
/root/New_CheckLiuliang_remote/datasets/toniot/test/normal/test_00016069_orig64951_64952_64953.png,0,0.5201965420817524,0.4338963349603733,0.7362054697422229
/root/New_CheckLiuliang_remote/datasets/toniot/test/normal/test_00016070_orig64954_64955_64956.png,0,0.5217839183835369,0.4357466297535344,0.7364388106703591
/root/New_CheckLiuliang_remote/datasets/toniot/test/normal/test_00016071_orig64957_64958_64959.png,0,0.5281191600469541,0.4449017200580678,0.7332388243025264
/root/New_CheckLiuliang_remote/datasets/toniot/test/normal/test_00016072_orig64960_64961_64962.png,0,0.523172686787814,0.4378758941578435,0.7354518527517052
/root/New_CheckLiuliang_remote/datasets/toniot/test/normal/test_00016073_orig64963_64964_64965.png,0,0.5330021424448372,0.4515053583715913,0.7318288844187351
/root/New_CheckLiuliang_remote/datasets/toniot/test/normal/test_00016074_orig64966_64967_64968.png,0,0.5319381671034856,0.4498566547572888,0.7326256516162226
/root/New_CheckLiuliang_remote/datasets/toniot/test/normal/test_00016075_orig64969_64970_64971.png,0,0.5367295133764247,0.45660554732089903,0.7306140824135972
/root/New_CheckLiuliang_remote/datasets/toniot/test/normal/test_00016076_orig64972_64973_64974.png,0,0.5209386474885871,0.43430868055349336,0.7373708001724909
/root/New_CheckLiuliang_remote/datasets/toniot/test/normal/test_00016077_orig64975_64976_64977.png,0,0.5254836553462001,0.44095609876949626,0.734889800692767
/root/New_CheckLiuliang_remote/datasets/toniot/test/normal/test_00016078_orig64978_64979_64980.png,0,0.5211715216156085,0.4347943320298348,0.7369052176845489
/root/New_CheckLiuliang_remote/datasets/toniot/test/normal/test_00016079_orig64981_64982_64983.png,0,0.5325926150559047,0.450958618659232,0.731930575989301
/root/New_CheckLiuliang_remote/datasets/toniot/test/normal/test_00016080_orig64984_64985_64986.png,0,0.5258587278636672,0.441406794199672,0.7349134371118714
/root/New_CheckLiuliang_remote/datasets/toniot/test/normal/test_00016081_orig64987_64988_64989.png,0,0.5244606310115805,0.43988705463918487,0.7344514275710033
/root/New_CheckLiuliang_remote/datasets/toniot/test/normal/test_00016082_orig64990_64991_64992.png,0,0.5284640745644331,0.44523974163069957,0.7334389093386667
/root/New_CheckLiuliang_remote/datasets/toniot/test/normal/test_00016083_orig64993_64994_64995.png,0,0.5303144551853095,0.4478835047339141,0.7325748058309397
/root/New_CheckLiuliang_remote/datasets/toniot/test/normal/test_00016084_orig64996_64997_64998.png,0,0.5321089899395515,0.4505401642425101,0.7315205116020462
/root/New_CheckLiuliang_remote/datasets/toniot/test/normal/test_00016085_orig64999_65000_65001.png,0,0.5254630476804961,0.44129887164937387,0.7340309191846095
/root/New_CheckLiuliang_remote/datasets/toniot/test/normal/test_00016086_orig65002_65003_65004.png,0,0.5307662965407951,0.4486406594814457,0.7321034516592628
/root/New_CheckLiuliang_remote/datasets/toniot/test/normal/test_00016087_orig65005_65006_65007.png,0,0.5289158680831032,0.446112624647576,0.7326973853997839
/root/New_CheckLiuliang_remote/datasets/toniot/test/normal/test_00016088_orig65008_65009_65010.png,0,0.5231242060830843,0.43804931687231624,0.7349082151123019
/root/New_CheckLiuliang_remote/datasets/toniot/test/normal/test_00016089_orig65011_65012_65013.png,0,0.5255212276975633,0.44121640253074984,0.7343901377865812
/root/New_CheckLiuliang_remote/datasets/toniot/test/normal/test_00016090_orig65014_65015_65016.png,0,0.707200073556398,0.6674644903416953,0.7273154277381074
/root/New_CheckLiuliang_remote/datasets/toniot/test/normal/test_00016091_orig65017_65018_65019.png,0,0.30549123193633204,0.18445796493026184,0.7027104651344953
/root/New_CheckLiuliang_remote/datasets/toniot/test/normal/test_00016092_orig65020_65021_65022.png,0,0.17219522360419157,0.020036771724291823,0.7042264940621742
/root/New_CheckLiuliang_remote/datasets/toniot/test/normal/test_00016093_orig65023_65024_65025.png,0,0.48385900915065355,0.6299162666942695,0.17465307371017297
/root/New_CheckLiuliang_remote/datasets/toniot/test/normal/test_00016094_orig65026_65027_65028.png,0,0.06750563870822747,0.17496128957266233,0.042611516487913954
/root/New_CheckLiuliang_remote/datasets/toniot/test/normal/test_00016095_orig65029_65030_65031.png,0,0.07937697122820858,0.180120191104365,0.06460685351714039
/root/New_CheckLiuliang_remote/datasets/toniot/test/normal/test_00016096_orig65032_65033_65034.png,0,0.538662489362157,0.4591420666319934,0.7302369990762557
/root/New_CheckLiuliang_remote/datasets/toniot/test/normal/test_00016097_orig65035_65036_65037.png,0,0.5375437140687497,0.45756938393362423,0.7306992834592064
/root/New_CheckLiuliang_remote/datasets/toniot/test/normal/test_00016098_orig65038_65039_65040.png,0,0.5328615679547437,0.45138046686684374,0.7317172985331953
/root/New_CheckLiuliang_remote/datasets/toniot/test/normal/test_00016099_orig65041_65042_65043.png,0,0.6944129404962817,0.6376147419488675,0.7603066468084101
/root/New_CheckLiuliang_remote/datasets/toniot/test/normal/test_00016100_orig65044_65045_65046.png,0,0.6239166729719755,0.5564841344518137,0.747512473020814
/root/New_CheckLiuliang_remote/datasets/toniot/test/normal/test_00016101_orig65047_65048_65049.png,0,0.5956278285419343,0.5165561846324058,0.7595791398157403
/root/New_CheckLiuliang_remote/datasets/toniot/test/normal/test_00016102_orig65050_65051_65052.png,0,0.7285230128660064,0.7130145941492742,0.682160522617717
/root/New_CheckLiuliang_remote/datasets/toniot/test/normal/test_00016103_orig65053_65054_65055.png,0,0.5385986773786965,0.45898663100923703,0.730416745798283
/root/New_CheckLiuliang_remote/datasets/toniot/test/normal/test_00016104_orig65056_65057_65058.png,0,0.6129331920522982,0.6037759317440776,0.6056774678688992
/root/New_CheckLiuliang_remote/datasets/toniot/test/normal/test_00016105_orig65059_65060_65061.png,0,0.6328608111219062,0.575801592196996,0.7280794887277643
/root/New_CheckLiuliang_remote/datasets/toniot/test/normal/test_00016106_orig65062_65063_65064.png,0,0.5593630080084242,0.4545828479505321,0.8002194888871726
/root/New_CheckLiuliang_remote/datasets/toniot/test/normal/test_00016107_orig65065_65066_65067.png,0,0.5397536536937798,0.46076904998460066,0.72956885797343
/root/New_CheckLiuliang_remote/datasets/toniot/test/normal/test_00016108_orig65068_65069_65070.png,0,0.5387778362303689,0.45923878967235493,0.7303419887518129
/root/New_CheckLiuliang_remote/datasets/toniot/test/normal/test_00016109_orig65071_65072_65073.png,0,0.5342206870884463,0.45339332424363005,0.7309169583886338
/root/New_CheckLiuliang_remote/datasets/toniot/test/normal/test_00016110_orig65074_65075_65076.png,0,0.5291308702435715,0.44629656811380736,0.7328845528580415
/root/New_CheckLiuliang_remote/datasets/toniot/test/normal/test_00016111_orig65077_65078_65079.png,0,0.5295525483664022,0.44690405668309546,0.7326759477173403
/root/New_CheckLiuliang_remote/datasets/toniot/test/normal/test_00016112_orig65080_65081_65082.png,0,0.5294600547148948,0.4465147888680265,0.7333190781906486
/root/New_CheckLiuliang_remote/datasets/toniot/test/normal/test_00016113_orig65083_65084_65085.png,0,0.5303028152193054,0.4479018312047194,0.7324986745740566
/root/New_CheckLiuliang_remote/datasets/toniot/test/normal/test_00016114_orig65086_65087_65088.png,0,0.5366955344287289,0.4566096198699669,0.7305071688434618
/root/New_CheckLiuliang_remote/datasets/toniot/test/normal/test_00016115_orig65089_65090_65091.png,0,0.5389078125730804,0.45942239375949734,0.730286195809043
/root/New_CheckLiuliang_remote/datasets/toniot/test/normal/test_00016116_orig65092_65093_65094.png,0,0.5281202241678947,0.4450500287199554,0.7328958213834286
/root/New_CheckLiuliang_remote/datasets/toniot/test/normal/test_00016117_orig65095_65096_65097.png,0,0.5290567716333767,0.4462134202370054,0.7328661384385067
/root/New_CheckLiuliang_remote/datasets/toniot/test/normal/test_00016118_orig65098_65099_65100.png,0,0.5336088796543992,0.4525034722723042,0.7312393481515358
/root/New_CheckLiuliang_remote/datasets/toniot/test/normal/test_00016119_orig65101_65102_65103.png,0,0.5303422255334934,0.44796733136889405,0.732458822472078
/root/New_CheckLiuliang_remote/datasets/toniot/test/normal/test_00016120_orig65104_65105_65106.png,0,0.5310749735668864,0.44902721226380277,0.7320864114501411
/root/New_CheckLiuliang_remote/datasets/toniot/test/normal/test_00016121_orig65107_65108_65109.png,0,0.5359492340344678,0.4555164798243374,0.7309183325990469
/root/New_CheckLiuliang_remote/datasets/toniot/test/normal/test_00016122_orig65110_65111_65112.png,0,0.5290207462039738,0.44585842970992423,0.7335911718524328
/root/New_CheckLiuliang_remote/datasets/toniot/test/normal/test_00016123_orig65113_65114_65115.png,0,0.5248566106054822,0.44031467229130944,0.7345888486123086
/root/New_CheckLiuliang_remote/datasets/toniot/test/normal/test_00016124_orig65116_65117_65118.png,0,0.5259996935391144,0.44182864240728376,0.734333245475481
/root/New_CheckLiuliang_remote/datasets/toniot/test/normal/test_00016125_orig65119_65120_65121.png,0,0.5315896600461179,0.4496085686432388,0.7322054180719113
/root/New_CheckLiuliang_remote/datasets/toniot/test/normal/test_00016126_orig65122_65123_65124.png,0,0.523768621484056,0.437972956577294,0.7369338012611404
/root/New_CheckLiuliang_remote/datasets/toniot/test/normal/test_00016127_orig65125_65126_65127.png,0,0.522052980145646,0.4360737911953186,0.7364467810907548
/root/New_CheckLiuliang_remote/datasets/toniot/test/normal/test_00016128_orig65128_65129_65130.png,0,0.5212883804856726,0.43538892419374137,0.7358528473502337
/root/New_CheckLiuliang_remote/datasets/toniot/test/normal/test_00016129_orig65131_65132_65133.png,0,0.5501711325684631,0.44189516070872537,0.8034727946190318
/root/New_CheckLiuliang_remote/datasets/toniot/test/normal/test_00016130_orig65134_65135_65136.png,0,0.5916528007808751,0.5072446405678491,0.7699104537010647
/root/New_CheckLiuliang_remote/datasets/toniot/test/normal/test_00016131_orig65137_65138_65139.png,0,0.5215683078760346,0.4346321088252987,0.7384212466122277
/root/New_CheckLiuliang_remote/datasets/toniot/test/normal/test_00016132_orig65140_65141_65142.png,0,0.520347421874823,0.4339255215620262,0.7365699103437642
/root/New_CheckLiuliang_remote/datasets/toniot/test/normal/test_00016133_orig65143_65144_65145.png,0,0.5277585866381987,0.4436473749451691,0.7351319365675467
/root/New_CheckLiuliang_remote/datasets/toniot/test/normal/test_00016134_orig65146_65147_65148.png,0,0.5299515666962614,0.447138228254497,0.7332734544049353
/root/New_CheckLiuliang_remote/datasets/toniot/test/normal/test_00016135_orig65149_65150_65151.png,0,0.5242647483478902,0.43944755871894575,0.7349153610064497
/root/New_CheckLiuliang_remote/datasets/toniot/test/normal/test_00016136_orig65152_65153_65154.png,0,0.5298894261580401,0.44719015325511213,0.7329741513769725
/root/New_CheckLiuliang_remote/datasets/toniot/test/normal/test_00016137_orig65155_65156_65157.png,0,0.5225269935143528,0.43721308679705045,0.7351473277241729
/root/New_CheckLiuliang_remote/datasets/toniot/test/normal/test_00016138_orig65158_65159_65160.png,0,0.5251206935048358,0.4404073227826031,0.7351297378308859
/root/New_CheckLiuliang_remote/datasets/toniot/test/normal/test_00016139_orig65161_65162_65163.png,0,0.5211158396632193,0.43514525000784815,0.735926779870456
/root/New_CheckLiuliang_remote/datasets/toniot/test/normal/test_00016140_orig65164_65165_65166.png,0,0.5221944633902537,0.43680311685755324,0.7351506258291642
/root/New_CheckLiuliang_remote/datasets/toniot/test/normal/test_00016141_orig65167_65168_65169.png,0,0.5240748608500764,0.4393637320839658,0.7345665864036172
/root/New_CheckLiuliang_remote/datasets/toniot/test/normal/test_00016142_orig65170_65171_65172.png,0,0.5271065929336151,0.44352384095677755,0.7335510449083718
/root/New_CheckLiuliang_remote/datasets/toniot/test/normal/test_00016143_orig65173_65174_65175.png,0,0.5278840610646591,0.4445681104135928,0.7333432642939183
/root/New_CheckLiuliang_remote/datasets/toniot/test/normal/test_00016144_orig65176_65177_65178.png,0,0.5326176787255493,0.4509345227439139,0.7320586523997974
/root/New_CheckLiuliang_remote/datasets/toniot/test/normal/test_00016145_orig65179_65180_65181.png,0,0.5212094175785402,0.4349049696128448,0.7367557035916088
