path,label,score,rec_score,kl_score
/root/New_CheckLiuliang_remote/datasets/toniot/test/abnormal/test_00000000_orig0_1_2.png,1,0.4596891987094527,0.5287825745929032,0.3879731177760946
/root/New_CheckLiuliang_remote/datasets/toniot/test/abnormal/test_00000002_orig6_7_8.png,1,0.2990169066753539,0.3225182704279188,0.5198920381747535
/root/New_CheckLiuliang_remote/datasets/toniot/test/abnormal/test_00000004_orig12_13_14.png,1,0.2699691830743183,0.2911993737690201,0.5198561016336117
/root/New_CheckLiuliang_remote/datasets/toniot/test/abnormal/test_00000005_orig15_16_17.png,1,0.22022937810123372,0.23743874048428196,0.5203217264647189
/root/New_CheckLiuliang_remote/datasets/toniot/test/abnormal/test_00000007_orig21_22_23.png,1,0.18178908896418935,0.19603110633921098,0.520121327399999
/root/New_CheckLiuliang_remote/datasets/toniot/test/abnormal/test_00000009_orig27_28_29.png,1,0.2883206580161949,0.3108749769893442,0.5203217264647189
/root/New_CheckLiuliang_remote/datasets/toniot/test/abnormal/test_00000011_orig33_34_35.png,1,0.26628104826129406,0.28759600019366344,0.5183590276079306
/root/New_CheckLiuliang_remote/datasets/toniot/test/abnormal/test_00000013_orig39_40_41.png,1,0.23973671556152729,0.2584367921722177,0.5204839341464997
/root/New_CheckLiuliang_remote/datasets/toniot/test/abnormal/test_00000015_orig45_46_47.png,1,0.1601352551872554,0.17290616808911774,0.5192067071960387
/root/New_CheckLiuliang_remote/datasets/toniot/test/abnormal/test_00000016_orig48_49_50.png,1,0.21641324542172352,0.2333760066464877,0.5201099122634011
/root/New_CheckLiuliang_remote/datasets/toniot/test/abnormal/test_00000018_orig54_55_56.png,1,0.2733565385240169,0.29462023659743286,0.520785660164478
/root/New_CheckLiuliang_remote/datasets/toniot/test/abnormal/test_00000020_orig60_61_62.png,1,0.20556061162059938,0.22342267612713507,0.5131051052930086
/root/New_CheckLiuliang_remote/datasets/toniot/test/abnormal/test_00000022_orig66_67_68.png,1,0.26469156688512824,0.28520538494613046,0.5210644854454543
/root/New_CheckLiuliang_remote/datasets/toniot/test/abnormal/test_00000024_orig72_73_74.png,1,0.26877515220928316,0.2895681921687276,0.5212297935347062
/root/New_CheckLiuliang_remote/datasets/toniot/test/abnormal/test_00000026_orig78_79_80.png,1,0.2580043169255934,0.2781858720412036,0.5202938227974794
/root/New_CheckLiuliang_remote/datasets/toniot/test/abnormal/test_00000027_orig81_82_83.png,1,0.17226009697465267,0.1857798017678744,0.5200185911706173
/root/New_CheckLiuliang_remote/datasets/toniot/test/abnormal/test_00000029_orig87_88_89.png,1,0.23785856768640629,0.257356029395383,0.5167046783668998
/root/New_CheckLiuliang_remote/datasets/toniot/test/abnormal/test_00000031_orig93_94_95.png,1,0.7625674981215398,0.7484728993846199,0.8158250857209818
/root/New_CheckLiuliang_remote/datasets/toniot/test/abnormal/test_00000033_orig99_100_101.png,1,0.6140461558978615,0.6493783547502456,0.5714840163777616
/root/New_CheckLiuliang_remote/datasets/toniot/test/abnormal/test_00000035_orig105_106_107.png,1,0.5636841731956356,0.5948706213985782,0.5722539743876748
/root/New_CheckLiuliang_remote/datasets/toniot/test/abnormal/test_00000036_orig108_109_110.png,1,0.6175195317492203,0.6534005452229747,0.570379355288587
/root/New_CheckLiuliang_remote/datasets/toniot/test/abnormal/test_00000038_orig114_115_116.png,1,0.6593339512962239,0.7302735207608927,0.4432743459672824
/root/New_CheckLiuliang_remote/datasets/toniot/test/abnormal/test_00000040_orig120_121_122.png,1,0.21342832541766107,0.23048850556237913,0.518783008329597
/root/New_CheckLiuliang_remote/datasets/toniot/test/abnormal/test_00000042_orig126_127_128.png,1,0.20937926396794762,0.22576645001114615,0.5202036291255941
/root/New_CheckLiuliang_remote/datasets/toniot/test/abnormal/test_00000044_orig132_133_134.png,1,0.24596561621574242,0.2653089581549174,0.5198666712045358
/root/New_CheckLiuliang_remote/datasets/toniot/test/abnormal/test_00000046_orig138_139_140.png,1,0.23652518720075452,0.25506382037373637,0.520121327399999
/root/New_CheckLiuliang_remote/datasets/toniot/test/abnormal/test_00000047_orig141_142_143.png,1,0.1588041725693945,0.1712057085058012,0.5202662714492706
/root/New_CheckLiuliang_remote/datasets/toniot/test/abnormal/test_00000049_orig147_148_149.png,1,0.23942032454570922,0.2577046498516231,0.5220475964690023
/root/New_CheckLiuliang_remote/datasets/toniot/test/abnormal/test_00000051_orig153_154_155.png,1,0.2752233732107744,0.2967170764586197,0.5204518026508906
/root/New_CheckLiuliang_remote/datasets/toniot/test/abnormal/test_00000053_orig159_160_161.png,1,0.28516864276314263,0.3079254143787766,0.5185222217829978
/root/New_CheckLiuliang_remote/datasets/toniot/test/abnormal/test_00000055_orig165_166_167.png,1,0.2522291221375448,0.2720577883345061,0.5198920381747535
/root/New_CheckLiuliang_remote/datasets/toniot/test/abnormal/test_00000057_orig171_172_173.png,1,0.3011424376054278,0.32474041421673433,0.5201729773699145
/root/New_CheckLiuliang_remote/datasets/toniot/test/abnormal/test_00000058_orig174_175_176.png,1,0.43503786014502266,0.5240972573660012,0.30036881460782344
/root/New_CheckLiuliang_remote/datasets/toniot/test/abnormal/test_00000060_orig180_181_182.png,1,0.63584906050241,0.6772054048897922,0.5542332787450227
/root/New_CheckLiuliang_remote/datasets/toniot/test/abnormal/test_00000062_orig186_187_188.png,1,0.6554784642388768,0.6935082987282373,0.57370271024233
/root/New_CheckLiuliang_remote/datasets/toniot/test/abnormal/test_00000064_orig192_193_194.png,1,0.5796625261935194,0.6117716938821112,0.5735801032196111
/root/New_CheckLiuliang_remote/datasets/toniot/test/abnormal/test_00000066_orig198_199_200.png,1,0.4673741917155689,0.5584352570350939,0.3025153535348838
/root/New_CheckLiuliang_remote/datasets/toniot/test/abnormal/test_00000068_orig204_205_206.png,1,0.5247184922665884,0.5861814828611125,0.43891305914879863
/root/New_CheckLiuliang_remote/datasets/toniot/test/abnormal/test_00000069_orig207_208_209.png,1,0.8636081006481995,0.8659507766809784,0.781801495988883
/root/New_CheckLiuliang_remote/datasets/toniot/test/abnormal/test_00000071_orig213_214_215.png,1,0.5700093264321023,0.6019473411228203,0.5712337289382803
/root/New_CheckLiuliang_remote/datasets/toniot/test/abnormal/test_00000073_orig219_220_221.png,1,0.5602909429053068,0.5907476629505414,0.5741074543449145
/root/New_CheckLiuliang_remote/datasets/toniot/test/abnormal/test_00000075_orig225_226_227.png,1,0.6124924259924011,0.6473280938359783,0.5729822882881473
/root/New_CheckLiuliang_remote/datasets/toniot/test/abnormal/test_00000077_orig231_232_233.png,1,0.21985238165276505,0.236947365396356,0.5206608687637682
/root/New_CheckLiuliang_remote/datasets/toniot/test/abnormal/test_00000078_orig234_235_236.png,1,0.23960515386789316,0.25963026287976765,0.5151424957843266
/root/New_CheckLiuliang_remote/datasets/toniot/test/abnormal/test_00000080_orig240_241_242.png,1,0.6856142847776965,0.6736706532559537,0.7830588521460069
/root/New_CheckLiuliang_remote/datasets/toniot/test/abnormal/test_00000082_orig246_247_248.png,1,0.5613968637108712,0.5927905761999426,0.5707067301320076
/root/New_CheckLiuliang_remote/datasets/toniot/test/abnormal/test_00000084_orig252_253_254.png,1,0.56941541290958,0.6002569845786947,0.5754330194664016
/root/New_CheckLiuliang_remote/datasets/toniot/test/abnormal/test_00000086_orig258_259_260.png,1,0.5968000900863788,0.6305214913292962,0.572512153773446
/root/New_CheckLiuliang_remote/datasets/toniot/test/abnormal/test_00000088_orig264_265_266.png,1,0.22903102644417403,0.2468669753823049,0.5205789898210099
/root/New_CheckLiuliang_remote/datasets/toniot/test/abnormal/test_00000089_orig267_268_269.png,1,0.22496957780944166,0.24260113109428116,0.520121327399999
/root/New_CheckLiuliang_remote/datasets/toniot/test/abnormal/test_00000091_orig273_274_275.png,1,0.2441523370802733,0.26334700042734543,0.5198920381747535
/root/New_CheckLiuliang_remote/datasets/toniot/test/abnormal/test_00000093_orig279_280_281.png,1,0.2594603807348901,0.2798566785484531,0.5198920381747535
/root/New_CheckLiuliang_remote/datasets/toniot/test/abnormal/test_00000095_orig285_286_287.png,1,0.24814026508518033,0.2675700708091839,0.5202036291255941
/root/New_CheckLiuliang_remote/datasets/toniot/test/abnormal/test_00000097_orig291_292_293.png,1,0.19956114115889953,0.2150824204625119,0.5205844859978904
/root/New_CheckLiuliang_remote/datasets/toniot/test/abnormal/test_00000099_orig297_298_299.png,1,0.31735035176109844,0.3760483707274805,0.38486189411079713
/root/New_CheckLiuliang_remote/datasets/toniot/test/abnormal/test_00000100_orig300_301_302.png,1,0.28928471524467314,0.3119814565932106,0.5200547391031776
/root/New_CheckLiuliang_remote/datasets/toniot/test/abnormal/test_00000102_orig306_307_308.png,1,0.48350945195187583,0.5758326905219978,0.30253293425452077
/root/New_CheckLiuliang_remote/datasets/toniot/test/abnormal/test_00000104_orig312_313_314.png,1,0.7266608195537079,0.7704962127379905,0.572830861568709
/root/New_CheckLiuliang_remote/datasets/toniot/test/abnormal/test_00000106_orig318_319_320.png,1,0.5823842581857195,0.6159567138566069,0.5685815417382138
/root/New_CheckLiuliang_remote/datasets/toniot/test/abnormal/test_00000108_orig324_325_326.png,1,0.719291021503958,0.7627969096246406,0.5718348556686336
/root/New_CheckLiuliang_remote/datasets/toniot/test/abnormal/test_00000109_orig327_328_329.png,1,0.4703277751032425,0.5261097302895281,0.44455918300880876
/root/New_CheckLiuliang_remote/datasets/toniot/test/abnormal/test_00000111_orig333_334_335.png,1,0.22129951000990503,0.2388757337988254,0.5191902891292034
/root/New_CheckLiuliang_remote/datasets/toniot/test/abnormal/test_00000113_orig339_340_341.png,1,0.17984105656211566,0.19406271940488112,0.519591087258643
/root/New_CheckLiuliang_remote/datasets/toniot/test/abnormal/test_00000115_orig345_346_347.png,1,0.30455804799810254,0.32984192417498515,0.5145018388587175
/root/New_CheckLiuliang_remote/datasets/toniot/test/abnormal/test_00000117_orig351_352_353.png,1,0.25581644174584656,0.2758188742878833,0.5203233471322605
/root/New_CheckLiuliang_remote/datasets/toniot/test/abnormal/test_00000119_orig357_358_359.png,1,0.26061928575769167,0.28414456583107534,0.5077399910919657
/root/New_CheckLiuliang_remote/datasets/toniot/test/abnormal/test_00000120_orig360_361_362.png,1,0.20753067064282968,0.22376526100152083,0.5202335762432123
/root/New_CheckLiuliang_remote/datasets/toniot/test/abnormal/test_00000122_orig366_367_368.png,1,0.49811273037053233,0.5753550923056959,0.36744169102424284
/root/New_CheckLiuliang_remote/datasets/toniot/test/abnormal/test_00000124_orig372_373_374.png,1,0.4618872075475269,0.5417943706128044,0.3454081168526665
/root/New_CheckLiuliang_remote/datasets/toniot/test/abnormal/test_00000126_orig378_379_380.png,1,0.5558718518500902,0.6393162525492133,0.3607691913637022
/root/New_CheckLiuliang_remote/datasets/toniot/test/abnormal/test_00000128_orig384_385_386.png,1,0.48614528048932454,0.5800741300660017,0.29693810804539533
/root/New_CheckLiuliang_remote/datasets/toniot/test/abnormal/test_00000130_orig390_391_392.png,1,0.25099118558495115,0.2703188847189433,0.5215072095395592
/root/New_CheckLiuliang_remote/datasets/toniot/test/abnormal/test_00000131_orig393_394_395.png,1,0.5401710196674515,0.6330088070948002,0.31826577580685816
/root/New_CheckLiuliang_remote/datasets/toniot/test/abnormal/test_00000133_orig399_400_401.png,1,0.7579093807528053,0.8040613955131222,0.573376040036971
/root/New_CheckLiuliang_remote/datasets/toniot/test/abnormal/test_00000135_orig405_406_407.png,1,0.4784827058481178,0.5543221392096458,0.3668898184943956
/root/New_CheckLiuliang_remote/datasets/toniot/test/abnormal/test_00000137_orig411_412_413.png,1,0.3032953895408203,0.3270163534090344,0.5203570288316051
/root/New_CheckLiuliang_remote/datasets/toniot/test/abnormal/test_00000139_orig417_418_419.png,1,0.23847245664553401,0.2587662562164853,0.5137120805192732
/root/New_CheckLiuliang_remote/datasets/toniot/test/abnormal/test_00000140_orig420_421_422.png,1,0.6531525813272053,0.742277374611115,0.36859257637025855
/root/New_CheckLiuliang_remote/datasets/toniot/test/abnormal/test_00000142_orig426_427_428.png,1,0.21583982906205532,0.23270422014443673,0.5203233471322605
/root/New_CheckLiuliang_remote/datasets/toniot/test/abnormal/test_00000144_orig432_433_434.png,1,0.25105103203080065,0.2708249551366016,0.5197411047019582
/root/New_CheckLiuliang_remote/datasets/toniot/test/abnormal/test_00000146_orig438_439_440.png,1,0.29221854616456594,0.3151614209806535,0.5199913921414394
/root/New_CheckLiuliang_remote/datasets/toniot/test/abnormal/test_00000148_orig444_445_446.png,1,0.23589535171605297,0.254334039802563,0.5203233471322605
/root/New_CheckLiuliang_remote/datasets/toniot/test/abnormal/test_00000150_orig450_451_452.png,1,0.24043559939953232,0.2593762436086796,0.5197411047019582
/root/New_CheckLiuliang_remote/datasets/toniot/test/abnormal/test_00000151_orig453_454_455.png,1,0.2270257368366621,0.24482996650645697,0.5200762305640564
/root/New_CheckLiuliang_remote/datasets/toniot/test/abnormal/test_00000153_orig459_460_461.png,1,0.20155215573203925,0.21747946491680278,0.5195855206179563
/root/New_CheckLiuliang_remote/datasets/toniot/test/abnormal/test_00000155_orig465_466_467.png,1,0.2494212724946604,0.2690352739084814,0.5198690669739452
/root/New_CheckLiuliang_remote/datasets/toniot/test/abnormal/test_00000157_orig471_472_473.png,1,0.24252242200091345,0.2616347320969225,0.5197096778444107
/root/New_CheckLiuliang_remote/datasets/toniot/test/abnormal/test_00000159_orig477_478_479.png,1,0.27949901991319864,0.3014526464648744,0.5199546100346238
/root/New_CheckLiuliang_remote/datasets/toniot/test/abnormal/test_00000161_orig483_484_485.png,1,0.23541321548585398,0.2540543037044433,0.5193623617438468
/root/New_CheckLiuliang_remote/datasets/toniot/test/abnormal/test_00000162_orig486_487_488.png,1,0.21805487358489595,0.23937170117729273,0.5032090978920541
/root/New_CheckLiuliang_remote/datasets/toniot/test/abnormal/test_00000164_orig492_493_494.png,1,0.3327859763085824,0.35897108549546025,0.5197601299296215
/root/New_CheckLiuliang_remote/datasets/toniot/test/abnormal/test_00000166_orig498_499_500.png,1,0.15922148220660226,0.17196697906925817,0.5190214578496434
/root/New_CheckLiuliang_remote/datasets/toniot/test/abnormal/test_00000168_orig504_505_506.png,1,0.3206534334240706,0.34657295070018657,0.5170130279826571
/root/New_CheckLiuliang_remote/datasets/toniot/test/abnormal/test_00000170_orig510_511_512.png,1,0.23334533591746606,0.25199302129287676,0.5186866843065759
/root/New_CheckLiuliang_remote/datasets/toniot/test/abnormal/test_00000172_orig516_517_518.png,1,0.2072779147436802,0.22901503634010714,0.49814408904144775
/root/New_CheckLiuliang_remote/datasets/toniot/test/abnormal/test_00000173_orig519_520_521.png,1,0.24785610592139334,0.2690766045233537,0.5129516351231915
/root/New_CheckLiuliang_remote/datasets/toniot/test/abnormal/test_00000175_orig525_526_527.png,1,0.1701863728313593,0.1836254926707699,0.5196898070510735
/root/New_CheckLiuliang_remote/datasets/toniot/test/abnormal/test_00000177_orig531_532_533.png,1,0.1859976455100488,0.20070185944468186,0.5195939762746955
/root/New_CheckLiuliang_remote/datasets/toniot/test/abnormal/test_00000179_orig537_538_539.png,1,0.2772224147027014,0.30274111198248,0.5049795010218309
/root/New_CheckLiuliang_remote/datasets/toniot/test/abnormal/test_00000181_orig543_544_545.png,1,0.20203036658415144,0.219373063119459,0.5140741235553247
/root/New_CheckLiuliang_remote/datasets/toniot/test/abnormal/test_00000182_orig546_547_548.png,1,0.31320952192653073,0.3410102435632816,0.5071509136724658
/root/New_CheckLiuliang_remote/datasets/toniot/test/abnormal/test_00000184_orig552_553_554.png,1,0.21132666006626782,0.2280872624424504,0.5193214222724676
/root/New_CheckLiuliang_remote/datasets/toniot/test/abnormal/test_00000186_orig558_559_560.png,1,0.2582101609834343,0.27827378160299543,0.5208301932899713
/root/New_CheckLiuliang_remote/datasets/toniot/test/abnormal/test_00000188_orig564_565_566.png,1,0.23711562069878264,0.2575456253905907,0.512741230197997
/root/New_CheckLiuliang_remote/datasets/toniot/test/abnormal/test_00000190_orig570_571_572.png,1,0.15445200348100532,0.1705202763404273,0.5042327960679505
/root/New_CheckLiuliang_remote/datasets/toniot/test/abnormal/test_00000192_orig576_577_578.png,1,0.16221562933852113,0.1794820657277488,0.5018778252022681
/root/New_CheckLiuliang_remote/datasets/toniot/test/abnormal/test_00000193_orig579_580_581.png,1,0.18341741008815307,0.19822674605118776,0.5183633259001065
/root/New_CheckLiuliang_remote/datasets/toniot/test/abnormal/test_00000195_orig585_586_587.png,1,0.3073223561140866,0.3315271635953646,0.5196860724693471
/root/New_CheckLiuliang_remote/datasets/toniot/test/abnormal/test_00000197_orig591_592_593.png,1,0.209790767186034,0.22944815494230836,0.5072520292343058
/root/New_CheckLiuliang_remote/datasets/toniot/test/abnormal/test_00000199_orig597_598_599.png,1,0.26322914087852056,0.28778533377226884,0.5044358022934983
/root/New_CheckLiuliang_remote/datasets/toniot/test/abnormal/test_00000201_orig603_604_605.png,1,0.3105432782266887,0.33768083292079254,0.5089664136381852
/root/New_CheckLiuliang_remote/datasets/toniot/test/abnormal/test_00000203_orig609_610_611.png,1,0.22425939523302393,0.24188040389588936,0.5199405172733917
/root/New_CheckLiuliang_remote/datasets/toniot/test/abnormal/test_00000204_orig612_613_614.png,1,0.2848270331957419,0.3069623454481019,0.5209007980237439
/root/New_CheckLiuliang_remote/datasets/toniot/test/abnormal/test_00000206_orig618_619_620.png,1,0.23832966939809808,0.26069081957822043,0.5053978446390044
/root/New_CheckLiuliang_remote/datasets/toniot/test/abnormal/test_00000208_orig624_625_626.png,1,0.25967963530897015,0.2848432500348686,0.500891613771249
/root/New_CheckLiuliang_remote/datasets/toniot/test/abnormal/test_00000210_orig630_631_632.png,1,0.23370721300721714,0.2523934690280837,0.5186460266904215
/root/New_CheckLiuliang_remote/datasets/toniot/test/abnormal/test_00000212_orig636_637_638.png,1,0.22801289807778236,0.24919172406264462,0.5068878018202633
/root/New_CheckLiuliang_remote/datasets/toniot/test/abnormal/test_00000213_orig639_640_641.png,1,0.17061679903487256,0.19116222869895555,0.4913997162986236
/root/New_CheckLiuliang_remote/datasets/toniot/test/abnormal/test_00000215_orig645_646_647.png,1,0.22534022709471166,0.24315614220828033,0.5195002594125023
/root/New_CheckLiuliang_remote/datasets/toniot/test/abnormal/test_00000217_orig651_652_653.png,1,0.5370782117637207,0.5981424315968483,0.44438894245312555
/root/New_CheckLiuliang_remote/datasets/toniot/test/abnormal/test_00000219_orig657_658_659.png,1,0.6050800334887302,0.6409457284415905,0.5665347795606764
/root/New_CheckLiuliang_remote/datasets/toniot/test/abnormal/test_00000221_orig663_664_665.png,1,0.6234781344459208,0.6603282123170743,0.5683740258290718
/root/New_CheckLiuliang_remote/datasets/toniot/test/abnormal/test_00000223_orig669_670_671.png,1,0.6148004056687021,0.650809443691236,0.5690134848699763
/root/New_CheckLiuliang_remote/datasets/toniot/test/abnormal/test_00000224_orig672_673_674.png,1,0.6067474471762435,0.641566737331084,0.5712439461901735
/root/New_CheckLiuliang_remote/datasets/toniot/test/abnormal/test_00000226_orig678_679_680.png,1,0.1704488036257908,0.1878236334753838,0.5040293670595658
/root/New_CheckLiuliang_remote/datasets/toniot/test/abnormal/test_00000228_orig684_685_686.png,1,0.2549038643917128,0.2764275495970659,0.5139517983878303
/root/New_CheckLiuliang_remote/datasets/toniot/test/abnormal/test_00000230_orig690_691_692.png,1,0.2684445456456572,0.2898627548048808,0.5186253103314103
/root/New_CheckLiuliang_remote/datasets/toniot/test/abnormal/test_00000232_orig696_697_698.png,1,0.5925300377295876,0.6799598607565025,0.35633772259428287
/root/New_CheckLiuliang_remote/datasets/toniot/test/abnormal/test_00000234_orig702_703_704.png,1,0.13562519979363438,0.1508470348695245,0.501707161863748
/root/New_CheckLiuliang_remote/datasets/toniot/test/abnormal/test_00000235_orig705_706_707.png,1,0.22792829462025754,0.249203532809751,0.5064755885542257
/root/New_CheckLiuliang_remote/datasets/toniot/test/abnormal/test_00000237_orig711_712_713.png,1,0.14281155106323715,0.15727217417009764,0.5070084358564098
/root/New_CheckLiuliang_remote/datasets/toniot/test/abnormal/test_00000239_orig717_718_719.png,1,0.3756818857367931,0.40952485669101324,0.5025974720545829
/root/New_CheckLiuliang_remote/datasets/toniot/test/abnormal/test_00000241_orig723_724_725.png,1,0.15171481944724446,0.1660829428027589,0.5101739518843537
/root/New_CheckLiuliang_remote/datasets/toniot/test/abnormal/test_00000243_orig729_730_731.png,1,0.2707850683062443,0.2924985983673226,0.518178922119385
/root/New_CheckLiuliang_remote/datasets/toniot/test/abnormal/test_00000244_orig732_733_734.png,1,0.1408073834349234,0.15666638544354114,0.500785636206784
/root/New_CheckLiuliang_remote/datasets/toniot/test/abnormal/test_00000246_orig738_739_740.png,1,0.1768834075038282,0.19769561484800371,0.4923002437413519
/root/New_CheckLiuliang_remote/datasets/toniot/test/abnormal/test_00000248_orig744_745_746.png,1,0.2907407361929224,0.3136994980888855,0.5194638296247175
/root/New_CheckLiuliang_remote/datasets/toniot/test/abnormal/test_00000250_orig750_751_752.png,1,0.2447777205939449,0.26710900483883093,0.5075419173328491
/root/New_CheckLiuliang_remote/datasets/toniot/test/abnormal/test_00000252_orig756_757_758.png,1,0.21758907816175657,0.23695156406199383,0.5108802106134981
/root/New_CheckLiuliang_remote/datasets/toniot/test/abnormal/test_00000254_orig762_763_764.png,1,0.20153704247548992,0.21987690299599724,0.5099305698978761
/root/New_CheckLiuliang_remote/datasets/toniot/test/abnormal/test_00000255_orig765_766_767.png,1,0.25894057785335184,0.2803569758008594,0.5156484259125573
/root/New_CheckLiuliang_remote/datasets/toniot/test/abnormal/test_00000257_orig771_772_773.png,1,0.199589621869105,0.22069341225425176,0.49826338426527705
/root/New_CheckLiuliang_remote/datasets/toniot/test/abnormal/test_00000259_orig777_778_779.png,1,0.19978699364632999,0.21653870139732906,0.5157336871180113
/root/New_CheckLiuliang_remote/datasets/toniot/test/abnormal/test_00000261_orig783_784_785.png,1,0.21988773311859333,0.23786214967219574,0.5171542374502024
/root/New_CheckLiuliang_remote/datasets/toniot/test/abnormal/test_00000263_orig789_790_791.png,1,0.22759206561154743,0.2521109775556392,0.49339532175288864
/root/New_CheckLiuliang_remote/datasets/toniot/test/abnormal/test_00000265_orig795_796_797.png,1,0.15722565119538404,0.1760205283259697,0.4941972703307987
/root/New_CheckLiuliang_remote/datasets/toniot/test/abnormal/test_00000266_orig798_799_800.png,1,0.20155391549589163,0.2187368340670283,0.51456363561672
/root/New_CheckLiuliang_remote/datasets/toniot/test/abnormal/test_00000268_orig804_805_806.png,1,0.27662866333788,0.3015784752257078,0.5070686119468706
/root/New_CheckLiuliang_remote/datasets/toniot/test/abnormal/test_00000270_orig810_811_812.png,1,0.20000276380221654,0.21836722028259906,0.5093504413817586
/root/New_CheckLiuliang_remote/datasets/toniot/test/abnormal/test_00000272_orig816_817_818.png,1,0.26165380058540005,0.28880403502264457,0.4935649985981226
/root/New_CheckLiuliang_remote/datasets/toniot/test/abnormal/test_00000274_orig822_823_824.png,1,0.30063905186230067,0.32477505320824634,0.51786282148495
/root/New_CheckLiuliang_remote/datasets/toniot/test/abnormal/test_00000276_orig828_829_830.png,1,0.23257888430014245,0.25580567210861843,0.5001296181714319
/root/New_CheckLiuliang_remote/datasets/toniot/test/abnormal/test_00000277_orig831_832_833.png,1,0.16996262142561439,0.184391880357973,0.5156589954834814
/root/New_CheckLiuliang_remote/datasets/toniot/test/abnormal/test_00000279_orig837_838_839.png,1,0.16393438601785698,0.17990560612396378,0.5075983588415834
/root/New_CheckLiuliang_remote/datasets/toniot/test/abnormal/test_00000281_orig843_844_845.png,1,0.30135591928931593,0.32613043495945465,0.5155338517637408
/root/New_CheckLiuliang_remote/datasets/toniot/test/abnormal/test_00000283_orig849_850_851.png,1,0.1338883775830361,0.14783278656647425,0.5062715253715856
/root/New_CheckLiuliang_remote/datasets/toniot/test/abnormal/test_00000285_orig855_856_857.png,1,0.23385636176859712,0.25258293381499025,0.5185315934692172
/root/New_CheckLiuliang_remote/datasets/toniot/test/abnormal/test_00000286_orig858_859_860.png,1,0.13942036323946044,0.15203315791220826,0.5133349582287033
/root/New_CheckLiuliang_remote/datasets/toniot/test/abnormal/test_00000288_orig864_865_866.png,1,0.1612766080318902,0.17631928962776075,0.5104780032079352
/root/New_CheckLiuliang_remote/datasets/toniot/test/abnormal/test_00000290_orig870_871_872.png,1,0.1610819675551327,0.17791438894522826,0.5032579293097231
/root/New_CheckLiuliang_remote/datasets/toniot/test/abnormal/test_00000292_orig876_877_878.png,1,0.2132222577909407,0.2332606745497489,0.5068053591670558
/root/New_CheckLiuliang_remote/datasets/toniot/test/abnormal/test_00000294_orig882_883_884.png,1,0.2338534022099832,0.2552692925733871,0.5077733909360856
/root/New_CheckLiuliang_remote/datasets/toniot/test/abnormal/test_00000296_orig888_889_890.png,1,0.2510565812199634,0.2745044295266437,0.5050471462757448
/root/New_CheckLiuliang_remote/datasets/toniot/test/abnormal/test_00000297_orig891_892_893.png,1,0.15006005851141982,0.1695804312790618,0.4890453796071967
/root/New_CheckLiuliang_remote/datasets/toniot/test/abnormal/test_00000299_orig897_898_899.png,1,0.24995824524784757,0.27170733096204946,0.5114973326278497
/root/New_CheckLiuliang_remote/datasets/toniot/test/abnormal/test_00000301_orig903_904_905.png,1,0.2204202886333474,0.24372716073502365,0.49599163115466993
/root/New_CheckLiuliang_remote/datasets/toniot/test/abnormal/test_00000303_orig909_910_911.png,1,0.15740276974376535,0.1765818374384256,0.4927161211253098
/root/New_CheckLiuliang_remote/datasets/toniot/test/abnormal/test_00000305_orig915_916_917.png,1,0.2365812840867469,0.2585526491021613,0.506408013764118
/root/New_CheckLiuliang_remote/datasets/toniot/test/abnormal/test_00000307_orig921_922_923.png,1,0.22986845148621962,0.24909895979370905,0.5152636935309223
/root/New_CheckLiuliang_remote/datasets/toniot/test/abnormal/test_00000308_orig924_925_926.png,1,0.23462635038122975,0.2551323111069533,0.5116558057279041
/root/New_CheckLiuliang_remote/datasets/toniot/test/abnormal/test_00000310_orig930_931_932.png,1,0.21176647522941344,0.23383261153460047,0.4982373831208039
/root/New_CheckLiuliang_remote/datasets/toniot/test/abnormal/test_00000312_orig936_937_938.png,1,0.16908794364413848,0.1887762057419639,0.4943483447312063
/root/New_CheckLiuliang_remote/datasets/toniot/test/abnormal/test_00000314_orig942_943_944.png,1,0.2003695611958897,0.22223537220974066,0.4954601931286092
/root/New_CheckLiuliang_remote/datasets/toniot/test/abnormal/test_00000316_orig948_949_950.png,1,0.22388477449820463,0.24814061436187695,0.49328356615631846
/root/New_CheckLiuliang_remote/datasets/toniot/test/abnormal/test_00000317_orig951_952_953.png,1,0.19123814926377977,0.2089267830125662,0.5093017508917018
/root/New_CheckLiuliang_remote/datasets/toniot/test/abnormal/test_00000319_orig957_958_959.png,1,0.1891645405940682,0.21013534267475206,0.4955219898866118
/root/New_CheckLiuliang_remote/datasets/toniot/test/abnormal/test_00000321_orig963_964_965.png,1,0.25436740412085257,0.2766978386975004,0.5105563589603854
/root/New_CheckLiuliang_remote/datasets/toniot/test/abnormal/test_00000323_orig969_970_971.png,1,0.22274728977218583,0.24150567298771405,0.514916236502746
/root/New_CheckLiuliang_remote/datasets/toniot/test/abnormal/test_00000325_orig975_976_977.png,1,0.20923072599675147,0.22922182062276972,0.5057413556940358
/root/New_CheckLiuliang_remote/datasets/toniot/test/abnormal/test_00000327_orig981_982_983.png,1,0.20216750235060282,0.22080900676759296,0.508921950976498
/root/New_CheckLiuliang_remote/datasets/toniot/test/abnormal/test_00000328_orig984_985_986.png,1,0.20797225730526656,0.22699351004379864,0.5092255795172426
/root/New_CheckLiuliang_remote/datasets/toniot/test/abnormal/test_00000330_orig990_991_992.png,1,0.1676532063071742,0.18311168096334185,0.5108170045793723
/root/New_CheckLiuliang_remote/datasets/toniot/test/abnormal/test_00000332_orig996_997_998.png,1,0.2376061027557302,0.25798018728410493,0.513118916199016
/root/New_CheckLiuliang_remote/datasets/toniot/test/abnormal/test_00000334_orig1002_1003_1004.png,1,0.20396431661486975,0.22407845521644187,0.5035955918688432
/root/New_CheckLiuliang_remote/datasets/toniot/test/abnormal/test_00000336_orig1008_1009_1010.png,1,0.18346243417654057,0.20234432495887603,0.5020872436341764
/root/New_CheckLiuliang_remote/datasets/toniot/test/abnormal/test_00000338_orig1014_1015_1016.png,1,0.11962823086073261,0.13483293050198064,0.49675285165261934
/root/New_CheckLiuliang_remote/datasets/toniot/test/abnormal/test_00000339_orig1017_1018_1019.png,1,0.17579873668658746,0.19637684021282512,0.49289608568624316
/root/New_CheckLiuliang_remote/datasets/toniot/test/abnormal/test_00000341_orig1023_1024_1025.png,1,0.23626050094365644,0.26169561274867087,0.49245230463504575
/root/New_CheckLiuliang_remote/datasets/toniot/test/abnormal/test_00000343_orig1029_1030_1031.png,1,0.2034288992207678,0.22165818689284178,0.5109668810950752
/root/New_CheckLiuliang_remote/datasets/toniot/test/abnormal/test_00000345_orig1035_1036_1037.png,1,0.17805569582054087,0.19355468086270508,0.5139212170959568
/root/New_CheckLiuliang_remote/datasets/toniot/test/abnormal/test_00000347_orig1041_1042_1043.png,1,0.1810304165390527,0.20194308997386198,0.4932004893288555
/root/New_CheckLiuliang_remote/datasets/toniot/test/abnormal/test_00000348_orig1044_1045_1046.png,1,0.18914139530102297,0.20942904838949028,0.4982473185174725
/root/New_CheckLiuliang_remote/datasets/toniot/test/abnormal/test_00000350_orig1050_1051_1052.png,1,0.24399112259545433,0.2680732546442162,0.5002915439979881
/root/New_CheckLiuliang_remote/datasets/toniot/test/abnormal/test_00000352_orig1056_1057_1058.png,1,0.1668459553769041,0.18718136884109873,0.4910557824607554
/root/New_CheckLiuliang_remote/datasets/toniot/test/abnormal/test_00000354_orig1062_1063_1064.png,1,0.1839756847534184,0.20394060515105422,0.49791627955613155
/root/New_CheckLiuliang_remote/datasets/toniot/test/abnormal/test_00000356_orig1068_1069_1070.png,1,0.09002970910375205,0.1044280308691146,0.4906847905213215
/root/New_CheckLiuliang_remote/datasets/toniot/test/abnormal/test_00000358_orig1074_1075_1076.png,1,0.21067255816980665,0.23026440178396054,0.5077910773514318
/root/New_CheckLiuliang_remote/datasets/toniot/test/abnormal/test_00000359_orig1077_1078_1079.png,1,0.21154964407069202,0.23141050629478385,0.5069903971220326
/root/New_CheckLiuliang_remote/datasets/toniot/test/abnormal/test_00000361_orig1083_1084_1085.png,1,0.15695080478704052,0.1715437010896456,0.5109188952430801
/root/New_CheckLiuliang_remote/datasets/toniot/test/abnormal/test_00000363_orig1089_1090_1091.png,1,0.20376662187736777,0.22361030399782508,0.5046153440715946
/root/New_CheckLiuliang_remote/datasets/toniot/test/abnormal/test_00000365_orig1095_1096_1097.png,1,0.19527161542016955,0.2159676828705857,0.49853847496452675
/root/New_CheckLiuliang_remote/datasets/toniot/test/abnormal/test_00000367_orig1101_1102_1103.png,1,0.15419066757149594,0.17262079003404723,0.49470334138664174
/root/New_CheckLiuliang_remote/datasets/toniot/test/abnormal/test_00000369_orig1107_1108_1109.png,1,0.25353660365408054,0.27462671566334523,0.5152567880779186
/root/New_CheckLiuliang_remote/datasets/toniot/test/abnormal/test_00000370_orig1110_1111_1112.png,1,0.20774761602498742,0.22724752931488668,0.5072404027062893
/root/New_CheckLiuliang_remote/datasets/toniot/test/abnormal/test_00000372_orig1116_1117_1118.png,1,0.2147210857167679,0.23591265673323608,0.5026633557133429
/root/New_CheckLiuliang_remote/datasets/toniot/test/abnormal/test_00000374_orig1122_1123_1124.png,1,0.1376668853980877,0.15451037063852127,0.4958616254323043
/root/New_CheckLiuliang_remote/datasets/toniot/test/abnormal/test_00000376_orig1128_1129_1130.png,1,0.2774743690755406,0.3018639844890795,0.5095749390681852
/root/New_CheckLiuliang_remote/datasets/toniot/test/abnormal/test_00000378_orig1134_1135_1136.png,1,0.08807502579816699,0.09832225257361803,0.5066754239084963
/root/New_CheckLiuliang_remote/datasets/toniot/test/abnormal/test_00000379_orig1137_1138_1139.png,1,0.20251530867793704,0.2212435686611072,0.5086841356307071
/root/New_CheckLiuliang_remote/datasets/toniot/test/abnormal/test_00000381_orig1143_1144_1145.png,1,0.27220156048266775,0.299871324019031,0.49479874938018276
/root/New_CheckLiuliang_remote/datasets/toniot/test/abnormal/test_00000383_orig1149_1150_1151.png,1,0.3547008201642683,0.3860163965765655,0.5061192530864732
/root/New_CheckLiuliang_remote/datasets/toniot/test/abnormal/test_00000385_orig1155_1156_1157.png,1,0.2906417481699806,0.3186320117552141,0.4993067418430922
/root/New_CheckLiuliang_remote/datasets/toniot/test/abnormal/test_00000387_orig1161_1162_1163.png,1,0.23300979214650563,0.25605076921522607,0.501008160906638
/root/New_CheckLiuliang_remote/datasets/toniot/test/abnormal/test_00000389_orig1167_1168_1169.png,1,0.18286556655317204,0.20156284831703705,0.5026382705983498
/root/New_CheckLiuliang_remote/datasets/toniot/test/abnormal/test_00000390_orig1170_1171_1172.png,1,0.1890123529109977,0.2111418415531179,0.4908394585758433
/root/New_CheckLiuliang_remote/datasets/toniot/test/abnormal/test_00000392_orig1176_1177_1178.png,1,0.19474290416096743,0.21621028701947093,0.4952872044844857
/root/New_CheckLiuliang_remote/datasets/toniot/test/abnormal/test_00000394_orig1182_1183_1184.png,1,0.14939629444329974,0.16636057956805964,0.49906131640623597
/root/New_CheckLiuliang_remote/datasets/toniot/test/abnormal/test_00000396_orig1188_1189_1190.png,1,0.2716285184040594,0.29557674511304843,0.5095049685086681
/root/New_CheckLiuliang_remote/datasets/toniot/test/abnormal/test_00000398_orig1194_1195_1196.png,1,0.210381767820714,0.23100113639509653,0.5035896729091257
/root/New_CheckLiuliang_remote/datasets/toniot/test/abnormal/test_00000400_orig1200_1201_1202.png,1,0.19132630514982396,0.2136387355246082,0.4908342442541875
/root/New_CheckLiuliang_remote/datasets/toniot/test/abnormal/test_00000401_orig1203_1204_1205.png,1,0.20590057214106355,0.2252606420100902,0.5072198272748906
/root/New_CheckLiuliang_remote/datasets/toniot/test/abnormal/test_00000403_orig1209_1210_1211.png,1,0.2008729392078642,0.2191787436254087,0.5098582740327556
/root/New_CheckLiuliang_remote/datasets/toniot/test/abnormal/test_00000405_orig1215_1216_1217.png,1,0.2666524801051242,0.28940286970923845,0.5127339019621563
/root/New_CheckLiuliang_remote/datasets/toniot/test/abnormal/test_00000407_orig1221_1222_1223.png,1,0.28955879317188,0.31858123414265677,0.49483799772021403
/root/New_CheckLiuliang_remote/datasets/toniot/test/abnormal/test_00000409_orig1227_1228_1229.png,1,0.100426393909053,0.11391963937660837,0.4975695271660169
/root/New_CheckLiuliang_remote/datasets/toniot/test/abnormal/test_00000411_orig1233_1234_1235.png,1,0.22755884786710673,0.24958915400692439,0.5033393150058383
/root/New_CheckLiuliang_remote/datasets/toniot/test/abnormal/test_00000412_orig1236_1237_1238.png,1,0.22623817752495076,0.24568478858865658,0.5132594210284995
/root/New_CheckLiuliang_remote/datasets/toniot/test/abnormal/test_00000414_orig1242_1243_1244.png,1,0.272732273843341,0.29642526919679135,0.5108724595948204
/root/New_CheckLiuliang_remote/datasets/toniot/test/abnormal/test_00000416_orig1248_1249_1250.png,1,0.25657320014242746,0.2835294613151349,0.492745645460091
/root/New_CheckLiuliang_remote/datasets/toniot/test/abnormal/test_00000418_orig1254_1255_1256.png,1,0.159906110354051,0.17839933482639633,0.4962455122482654
/root/New_CheckLiuliang_remote/datasets/toniot/test/abnormal/test_00000420_orig1260_1261_1262.png,1,0.16779199186158178,0.18737424504383604,0.49436546743610327
/root/New_CheckLiuliang_remote/datasets/toniot/test/abnormal/test_00000421_orig1263_1264_1265.png,1,0.19157634617699862,0.21134928187728638,0.5010707327665084
/root/New_CheckLiuliang_remote/datasets/toniot/test/abnormal/test_00000423_orig1269_1270_1271.png,1,0.22156171351032855,0.24526623410788656,0.4947594305763453
/root/New_CheckLiuliang_remote/datasets/toniot/test/abnormal/test_00000425_orig1275_1276_1277.png,1,0.26606348006804453,0.2893044634833521,0.5105865879332282
/root/New_CheckLiuliang_remote/datasets/toniot/test/abnormal/test_00000427_orig1281_1282_1283.png,1,0.178867490922894,0.1947864643942001,0.5124961570801715
/root/New_CheckLiuliang_remote/datasets/toniot/test/abnormal/test_00000429_orig1287_1288_1289.png,1,0.24679891339683716,0.27324929091753836,0.491700173968091
/root/New_CheckLiuliang_remote/datasets/toniot/test/abnormal/test_00000431_orig1293_1294_1295.png,1,0.2704647895749315,0.2953704856635906,0.505309694417498
/root/New_CheckLiuliang_remote/datasets/toniot/test/abnormal/test_00000432_orig1296_1297_1298.png,1,0.19649425875144977,0.21890950419138358,0.49204565800969485
/root/New_CheckLiuliang_remote/datasets/toniot/test/abnormal/test_00000434_orig1302_1303_1304.png,1,0.23701342686720248,0.25707537483915505,0.5141813694683005
/root/New_CheckLiuliang_remote/datasets/toniot/test/abnormal/test_00000436_orig1308_1309_1310.png,1,0.18505960627774287,0.20590453100314388,0.49473660030314937
/root/New_CheckLiuliang_remote/datasets/toniot/test/abnormal/test_00000438_orig1314_1315_1316.png,1,0.27855610187465724,0.3052697583628563,0.5006184255947657
/root/New_CheckLiuliang_remote/datasets/toniot/test/abnormal/test_00000440_orig1320_1321_1322.png,1,0.20645071410267082,0.22870433508290855,0.49581836065532187
/root/New_CheckLiuliang_remote/datasets/toniot/test/abnormal/test_00000442_orig1326_1327_1328.png,1,0.25807687570823923,0.2819477452443879,0.5055593476827237
/root/New_CheckLiuliang_remote/datasets/toniot/test/abnormal/test_00000443_orig1329_1330_1331.png,1,0.1592220871366714,0.17869678404517556,0.49210484760686946
/root/New_CheckLiuliang_remote/datasets/toniot/test/abnormal/test_00000445_orig1335_1336_1337.png,1,0.17713425907931582,0.1948783102050274,0.5046516329317672
/root/New_CheckLiuliang_remote/datasets/toniot/test/abnormal/test_00000447_orig1341_1342_1343.png,1,0.18447221119859059,0.20602865405606188,0.4917060929278085
/root/New_CheckLiuliang_remote/datasets/toniot/test/abnormal/test_00000449_orig1347_1348_1349.png,1,0.18933871493702353,0.20844131229819343,0.503049497371101
/root/New_CheckLiuliang_remote/datasets/toniot/test/abnormal/test_00000451_orig1353_1354_1355.png,1,0.20899585707646381,0.230324626394203,0.5003169109682059
/root/New_CheckLiuliang_remote/datasets/toniot/test/abnormal/test_00000452_orig1356_1357_1358.png,1,0.20641083423153087,0.22730827875833387,0.5012305446788798
/root/New_CheckLiuliang_remote/datasets/toniot/test/abnormal/test_00000454_orig1362_1363_1364.png,1,0.2237119294706586,0.2444657322623762,0.5072374432264306
/root/New_CheckLiuliang_remote/datasets/toniot/test/abnormal/test_00000456_orig1368_1369_1370.png,1,0.22036872813555786,0.24111782124942055,0.5062065577423058
/root/New_CheckLiuliang_remote/datasets/toniot/test/abnormal/test_00000458_orig1374_1375_1376.png,1,0.17872400668453509,0.19597849181043706,0.5071090581716066
/root/New_CheckLiuliang_remote/datasets/toniot/test/abnormal/test_00000460_orig1380_1381_1382.png,1,0.1902036410638378,0.20823295351591667,0.5076142131979695
/root/New_CheckLiuliang_remote/datasets/toniot/test/abnormal/test_00000462_orig1386_1387_1388.png,1,0.1801544849437033,0.19962988762402628,0.4986745405742222
/root/New_CheckLiuliang_remote/datasets/toniot/test/abnormal/test_00000463_orig1389_1390_1391.png,1,0.2220839854070792,0.2425323779444619,0.5079479297839445
/root/New_CheckLiuliang_remote/datasets/toniot/test/abnormal/test_00000465_orig1395_1396_1397.png,1,0.16616437784888063,0.1868898239958727,0.48928164474925206
/root/New_CheckLiuliang_remote/datasets/toniot/test/abnormal/test_00000467_orig1401_1402_1403.png,1,0.18864375621106683,0.24296523413006074,0.3619557666275381
/root/New_CheckLiuliang_remote/datasets/toniot/test/abnormal/test_00000469_orig1407_1408_1409.png,1,0.16481278185196935,0.18310682625619812,0.49858286716240774
/root/New_CheckLiuliang_remote/datasets/toniot/test/abnormal/test_00000471_orig1413_1414_1415.png,1,0.14875263762613916,0.16718089386704846,0.49300333159921905
/root/New_CheckLiuliang_remote/datasets/toniot/test/abnormal/test_00000473_orig1419_1420_1421.png,1,0.24512479162251483,0.2721164384451344,0.489009443066055
/root/New_CheckLiuliang_remote/datasets/toniot/test/abnormal/test_00000474_orig1422_1423_1424.png,1,0.17996197206830655,0.2005167245317143,0.49429669476129084
/root/New_CheckLiuliang_remote/datasets/toniot/test/abnormal/test_00000476_orig1428_1429_1430.png,1,0.25991945921942294,0.2850000439547809,0.5012990354984677
/root/New_CheckLiuliang_remote/datasets/toniot/test/abnormal/test_00000478_orig1434_1435_1436.png,1,0.19794248817853777,0.21702994527695382,0.5058115376449713
/root/New_CheckLiuliang_remote/datasets/toniot/test/abnormal/test_00000480_orig1440_1441_1442.png,1,0.17304731147270877,0.19080298037031967,0.5033219104457167
/root/New_CheckLiuliang_remote/datasets/toniot/test/abnormal/test_00000482_orig1446_1447_1448.png,1,0.20618849951379578,0.2279434581443551,0.4977306778907054
/root/New_CheckLiuliang_remote/datasets/toniot/test/abnormal/test_00000483_orig1449_1450_1451.png,1,0.2026217098160295,0.22513245149983552,0.49358761747990004
/root/New_CheckLiuliang_remote/datasets/toniot/test/abnormal/test_00000485_orig1455_1456_1457.png,1,0.2125234315251085,0.23414344400010023,0.5002595534299914
/root/New_CheckLiuliang_remote/datasets/toniot/test/abnormal/test_00000487_orig1461_1462_1463.png,1,0.24024964609723826,0.2615842169009675,0.5101070112685014
/root/New_CheckLiuliang_remote/datasets/toniot/test/abnormal/test_00000489_orig1467_1468_1469.png,1,0.237746569494624,0.2598943851900467,0.5060680963632009
/root/New_CheckLiuliang_remote/datasets/toniot/test/abnormal/test_00000491_orig1473_1474_1475.png,1,0.24389185779997563,0.26500888477011453,0.5121207963847558
/root/New_CheckLiuliang_remote/datasets/toniot/test/abnormal/test_00000493_orig1479_1480_1481.png,1,0.262787134065097,0.29031870365148765,0.49239551080728056
/root/New_CheckLiuliang_remote/datasets/toniot/test/abnormal/test_00000494_orig1482_1483_1484.png,1,0.17228195729357443,0.19343200110110007,0.48950409898530006
/root/New_CheckLiuliang_remote/datasets/toniot/test/abnormal/test_00000496_orig1488_1489_1490.png,1,0.19430045275229132,0.21458225441840675,0.4998906049409362
/root/New_CheckLiuliang_remote/datasets/toniot/test/abnormal/test_00000498_orig1494_1495_1496.png,1,0.1741611655429397,0.1951622449687849,0.4906900048429774
/root/New_CheckLiuliang_remote/datasets/toniot/test/abnormal/test_00000500_orig1500_1501_1502.png,1,0.20427211151523567,0.22724608602357366,0.49225289206361217
/root/New_CheckLiuliang_remote/datasets/toniot/test/abnormal/test_00000502_orig1506_1507_1508.png,1,0.23455649742924845,0.2575876120469689,0.5015332571901444
/root/New_CheckLiuliang_remote/datasets/toniot/test/abnormal/test_00000504_orig1512_1513_1514.png,1,0.2792054570742047,0.3028849162805753,0.5129591042866445
/root/New_CheckLiuliang_remote/datasets/toniot/test/abnormal/test_00000505_orig1515_1516_1517.png,1,0.272841366293072,0.29630875622534186,0.5118091349701089
/root/New_CheckLiuliang_remote/datasets/toniot/test/abnormal/test_00000507_orig1521_1522_1523.png,1,0.20809040036039833,0.23025626686928727,0.4966842199054193
/root/New_CheckLiuliang_remote/datasets/toniot/test/abnormal/test_00000509_orig1527_1528_1529.png,1,0.24655489077415746,0.2719576764007044,0.49581392143553377
/root/New_CheckLiuliang_remote/datasets/toniot/test/abnormal/test_00000511_orig1533_1534_1535.png,1,0.15789159758015325,0.1774989834636866,0.49115633431214606
/root/New_CheckLiuliang_remote/datasets/toniot/test/abnormal/test_00000513_orig1539_1540_1541.png,1,0.18668998951281576,0.20607943166861928,0.5010704509112838
/root/New_CheckLiuliang_remote/datasets/toniot/test/abnormal/test_00000515_orig1545_1546_1547.png,1,0.4095019579058192,0.44696803201587515,0.49872414709375906
/root/New_CheckLiuliang_remote/datasets/toniot/test/abnormal/test_00000516_orig1548_1549_1550.png,1,0.2366149975469496,0.26053336961680224,0.49863057115917825
/root/New_CheckLiuliang_remote/datasets/toniot/test/abnormal/test_00000518_orig1554_1555_1556.png,1,0.20958576499986337,0.22805524761696203,0.511939281620087
/root/New_CheckLiuliang_remote/datasets/toniot/test/abnormal/test_00000520_orig1560_1561_1562.png,1,0.1786467188186769,0.20054821452399793,0.48849674841243285
/root/New_CheckLiuliang_remote/datasets/toniot/test/abnormal/test_00000522_orig1566_1567_1568.png,1,0.1407471766635105,0.15748184503538623,0.4972640665663121
/root/New_CheckLiuliang_remote/datasets/toniot/test/abnormal/test_00000524_orig1572_1573_1574.png,1,0.21086861874567597,0.23188285617903845,0.5021630626896049
/root/New_CheckLiuliang_remote/datasets/toniot/test/abnormal/test_00000525_orig1575_1576_1577.png,1,0.23174582899821866,0.2539122051142634,0.5041096957985886
/root/New_CheckLiuliang_remote/datasets/toniot/test/abnormal/test_00000527_orig1581_1582_1583.png,1,0.2472191154256824,0.2733724955123481,0.4930201019850852
/root/New_CheckLiuliang_remote/datasets/toniot/test/abnormal/test_00000529_orig1587_1588_1589.png,1,0.15453886609433257,0.1719343082022639,0.49895139286862594
/root/New_CheckLiuliang_remote/datasets/toniot/test/abnormal/test_00000531_orig1593_1594_1595.png,1,0.2132947456644096,0.23360076646641217,0.5057577032970649
/root/New_CheckLiuliang_remote/datasets/toniot/test/abnormal/test_00000533_orig1599_1600_1601.png,1,0.2462922683443356,0.27124744586640714,0.49752189363305255
/root/New_CheckLiuliang_remote/datasets/toniot/test/abnormal/test_00000535_orig1605_1606_1607.png,1,0.2321567610691797,0.25617226810212046,0.4968421997588306
/root/New_CheckLiuliang_remote/datasets/toniot/test/abnormal/test_00000536_orig1608_1609_1610.png,1,0.22475697551286997,0.24876569070870722,0.4945459252436797
/root/New_CheckLiuliang_remote/datasets/toniot/test/abnormal/test_00000538_orig1614_1615_1616.png,1,0.21795100136667497,0.2403020992409731,0.49903940216252013
/root/New_CheckLiuliang_remote/datasets/toniot/test/abnormal/test_00000540_orig1620_1621_1622.png,1,0.282419673466277,0.30794811341488104,0.50657240582389
/root/New_CheckLiuliang_remote/datasets/toniot/test/abnormal/test_00000542_orig1626_1627_1628.png,1,0.14342573510484186,0.16017227125111969,0.49805762995128905
/root/New_CheckLiuliang_remote/datasets/toniot/test/abnormal/test_00000544_orig1632_1633_1634.png,1,0.2773438529871243,0.3052588680738582,0.49543235992517587
/root/New_CheckLiuliang_remote/datasets/toniot/test/abnormal/test_00000546_orig1638_1639_1640.png,1,0.23753502672137305,0.26021072840419607,0.5038901305785931
/root/New_CheckLiuliang_remote/datasets/toniot/test/abnormal/test_00000547_orig1641_1642_1643.png,1,0.32968790607499965,0.35736785126331944,0.5128080298862369
/root/New_CheckLiuliang_remote/datasets/toniot/test/abnormal/test_00000549_orig1647_1648_1649.png,1,0.24217226581258577,0.2675023673257741,0.4947285674292471
/root/New_CheckLiuliang_remote/datasets/toniot/test/abnormal/test_00000551_orig1653_1654_1655.png,1,0.27245275834428884,0.3000323166045811,0.49523844353062285
/root/New_CheckLiuliang_remote/datasets/toniot/test/abnormal/test_00000553_orig1659_1660_1661.png,1,0.15331706746803686,0.1734531754967448,0.48760509940928076
/root/New_CheckLiuliang_remote/datasets/toniot/test/abnormal/test_00000555_orig1665_1666_1667.png,1,0.2157431439928689,0.2358055907594717,0.5075007664700515
/root/New_CheckLiuliang_remote/datasets/toniot/test/abnormal/test_00000556_orig1668_1669_1670.png,1,0.22743057612362386,0.2502172481446818,0.5002735757274173
/root/New_CheckLiuliang_remote/datasets/toniot/test/abnormal/test_00000558_orig1674_1675_1676.png,1,0.2007443428660971,0.2214018058723325,0.5004112620046545
/root/New_CheckLiuliang_remote/datasets/toniot/test/abnormal/test_00000560_orig1680_1681_1682.png,1,0.1988681042822759,0.22134722321904085,0.49253552239012105
/root/New_CheckLiuliang_remote/datasets/toniot/test/abnormal/test_00000562_orig1686_1687_1688.png,1,0.27318824229168376,0.30096350191806853,0.4946865710007756
/root/New_CheckLiuliang_remote/datasets/toniot/test/abnormal/test_00000564_orig1692_1693_1694.png,1,0.21215871360204497,0.23508446993617635,0.4949220610409632
/root/New_CheckLiuliang_remote/datasets/toniot/test/abnormal/test_00000566_orig1698_1699_1700.png,1,0.2460171619806986,0.2713660581706755,0.495860638939018
/root/New_CheckLiuliang_remote/datasets/toniot/test/abnormal/test_00000567_orig1701_1702_1703.png,1,0.12612769964970102,0.14276289780880824,0.4930716110273884
/root/New_CheckLiuliang_remote/datasets/toniot/test/abnormal/test_00000569_orig1707_1708_1709.png,1,0.17025624504640977,0.18781720426862591,0.5032243885379909
/root/New_CheckLiuliang_remote/datasets/toniot/test/abnormal/test_00000571_orig1713_1714_1715.png,1,0.16188355106268199,0.18216855569444684,0.489699283728364
/root/New_CheckLiuliang_remote/datasets/toniot/test/abnormal/test_00000573_orig1719_1720_1721.png,1,0.24438828903887796,0.2690405222405287,0.498135844776127
/root/New_CheckLiuliang_remote/datasets/toniot/test/abnormal/test_00000575_orig1725_1726_1727.png,1,0.19040257706763106,0.21216054280349367,0.4927620635269263
/root/New_CheckLiuliang_remote/datasets/toniot/test/abnormal/test_00000577_orig1731_1732_1733.png,1,0.2250068737745001,0.24911326149853788,0.49423370011858353
/root/New_CheckLiuliang_remote/datasets/toniot/test/abnormal/test_00000578_orig1734_1735_1736.png,1,0.22439502031981037,0.24435236829015508,0.5106377446565006
/root/New_CheckLiuliang_remote/datasets/toniot/test/abnormal/test_00000580_orig1740_1741_1742.png,1,0.2537657737240974,0.2803055421467961,0.49353011901407323
/root/New_CheckLiuliang_remote/datasets/toniot/test/abnormal/test_00000582_orig1746_1747_1748.png,1,0.2211058489203176,0.24439068111410017,0.49629504830399607
/root/New_CheckLiuliang_remote/datasets/toniot/test/abnormal/test_00000584_orig1752_1753_1754.png,1,0.21876927880826658,0.24050704660741912,0.5017496515388626
/root/New_CheckLiuliang_remote/datasets/toniot/test/abnormal/test_00000586_orig1758_1759_1760.png,1,0.1871237907575218,0.20867906173993492,0.49254334387260484
/root/New_CheckLiuliang_remote/datasets/toniot/test/abnormal/test_00000587_orig1761_1762_1763.png,1,0.26038280931364854,0.284329044702537,0.5059819191282668
/root/New_CheckLiuliang_remote/datasets/toniot/test/abnormal/test_00000589_orig1767_1768_1769.png,1,0.25505442426062147,0.28077671115634006,0.49720466557771903
/root/New_CheckLiuliang_remote/datasets/toniot/test/abnormal/test_00000591_orig1773_1774_1775.png,1,0.17483093377982467,0.19397008634424676,0.49834801129647555
/root/New_CheckLiuliang_remote/datasets/toniot/test/abnormal/test_00000593_orig1779_1780_1781.png,1,0.2816607892681874,0.3071136286193646,0.5066365278874958
/root/New_CheckLiuliang_remote/datasets/toniot/test/abnormal/test_00000595_orig1785_1786_1787.png,1,0.18430512384489595,0.20017768228146043,0.5143891672326671
/root/New_CheckLiuliang_remote/datasets/toniot/test/abnormal/test_00000597_orig1791_1792_1793.png,1,0.17268196783020398,0.19316000629275012,0.49231771876527963
/root/New_CheckLiuliang_remote/datasets/toniot/test/abnormal/test_00000598_orig1794_1795_1796.png,1,0.17972939528610682,0.1989226748806562,0.4996695599810114
/root/New_CheckLiuliang_remote/datasets/toniot/test/abnormal/test_00000600_orig1800_1801_1802.png,1,0.17197197438876108,0.19108980171670317,0.4975356340752538
/root/New_CheckLiuliang_remote/datasets/toniot/test/abnormal/test_00000602_orig1806_1807_1808.png,1,0.20420824023821396,0.2228504767256811,0.5095597893498608
/root/New_CheckLiuliang_remote/datasets/toniot/test/abnormal/test_00000604_orig1812_1813_1814.png,1,0.3328340863840188,0.3649935465197064,0.49587783210772113
/root/New_CheckLiuliang_remote/datasets/toniot/test/abnormal/test_00000606_orig1818_1819_1820.png,1,0.15945921828585333,0.17590991972807343,0.5042752857430651
/root/New_CheckLiuliang_remote/datasets/toniot/test/abnormal/test_00000608_orig1824_1825_1826.png,1,0.2244062059037801,0.24601280934161118,0.5040442349226656
/root/New_CheckLiuliang_remote/datasets/toniot/test/abnormal/test_00000609_orig1827_1828_1829.png,1,0.24340280385689947,0.26334188330359937,0.5166790295414575
/root/New_CheckLiuliang_remote/datasets/toniot/test/abnormal/test_00000611_orig1833_1834_1835.png,1,0.22230717048140394,0.24537802358049346,0.4975281649118008
/root/New_CheckLiuliang_remote/datasets/toniot/test/abnormal/test_00000613_orig1839_1840_1841.png,1,0.23464139051659416,0.25939369431273684,0.49467515586417765
/root/New_CheckLiuliang_remote/datasets/toniot/test/abnormal/test_00000615_orig1845_1846_1847.png,1,0.08824982934152738,0.10138740969752681,0.49516889575394263
/root/New_CheckLiuliang_remote/datasets/toniot/test/abnormal/test_00000617_orig1851_1852_1853.png,1,0.1932913978869769,0.21274756874298117,0.5028762973355592
/root/New_CheckLiuliang_remote/datasets/toniot/test/abnormal/test_00000619_orig1857_1858_1859.png,1,0.12462947490429387,0.14111164133843487,0.4932133137415767
/root/New_CheckLiuliang_remote/datasets/toniot/test/abnormal/test_00000620_orig1860_1861_1862.png,1,0.259727394236752,0.28578309509623406,0.49733826495419886
/root/New_CheckLiuliang_remote/datasets/toniot/test/abnormal/test_00000622_orig1866_1867_1868.png,1,0.26093105447249937,0.2861815747069233,0.5009369219986101
/root/New_CheckLiuliang_remote/datasets/toniot/test/abnormal/test_00000624_orig1872_1873_1874.png,1,0.23613570459197736,0.258268845546705,0.505621003513114
/root/New_CheckLiuliang_remote/datasets/toniot/test/abnormal/test_00000626_orig1878_1879_1880.png,1,0.17649944465438894,0.19795750661716266,0.4895962656437577
/root/New_CheckLiuliang_remote/datasets/toniot/test/abnormal/test_00000628_orig1884_1885_1886.png,1,0.1981335402800401,0.2202592439856411,0.4937185392317458
/root/New_CheckLiuliang_remote/datasets/toniot/test/abnormal/test_00000629_orig1887_1888_1889.png,1,0.16357217259763182,0.1810182525179857,0.5015851890152845
/root/New_CheckLiuliang_remote/datasets/toniot/test/abnormal/test_00000631_orig1893_1894_1895.png,1,0.19278565793809752,0.2150930483349076,0.49131262303420953
/root/New_CheckLiuliang_remote/datasets/toniot/test/abnormal/test_00000633_orig1899_1900_1901.png,1,0.25375139400577823,0.2767455985191306,0.5077078595963566
/root/New_CheckLiuliang_remote/datasets/toniot/test/abnormal/test_00000635_orig1905_1906_1907.png,1,0.20302962758270934,0.25859463575853947,0.3614986326850734
/root/New_CheckLiuliang_remote/datasets/toniot/test/abnormal/test_00000637_orig1911_1912_1913.png,1,0.19461511519918934,0.21531649607182027,0.49831108826204756
/root/New_CheckLiuliang_remote/datasets/toniot/test/abnormal/test_00000639_orig1917_1918_1919.png,1,0.21703535127225157,0.24020093764076192,0.49549394529176
/root/New_CheckLiuliang_remote/datasets/toniot/test/abnormal/test_00000640_orig1920_1921_1922.png,1,0.2348560194549215,0.25745810945370246,0.5033434019065955
/root/New_CheckLiuliang_remote/datasets/toniot/test/abnormal/test_00000642_orig1926_1927_1928.png,1,0.15580037187765006,0.17404991085051977,0.49593110274517826
/root/New_CheckLiuliang_remote/datasets/toniot/test/abnormal/test_00000644_orig1932_1933_1934.png,1,0.17345030480343918,0.19253939102816006,0.4981147760980851
/root/New_CheckLiuliang_remote/datasets/toniot/test/abnormal/test_00000646_orig1938_1939_1940.png,1,0.2191805050522182,0.24262632308810808,0.4950465705864484
/root/New_CheckLiuliang_remote/datasets/toniot/test/abnormal/test_00000648_orig1944_1945_1946.png,1,0.21881521708794013,0.24216328899323739,0.4953228591704028
/root/New_CheckLiuliang_remote/datasets/toniot/test/abnormal/test_00000650_orig1950_1951_1952.png,1,0.24621062976201993,0.2707697164418041,0.49908062348912385
/root/New_CheckLiuliang_remote/datasets/toniot/test/abnormal/test_00000651_orig1953_1954_1955.png,1,0.1826408708830537,0.20112658071560746,0.5034140066403682
/root/New_CheckLiuliang_remote/datasets/toniot/test/abnormal/test_00000653_orig1959_1960_1961.png,1,0.0809776242586444,0.09254449503107604,0.49916835092779344
/root/New_CheckLiuliang_remote/datasets/toniot/test/abnormal/test_00000655_orig1965_1966_1967.png,1,0.5745195981528992,0.6171591067286373,0.5298439233739931
/root/New_CheckLiuliang_remote/datasets/toniot/test/abnormal/test_00000657_orig1971_1972_1973.png,1,0.818452086814393,0.7889816254582942,0.8948756112999424
/root/New_CheckLiuliang_remote/datasets/toniot/test/abnormal/test_00000665_orig1995_1996_1997.png,1,0.302388359293176,0.3761974233576231,0.3197198316788784
/root/New_CheckLiuliang_remote/datasets/toniot/test/abnormal/test_00000672_orig2016_2017_2018.png,1,0.21562067807416385,0.2720755014551657,0.3618928072167339
/root/New_CheckLiuliang_remote/datasets/toniot/test/abnormal/test_00000680_orig2040_2041_2042.png,1,0.3025134688298802,0.3677998296653834,0.35384992745398836
/root/New_CheckLiuliang_remote/datasets/toniot/test/abnormal/test_00000688_orig2064_2065_2066.png,1,0.2864731533764662,0.35371146953428534,0.341005643939482
/root/New_CheckLiuliang_remote/datasets/toniot/test/abnormal/test_00000695_orig2085_2086_2087.png,1,0.17857448775115264,0.2325064892345557,0.36035204563123346
/root/New_CheckLiuliang_remote/datasets/toniot/test/abnormal/test_00000703_orig2109_2110_2111.png,1,0.16724436865379327,0.21960215281332246,0.3630913965595201
/root/New_CheckLiuliang_remote/datasets/toniot/test/abnormal/test_00000711_orig2133_2134_2135.png,1,0.3533759484257096,0.42180844663935524,0.357235572412377
/root/New_CheckLiuliang_remote/datasets/toniot/test/abnormal/test_00000718_orig2154_2155_2156.png,1,0.10251592549019785,0.15077145888804377,0.3591764627211586
/root/New_CheckLiuliang_remote/datasets/toniot/test/abnormal/test_00000726_orig2178_2179_2180.png,1,0.380059131101618,0.46227348034873594,0.31048636021534587
/root/New_CheckLiuliang_remote/datasets/toniot/test/abnormal/test_00000734_orig2202_2203_2204.png,1,0.1482365038805406,0.20072416485588276,0.3566036529987317
/root/New_CheckLiuliang_remote/datasets/toniot/test/abnormal/test_00000741_orig2223_2224_2225.png,1,0.14162411149247614,0.19389870902840384,0.35537969668572783
/root/New_CheckLiuliang_remote/datasets/toniot/test/abnormal/test_00000749_orig2247_2248_2249.png,1,0.11595905617594335,0.16497593836568777,0.36035204563123346
/root/New_CheckLiuliang_remote/datasets/toniot/test/abnormal/test_00000757_orig2271_2272_2273.png,1,0.45451666604709595,0.5189056073048385,0.4051667444939406
/root/New_CheckLiuliang_remote/datasets/toniot/test/abnormal/test_00000764_orig2292_2293_2294.png,1,0.18375579304796152,0.2390316092606294,0.3566036529987317
/root/New_CheckLiuliang_remote/datasets/toniot/test/abnormal/test_00000772_orig2316_2317_2318.png,1,0.17853846898552522,0.23340474126444652,0.3566036529987317
/root/New_CheckLiuliang_remote/datasets/toniot/test/abnormal/test_00000780_orig2340_2341_2342.png,1,0.33798817365559947,0.40813011244945036,0.3455662376336901
/root/New_CheckLiuliang_remote/datasets/toniot/test/abnormal/test_00000787_orig2361_2362_2363.png,1,0.1190387761157375,0.16137978124689611,0.3880225481361161
/root/New_CheckLiuliang_remote/datasets/toniot/test/abnormal/test_00000795_orig2385_2386_2387.png,1,0.4447095857818266,0.5166074939096387,0.37205157415086004
/root/New_CheckLiuliang_remote/datasets/toniot/test/abnormal/test_00000803_orig2409_2410_2411.png,1,0.23490019245583915,0.2905118422708273,0.37131903242201786
/root/New_CheckLiuliang_remote/datasets/toniot/test/abnormal/test_00000811_orig2433_2434_2435.png,1,0.3937474810494143,0.4591833936476026,0.3818980807279869
/root/New_CheckLiuliang_remote/datasets/toniot/test/abnormal/test_00000818_orig2454_2455_2456.png,1,0.21788145906238493,0.2877754931496802,0.30884582188032245
/root/New_CheckLiuliang_remote/datasets/toniot/test/abnormal/test_00000826_orig2478_2479_2480.png,1,0.36124149669048355,0.4340839016730239,0.342065630975551
/root/New_CheckLiuliang_remote/datasets/toniot/test/abnormal/test_00000834_orig2502_2503_2504.png,1,0.527485579301228,0.6469428662637084,0.20780470505154322
/root/New_CheckLiuliang_remote/datasets/toniot/test/abnormal/test_00000841_orig2523_2524_2525.png,1,0.1094369631587056,0.14857017721911617,0.3978388609723033
/root/New_CheckLiuliang_remote/datasets/toniot/test/abnormal/test_00000849_orig2547_2548_2549.png,1,0.16975456545653575,0.2219528807372962,0.36451744306859163
/root/New_CheckLiuliang_remote/datasets/toniot/test/abnormal/test_00000857_orig2571_2572_2573.png,1,0.2074150675163908,0.26407625616531405,0.35849088511912225
/root/New_CheckLiuliang_remote/datasets/toniot/test/abnormal/test_00000864_orig2592_2593_2594.png,1,0.4144489323984668,0.48233995309828065,0.3785776500221996
/root/New_CheckLiuliang_remote/datasets/toniot/test/abnormal/test_00000872_orig2616_2617_2618.png,1,0.24920889519307113,0.31447270860775,0.3372031351038492
/root/New_CheckLiuliang_remote/datasets/toniot/test/abnormal/test_00000880_orig2640_2641_2642.png,1,0.15394445522503533,0.19409709597979077,0.40773596056225325
/root/New_CheckLiuliang_remote/datasets/toniot/test/abnormal/test_00000887_orig2661_2662_2663.png,1,0.28243175198359316,0.3576012708311219,0.30801188273441565
/root/New_CheckLiuliang_remote/datasets/toniot/test/abnormal/test_00000895_orig2685_2686_2687.png,1,0.14742792255204487,0.19856473863503218,0.36175314795292424
/root/New_CheckLiuliang_remote/datasets/toniot/test/abnormal/test_00000903_orig2709_2710_2711.png,1,0.13647231773666335,0.17940150383082318,0.39114374242998523
/root/New_CheckLiuliang_remote/datasets/toniot/test/abnormal/test_00000910_orig2730_2731_2732.png,1,0.19611742715656913,0.24963638899534984,0.36751247191753084
/root/New_CheckLiuliang_remote/datasets/toniot/test/abnormal/test_00000918_orig2754_2755_2756.png,1,0.1396724921604966,0.17745502868279067,0.41273515621790596
/root/New_CheckLiuliang_remote/datasets/toniot/test/abnormal/test_00000926_orig2778_2779_2780.png,1,0.29578131301261856,0.36392970961372406,0.3402879700737397
/root/New_CheckLiuliang_remote/datasets/toniot/test/abnormal/test_00000933_orig2799_2800_2801.png,1,0.2381430573649605,0.2964007332444703,0.36175314795292424
/root/New_CheckLiuliang_remote/datasets/toniot/test/abnormal/test_00000941_orig2823_2824_2825.png,1,0.19011810610583213,0.23321658856055177,0.4073106762601729
/root/New_CheckLiuliang_remote/datasets/toniot/test/abnormal/test_00000949_orig2847_2848_2849.png,1,0.2074133839171608,0.2757152197299497,0.3119277678341603
/root/New_CheckLiuliang_remote/datasets/toniot/test/abnormal/test_00000956_orig2868_2869_2870.png,1,0.22184294974779684,0.28399944944996824,0.34103981888546975
/root/New_CheckLiuliang_remote/datasets/toniot/test/abnormal/test_00000964_orig2892_2893_2894.png,1,0.1366532928189545,0.17508789972116923,0.4091788831529002
/root/New_CheckLiuliang_remote/datasets/toniot/test/abnormal/test_00000972_orig2916_2917_2918.png,1,0.176654370690989,0.22785843516518928,0.37066090047248096
/root/New_CheckLiuliang_remote/datasets/toniot/test/abnormal/test_00000979_orig2937_2938_2939.png,1,0.20612183689165403,0.262526948544959,0.35910913455437243
/root/New_CheckLiuliang_remote/datasets/toniot/test/abnormal/test_00000987_orig2961_2962_2963.png,1,0.227258481164012,0.3015927769305366,0.2940290450399716
/root/New_CheckLiuliang_remote/datasets/toniot/test/abnormal/test_00000995_orig2985_2986_2987.png,1,0.19195608777636847,0.25186732374034454,0.34063676591423303
/root/New_CheckLiuliang_remote/datasets/toniot/test/abnormal/test_00001002_orig3006_3007_3008.png,1,0.15827748355744076,0.21556277405313856,0.3405658793252358
/root/New_CheckLiuliang_remote/datasets/toniot/test/abnormal/test_00001010_orig3030_3031_3032.png,1,0.2333432595062687,0.29659046044797927,0.3402879700737397
/root/New_CheckLiuliang_remote/datasets/toniot/test/abnormal/test_00001018_orig3054_3055_3056.png,1,0.09976173899617585,0.12787652878992226,0.4388746563744413
/root/New_CheckLiuliang_remote/datasets/toniot/test/abnormal/test_00001025_orig3075_3076_3077.png,1,0.2863218510889106,0.35954262885540833,0.31702829044307146
/root/New_CheckLiuliang_remote/datasets/toniot/test/abnormal/test_00001033_orig3099_3100_3101.png,1,0.43894656840940477,0.49192931179015487,0.4459027164008666
/root/New_CheckLiuliang_remote/datasets/toniot/test/abnormal/test_00001041_orig3123_3124_3125.png,1,0.08610010181001637,0.11919867416635822,0.4146499396865051
/root/New_CheckLiuliang_remote/datasets/toniot/test/abnormal/test_00001048_orig3144_3145_3146.png,1,0.24208286497576315,0.3123375559226181,0.315002138928836
/root/New_CheckLiuliang_remote/datasets/toniot/test/abnormal/test_00001056_orig3168_3169_3170.png,1,0.16524603213727376,0.21446665990506555,0.3750125689814238
/root/New_CheckLiuliang_remote/datasets/toniot/test/abnormal/test_00001064_orig3192_3193_3194.png,1,0.19256125192134868,0.24920983080820772,0.3538774083383909
/root/New_CheckLiuliang_remote/datasets/toniot/test/abnormal/test_00001072_orig3216_3217_3218.png,1,0.1345313310261884,0.17775050977705217,0.3893743257934947
/root/New_CheckLiuliang_remote/datasets/toniot/test/abnormal/test_00001079_orig3237_3238_3239.png,1,0.5812198130433739,0.6146835997102396,0.5686505962682509
/root/New_CheckLiuliang_remote/datasets/toniot/test/abnormal/test_00001087_orig3261_3262_3263.png,1,0.14280925933357944,0.19068909156489386,0.37333087978360285
/root/New_CheckLiuliang_remote/datasets/toniot/test/abnormal/test_00001095_orig3285_3286_3287.png,1,0.126907894204911,0.1769889767969928,0.35953304481223264
/root/New_CheckLiuliang_remote/datasets/toniot/test/abnormal/test_00001102_orig3306_3307_3308.png,1,0.14459090336023903,0.17596463358966624,0.43991470215336687
/root/New_CheckLiuliang_remote/datasets/toniot/test/abnormal/test_00001110_orig3330_3331_3332.png,1,0.23443146628376288,0.30491562715796655,0.31168181391875793
/root/New_CheckLiuliang_remote/datasets/toniot/test/abnormal/test_00001118_orig3354_3355_3356.png,1,0.15694651268383272,0.20307358069684467,0.3847808607337128
/root/New_CheckLiuliang_remote/datasets/toniot/test/abnormal/test_00001125_orig3375_3376_3377.png,1,0.2664879978562853,0.3344870916617256,0.33168743974904175
/root/New_CheckLiuliang_remote/datasets/toniot/test/abnormal/test_00001133_orig3399_3400_3401.png,1,0.16712552592565333,0.2292205085397579,0.3241052875828751
/root/New_CheckLiuliang_remote/datasets/toniot/test/abnormal/test_00001141_orig3423_3424_3425.png,1,0.21921992427631948,0.28441747909753357,0.3280520005978149
/root/New_CheckLiuliang_remote/datasets/toniot/test/abnormal/test_00001148_orig3444_3445_3446.png,1,0.2504164074000444,0.3189562274674344,0.32447825250888146
/root/New_CheckLiuliang_remote/datasets/toniot/test/abnormal/test_00001156_orig3468_3469_3470.png,1,0.23692072833281058,0.3025988821839989,0.33168743974904175
/root/New_CheckLiuliang_remote/datasets/toniot/test/abnormal/test_00001164_orig3492_3493_3494.png,1,0.3196375376783886,0.39662025785317767,0.3124412375896502
/root/New_CheckLiuliang_remote/datasets/toniot/test/abnormal/test_00001171_orig3513_3514_3515.png,1,0.2300760925765174,0.30021836997565693,0.31168181391875793
/root/New_CheckLiuliang_remote/datasets/toniot/test/abnormal/test_00001179_orig3537_3538_3539.png,1,0.4079580741070456,0.5319288184469424,0.1522207056062343
/root/New_CheckLiuliang_remote/datasets/toniot/test/abnormal/test_00001187_orig3561_3562_3563.png,1,0.27424748745685146,0.347667227932043,0.3124412375896502
/root/New_CheckLiuliang_remote/datasets/toniot/test/abnormal/test_00001194_orig3582_3583_3584.png,1,0.17903280560615933,0.24196923191578945,0.32447825250888146
/root/New_CheckLiuliang_remote/datasets/toniot/test/abnormal/test_00001202_orig3606_3607_3608.png,1,0.1518485442539517,0.20461973931797137,0.3566036529987317
/root/New_CheckLiuliang_remote/datasets/toniot/test/abnormal/test_00001210_orig3630_3631_3632.png,1,0.1413010387119618,0.18411240667645568,0.3931311740827356
/root/New_CheckLiuliang_remote/datasets/toniot/test/abnormal/test_00001217_orig3651_3652_3653.png,1,0.12032742899039696,0.1709303022816205,0.35537969668572783
/root/New_CheckLiuliang_remote/datasets/toniot/test/abnormal/test_00001225_orig3675_3676_3677.png,1,0.1697315315346363,0.2288405292995353,0.3368674807632048
/root/New_CheckLiuliang_remote/datasets/toniot/test/abnormal/test_00001233_orig3699_3700_3701.png,1,0.23098545847849902,0.2872318971578839,0.3675506985323728
/root/New_CheckLiuliang_remote/datasets/toniot/test/abnormal/test_00001240_orig3720_3721_3722.png,1,0.2804927063584527,0.3545925332767213,0.31168181391875793
/root/New_CheckLiuliang_remote/datasets/toniot/test/abnormal/test_00001248_orig3744_3745_3746.png,1,0.2296581366472836,0.28884313509639675,0.35537969668572783
/root/New_CheckLiuliang_remote/datasets/toniot/test/abnormal/test_00001256_orig3768_3769_3770.png,1,0.1339236344750129,0.1843506809514019,0.36035204563123346
/root/New_CheckLiuliang_remote/datasets/toniot/test/abnormal/test_00001263_orig3789_3790_3791.png,1,0.22472467014219003,0.28266834123447854,0.3587959581678931
/root/New_CheckLiuliang_remote/datasets/toniot/test/abnormal/test_00001271_orig3813_3814_3815.png,1,0.20871805298317203,0.26450399522716683,0.3624009921867618
/root/New_CheckLiuliang_remote/datasets/toniot/test/abnormal/test_00001279_orig3837_3838_3839.png,1,0.1615984130767439,0.2149174916279263,0.35747345822197407
/root/New_CheckLiuliang_remote/datasets/toniot/test/abnormal/test_00001286_orig3858_3859_3860.png,1,0.18555086397115725,0.24096758774456736,0.3566036529987317
/root/New_CheckLiuliang_remote/datasets/toniot/test/abnormal/test_00001294_orig3882_3883_3884.png,1,0.1519098601296068,0.20468586830176702,0.3566036529987317
/root/New_CheckLiuliang_remote/datasets/toniot/test/abnormal/test_00001302_orig3906_3907_3908.png,1,0.13514835207730946,0.18691462236479608,0.35537969668572783
/root/New_CheckLiuliang_remote/datasets/toniot/test/abnormal/test_00001309_orig3927_3928_3929.png,1,0.20527474559929035,0.262239733573672,0.3566036529987317
/root/New_CheckLiuliang_remote/datasets/toniot/test/abnormal/test_00001317_orig3951_3952_3953.png,1,0.36482861884969653,0.44341478001157,0.320216918599436
/root/New_CheckLiuliang_remote/datasets/toniot/test/abnormal/test_00001325_orig3975_3976_3977.png,1,0.18133783068953968,0.2364238442746405,0.3566036529987317
/root/New_CheckLiuliang_remote/datasets/toniot/test/abnormal/test_00001333_orig3999_4000_4001.png,1,0.12495009688175762,0.17560984634327056,0.3566036529987317
/root/New_CheckLiuliang_remote/datasets/toniot/test/abnormal/test_00001340_orig4020_4021_4022.png,1,0.22753938119804576,0.2942834248882991,0.32447825250888146
/root/New_CheckLiuliang_remote/datasets/toniot/test/abnormal/test_00001348_orig4044_4045_4046.png,1,0.19717229060201255,0.25350126071496193,0.3566036529987317
/root/New_CheckLiuliang_remote/datasets/toniot/test/abnormal/test_00001356_orig4068_4069_4070.png,1,0.1708262944031313,0.2250871846359278,0.3566036529987317
/root/New_CheckLiuliang_remote/datasets/toniot/test/abnormal/test_00001363_orig4089_4090_4091.png,1,0.4761167120364037,0.5468697701191201,0.38649242658534577
/root/New_CheckLiuliang_remote/datasets/toniot/test/abnormal/test_00001371_orig4113_4114_4115.png,1,0.041580509861775854,0.06782012758957623,0.4281071526188966
/root/New_CheckLiuliang_remote/datasets/toniot/test/abnormal/test_00001379_orig4137_4138_4139.png,1,0.054087563941101834,0.08189825347318214,0.42574992691141705
/root/New_CheckLiuliang_remote/datasets/toniot/test/abnormal/test_00001386_orig4158_4159_4160.png,1,0.6393099283613138,0.6814375286444122,0.5522349252023174
/root/New_CheckLiuliang_remote/datasets/toniot/test/abnormal/test_00001394_orig4182_4183_4184.png,1,0.14455938224998732,0.18846904710889725,0.3897610663936053
/root/New_CheckLiuliang_remote/datasets/toniot/test/abnormal/test_00001402_orig4206_4207_4208.png,1,0.13266601907071285,0.18935890180751244,0.33489382478455865
/root/New_CheckLiuliang_remote/datasets/toniot/test/abnormal/test_00001409_orig4227_4228_4229.png,1,0.10580809806752489,0.15989975160956504,0.3368656839361477
/root/New_CheckLiuliang_remote/datasets/toniot/test/abnormal/test_00001417_orig4251_4252_4253.png,1,0.31899313669756746,0.3917722423328101,0.32905336174715855
/root/New_CheckLiuliang_remote/datasets/toniot/test/abnormal/test_00001425_orig4275_4276_4277.png,1,0.6380961034970589,0.7513125094387971,0.26749857645495606
/root/New_CheckLiuliang_remote/datasets/toniot/test/abnormal/test_00001432_orig4296_4297_4298.png,1,0.2726298297559178,0.3433149173735405,0.32287192435174883
/root/New_CheckLiuliang_remote/datasets/toniot/test/abnormal/test_00001440_orig4320_4321_4322.png,1,0.24381712642177666,0.30380757305448597,0.3566036529987317
/root/New_CheckLiuliang_remote/datasets/toniot/test/abnormal/test_00001448_orig4344_4345_4346.png,1,0.19526981954481756,0.2667885941673449,0.2952470823932581
/root/New_CheckLiuliang_remote/datasets/toniot/test/abnormal/test_00001455_orig4365_4366_4367.png,1,0.12619466448908018,0.15896239950592203,0.4285624897343042
/root/New_CheckLiuliang_remote/datasets/toniot/test/abnormal/test_00001463_orig4389_4390_4391.png,1,0.16040654432989387,0.19510057706722944,0.4315994093160057
/root/New_CheckLiuliang_remote/datasets/toniot/test/abnormal/test_00001471_orig4413_4414_4415.png,1,0.1474628543723501,0.19565663784763804,0.37353624654665696
/root/New_CheckLiuliang_remote/datasets/toniot/test/abnormal/test_00001478_orig4434_4435_4436.png,1,0.1369698525033623,0.17655979444382702,0.404656938856371
/root/New_CheckLiuliang_remote/datasets/toniot/test/abnormal/test_00001486_orig4458_4459_4460.png,1,0.15786889477502086,0.20202417670399236,0.3929576217281629
/root/New_CheckLiuliang_remote/datasets/toniot/test/abnormal/test_00001494_orig4482_4483_4484.png,1,0.12456658751421673,0.16544841945824354,0.39559490583322643
/root/New_CheckLiuliang_remote/datasets/toniot/test/abnormal/test_00001501_orig4503_4504_4505.png,1,0.3214657118948757,0.3922646670871455,0.3377503217905868
/root/New_CheckLiuliang_remote/datasets/toniot/test/abnormal/test_00001509_orig4527_4528_4529.png,1,0.09621213419237501,0.1433286680035043,0.36175314795292424
/root/New_CheckLiuliang_remote/datasets/toniot/test/abnormal/test_00001517_orig4551_4552_4553.png,1,0.17532737592600475,0.2286542135118571,0.36175314795292424
/root/New_CheckLiuliang_remote/datasets/toniot/test/abnormal/test_00001524_orig4572_4573_4574.png,1,0.12394673606056927,0.160506590002531,0.41268819209110014
/root/New_CheckLiuliang_remote/datasets/toniot/test/abnormal/test_00001532_orig4596_4597_4598.png,1,0.14910017745271179,0.18599760754783626,0.4192357594233186
/root/New_CheckLiuliang_remote/datasets/toniot/test/abnormal/test_00001540_orig4620_4621_4622.png,1,0.1644471494038305,0.20967519516250738,0.39073205764249386
/root/New_CheckLiuliang_remote/datasets/toniot/test/abnormal/test_00001547_orig4641_4642_4643.png,1,0.22509738238591237,0.292279480504349,0.321959277134361
/root/New_CheckLiuliang_remote/datasets/toniot/test/abnormal/test_00001555_orig4665_4666_4667.png,1,0.15925934756087928,0.20837911956343325,0.37353624654665696
/root/New_CheckLiuliang_remote/datasets/toniot/test/abnormal/test_00001563_orig4689_4690_4691.png,1,0.05734451428318546,0.08435854032864268,0.4299592233000131
/root/New_CheckLiuliang_remote/datasets/toniot/test/abnormal/test_00001570_orig4710_4711_4712.png,1,0.16372892377431378,0.20997382525599723,0.3864391207159856
/root/New_CheckLiuliang_remote/datasets/toniot/test/abnormal/test_00001578_orig4734_4735_4736.png,1,0.15745558068709986,0.18949194702491082,0.44130350854088274
/root/New_CheckLiuliang_remote/datasets/toniot/test/abnormal/test_00001586_orig4758_4759_4760.png,1,0.273194576347639,0.35112692841760557,0.2940601900422945
/root/New_CheckLiuliang_remote/datasets/toniot/test/abnormal/test_00001594_orig4782_4783_4784.png,1,0.4608684174820751,0.5977414590284367,0.11722471534912385
/root/New_CheckLiuliang_remote/datasets/toniot/test/abnormal/test_00001601_orig4803_4804_4805.png,1,0.22528468411872538,0.28425071334673147,0.3548823631418486
/root/New_CheckLiuliang_remote/datasets/toniot/test/abnormal/test_00001609_orig4827_4828_4829.png,1,0.09620373577888822,0.14479505197751247,0.35585138140416467
/root/New_CheckLiuliang_remote/datasets/toniot/test/abnormal/test_00001617_orig4851_4852_4853.png,1,0.09579162164703561,0.13540657319474764,0.3916274412273724
/root/New_CheckLiuliang_remote/datasets/toniot/test/abnormal/test_00001624_orig4872_4873_4874.png,1,0.19893297037680083,0.26343149857330656,0.32447825250888146
/root/New_CheckLiuliang_remote/datasets/toniot/test/abnormal/test_00001632_orig4896_4897_4898.png,1,0.27729703403141437,0.3520634932714415,0.30801188273441565
/root/New_CheckLiuliang_remote/datasets/toniot/test/abnormal/test_00001640_orig4920_4921_4922.png,1,0.4410201832382747,0.5047210714889742,0.40368122653246974
/root/New_CheckLiuliang_remote/datasets/toniot/test/abnormal/test_00001647_orig4941_4942_4943.png,1,0.20464826403996678,0.26861055263755584,0.3284177429836898
/root/New_CheckLiuliang_remote/datasets/toniot/test/abnormal/test_00001655_orig4965_4966_4967.png,1,0.24336865418216988,0.31144848847380996,0.3241052875828751
/root/New_CheckLiuliang_remote/datasets/toniot/test/abnormal/test_00001663_orig4989_4990_4991.png,1,0.31899180960167783,0.39331617041281675,0.32287192435174883
/root/New_CheckLiuliang_remote/datasets/toniot/test/abnormal/test_00001670_orig5010_5011_5012.png,1,0.496480222881134,0.5378621890346861,0.5103706868311532
/root/New_CheckLiuliang_remote/datasets/toniot/test/abnormal/test_00001678_orig5034_5035_5036.png,1,0.5124805679108528,0.5875354213210078,0.3807030498074119
/root/New_CheckLiuliang_remote/datasets/toniot/test/abnormal/test_00001686_orig5058_5059_5060.png,1,0.23948150993146552,0.3103620837400244,0.31168181391875793
/root/New_CheckLiuliang_remote/datasets/toniot/test/abnormal/test_00001693_orig5079_5080_5081.png,1,0.23809523320605305,0.3045241015872399,0.32905336174715855
/root/New_CheckLiuliang_remote/datasets/toniot/test/abnormal/test_00001701_orig5103_5104_5105.png,1,0.33347777173027005,0.41154690782052644,0.3124412375896502
/root/New_CheckLiuliang_remote/datasets/toniot/test/abnormal/test_00001709_orig5127_5128_5129.png,1,0.2388745821658102,0.3008506627790522,0.34710921882908463
/root/New_CheckLiuliang_remote/datasets/toniot/test/abnormal/test_00001716_orig5148_5149_5150.png,1,0.2973538526885548,0.3614094605646234,0.3571528831358479
/root/New_CheckLiuliang_remote/datasets/toniot/test/abnormal/test_00001724_orig5172_5173_5174.png,1,0.4531717437457179,0.5147001188353584,0.4161867200669575
/root/New_CheckLiuliang_remote/datasets/toniot/test/abnormal/test_00001732_orig5196_5197_5198.png,1,0.1208931058311912,0.1509871653351867,0.43759256742135516
/root/New_CheckLiuliang_remote/datasets/toniot/test/abnormal/test_00001739_orig5217_5218_5219.png,1,0.09992037016153725,0.12920973633823085,0.43422615908204826
/root/New_CheckLiuliang_remote/datasets/toniot/test/abnormal/test_00001747_orig5241_5242_5243.png,1,0.333274753644463,0.3994651162394021,0.3598925863831654
/root/New_CheckLiuliang_remote/datasets/toniot/test/abnormal/test_00001755_orig5265_5266_5267.png,1,0.08869000292329442,0.11659432059620002,0.4362401555897211
/root/New_CheckLiuliang_remote/datasets/toniot/test/abnormal/test_00001762_orig5286_5287_5288.png,1,0.20208885396686996,0.25887804568909223,0.35630650712815387
/root/New_CheckLiuliang_remote/datasets/toniot/test/abnormal/test_00001770_orig5310_5311_5312.png,1,0.20291872146736747,0.25923624435131865,0.3584537506932758
/root/New_CheckLiuliang_remote/datasets/toniot/test/abnormal/test_00001778_orig5334_5335_5336.png,1,0.2770397301842506,0.348979048527259,0.3192396560717992
/root/New_CheckLiuliang_remote/datasets/toniot/test/abnormal/test_00001785_orig5355_5356_5357.png,1,0.29855471250302473,0.3695319104492848,0.3298435781013429
/root/New_CheckLiuliang_remote/datasets/toniot/test/abnormal/test_00001793_orig5379_5380_5381.png,1,0.42792490420548335,0.5540658893974377,0.14980908184039907
/root/New_CheckLiuliang_remote/datasets/toniot/test/abnormal/test_00001801_orig5403_5404_5405.png,1,0.5299663777553713,0.5790053072445746,0.4902570752179287
/root/New_CheckLiuliang_remote/datasets/toniot/test/abnormal/test_00001808_orig5424_5425_5426.png,1,0.16986195717032426,0.22573233585283886,0.34986290914192486
/root/New_CheckLiuliang_remote/datasets/toniot/test/abnormal/test_00001816_orig5448_5449_5450.png,1,0.20880669054056114,0.2676802857821766,0.35007821130164757
/root/New_CheckLiuliang_remote/datasets/toniot/test/abnormal/test_00001824_orig5472_5473_5474.png,1,0.20521265562269958,0.26380413014866294,0.35007821130164757
/root/New_CheckLiuliang_remote/datasets/toniot/test/abnormal/test_00001831_orig5493_5494_5495.png,1,0.14870508066756236,0.20256659182107806,0.3512553796473611
/root/New_CheckLiuliang_remote/datasets/toniot/test/abnormal/test_00001839_orig5517_5518_5519.png,1,0.16696225846246018,0.21491027517136133,0.3806418872236647
/root/New_CheckLiuliang_remote/datasets/toniot/test/abnormal/test_00001847_orig5541_5542_5543.png,1,0.17911845334928791,0.2349309562237936,0.3530008385897571
/root/New_CheckLiuliang_remote/datasets/toniot/test/abnormal/test_00001855_orig5565_5566_5567.png,1,0.13848463205123998,0.19199540141146018,0.34944925136786104
/root/New_CheckLiuliang_remote/datasets/toniot/test/abnormal/test_00001862_orig5586_5587_5588.png,1,0.4798809431681279,0.6196239858746392,0.11171441047548765
/root/New_CheckLiuliang_remote/datasets/toniot/test/abnormal/test_00001870_orig5610_5611_5612.png,1,0.23233568455532874,0.2930562336473454,0.35007821130164757
/root/New_CheckLiuliang_remote/datasets/toniot/test/abnormal/test_00001878_orig5634_5635_5636.png,1,0.1276102992953347,0.15970031499176865,0.43171785897416115
/root/New_CheckLiuliang_remote/datasets/toniot/test/abnormal/test_00001885_orig5655_5656_5657.png,1,0.09317126519372686,0.12246523603258112,0.4320886042902734
/root/New_CheckLiuliang_remote/datasets/toniot/test/abnormal/test_00001893_orig5679_5680_5681.png,1,0.14917707794301513,0.1815577810524454,0.4373268131764217
/root/New_CheckLiuliang_remote/datasets/toniot/test/abnormal/test_00001901_orig5703_5704_5705.png,1,0.11393896024837305,0.14368253679179172,0.43681098288342546
/root/New_CheckLiuliang_remote/datasets/toniot/test/abnormal/test_00001908_orig5724_5725_5726.png,1,0.06463465604225355,0.0908677841502734,0.4353718301064081
/root/New_CheckLiuliang_remote/datasets/toniot/test/abnormal/test_00001916_orig5748_5749_5750.png,1,0.02626148783277588,0.05066529825155754,0.43064039691416445
/root/New_CheckLiuliang_remote/datasets/toniot/test/abnormal/test_00001924_orig5772_5773_5774.png,1,0.0886749194513629,0.11808550293913155,0.4302103563051683
/root/New_CheckLiuliang_remote/datasets/toniot/test/abnormal/test_00001931_orig5793_5794_5795.png,1,0.08154490617840246,0.10957008419243063,0.43351324152322174
/root/New_CheckLiuliang_remote/datasets/toniot/test/abnormal/test_00001939_orig5817_5818_5819.png,1,0.1558867431579053,0.19104296035318125,0.42833150937771086
/root/New_CheckLiuliang_remote/datasets/toniot/test/abnormal/test_00001947_orig5841_5842_5843.png,1,0.1001625572400439,0.12854306695992596,0.43793762868012204
/root/New_CheckLiuliang_remote/datasets/toniot/test/abnormal/test_00001954_orig5862_5863_5864.png,1,0.10134408599618473,0.1311327252003518,0.43267609627413467
/root/New_CheckLiuliang_remote/datasets/toniot/test/abnormal/test_00001962_orig5886_5887_5888.png,1,0.0193438431438668,0.0434261426504523,0.4297543850155052
/root/New_CheckLiuliang_remote/datasets/toniot/test/abnormal/test_00001970_orig5910_5911_5912.png,1,0.06610518896980765,0.09309950614507519,0.432788803132088
/root/New_CheckLiuliang_remote/datasets/toniot/test/abnormal/test_00001977_orig5931_5932_5933.png,1,0.06913989489561374,0.09603765363343995,0.43412789730435775
/root/New_CheckLiuliang_remote/datasets/toniot/test/abnormal/test_00001985_orig5955_5956_5957.png,1,0.14421008594343956,0.17762887968185662,0.4316148761214579
/root/New_CheckLiuliang_remote/datasets/toniot/test/abnormal/test_00001993_orig5979_5980_5981.png,1,0.01872898514727716,0.04321384761914009,0.4279510752882516
/root/New_CheckLiuliang_remote/datasets/toniot/test/abnormal/test_00002000_orig6000_6001_6002.png,1,0.11281554684424486,0.14544636998457908,0.42490925847202193
/root/New_CheckLiuliang_remote/datasets/toniot/test/abnormal/test_00002008_orig6024_6025_6026.png,1,0.07103913670890614,0.10100283816676286,0.42246046504843715
/root/New_CheckLiuliang_remote/datasets/toniot/test/abnormal/test_00002016_orig6048_6049_6050.png,1,0.12343317724250691,0.15494585099014377,0.43271566170129366
/root/New_CheckLiuliang_remote/datasets/toniot/test/abnormal/test_00002023_orig6069_6070_6071.png,1,0.2945566292123655,0.39941289533553176,0.19307195630003854
/root/New_CheckLiuliang_remote/datasets/toniot/test/abnormal/test_00002031_orig6093_6094_6095.png,1,0.23015080264276677,0.29385634186795223,0.33745222465862573
/root/New_CheckLiuliang_remote/datasets/toniot/test/abnormal/test_00002039_orig6117_6118_6119.png,1,0.18125610841414297,0.24032650398499292,0.34064046526405645
/root/New_CheckLiuliang_remote/datasets/toniot/test/abnormal/test_00002046_orig6138_6139_6140.png,1,0.14884236440618756,0.20413807364433287,0.34556169271819276
/root/New_CheckLiuliang_remote/datasets/toniot/test/abnormal/test_00002054_orig6162_6163_6164.png,1,0.14309638286810536,0.19610904407011298,0.3528897171674424
/root/New_CheckLiuliang_remote/datasets/toniot/test/abnormal/test_00002062_orig6186_6187_6188.png,1,0.2536962872071312,0.31980776934210453,0.33522144625130085
/root/New_CheckLiuliang_remote/datasets/toniot/test/abnormal/test_00002069_orig6207_6208_6209.png,1,0.24391010911466632,0.30765210748741484,0.34162664146317245
/root/New_CheckLiuliang_remote/datasets/toniot/test/abnormal/test_00002077_orig6231_6232_6233.png,1,0.2305443806481094,0.2944030868589769,0.33696313538006734
/root/New_CheckLiuliang_remote/datasets/toniot/test/abnormal/test_00002085_orig6255_6256_6257.png,1,0.24339704928295797,0.30742367383505725,0.34032704225425553
/root/New_CheckLiuliang_remote/datasets/toniot/test/abnormal/test_00002092_orig6276_6277_6278.png,1,0.20979674348881397,0.27054430058037365,0.34289322837890335
/root/New_CheckLiuliang_remote/datasets/toniot/test/abnormal/test_00002100_orig6300_6301_6302.png,1,0.2644690051859414,0.33063652164694235,0.3383798102029196
/root/New_CheckLiuliang_remote/datasets/toniot/test/abnormal/test_00002108_orig6324_6325_6326.png,1,0.23252715058314294,0.2965699919529949,0.3368491601736031
/root/New_CheckLiuliang_remote/datasets/toniot/test/abnormal/test_00002115_orig6345_6346_6347.png,1,0.061862469976200624,0.08821068484304011,0.43404105066326526
/root/New_CheckLiuliang_remote/datasets/toniot/test/abnormal/test_00002123_orig6369_6370_6371.png,1,0.09400021134506217,0.12321758443155775,0.4326552742194143
/root/New_CheckLiuliang_remote/datasets/toniot/test/abnormal/test_00002131_orig6393_6394_6395.png,1,0.04489946320715441,0.0720481838868596,0.4255128514355908
/root/New_CheckLiuliang_remote/datasets/toniot/test/abnormal/test_00002139_orig6417_6418_6419.png,1,0.03757774319143419,0.0626103707828504,0.43167829354700216
/root/New_CheckLiuliang_remote/datasets/toniot/test/abnormal/test_00002146_orig6438_6439_6440.png,1,0.28953805215495415,0.35414891801042553,0.3524777857566294
/root/New_CheckLiuliang_remote/datasets/toniot/test/abnormal/test_00002154_orig6462_6463_6464.png,1,0.08045263118224169,0.10748675878626548,0.4371344822175073
/root/New_CheckLiuliang_remote/datasets/toniot/test/abnormal/test_00002162_orig6486_6487_6488.png,1,0.5805614347358129,0.6867525145086859,0.2775347011344602
/root/New_CheckLiuliang_remote/datasets/toniot/test/abnormal/test_00002169_orig6507_6508_6509.png,1,0.33447908180882757,0.42015246667013934,0.2823386415832428
/root/New_CheckLiuliang_remote/datasets/toniot/test/abnormal/test_00002177_orig6531_6532_6533.png,1,0.42717750614443883,0.5136491403428919,0.3082518119943914
/root/New_CheckLiuliang_remote/datasets/toniot/test/abnormal/test_00002185_orig6555_6556_6557.png,1,0.45505369198974455,0.5440074610288385,0.3070760529248011
/root/New_CheckLiuliang_remote/datasets/toniot/test/abnormal/test_00002192_orig6576_6577_6578.png,1,0.3865665785809281,0.46931582349806844,0.31039003619232475
/root/New_CheckLiuliang_remote/datasets/toniot/test/abnormal/test_00002200_orig6600_6601_6602.png,1,0.44402617256376026,0.5318234581810934,0.3082394808283133
/root/New_CheckLiuliang_remote/datasets/toniot/test/abnormal/test_00002208_orig6624_6625_6626.png,1,0.39816157713476125,0.48184188638699443,0.31030646611821866
/root/New_CheckLiuliang_remote/datasets/toniot/test/abnormal/test_00002215_orig6645_6646_6647.png,1,0.4200895326178583,0.5044723005499333,0.3143817403474979
/root/New_CheckLiuliang_remote/datasets/toniot/test/abnormal/test_00002223_orig6669_6670_6671.png,1,0.07479655135070698,0.10386436000723745,0.42722381834487144
/root/New_CheckLiuliang_remote/datasets/toniot/test/abnormal/test_00002231_orig6693_6694_6695.png,1,0.09266857479155476,0.12319842801958521,0.42698723611568834
/root/New_CheckLiuliang_remote/datasets/toniot/test/abnormal/test_00002238_orig6714_6715_6716.png,1,0.1075158399092698,0.13811694307226074,0.4313640954353335
/root/New_CheckLiuliang_remote/datasets/toniot/test/abnormal/test_00002246_orig6738_6739_6740.png,1,0.3962457567679697,0.48027394718787153,0.30831339736097546
/root/New_CheckLiuliang_remote/datasets/toniot/test/abnormal/test_00002254_orig6762_6763_6764.png,1,0.4747755850035841,0.5950023545329647,0.18817648336705378
/root/New_CheckLiuliang_remote/datasets/toniot/test/abnormal/test_00002261_orig6783_6784_6785.png,1,0.396116725991001,0.4800028708376299,0.3088410655734066
/root/New_CheckLiuliang_remote/datasets/toniot/test/abnormal/test_00002269_orig6807_6808_6809.png,1,0.46180918863601006,0.5964325250158466,0.12651892661356656
/root/New_CheckLiuliang_remote/datasets/toniot/test/abnormal/test_00002277_orig6831_6832_6833.png,1,0.10743470526838537,0.13825208762247804,0.43047350338927387
/root/New_CheckLiuliang_remote/datasets/toniot/test/abnormal/test_00002284_orig6852_6853_6854.png,1,0.07872596738983616,0.10598429252943231,0.43569554083190837
/root/New_CheckLiuliang_remote/datasets/toniot/test/abnormal/test_00002292_orig6876_6877_6878.png,1,0.39251064977103794,0.4762933497466171,0.3081225813738934
/root/New_CheckLiuliang_remote/datasets/toniot/test/abnormal/test_00002300_orig6900_6901_6902.png,1,0.41327123753258715,0.49857619311972534,0.30855212873624643
/root/New_CheckLiuliang_remote/datasets/toniot/test/abnormal/test_00002307_orig6921_6922_6923.png,1,0.42970400708341344,0.5151155243169001,0.3132855701469657
/root/New_CheckLiuliang_remote/datasets/toniot/test/abnormal/test_00002315_orig6945_6946_6947.png,1,0.4107912817617625,0.4956321412578074,0.3096298374195647
/root/New_CheckLiuliang_remote/datasets/toniot/test/abnormal/test_00002323_orig6969_6970_6971.png,1,0.4013933113245476,0.48587286781590266,0.3081242020414351
/root/New_CheckLiuliang_remote/datasets/toniot/test/abnormal/test_00002330_orig6990_6991_6992.png,1,0.0952334056030706,0.12604158069789434,0.42667927405086487
/root/New_CheckLiuliang_remote/datasets/toniot/test/abnormal/test_00002338_orig7014_7015_7016.png,1,0.4230533508624963,0.5094418149571952,0.30728955825746673
/root/New_CheckLiuliang_remote/datasets/toniot/test/abnormal/test_00002346_orig7038_7039_7040.png,1,0.5015475383365822,0.5975487140340006,0.29348492352880207
/root/New_CheckLiuliang_remote/datasets/toniot/test/abnormal/test_00002353_orig7059_7060_7061.png,1,0.399058070994941,0.4829646358202074,0.30968293189750645
/root/New_CheckLiuliang_remote/datasets/toniot/test/abnormal/test_00002361_orig7083_7084_7085.png,1,0.43088024620606935,0.5177200090953594,0.30794191217489847
/root/New_CheckLiuliang_remote/datasets/toniot/test/abnormal/test_00002369_orig7107_7108_7109.png,1,0.09687421859513118,0.12712562368225863,0.4294215492271072
/root/New_CheckLiuliang_remote/datasets/toniot/test/abnormal/test_00002376_orig7128_7129_7130.png,1,0.04332156950422541,0.07064687923023763,0.4243110559896243
/root/New_CheckLiuliang_remote/datasets/toniot/test/abnormal/test_00002384_orig7152_7153_7154.png,1,0.4241501349734805,0.5101998053131227,0.30898911003014934
/root/New_CheckLiuliang_remote/datasets/toniot/test/abnormal/test_00002392_orig7176_7177_7178.png,1,0.39724370422865146,0.4803016321394209,0.3125077906545686
/root/New_CheckLiuliang_remote/datasets/toniot/test/abnormal/test_00002400_orig7200_7201_7202.png,1,0.4763731849079385,0.570842313994848,0.29170867190311395
/root/New_CheckLiuliang_remote/datasets/toniot/test/abnormal/test_00002407_orig7221_7222_7223.png,1,0.39074832856884384,0.47444987311501235,0.3078938558590972
/root/New_CheckLiuliang_remote/datasets/toniot/test/abnormal/test_00002415_orig7245_7246_7247.png,1,0.07323870847669786,0.10201143637794761,0.42791499781949754
/root/New_CheckLiuliang_remote/datasets/toniot/test/abnormal/test_00002423_orig7269_7270_7271.png,1,0.4068206696939848,0.49201236664480297,0.3069797641336831
/root/New_CheckLiuliang_remote/datasets/toniot/test/abnormal/test_00002430_orig7290_7291_7292.png,1,0.41804371902030457,0.5037401582293387,0.3084846948737511
/root/New_CheckLiuliang_remote/datasets/toniot/test/abnormal/test_00002438_orig7314_7315_7316.png,1,0.40166238320481645,0.48622713022909364,0.3078679251784302
/root/New_CheckLiuliang_remote/datasets/toniot/test/abnormal/test_00002446_orig7338_7339_7340.png,1,0.45677012228568964,0.5576293756492351,0.2599930536779887
/root/New_CheckLiuliang_remote/datasets/toniot/test/abnormal/test_00002453_orig7359_7360_7361.png,1,0.5180708716242174,0.5958992944798437,0.3713640587941543
/root/New_CheckLiuliang_remote/datasets/toniot/test/abnormal/test_00002461_orig7383_7384_7385.png,1,0.2585714767702832,0.32760036155759475,0.32508258534241496
/root/New_CheckLiuliang_remote/datasets/toniot/test/abnormal/test_00002469_orig7407_7408_7409.png,1,0.5121879062748077,0.6166413587721737,0.26301676129603513
/root/New_CheckLiuliang_remote/datasets/toniot/test/abnormal/test_00002476_orig7428_7429_7430.png,1,0.3549850532312523,0.450640814782557,0.24884775822571573
/root/New_CheckLiuliang_remote/datasets/toniot/test/abnormal/test_00002484_orig7452_7453_7454.png,1,0.40074422156721845,0.48619511540360527,0.3040350464423423
/root/New_CheckLiuliang_remote/datasets/toniot/test/abnormal/test_00002492_orig7476_7477_7478.png,1,0.2633967800866993,0.3238408501038317,0.3609369304542668
/root/New_CheckLiuliang_remote/datasets/toniot/test/abnormal/test_00002499_orig7497_7498_7499.png,1,0.5053289608270575,0.5693570360254696,0.4225646457858451
/root/New_CheckLiuliang_remote/datasets/toniot/test/abnormal/test_00002507_orig7521_7522_7523.png,1,0.364754711645492,0.4420941684601748,0.32518053003297775
/root/New_CheckLiuliang_remote/datasets/toniot/test/abnormal/test_00002515_orig7545_7546_7547.png,1,0.4206614471176043,0.5179050128000259,0.2631181234811967
/root/New_CheckLiuliang_remote/datasets/toniot/test/abnormal/test_00002522_orig7566_7567_7568.png,1,0.4752919212283004,0.5881963175340607,0.21762809950024956
/root/New_CheckLiuliang_remote/datasets/toniot/test/abnormal/test_00002530_orig7590_7591_7592.png,1,0.4065815261118339,0.5049117171505914,0.25435069963160817
/root/New_CheckLiuliang_remote/datasets/toniot/test/abnormal/test_00002538_orig7614_7615_7616.png,1,0.4157180801582803,0.5258713248062807,0.20992725105260596
/root/New_CheckLiuliang_remote/datasets/toniot/test/abnormal/test_00002545_orig7635_7636_7637.png,1,0.08931961369767476,0.11682511599797887,0.4380331071374692
/root/New_CheckLiuliang_remote/datasets/toniot/test/abnormal/test_00002553_orig7659_7660_7661.png,1,0.484847800358666,0.6097513484605134,0.17263192110477665
/root/New_CheckLiuliang_remote/datasets/toniot/test/abnormal/test_00002561_orig7683_7684_7685.png,1,0.40861762376093946,0.49782804338638653,0.29146909496216905
/root/New_CheckLiuliang_remote/datasets/toniot/test/abnormal/test_00002568_orig7704_7705_7706.png,1,0.4478484480015979,0.5576976039658497,0.22123214702583197
/root/New_CheckLiuliang_remote/datasets/toniot/test/abnormal/test_00002576_orig7728_7729_7730.png,1,0.4215062381694622,0.5225198711691932,0.2483031082359999
/root/New_CheckLiuliang_remote/datasets/toniot/test/abnormal/test_00002584_orig7752_7753_7754.png,1,0.39774179931329484,0.5042798179720996,0.21874382340699125
/root/New_CheckLiuliang_remote/datasets/toniot/test/abnormal/test_00002591_orig7773_7774_7775.png,1,0.4252642151565044,0.5116909876560543,0.30783050889735913
/root/New_CheckLiuliang_remote/datasets/toniot/test/abnormal/test_00002599_orig7797_7798_7799.png,1,0.4736808744507406,0.5805069862516006,0.24143538860049227
/root/New_CheckLiuliang_remote/datasets/toniot/test/abnormal/test_00002607_orig7821_7822_7823.png,1,0.09640705915837854,0.12603069040889625,0.431785962242815
/root/New_CheckLiuliang_remote/datasets/toniot/test/abnormal/test_00002614_orig7842_7843_7844.png,1,0.05603907230819377,0.08413850400756075,0.42520770792301377
/root/New_CheckLiuliang_remote/datasets/toniot/test/abnormal/test_00002622_orig7866_7867_7868.png,1,0.3941353418166757,0.4909081175820567,0.2566724115807829
/root/New_CheckLiuliang_remote/datasets/toniot/test/abnormal/test_00002630_orig7890_7891_7892.png,1,0.4009038808486099,0.4844558181631389,0.31168100358498707
/root/New_CheckLiuliang_remote/datasets/toniot/test/abnormal/test_00002637_orig7911_7912_7913.png,1,0.4164532011203141,0.5222099571618017,0.22774402444023023
/root/New_CheckLiuliang_remote/datasets/toniot/test/abnormal/test_00002645_orig7935_7936_7937.png,1,0.4104738469585199,0.5082441455840075,0.25781241026874685
/root/New_CheckLiuliang_remote/datasets/toniot/test/abnormal/test_00002653_orig7959_7960_7961.png,1,0.633315359623731,0.6346515350255968,0.7135184037016611
/root/New_CheckLiuliang_remote/datasets/toniot/test/abnormal/test_00002661_orig7983_7984_7985.png,1,0.4847787807125453,0.5464547582624819,0.4255205319904623
/root/New_CheckLiuliang_remote/datasets/toniot/test/abnormal/test_00002668_orig8004_8005_8006.png,1,0.4151573040135834,0.5055985926072782,0.288598998441552
/root/New_CheckLiuliang_remote/datasets/toniot/test/abnormal/test_00002676_orig8028_8029_8030.png,1,0.41774200616125695,0.5022975229578445,0.3129536503880477
/root/New_CheckLiuliang_remote/datasets/toniot/test/abnormal/test_00002684_orig8052_8053_8054.png,1,0.40705785162483754,0.5057665392327909,0.2529862737210238
/root/New_CheckLiuliang_remote/datasets/toniot/test/abnormal/test_00002691_orig8073_8074_8075.png,1,0.55871578200239,0.6271709561503169,0.4216190567390774
/root/New_CheckLiuliang_remote/datasets/toniot/test/abnormal/test_00002699_orig8097_8098_8099.png,1,0.42262950241461456,0.51272412181956,0.29233185380479537
/root/New_CheckLiuliang_remote/datasets/toniot/test/abnormal/test_00002707_orig8121_8122_8123.png,1,0.556382446042694,0.6988619910413596,0.12478893447662268
/root/New_CheckLiuliang_remote/datasets/toniot/test/abnormal/test_00002714_orig8142_8143_8144.png,1,0.44106241491658443,0.5328325812254829,0.2914173745284474
/root/New_CheckLiuliang_remote/datasets/toniot/test/abnormal/test_00002722_orig8166_8167_8168.png,1,0.4156894206295125,0.5055614606580437,0.29104307079012404
/root/New_CheckLiuliang_remote/datasets/toniot/test/abnormal/test_00002730_orig8190_8191_8192.png,1,0.03390745358773227,0.06047666138903143,0.42437954680921214
/root/New_CheckLiuliang_remote/datasets/toniot/test/abnormal/test_00002737_orig8211_8212_8213.png,1,0.43139734225139603,0.5313711831669197,0.25556796188302683
/root/New_CheckLiuliang_remote/datasets/toniot/test/abnormal/test_00002745_orig8235_8236_8237.png,1,0.4059897091905086,0.5032546875149659,0.25842572723756585
/root/New_CheckLiuliang_remote/datasets/toniot/test/abnormal/test_00002753_orig8259_8260_8261.png,1,0.3947687453012369,0.5006264540339926,0.22053156063308346
/root/New_CheckLiuliang_remote/datasets/toniot/test/abnormal/test_00002760_orig8280_8281_8282.png,1,0.6047236148024739,0.6043337577047154,0.7114450766692012
/root/New_CheckLiuliang_remote/datasets/toniot/test/abnormal/test_00002768_orig8304_8305_8306.png,1,0.3627551978595323,0.4748654098048552,0.18546968671721317
/root/New_CheckLiuliang_remote/datasets/toniot/test/abnormal/test_00002776_orig8328_8329_8330.png,1,0.41463926392066947,0.5223512685021746,0.21935347625788992
/root/New_CheckLiuliang_remote/datasets/toniot/test/abnormal/test_00002783_orig8349_8350_8351.png,1,0.4545274967298284,0.5413333046424514,0.3155026785758955
/root/New_CheckLiuliang_remote/datasets/toniot/test/abnormal/test_00002791_orig8373_8374_8375.png,1,0.405788219923273,0.5042481967715148,0.2535824679849458
/root/New_CheckLiuliang_remote/datasets/toniot/test/abnormal/test_00002799_orig8397_8398_8399.png,1,0.12245572449897789,0.15513820235967632,0.4277295370816837
/root/New_CheckLiuliang_remote/datasets/toniot/test/abnormal/test_00002806_orig8418_8419_8420.png,1,0.2632782351488232,0.32348107694199113,0.3618646216942698
/root/New_CheckLiuliang_remote/datasets/toniot/test/abnormal/test_00002814_orig8442_8443_8444.png,1,0.3884681751456233,0.471744357944643,0.30887936265205473
/root/New_CheckLiuliang_remote/datasets/toniot/test/abnormal/test_00002822_orig8466_8467_8468.png,1,0.5602078405862376,0.7031338709112377,0.12420412011739553
/root/New_CheckLiuliang_remote/datasets/toniot/test/abnormal/test_00002829_orig8487_8488_8489.png,1,0.5035457670578412,0.6238239635954695,0.1970042594666186
/root/New_CheckLiuliang_remote/datasets/toniot/test/abnormal/test_00002837_orig8511_8512_8513.png,1,0.4133544012210931,0.509523820145434,0.26512038776514385
/root/New_CheckLiuliang_remote/datasets/toniot/test/abnormal/test_00002845_orig8535_8536_8537.png,1,0.6591582235206407,0.6621491211208758,0.7150138570598005
/root/New_CheckLiuliang_remote/datasets/toniot/test/abnormal/test_00002852_orig8556_8557_8558.png,1,0.3881629541052682,0.48481729703289483,0.2552708864762551
/root/New_CheckLiuliang_remote/datasets/toniot/test/abnormal/test_00002860_orig8580_8581_8582.png,1,0.3928498584128501,0.4891766928396612,0.25805255092014107
/root/New_CheckLiuliang_remote/datasets/toniot/test/abnormal/test_00002868_orig8604_8605_8606.png,1,0.4129759042124922,0.5030998617195714,0.2891833900179422
/root/New_CheckLiuliang_remote/datasets/toniot/test/abnormal/test_00002875_orig8625_8626_8627.png,1,0.6758803154108978,0.6817532158170557,0.7087363774965943
/root/New_CheckLiuliang_remote/datasets/toniot/test/abnormal/test_00002883_orig8649_8650_8651.png,1,0.07329705952542198,0.1039709011477971,0.4203288644482828
/root/New_CheckLiuliang_remote/datasets/toniot/test/abnormal/test_00002891_orig8673_8674_8675.png,1,0.42034764109962414,0.5041385066317268,0.31683039284347037
/root/New_CheckLiuliang_remote/datasets/toniot/test/abnormal/test_00002898_orig8694_8695_8696.png,1,0.48204604351517727,0.5958813189425818,0.21602529453342498
/root/New_CheckLiuliang_remote/datasets/toniot/test/abnormal/test_00002906_orig8718_8719_8720.png,1,0.4844032521595288,0.6005447243831865,0.2075406419379576
/root/New_CheckLiuliang_remote/datasets/toniot/test/abnormal/test_00002914_orig8742_8743_8744.png,1,0.6542238385073746,0.7457017800636596,0.35951634489017265
/root/New_CheckLiuliang_remote/datasets/toniot/test/abnormal/test_00002922_orig8766_8767_8768.png,1,0.07449935834645263,0.1053987098812578,0.4198043318752258
/root/New_CheckLiuliang_remote/datasets/toniot/test/abnormal/test_00002929_orig8787_8788_8789.png,1,0.40593883851639173,0.4906481939374155,0.30863224608385065
/root/New_CheckLiuliang_remote/datasets/toniot/test/abnormal/test_00002937_orig8811_8812_8813.png,1,0.4154263703767768,0.5012781656659628,0.3070414551959764
/root/New_CheckLiuliang_remote/datasets/toniot/test/abnormal/test_00002945_orig8835_8836_8837.png,1,0.5093431705933205,0.5462647686423706,0.5322509669924279
/root/New_CheckLiuliang_remote/datasets/toniot/test/abnormal/test_00002952_orig8856_8857_8858.png,1,0.41775794754884177,0.5334678918198054,0.18834094589063186
/root/New_CheckLiuliang_remote/datasets/toniot/test/abnormal/test_00002960_orig8880_8881_8882.png,1,0.4175536331940612,0.5249859311899058,0.22138737879080303
/root/New_CheckLiuliang_remote/datasets/toniot/test/abnormal/test_00002968_orig8904_8905_8906.png,1,0.4119093258252551,0.5218295842966756,0.20966329363472958
/root/New_CheckLiuliang_remote/datasets/toniot/test/abnormal/test_00002975_orig8925_8926_8927.png,1,0.5700926504407927,0.7024219346690251,0.1696948135045012
/root/New_CheckLiuliang_remote/datasets/toniot/test/abnormal/test_00002983_orig8949_8950_8951.png,1,0.4614965963193902,0.5051719032118349,0.4902128944114662
/root/New_CheckLiuliang_remote/datasets/toniot/test/abnormal/test_00002991_orig8973_8974_8975.png,1,0.4586310922710911,0.567212042717749,0.2296905870854077
/root/New_CheckLiuliang_remote/datasets/toniot/test/abnormal/test_00002998_orig8994_8995_8996.png,1,0.7066277859041781,0.7978452710363317,0.3770123670321554
/root/New_CheckLiuliang_remote/datasets/toniot/test/abnormal/test_00003006_orig9018_9019_9020.png,1,0.40503879269747967,0.5142650321086394,0.21028210678042908
/root/New_CheckLiuliang_remote/datasets/toniot/test/abnormal/test_00003014_orig9042_9043_9044.png,1,0.001445046191117905,0.026881038288025575,0.4187196120431946
/root/New_CheckLiuliang_remote/datasets/toniot/test/abnormal/test_00003021_orig9063_9064_9065.png,1,0.42054113841701163,0.5047752605173622,0.3151181223537758
/root/New_CheckLiuliang_remote/datasets/toniot/test/abnormal/test_00003029_orig9087_9088_9089.png,1,0.39506871303999325,0.47865418070978183,0.3097147110740847
/root/New_CheckLiuliang_remote/datasets/toniot/test/abnormal/test_00003037_orig9111_9112_9113.png,1,0.40783654662724217,0.5033334124956751,0.2660780613546681
/root/New_CheckLiuliang_remote/datasets/toniot/test/abnormal/test_00003044_orig9132_9133_9134.png,1,0.05351320152943802,0.08275688059611605,0.4198376260236365
/root/New_CheckLiuliang_remote/datasets/toniot/test/abnormal/test_00003052_orig9156_9157_9158.png,1,0.41312636259029967,0.5205479416107315,0.22004014604892175
/root/New_CheckLiuliang_remote/datasets/toniot/test/abnormal/test_00003060_orig9180_9181_9182.png,1,0.3825223339047165,0.4670085255217859,0.3021724061903017
/root/New_CheckLiuliang_remote/datasets/toniot/test/abnormal/test_00003067_orig9201_9202_9203.png,1,0.29283564248108634,0.364965861568157,0.3234357757286433
/root/New_CheckLiuliang_remote/datasets/toniot/test/abnormal/test_00003075_orig9225_9226_9227.png,1,0.4890460732322634,0.6012935301580312,0.22457449197533513
/root/New_CheckLiuliang_remote/datasets/toniot/test/abnormal/test_00003083_orig9249_9250_9251.png,1,0.5602469174699918,0.6848631149716675,0.19745572107268744
/root/New_CheckLiuliang_remote/datasets/toniot/test/abnormal/test_00003090_orig9270_9271_9272.png,1,0.5946012564358673,0.7439168223343819,0.10944508836619307
/root/New_CheckLiuliang_remote/datasets/toniot/test/abnormal/test_00003098_orig9294_9295_9296.png,1,0.4073343293724671,0.5117476696421648,0.23025447369420526
/root/New_CheckLiuliang_remote/datasets/toniot/test/abnormal/test_00003106_orig9318_9319_9320.png,1,0.6201595469127389,0.7420901403653285,0.22700996773955562
/root/New_CheckLiuliang_remote/datasets/toniot/test/abnormal/test_00003113_orig9339_9340_9341.png,1,0.22204564552420505,0.27187475275435746,0.39041303276010325
/root/New_CheckLiuliang_remote/datasets/toniot/test/abnormal/test_00003121_orig9363_9364_9365.png,1,0.40168191473632364,0.48649400791369746,0.3068846732272698
/root/New_CheckLiuliang_remote/datasets/toniot/test/abnormal/test_00003129_orig9387_9388_9389.png,1,0.45551335370209456,0.5568591829212978,0.2576521403416353
/root/New_CheckLiuliang_remote/datasets/toniot/test/abnormal/test_00003136_orig9408_9409_9410.png,1,0.6748313232599332,0.795303372617536,0.25001041102736016
/root/New_CheckLiuliang_remote/datasets/toniot/test/abnormal/test_00003144_orig9432_9433_9434.png,1,0.429825277256382,0.5142494183207987,0.31727315216947843
/root/New_CheckLiuliang_remote/datasets/toniot/test/abnormal/test_00003152_orig9456_9457_9458.png,1,0.436290502068003,0.5283449949084619,0.28878174632282866
/root/New_CheckLiuliang_remote/datasets/toniot/test/abnormal/test_00003159_orig9477_9478_9479.png,1,0.3892508800065067,0.47275925415428444,0.3081963569789432
/root/New_CheckLiuliang_remote/datasets/toniot/test/abnormal/test_00003167_orig9501_9502_9503.png,1,0.2970977900677113,0.41829744370803057,0.12849629955798758
/root/New_CheckLiuliang_remote/datasets/toniot/test/abnormal/test_00003175_orig9525_9526_9527.png,1,0.6764438128383412,0.7689682920707281,0.362306993469344
/root/New_CheckLiuliang_remote/datasets/toniot/test/abnormal/test_00003183_orig9549_9550_9551.png,1,0.1396151006590167,0.17639276627642256,0.4167366196102323
/root/New_CheckLiuliang_remote/datasets/toniot/test/abnormal/test_00003190_orig9570_9571_9572.png,1,0.6232988635180391,0.7645178377029416,0.15084215170251478
/root/New_CheckLiuliang_remote/datasets/toniot/test/abnormal/test_00003198_orig9594_9595_9596.png,1,0.4823668708133824,0.6172346827101179,0.1319958844909374
/root/New_CheckLiuliang_remote/datasets/toniot/test/abnormal/test_00003206_orig9618_9619_9620.png,1,0.37636029088914996,0.44879760056755463,0.34843312805112686
/root/New_CheckLiuliang_remote/datasets/toniot/test/abnormal/test_00003213_orig9639_9640_9641.png,1,0.6187627008281131,0.6155733232005536,0.7270512595299655
/root/New_CheckLiuliang_remote/datasets/toniot/test/abnormal/test_00003221_orig9663_9664_9665.png,1,0.6131782370067994,0.7394384205984437,0.20749956153896618
/root/New_CheckLiuliang_remote/datasets/toniot/test/abnormal/test_00003229_orig9687_9688_9689.png,1,0.4392010620191471,0.5496684431833285,0.2160440731377667
/root/New_CheckLiuliang_remote/datasets/toniot/test/abnormal/test_00003236_orig9708_9709_9710.png,1,0.4016992170309477,0.5083987089627997,0.21934051091755644
/root/New_CheckLiuliang_remote/datasets/toniot/test/abnormal/test_00003244_orig9732_9733_9734.png,1,0.42397630503932926,0.5224988778410041,0.25904291971572363
/root/New_CheckLiuliang_remote/datasets/toniot/test/abnormal/test_00003252_orig9756_9757_9758.png,1,0.4258686002535835,0.52356533891301,0.2629404137620605
/root/New_CheckLiuliang_remote/datasets/toniot/test/abnormal/test_00003259_orig9777_9778_9779.png,1,0.531029308630344,0.6686623011915419,0.13621457018170433
/root/New_CheckLiuliang_remote/datasets/toniot/test/abnormal/test_00003267_orig9801_9802_9803.png,1,0.2954352047221937,0.36166662883493983,0.34784718627100114
/root/New_CheckLiuliang_remote/datasets/toniot/test/abnormal/test_00003275_orig9825_9826_9827.png,1,0.2036086738973577,0.26371831991969,0.34350189473651577
/root/New_CheckLiuliang_remote/datasets/toniot/test/abnormal/test_00003282_orig9846_9847_9848.png,1,0.6119293365741618,0.7073173163861193,0.3305962372468438
/root/New_CheckLiuliang_remote/datasets/toniot/test/abnormal/test_00003290_orig9870_9871_9872.png,1,0.41746402507276276,0.5284074500598245,0.20731473497540778
/root/New_CheckLiuliang_remote/datasets/toniot/test/abnormal/test_00003298_orig9894_9895_9896.png,1,0.1986865460135751,0.24730048760940967,0.38793922468533154
/root/New_CheckLiuliang_remote/datasets/toniot/test/abnormal/test_00003305_orig9915_9916_9917.png,1,0.28446387811368096,0.35040764451052675,0.34555295520622886
/root/New_CheckLiuliang_remote/datasets/toniot/test/abnormal/test_00003313_orig9939_9940_9941.png,1,0.46533487560526465,0.5109659305837234,0.48359507466450596
/root/New_CheckLiuliang_remote/datasets/toniot/test/abnormal/test_00003321_orig9963_9964_9965.png,1,0.40249700263257177,0.496048202780855,0.27218417294129243
/root/New_CheckLiuliang_remote/datasets/toniot/test/abnormal/test_00003328_orig9984_9985_9986.png,1,0.4163602917044535,0.5048295807540515,0.2968647199912794
/root/New_CheckLiuliang_remote/datasets/toniot/test/abnormal/test_00003336_orig10008_10009_10010.png,1,0.20930193916967244,0.2686656601240522,0.3482732104430461
/root/New_CheckLiuliang_remote/datasets/toniot/test/abnormal/test_00003344_orig10032_10033_10034.png,1,0.7751253212025019,0.7667352579929145,0.7969499459648303
/root/New_CheckLiuliang_remote/datasets/toniot/test/abnormal/test_00003351_orig10053_10054_10055.png,1,0.7419415005677038,0.8256687785517464,0.4180612687022392
/root/New_CheckLiuliang_remote/datasets/toniot/test/abnormal/test_00003359_orig10077_10078_10079.png,1,0.43107482706783756,0.5174948556505314,0.3096819454042202
/root/New_CheckLiuliang_remote/datasets/toniot/test/abnormal/test_00003367_orig10101_10102_10103.png,1,0.4381916829710361,0.5420888020406565,0.2420081888807691
/root/New_CheckLiuliang_remote/datasets/toniot/test/abnormal/test_00003374_orig10122_10123_10124.png,1,0.39176984455786545,0.4612449384757715,0.36512040185790506
/root/New_CheckLiuliang_remote/datasets/toniot/test/abnormal/test_00003382_orig10146_10147_10148.png,1,0.22220889437688315,0.27247699885678206,0.3887083018976678
/root/New_CheckLiuliang_remote/datasets/toniot/test/abnormal/test_00003390_orig10170_10171_10172.png,1,0.38525877321447416,0.4527692758443287,0.370934370504189
/root/New_CheckLiuliang_remote/datasets/toniot/test/abnormal/test_00003397_orig10191_10192_10193.png,1,0.42785742013938155,0.5137171062429041,0.31091308902545245
/root/New_CheckLiuliang_remote/datasets/toniot/test/abnormal/test_00003405_orig10215_10216_10217.png,1,0.6191148834712705,0.6174663965700051,0.720998277653186
/root/New_CheckLiuliang_remote/datasets/toniot/test/abnormal/test_00003413_orig10239_10240_10241.png,1,0.3955917067160476,0.48941260536518616,0.2689372007534272
/root/New_CheckLiuliang_remote/datasets/toniot/test/abnormal/test_00003420_orig10260_10261_10262.png,1,0.2058546053075063,0.26271628212356435,0.35719896646507676
/root/New_CheckLiuliang_remote/datasets/toniot/test/abnormal/test_00003428_orig10284_10285_10286.png,1,0.1858891962136111,0.24133247803015404,0.3566036529987317
/root/New_CheckLiuliang_remote/datasets/toniot/test/abnormal/test_00003436_orig10308_10309_10310.png,1,0.14821825510802428,0.2007044836107055,0.3566036529987317
/root/New_CheckLiuliang_remote/datasets/toniot/test/abnormal/test_00003443_orig10329_10330_10331.png,1,0.5346445277757597,0.684825983022433,0.08715585388991566
/root/New_CheckLiuliang_remote/datasets/toniot/test/abnormal/test_00003451_orig10353_10354_10355.png,1,0.670571290697525,0.7815237456191189,0.28675119082070816
/root/New_CheckLiuliang_remote/datasets/toniot/test/abnormal/test_00003459_orig10377_10378_10379.png,1,0.4122721636670355,0.5208926258179362,0.21497640554682626
/root/New_CheckLiuliang_remote/datasets/toniot/test/abnormal/test_00003467_orig10401_10402_10403.png,1,0.448175736346969,0.575159591936935,0.15279611304733906
/root/New_CheckLiuliang_remote/datasets/toniot/test/abnormal/test_00003474_orig10422_10423_10424.png,1,0.21413050992604477,0.2717906482332999,0.3566036529987317
/root/New_CheckLiuliang_remote/datasets/toniot/test/abnormal/test_00003482_orig10446_10447_10448.png,1,0.45234696592452356,0.5516635966110995,0.26477472756402465
/root/New_CheckLiuliang_remote/datasets/toniot/test/abnormal/test_00003490_orig10470_10471_10472.png,1,0.529030817851109,0.6222875143886303,0.3130922526947649
/root/New_CheckLiuliang_remote/datasets/toniot/test/abnormal/test_00003497_orig10491_10492_10493.png,1,0.11769896890407498,0.16650215332503485,0.36175314795292424
/root/New_CheckLiuliang_remote/datasets/toniot/test/abnormal/test_00003505_orig10515_10516_10517.png,1,0.5527547353913743,0.5937843478730938,0.5294496079147202
/root/New_CheckLiuliang_remote/datasets/toniot/test/abnormal/test_00003513_orig10539_10540_10541.png,1,0.1698253832510421,0.22381407048956048,0.3573781911560454
/root/New_CheckLiuliang_remote/datasets/toniot/test/abnormal/test_00003520_orig10560_10561_10562.png,1,0.18243439496275307,0.24383553879179984,0.33168743974904175
/root/New_CheckLiuliang_remote/datasets/toniot/test/abnormal/test_00003528_orig10584_10585_10586.png,1,0.6114083218813298,0.7676789080950143,0.08690221941964177
/root/New_CheckLiuliang_remote/datasets/toniot/test/abnormal/test_00003536_orig10608_10609_10610.png,1,0.3540472440018181,0.4009972355723024,0.44337637755860243
/root/New_CheckLiuliang_remote/datasets/toniot/test/abnormal/test_00003543_orig10629_10630_10631.png,1,0.6293066553572967,0.7544235894681196,0.2171366849160878
/root/New_CheckLiuliang_remote/datasets/toniot/test/abnormal/test_00003551_orig10653_10654_10655.png,1,0.426516197624737,0.47925052243865324,0.4429934067721214
/root/New_CheckLiuliang_remote/datasets/toniot/test/abnormal/test_00003559_orig10677_10678_10679.png,1,0.16110869094310984,0.21462109207555657,0.3565464011562265
/root/New_CheckLiuliang_remote/datasets/toniot/test/abnormal/test_00003566_orig10698_10699_10700.png,1,0.28665565950932687,0.35406140207353726,0.3403932430001431
/root/New_CheckLiuliang_remote/datasets/toniot/test/abnormal/test_00003574_orig10722_10723_10724.png,1,0.17455107314315743,0.2278169733420158,0.36175314795292424
/root/New_CheckLiuliang_remote/datasets/toniot/test/abnormal/test_00003582_orig10746_10747_10748.png,1,0.2905265008681713,0.3612299676086067,0.3284177429836898
/root/New_CheckLiuliang_remote/datasets/toniot/test/abnormal/test_00003589_orig10767_10768_10769.png,1,0.6159464618218667,0.6438494993550455,0.6017973343964912
/root/New_CheckLiuliang_remote/datasets/toniot/test/abnormal/test_00003597_orig10791_10792_10793.png,1,0.6268128593228912,0.7369465125423983,0.2762867871273619
/root/New_CheckLiuliang_remote/datasets/toniot/test/abnormal/test_00003605_orig10815_10816_10817.png,1,0.10049074685617777,0.13243575483938858,0.42378268313913153
/root/New_CheckLiuliang_remote/datasets/toniot/test/abnormal/test_00003612_orig10836_10837_10838.png,1,0.1897411834175891,0.2452693831071149,0.35747345822197407
/root/New_CheckLiuliang_remote/datasets/toniot/test/abnormal/test_00003620_orig10860_10861_10862.png,1,0.5866057445035484,0.6744384842344697,0.3528659004009602
/root/New_CheckLiuliang_remote/datasets/toniot/test/abnormal/test_00003628_orig10884_10885_10886.png,1,0.360255679551347,0.4362737682197487,0.32905336174715855
/root/New_CheckLiuliang_remote/datasets/toniot/test/abnormal/test_00003635_orig10905_10906_10907.png,1,0.4298728472772126,0.5074323598245954,0.34474660264043383
/root/New_CheckLiuliang_remote/datasets/toniot/test/abnormal/test_00003643_orig10929_10930_10931.png,1,0.4001306156916567,0.5085789891686235,0.21185246316451686
/root/New_CheckLiuliang_remote/datasets/toniot/test/abnormal/test_00003651_orig10953_10954_10955.png,1,0.5840783886215866,0.6201863446535044,0.5589714764626578
/root/New_CheckLiuliang_remote/datasets/toniot/test/abnormal/test_00003658_orig10974_10975_10976.png,1,0.21407283336833338,0.27174275720336855,0.3565464011562265
/root/New_CheckLiuliang_remote/datasets/toniot/test/abnormal/test_00003666_orig10998_10999_11000.png,1,0.4285408776419923,0.4750784920859745,0.46841597293287907
/root/New_CheckLiuliang_remote/datasets/toniot/test/abnormal/test_00003674_orig11022_11023_11024.png,1,0.2541735154522841,0.31427314078165247,0.3594187172867376
/root/New_CheckLiuliang_remote/datasets/toniot/test/abnormal/test_00003681_orig11043_11044_11045.png,1,0.21543513645494708,0.2719103102039777,0.36175314795292424
/root/New_CheckLiuliang_remote/datasets/toniot/test/abnormal/test_00003689_orig11067_11068_11069.png,1,0.15756198963789855,0.20283596246340435,0.38838649369493383
/root/New_CheckLiuliang_remote/datasets/toniot/test/abnormal/test_00003697_orig11091_11092_11093.png,1,0.4822667678466242,0.5358414499881847,0.45713697240841694
/root/New_CheckLiuliang_remote/datasets/toniot/test/abnormal/test_00003704_orig11112_11113_11114.png,1,0.3834133010869627,0.487107013096819,0.22562207738151988
/root/New_CheckLiuliang_remote/datasets/toniot/test/abnormal/test_00003712_orig11136_11137_11138.png,1,0.5334538246725369,0.5711732213304286,0.5366302220814825
/root/New_CheckLiuliang_remote/datasets/toniot/test/abnormal/test_00003720_orig11160_11161_11162.png,1,0.2065243824936766,0.2623000893922156,0.36175314795292424
/root/New_CheckLiuliang_remote/datasets/toniot/test/abnormal/test_00003728_orig11184_11185_11186.png,1,0.21219281621271813,0.26841347776918073,0.36175314795292424
/root/New_CheckLiuliang_remote/datasets/toniot/test/abnormal/test_00003735_orig11205_11206_11207.png,1,0.14462612767836153,0.19554301145881456,0.36175314795292424
/root/New_CheckLiuliang_remote/datasets/toniot/test/abnormal/test_00003743_orig11229_11230_11231.png,1,0.11500074444733756,0.16487950026431913,0.3566036529987317
/root/New_CheckLiuliang_remote/datasets/toniot/test/abnormal/test_00003751_orig11253_11254_11255.png,1,0.5346123212427059,0.6584048298300498,0.192701528071054
/root/New_CheckLiuliang_remote/datasets/toniot/test/abnormal/test_00003758_orig11274_11275_11276.png,1,0.18912323318297425,0.2451263660588267,0.35537969668572783
/root/New_CheckLiuliang_remote/datasets/toniot/test/abnormal/test_00003766_orig11298_11299_11300.png,1,0.48286373118575965,0.6166135426123232,0.13662389443168932
/root/New_CheckLiuliang_remote/datasets/toniot/test/abnormal/test_00003774_orig11322_11323_11324.png,1,0.5820367026950574,0.607646242476352,0.6003240771372923
/root/New_CheckLiuliang_remote/datasets/toniot/test/abnormal/test_00003781_orig11343_11344_11345.png,1,0.40439240086527706,0.513355496164847,0.21113172412320652
/root/New_CheckLiuliang_remote/datasets/toniot/test/abnormal/test_00003789_orig11367_11368_11369.png,1,0.18904706398468651,0.24745662548781605,0.3457300659830127
/root/New_CheckLiuliang_remote/datasets/toniot/test/abnormal/test_00003797_orig11391_11392_11393.png,1,0.1650099852452037,0.22035817504473218,0.35042820502684563
/root/New_CheckLiuliang_remote/datasets/toniot/test/abnormal/test_00003804_orig11412_11413_11414.png,1,0.22187498941160663,0.2829734005347263,0.34528223326296115
/root/New_CheckLiuliang_remote/datasets/toniot/test/abnormal/test_00003812_orig11436_11437_11438.png,1,0.08225444052001042,0.12397806774520764,0.37894222975527286
/root/New_CheckLiuliang_remote/datasets/toniot/test/abnormal/test_00003820_orig11460_11461_11462.png,1,0.5718888184962213,0.7335419195433321,0.05296352095801463
/root/New_CheckLiuliang_remote/datasets/toniot/test/abnormal/test_00003827_orig11481_11482_11483.png,1,0.41486303977041117,0.5288588066158899,0.19428869007291102
/root/New_CheckLiuliang_remote/datasets/toniot/test/abnormal/test_00003835_orig11505_11506_11507.png,1,0.5473032707526665,0.6310977581880869,0.35667841509706777
/root/New_CheckLiuliang_remote/datasets/toniot/test/abnormal/test_00003843_orig11529_11530_11531.png,1,0.1371856599223498,0.18192437704594744,0.38412959900527655
/root/New_CheckLiuliang_remote/datasets/toniot/test/abnormal/test_00003850_orig11550_11551_11552.png,1,0.41209194509937747,0.49405921614323955,0.3215325835561575
/root/New_CheckLiuliang_remote/datasets/toniot/test/abnormal/test_00003858_orig11574_11575_11576.png,1,0.7202643587185118,0.7276602450262541,0.7165804788621617
/root/New_CheckLiuliang_remote/datasets/toniot/test/abnormal/test_00003866_orig11598_11599_11600.png,1,0.2496536167365107,0.3211428138066297,0.3124412375896502
/root/New_CheckLiuliang_remote/datasets/toniot/test/abnormal/test_00003873_orig11619_11620_11621.png,1,0.23340114058748737,0.3038044240552576,0.31168181391875793
/root/New_CheckLiuliang_remote/datasets/toniot/test/abnormal/test_00003881_orig11643_11644_11645.png,1,0.6173711048442269,0.7087857996929463,0.3481980255618731
/root/New_CheckLiuliang_remote/datasets/toniot/test/abnormal/test_00003889_orig11667_11668_11669.png,1,0.23406706013307188,0.2807895695698559,0.40661400060866637
/root/New_CheckLiuliang_remote/datasets/toniot/test/abnormal/test_00003896_orig11688_11689_11690.png,1,0.4381496103467079,0.5585852281233448,0.17584098376492768
/root/New_CheckLiuliang_remote/datasets/toniot/test/abnormal/test_00003904_orig11712_11713_11714.png,1,0.6290342422065075,0.7749223935700584,0.13396628151854859
/root/New_CheckLiuliang_remote/datasets/toniot/test/abnormal/test_00003912_orig11736_11737_11738.png,1,0.16068205183043388,0.2086128015478381,0.37873904737020975
/root/New_CheckLiuliang_remote/datasets/toniot/test/abnormal/test_00003919_orig11757_11758_11759.png,1,0.17161794813386014,0.2293018576864906,0.34316014527663846
/root/New_CheckLiuliang_remote/datasets/toniot/test/abnormal/test_00003927_orig11781_11782_11783.png,1,0.385194914700207,0.46732368786122463,0.3124412375896502
/root/New_CheckLiuliang_remote/datasets/toniot/test/abnormal/test_00003935_orig11805_11806_11807.png,1,0.3323856334263006,0.45308522543357455,0.14157649589551852
/root/New_CheckLiuliang_remote/datasets/toniot/test/abnormal/test_00003942_orig11826_11827_11828.png,1,0.38463852764635925,0.4568516909273002,0.35192897840235016
/root/New_CheckLiuliang_remote/datasets/toniot/test/abnormal/test_00003950_orig11850_11851_11852.png,1,0.37606272058210505,0.48086464695979214,0.2188812278290038
/root/New_CheckLiuliang_remote/datasets/toniot/test/abnormal/test_00003958_orig11874_11875_11876.png,1,0.49201044602967503,0.5712986564663584,0.35734225461490365
/root/New_CheckLiuliang_remote/datasets/toniot/test/abnormal/test_00003965_orig11895_11896_11897.png,1,0.29494427712677646,0.3578773330968085,0.3608865136009591
/root/New_CheckLiuliang_remote/datasets/toniot/test/abnormal/test_00003973_orig11919_11920_11921.png,1,0.2692028207883946,0.3380735393662298,0.32905336174715855
/root/New_CheckLiuliang_remote/datasets/toniot/test/abnormal/test_00003981_orig11943_11944_11945.png,1,0.4011546539914286,0.48465105611529746,0.31198188403729143
/root/New_CheckLiuliang_remote/datasets/toniot/test/abnormal/test_00003989_orig11967_11968_11969.png,1,0.09367654987867284,0.14049679923909683,0.36214214339483203
/root/New_CheckLiuliang_remote/datasets/toniot/test/abnormal/test_00003996_orig11988_11989_11990.png,1,0.605387680267781,0.7527277221753444,0.1207339890554207
/root/New_CheckLiuliang_remote/datasets/toniot/test/abnormal/test_00004004_orig12012_12013_12014.png,1,0.43102153194396764,0.5533048812505831,0.16621192849361136
/root/New_CheckLiuliang_remote/datasets/toniot/test/abnormal/test_00004012_orig12036_12037_12038.png,1,0.45337976887738773,0.5271153107097858,0.3674233704346412
/root/New_CheckLiuliang_remote/datasets/toniot/test/abnormal/test_00004019_orig12057_12058_12059.png,1,0.4992033543468411,0.668391749674505,0.0
/root/New_CheckLiuliang_remote/datasets/toniot/test/abnormal/test_00004027_orig12081_12082_12083.png,1,0.6596742203456787,0.7938741205927624,0.1903398631437864
/root/New_CheckLiuliang_remote/datasets/toniot/test/abnormal/test_00004035_orig12105_12106_12107.png,1,0.13948601934398228,0.18442048376763062,0.38406889443626946
/root/New_CheckLiuliang_remote/datasets/toniot/test/abnormal/test_00004042_orig12126_12127_12128.png,1,0.15725651839821597,0.2143283663556199,0.34109907894645053
/root/New_CheckLiuliang_remote/datasets/toniot/test/abnormal/test_00004050_orig12150_12151_12152.png,1,0.646660265375834,0.64543869429896,0.7279395262704219
/root/New_CheckLiuliang_remote/datasets/toniot/test/abnormal/test_00004058_orig12174_12175_12176.png,1,0.5844861057195737,0.6973764506553789,0.2519699390128711
/root/New_CheckLiuliang_remote/datasets/toniot/test/abnormal/test_00004065_orig12195_12196_12197.png,1,0.17556913459803605,0.22973051520645166,0.35849088511912225
/root/New_CheckLiuliang_remote/datasets/toniot/test/abnormal/test_00004073_orig12219_12220_12221.png,1,0.38989790082015513,0.4612741979269351,0.35692782173897203
/root/New_CheckLiuliang_remote/datasets/toniot/test/abnormal/test_00004081_orig12243_12244_12245.png,1,0.4491421715708004,0.6020200305216751,0.04952354840507641
/root/New_CheckLiuliang_remote/datasets/toniot/test/abnormal/test_00004088_orig12264_12265_12266.png,1,0.2195631198942406,0.2760025659095379,0.3631921950342324
/root/New_CheckLiuliang_remote/datasets/toniot/test/abnormal/test_00004096_orig12288_12289_12290.png,1,0.1242894059593988,0.17467984190449373,0.35747345822197407
/root/New_CheckLiuliang_remote/datasets/toniot/test/abnormal/test_00004104_orig12312_12313_12314.png,1,0.38287960927067766,0.4706242326774536,0.28925085911234066
/root/New_CheckLiuliang_remote/datasets/toniot/test/abnormal/test_00004111_orig12333_12334_12335.png,1,0.40068409664688026,0.5393596693760744,0.09111745238390682
/root/New_CheckLiuliang_remote/datasets/toniot/test/abnormal/test_00004119_orig12357_12358_12359.png,1,0.09212899879473983,0.14242136260083194,0.3477677735614585
/root/New_CheckLiuliang_remote/datasets/toniot/test/abnormal/test_00004127_orig12381_12382_12383.png,1,0.3563416216344894,0.42296583506408014,0.3653998965450398
/root/New_CheckLiuliang_remote/datasets/toniot/test/abnormal/test_00004134_orig12402_12403_12404.png,1,0.16520664573595029,0.2190264107877366,0.3566036529987317
/root/New_CheckLiuliang_remote/datasets/toniot/test/abnormal/test_00004142_orig12426_12427_12428.png,1,0.48024177857095485,0.612665616038063,0.14110452932185705
/root/New_CheckLiuliang_remote/datasets/toniot/test/abnormal/test_00004150_orig12450_12451_12452.png,1,0.20417135897665845,0.2578656424371732,0.36934002119410364
/root/New_CheckLiuliang_remote/datasets/toniot/test/abnormal/test_00004157_orig12471_12472_12473.png,1,0.5120422022535913,0.5836979721363428,0.3941617424797327
/root/New_CheckLiuliang_remote/datasets/toniot/test/abnormal/test_00004165_orig12495_12496_12497.png,1,0.42584329925136727,0.5338776553443962,0.2215819998234177
/root/New_CheckLiuliang_remote/datasets/toniot/test/abnormal/test_00004173_orig12519_12520_12521.png,1,0.1949015400619902,0.25491922882583395,0.34113579058946003
/root/New_CheckLiuliang_remote/datasets/toniot/test/abnormal/test_00004180_orig12540_12541_12542.png,1,0.34411359480845194,0.42231372980720644,0.31525675989239615
/root/New_CheckLiuliang_remote/datasets/toniot/test/abnormal/test_00004188_orig12564_12565_12566.png,1,0.40380644485770495,0.5137139572436757,0.20717007278136074
/root/New_CheckLiuliang_remote/datasets/toniot/test/abnormal/test_00004196_orig12588_12589_12590.png,1,0.22000866339381067,0.2427642230126502,0.49806763581176383
/root/New_CheckLiuliang_remote/datasets/toniot/test/abnormal/test_00004203_orig12609_12610_12611.png,1,0.1852104477523794,0.2401286418668107,0.35849088511912225
/root/New_CheckLiuliang_remote/datasets/toniot/test/abnormal/test_00004211_orig12633_12634_12635.png,1,0.1628779880313808,0.2150656257999606,0.3624009921867618
/root/New_CheckLiuliang_remote/datasets/toniot/test/abnormal/test_00004219_orig12657_12658_12659.png,1,0.34173725541869704,0.44600601275160995,0.2102361291469095
/root/New_CheckLiuliang_remote/datasets/toniot/test/abnormal/test_00004226_orig12678_12679_12680.png,1,0.31628501187767305,0.3769970067450251,0.3764714868560691
/root/New_CheckLiuliang_remote/datasets/toniot/test/abnormal/test_00004234_orig12702_12703_12704.png,1,0.4282376593577307,0.5380971831021027,0.21503312891078527
/root/New_CheckLiuliang_remote/datasets/toniot/test/abnormal/test_00004242_orig12726_12727_12728.png,1,0.4642646949013885,0.5642658915230122,0.2657784844827777
/root/New_CheckLiuliang_remote/datasets/toniot/test/abnormal/test_00004250_orig12750_12751_12752.png,1,0.40742410995519385,0.4913712828852286,0.3121473330541557
/root/New_CheckLiuliang_remote/datasets/toniot/test/abnormal/test_00004257_orig12771_12772_12773.png,1,0.6176202347940576,0.6619785503293394,0.5365017665628523
/root/New_CheckLiuliang_remote/datasets/toniot/test/abnormal/test_00004265_orig12795_12796_12797.png,1,0.4292439726535959,0.519722772604599,0.2928719941109169
/root/New_CheckLiuliang_remote/datasets/toniot/test/abnormal/test_00004273_orig12819_12820_12821.png,1,0.8823431630113643,0.8817794837189523,0.7993094969779131
/root/New_CheckLiuliang_remote/datasets/toniot/test/abnormal/test_00004280_orig12840_12841_12842.png,1,0.14366609522619678,0.19187009748383152,0.37230323563456147
/root/New_CheckLiuliang_remote/datasets/toniot/test/abnormal/test_00004288_orig12864_12865_12866.png,1,0.41891027747396764,0.5465807182316165,0.14086077740039712
/root/New_CheckLiuliang_remote/datasets/toniot/test/abnormal/test_00004296_orig12888_12889_12890.png,1,0.6671568451337757,0.8057542450149702,0.17509931697318776
/root/New_CheckLiuliang_remote/datasets/toniot/test/abnormal/test_00004303_orig12909_12910_12911.png,1,0.17001536745799517,0.23234379094109023,0.3240788988874681
/root/New_CheckLiuliang_remote/datasets/toniot/test/abnormal/test_00004311_orig12933_12934_12935.png,1,0.15380194261229457,0.2075328260208104,0.3533782427355515
/root/New_CheckLiuliang_remote/datasets/toniot/test/abnormal/test_00004319_orig12957_12958_12959.png,1,0.28224288980862794,0.34853084097042186,0.34347885307190135
/root/New_CheckLiuliang_remote/datasets/toniot/test/abnormal/test_00004326_orig12978_12979_12980.png,1,0.37323481061811786,0.4490803544566015,0.3338188289577776
/root/New_CheckLiuliang_remote/datasets/toniot/test/abnormal/test_00004334_orig13002_13003_13004.png,1,0.4643191914053595,0.6170869421629872,0.05472937917229408
/root/New_CheckLiuliang_remote/datasets/toniot/test/abnormal/test_00004342_orig13026_13027_13028.png,1,0.4191940374994037,0.5504470332425415,0.12661965462447267
/root/New_CheckLiuliang_remote/datasets/toniot/test/abnormal/test_00004349_orig13047_13048_13049.png,1,0.19921579549423524,0.2325634336372686,0.44917061633916144
/root/New_CheckLiuliang_remote/datasets/toniot/test/abnormal/test_00004357_orig13071_13072_13073.png,1,0.4351560183998363,0.5403723350445957,0.23577823715481808
/root/New_CheckLiuliang_remote/datasets/toniot/test/abnormal/test_00004365_orig13095_13096_13097.png,1,0.2143397625175661,0.2720163265113327,0.3566036529987317
/root/New_CheckLiuliang_remote/datasets/toniot/test/abnormal/test_00004372_orig13116_13117_13118.png,1,0.10756947930321259,0.15686490360322924,0.3566036529987317
/root/New_CheckLiuliang_remote/datasets/toniot/test/abnormal/test_00004380_orig13140_13141_13142.png,1,0.438246725954335,0.5242200683359074,0.3137205784542961
/root/New_CheckLiuliang_remote/datasets/toniot/test/abnormal/test_00004388_orig13164_13165_13166.png,1,0.4670280001401008,0.5435851015073341,0.36042250943739373
/root/New_CheckLiuliang_remote/datasets/toniot/test/abnormal/test_00004395_orig13185_13186_13187.png,1,0.4388736100395412,0.5187314938891702,0.33837924649247025
/root/New_CheckLiuliang_remote/datasets/toniot/test/abnormal/test_00004403_orig13209_13210_13211.png,1,0.42016021663494646,0.5576419716461485,0.10200798594500737
/root/New_CheckLiuliang_remote/datasets/toniot/test/abnormal/test_00004411_orig13233_13234_13235.png,1,0.41431569326796935,0.47304279529313836,0.4151914892687499
/root/New_CheckLiuliang_remote/datasets/toniot/test/abnormal/test_00004418_orig13254_13255_13256.png,1,0.08405104409805202,0.12679707809609933,0.37541671414165606
/root/New_CheckLiuliang_remote/datasets/toniot/test/abnormal/test_00004426_orig13278_13279_13280.png,1,0.4138693732413386,0.4967399329446856,0.31847751954436976
/root/New_CheckLiuliang_remote/datasets/toniot/test/abnormal/test_00004434_orig13302_13303_13304.png,1,0.16874788087199774,0.22284562201853736,0.3566036529987317
/root/New_CheckLiuliang_remote/datasets/toniot/test/abnormal/test_00004441_orig13323_13324_13325.png,1,0.42404490613478885,0.5090227356432205,0.3132434327908818
/root/New_CheckLiuliang_remote/datasets/toniot/test/abnormal/test_00004449_orig13347_13348_13349.png,1,0.45797120646288964,0.545112628549693,0.3152415044783624
/root/New_CheckLiuliang_remote/datasets/toniot/test/abnormal/test_00004457_orig13371_13372_13373.png,1,0.42664561892596664,0.5118626081140001,0.3131033859761383
/root/New_CheckLiuliang_remote/datasets/toniot/test/abnormal/test_00004464_orig13392_13393_13394.png,1,0.470181187710183,0.6272660821686737,0.039301399277309114
/root/New_CheckLiuliang_remote/datasets/toniot/test/abnormal/test_00004472_orig13416_13417_13418.png,1,0.3905664309726272,0.465221206043087,0.3440238201487449
/root/New_CheckLiuliang_remote/datasets/toniot/test/abnormal/test_00004480_orig13440_13441_13442.png,1,0.48263042688097985,0.5243099460222169,0.5048318088841189
/root/New_CheckLiuliang_remote/datasets/toniot/test/abnormal/test_00004487_orig13461_13462_13463.png,1,0.4120971824692974,0.4794932577958396,0.3798190108953251
/root/New_CheckLiuliang_remote/datasets/toniot/test/abnormal/test_00004495_orig13485_13486_13487.png,1,0.6631584694328141,0.7547887421703087,0.36171238464106054
/root/New_CheckLiuliang_remote/datasets/toniot/test/abnormal/test_00004503_orig13509_13510_13511.png,1,0.5899538682615822,0.6476499477987774,0.4744638109518089
/root/New_CheckLiuliang_remote/datasets/toniot/test/abnormal/test_00004511_orig13533_13534_13535.png,1,0.2740811790742428,0.33963334365067943,0.3438593223932637
/root/New_CheckLiuliang_remote/datasets/toniot/test/abnormal/test_00004518_orig13554_13555_13556.png,1,0.599696948281308,0.7264669055270053,0.20122750768883438
/root/New_CheckLiuliang_remote/datasets/toniot/test/abnormal/test_00004526_orig13578_13579_13580.png,1,0.5801073211324795,0.6245541377915464,0.5243691674905647
/root/New_CheckLiuliang_remote/datasets/toniot/test/abnormal/test_00004534_orig13602_13603_13604.png,1,0.4605893750495704,0.5816420692651246,0.1804184887726142
/root/New_CheckLiuliang_remote/datasets/toniot/test/abnormal/test_00004541_orig13623_13624_13625.png,1,0.5608272205879011,0.6141662453786796,0.48274661997453017
/root/New_CheckLiuliang_remote/datasets/toniot/test/abnormal/test_00004549_orig13647_13648_13649.png,1,0.35813645784630127,0.4866651035384386,0.11834572404132758
/root/New_CheckLiuliang_remote/datasets/toniot/test/abnormal/test_00004557_orig13671_13672_13673.png,1,0.369337242023371,0.44606820548637016,0.32905336174715855
/root/New_CheckLiuliang_remote/datasets/toniot/test/abnormal/test_00004564_orig13692_13693_13694.png,1,0.7391199686408283,0.7288808758521487,0.7930408253904769
/root/New_CheckLiuliang_remote/datasets/toniot/test/abnormal/test_00004572_orig13716_13717_13718.png,1,0.600992998491186,0.7299142724322568,0.19302918476969927
/root/New_CheckLiuliang_remote/datasets/toniot/test/abnormal/test_00004580_orig13740_13741_13742.png,1,0.38815098826944067,0.4722251051601732,0.3055880334982116
/root/New_CheckLiuliang_remote/datasets/toniot/test/abnormal/test_00004587_orig13761_13762_13763.png,1,0.3875912746583509,0.45388612090398844,0.37652937287282984
/root/New_CheckLiuliang_remote/datasets/toniot/test/abnormal/test_00004595_orig13785_13786_13787.png,1,0.4869724406687381,0.5559811369697889,0.3968784392943388
/root/New_CheckLiuliang_remote/datasets/toniot/test/abnormal/test_00004603_orig13809_13810_13811.png,1,0.14351664135690118,0.1956338076032324,0.3566036529987317
/root/New_CheckLiuliang_remote/datasets/toniot/test/abnormal/test_00004610_orig13830_13831_13832.png,1,0.5652829279417585,0.683728425583047,0.22371976600661106
/root/New_CheckLiuliang_remote/datasets/toniot/test/abnormal/test_00004618_orig13854_13855_13856.png,1,0.21954869997620316,0.28153365184585805,0.341005643939482
/root/New_CheckLiuliang_remote/datasets/toniot/test/abnormal/test_00004626_orig13878_13879_13880.png,1,0.6248676371703249,0.6280491333101269,0.7034846395596632
/root/New_CheckLiuliang_remote/datasets/toniot/test/abnormal/test_00004633_orig13899_13900_13901.png,1,0.48791435181398807,0.5525004431560372,0.41486460767197236
/root/New_CheckLiuliang_remote/datasets/toniot/test/abnormal/test_00004641_orig13923_13924_13925.png,1,0.23668366376888567,0.2949235901897653,0.36136591410617047
/root/New_CheckLiuliang_remote/datasets/toniot/test/abnormal/test_00004643_orig13929_13930_13931.png,1,0.15631864896545078,0.1720974001206329,0.5059769866618357
/root/New_CheckLiuliang_remote/datasets/toniot/test/abnormal/test_00004648_orig13944_13945_13946.png,1,0.2794562429776262,0.3008374107406328,0.5222310137564374
/root/New_CheckLiuliang_remote/datasets/toniot/test/abnormal/test_00004653_orig13959_13960_13961.png,1,0.25447266058831697,0.2744771381999979,0.5198932360594583
/root/New_CheckLiuliang_remote/datasets/toniot/test/abnormal/test_00004658_orig13974_13975_13976.png,1,0.19461145541976496,0.2099170120615855,0.5198932360594583
/root/New_CheckLiuliang_remote/datasets/toniot/test/abnormal/test_00004663_orig13989_13990_13991.png,1,0.17455962444952366,0.1900041842327247,0.5130411946208212
/root/New_CheckLiuliang_remote/datasets/toniot/test/abnormal/test_00004668_orig14004_14005_14006.png,1,0.29523000131944666,0.3184875514156129,0.5196782509868633
/root/New_CheckLiuliang_remote/datasets/toniot/test/abnormal/test_00004673_orig14019_14020_14021.png,1,0.23039730406961068,0.27298188839972976,0.4220134426621564
/root/New_CheckLiuliang_remote/datasets/toniot/test/abnormal/test_00004678_orig14034_14035_14036.png,1,0.23531118745894325,0.2538829456630999,0.5196076462530906
/root/New_CheckLiuliang_remote/datasets/toniot/test/abnormal/test_00004683_orig14049_14050_14051.png,1,0.3611259369414214,0.392499529946261,0.5079045945431561
/root/New_CheckLiuliang_remote/datasets/toniot/test/abnormal/test_00004688_orig14064_14065_14066.png,1,0.41174438102852207,0.4947727268850664,0.3171791534520606
/root/New_CheckLiuliang_remote/datasets/toniot/test/abnormal/test_00004693_orig14079_14080_14081.png,1,0.25648864050390113,0.2764127230590323,0.5208478092415114
/root/New_CheckLiuliang_remote/datasets/toniot/test/abnormal/test_00004698_orig14094_14095_14096.png,1,0.24962114491539675,0.2693161908813117,0.5196076462530906
/root/New_CheckLiuliang_remote/datasets/toniot/test/abnormal/test_00004703_orig14109_14110_14111.png,1,0.1824597971078796,0.1973598528052794,0.5176997682374952
/root/New_CheckLiuliang_remote/datasets/toniot/test/abnormal/test_00004708_orig14124_14125_14126.png,1,0.17287008928652797,0.18735377654885166,0.5163541913950587
/root/New_CheckLiuliang_remote/datasets/toniot/test/abnormal/test_00004713_orig14139_14140_14141.png,1,0.21727886405479202,0.23436374273778454,0.5198932360594583
/root/New_CheckLiuliang_remote/datasets/toniot/test/abnormal/test_00004718_orig14154_14155_14156.png,1,0.3350141617209785,0.36172764069498936,0.5183462736590156
/root/New_CheckLiuliang_remote/datasets/toniot/test/abnormal/test_00004723_orig14169_14170_14171.png,1,0.12066066677271135,0.13372697573131898,0.5056305865907518
/root/New_CheckLiuliang_remote/datasets/toniot/test/abnormal/test_00004728_orig14184_14185_14186.png,1,0.2548696986297509,0.2749494880842525,0.5197166537612206
/root/New_CheckLiuliang_remote/datasets/toniot/test/abnormal/test_00004733_orig14199_14200_14201.png,1,0.12969077088159897,0.14364041892711235,0.5049325721269281
/root/New_CheckLiuliang_remote/datasets/toniot/test/abnormal/test_00004738_orig14214_14215_14216.png,1,0.2982950598975925,0.32146939126827123,0.5209735166717013
/root/New_CheckLiuliang_remote/datasets/toniot/test/abnormal/test_00004743_orig14229_14230_14231.png,1,0.3279548395944261,0.354282750477631,0.517672005497868
/root/New_CheckLiuliang_remote/datasets/toniot/test/abnormal/test_00004748_orig14244_14245_14246.png,1,0.1930699744990701,0.2148137058616915,0.49365653108232477
/root/New_CheckLiuliang_remote/datasets/toniot/test/abnormal/test_00004753_orig14259_14260_14261.png,1,0.16526955635667204,0.203482950596532,0.41904888940938156
/root/New_CheckLiuliang_remote/datasets/toniot/test/abnormal/test_00004758_orig14274_14275_14276.png,1,0.5270039685399337,0.6459652332116026,0.20963757434548108
/root/New_CheckLiuliang_remote/datasets/toniot/test/abnormal/test_00004763_orig14289_14290_14291.png,1,0.2155932842635483,0.23238630243067315,0.5205314267518518
/root/New_CheckLiuliang_remote/datasets/toniot/test/abnormal/test_00004768_orig14304_14305_14306.png,1,0.23794314521154225,0.2597728863031523,0.5074021171414271
/root/New_CheckLiuliang_remote/datasets/toniot/test/abnormal/test_00004773_orig14319_14320_14321.png,1,0.29522985072197083,0.3374565979340728,0.4438014152373612
/root/New_CheckLiuliang_remote/datasets/toniot/test/abnormal/test_00004778_orig14334_14335_14336.png,1,0.1691002661715569,0.1848503221623023,0.5101050382819289
/root/New_CheckLiuliang_remote/datasets/toniot/test/abnormal/test_00004783_orig14349_14350_14351.png,1,0.02787202767906352,0.04416195880348001,0.46360160384078475
/root/New_CheckLiuliang_remote/datasets/toniot/test/abnormal/test_00004788_orig14364_14365_14366.png,1,0.1135973039043943,0.12732925896569283,0.5007501929122853
/root/New_CheckLiuliang_remote/datasets/toniot/test/abnormal/test_00004793_orig14379_14380_14381.png,1,0.27436836579596124,0.29631229884947374,0.5183824215915759
/root/New_CheckLiuliang_remote/datasets/toniot/test/abnormal/test_00004798_orig14394_14395_14396.png,1,0.2018297476257773,0.21786259315625373,0.5192505356834703
/root/New_CheckLiuliang_remote/datasets/toniot/test/abnormal/test_00004803_orig14409_14410_14411.png,1,0.2917839839493435,0.3169319457968011,0.5110345968127952
/root/New_CheckLiuliang_remote/datasets/toniot/test/abnormal/test_00004808_orig14424_14425_14426.png,1,0.15321578105278172,0.1869130478651819,0.4333286615829849
/root/New_CheckLiuliang_remote/datasets/toniot/test/abnormal/test_00004813_orig14439_14440_14441.png,1,0.2725568565429249,0.3230811540399889,0.4034921721405417
/root/New_CheckLiuliang_remote/datasets/toniot/test/abnormal/test_00004818_orig14454_14455_14456.png,1,0.17172863008409733,0.19975663484296793,0.4618185172258991
/root/New_CheckLiuliang_remote/datasets/toniot/test/abnormal/test_00004823_orig14469_14470_14471.png,1,0.25584839488537087,0.31410899919687396,0.3673006929481162
/root/New_CheckLiuliang_remote/datasets/toniot/test/abnormal/test_00004828_orig14484_14485_14486.png,1,0.1479464505888433,0.16359208441312298,0.5038806884285676
/root/New_CheckLiuliang_remote/datasets/toniot/test/abnormal/test_00004833_orig14499_14500_14501.png,1,0.4058909096879607,0.5054365503553186,0.2492720560345098
/root/New_CheckLiuliang_remote/datasets/toniot/test/abnormal/test_00004838_orig14514_14515_14516.png,1,0.18953378585657485,0.2096237615084441,0.4991612340833712
/root/New_CheckLiuliang_remote/datasets/toniot/test/abnormal/test_00004843_orig14529_14530_14531.png,1,0.18236407538425917,0.21376508911864628,0.45166588064290897
/root/New_CheckLiuliang_remote/datasets/toniot/test/abnormal/test_00004848_orig14544_14545_14546.png,1,0.2807836627962984,0.30357454711158705,0.5170089410818999
/root/New_CheckLiuliang_remote/datasets/toniot/test/abnormal/test_00004853_orig14559_14560_14561.png,1,0.1936424601182949,0.21235066363190613,0.5059783959379589
/root/New_CheckLiuliang_remote/datasets/toniot/test/abnormal/test_00004858_orig14574_14575_14576.png,1,0.39356972333836676,0.47996482043028715,0.2980055290130142
/root/New_CheckLiuliang_remote/datasets/toniot/test/abnormal/test_00004863_orig14589_14590_14591.png,1,0.16108949040540876,0.19621059929522774,0.43010554139350493
/root/New_CheckLiuliang_remote/datasets/toniot/test/abnormal/test_00004868_orig14604_14605_14606.png,1,0.5327260976235673,0.6477660671453233,0.22711943326242562
/root/New_CheckLiuliang_remote/datasets/toniot/test/abnormal/test_00004873_orig14619_14620_14621.png,1,0.26471120021507866,0.2875247540861217,0.5118717068299792
/root/New_CheckLiuliang_remote/datasets/toniot/test/abnormal/test_00004878_orig14634_14635_14636.png,1,0.27607042916672075,0.2978416628080492,0.5196076462530906
/root/New_CheckLiuliang_remote/datasets/toniot/test/abnormal/test_00004883_orig14649_14650_14651.png,1,0.4409488252217917,0.518824389366407,0.34696011741524946
/root/New_CheckLiuliang_remote/datasets/toniot/test/abnormal/test_00004888_orig14664_14665_14666.png,1,0.39933522650531333,0.5039552086349758,0.22691628610926554
/root/New_CheckLiuliang_remote/datasets/toniot/test/abnormal/test_00004893_orig14679_14680_14681.png,1,0.44797406687815133,0.5611919434429242,0.20779670740954403
/root/New_CheckLiuliang_remote/datasets/toniot/test/abnormal/test_00004898_orig14694_14695_14696.png,1,0.21821590046836814,0.23757349140959572,0.5110966049622162
/root/New_CheckLiuliang_remote/datasets/toniot/test/abnormal/test_00004903_orig14709_14710_14711.png,1,0.30829775411603694,0.35234191728654934,0.440634912716131
/root/New_CheckLiuliang_remote/datasets/toniot/test/abnormal/test_00004908_orig14724_14725_14726.png,1,0.17829563409614013,0.19609552961509127,0.5047929128631184
/root/New_CheckLiuliang_remote/datasets/toniot/test/abnormal/test_00004913_orig14739_14740_14741.png,1,0.16373748766979387,0.1980032983142751,0.43435817302288954
/root/New_CheckLiuliang_remote/datasets/toniot/test/abnormal/test_00004918_orig14754_14755_14756.png,1,0.13219367839163104,0.1478432832305688,0.4989186271987614
/root/New_CheckLiuliang_remote/datasets/toniot/test/abnormal/test_00004923_orig14769_14770_14771.png,1,0.15310082384687776,0.1685507085313868,0.5062820949425096
/root/New_CheckLiuliang_remote/datasets/toniot/test/abnormal/test_00004928_orig14784_14785_14786.png,1,0.24645486122531934,0.26590136363475336,0.5196076462530906
/root/New_CheckLiuliang_remote/datasets/toniot/test/abnormal/test_00004933_orig14799_14800_14801.png,1,0.3847401711824945,0.4638380081320281,0.32442219855108095
/root/New_CheckLiuliang_remote/datasets/toniot/test/abnormal/test_00004938_orig14814_14815_14816.png,1,0.11465721317893719,0.12726063702417473,0.5055971162828257
/root/New_CheckLiuliang_remote/datasets/toniot/test/abnormal/test_00004943_orig14829_14830_14831.png,1,0.19489261450666182,0.21010385268246842,0.5203587904267591
/root/New_CheckLiuliang_remote/datasets/toniot/test/abnormal/test_00004948_orig14844_14845_14846.png,1,0.2244626077893776,0.24251007253326098,0.518298499198439
/root/New_CheckLiuliang_remote/datasets/toniot/test/abnormal/test_00004953_orig14859_14860_14861.png,1,0.2158007702726757,0.23285077981685684,0.5195686093044778
/root/New_CheckLiuliang_remote/datasets/toniot/test/abnormal/test_00004958_orig14874_14875_14876.png,1,0.16675203737093325,0.19470996995461112,0.46053621688139457
/root/New_CheckLiuliang_remote/datasets/toniot/test/abnormal/test_00004963_orig14889_14890_14891.png,1,0.3685840726693322,0.4719798768452643,0.2221575129602317
/root/New_CheckLiuliang_remote/datasets/toniot/test/abnormal/test_00004968_orig14904_14905_14906.png,1,0.2261081252391069,0.284502239660097,0.35742857277745
/root/New_CheckLiuliang_remote/datasets/toniot/test/abnormal/test_00004973_orig14919_14920_14921.png,1,0.16794249903318603,0.19199408932844836,0.47653537638911464
/root/New_CheckLiuliang_remote/datasets/toniot/test/abnormal/test_00004978_orig14934_14935_14936.png,1,0.18400596764872132,0.20969277707486575,0.4750382318996274
/root/New_CheckLiuliang_remote/datasets/toniot/test/abnormal/test_00004983_orig14949_14950_14951.png,1,0.12399649057154603,0.14503148933624213,0.4748032351060829
/root/New_CheckLiuliang_remote/datasets/toniot/test/abnormal/test_00004988_orig14964_14965_14966.png,1,0.055296636615288046,0.07142678137246244,0.4728517399944742
/root/New_CheckLiuliang_remote/datasets/toniot/test/abnormal/test_00004993_orig14979_14980_14981.png,1,0.16493121853975926,0.19102616569063,0.46741644384249564
/root/New_CheckLiuliang_remote/datasets/toniot/test/abnormal/test_00004998_orig14994_14995_14996.png,1,0.19058220910917154,0.21146671330684413,0.4963123119365053
/root/New_CheckLiuliang_remote/datasets/toniot/test/abnormal/test_00005004_orig15012_15013_15014.png,1,0.22084326084545394,0.2494628004128863,0.47487376937604936
/root/New_CheckLiuliang_remote/datasets/toniot/test/abnormal/test_00005009_orig15027_15028_15029.png,1,0.11829064987225181,0.14064440857792637,0.4677366313776879
/root/New_CheckLiuliang_remote/datasets/toniot/test/abnormal/test_00005014_orig15042_15043_15044.png,1,0.25456372417775786,0.27990680011950453,0.49856743558885863
/root/New_CheckLiuliang_remote/datasets/toniot/test/abnormal/test_00005019_orig15057_15058_15059.png,1,0.29403522764088746,0.35410850585366155,0.3720401942461652
/root/New_CheckLiuliang_remote/datasets/toniot/test/abnormal/test_00005024_orig15072_15073_15074.png,1,0.18485712617384328,0.21036167699429073,0.4760345196549275
/root/New_CheckLiuliang_remote/datasets/toniot/test/abnormal/test_00005029_orig15087_15088_15089.png,1,0.06663875397035562,0.08316428237128565,0.4748314910923532
/root/New_CheckLiuliang_remote/datasets/toniot/test/abnormal/test_00005034_orig15102_15103_15104.png,1,0.11703843100403419,0.14115743303554734,0.4602824767154114
/root/New_CheckLiuliang_remote/datasets/toniot/test/abnormal/test_00005039_orig15117_15118_15119.png,1,0.20940179135140222,0.23710547139928012,0.4749447264288527
/root/New_CheckLiuliang_remote/datasets/toniot/test/abnormal/test_00005044_orig15132_15133_15134.png,1,0.15720076761590174,0.18170027326752888,0.47137094310801614
/root/New_CheckLiuliang_remote/datasets/toniot/test/abnormal/test_00005049_orig15147_15148_15149.png,1,0.23406334289288955,0.26335697225823523,0.4763283537266158
/root/New_CheckLiuliang_remote/datasets/toniot/test/abnormal/test_00005054_orig15162_15163_15164.png,1,0.20945886892065033,0.23714365301492402,0.4750382318996274
/root/New_CheckLiuliang_remote/datasets/toniot/test/abnormal/test_00005059_orig15177_15178_15179.png,1,0.23049582063835233,0.2598836261093498,0.4748314910923532
/root/New_CheckLiuliang_remote/datasets/toniot/test/abnormal/test_00005064_orig15192_15193_15194.png,1,0.1676297748276301,0.19450200479723792,0.4651546261285571
/root/New_CheckLiuliang_remote/datasets/toniot/test/abnormal/test_00005069_orig15207_15208_15209.png,1,0.13239916892326695,0.1540350029633395,0.4750382318996274
/root/New_CheckLiuliang_remote/datasets/toniot/test/abnormal/test_00005074_orig15222_15223_15224.png,1,0.13943586266466865,0.16282123564367973,0.47024951163297546
/root/New_CheckLiuliang_remote/datasets/toniot/test/abnormal/test_00005079_orig15237_15238_15239.png,1,0.1322811303683431,0.15773953813890734,0.4597108743198393
/root/New_CheckLiuliang_remote/datasets/toniot/test/abnormal/test_00005084_orig15252_15253_15254.png,1,0.10217552071350619,0.11341278170914294,0.507142669407145
/root/New_CheckLiuliang_remote/datasets/toniot/test/abnormal/test_00005089_orig15267_15268_15269.png,1,0.37404281678046825,0.4628892409061823,0.28206901182897054
/root/New_CheckLiuliang_remote/datasets/toniot/test/abnormal/test_00005094_orig15282_15283_15284.png,1,0.0869571705292999,0.10502594709760021,0.4750382318996274
/root/New_CheckLiuliang_remote/datasets/toniot/test/abnormal/test_00005099_orig15297_15298_15299.png,1,0.19698668847601364,0.2241584922801628,0.4731740414438513
/root/New_CheckLiuliang_remote/datasets/toniot/test/abnormal/test_00005104_orig15312_15313_15314.png,1,0.0852616789353174,0.11124010344987298,0.4428672765590945
/root/New_CheckLiuliang_remote/datasets/toniot/test/abnormal/test_00005109_orig15327_15328_15329.png,1,0.39962619918818154,0.45903434101746005,0.407855009162761
/root/New_CheckLiuliang_remote/datasets/toniot/test/abnormal/test_00005114_orig15342_15343_15344.png,1,0.3202784818171857,0.3867686137672409,0.3546128390832856
/root/New_CheckLiuliang_remote/datasets/toniot/test/abnormal/test_00005119_orig15357_15358_15359.png,1,0.2610626928094003,0.29506660723805345,0.4659646780441756
/root/New_CheckLiuliang_remote/datasets/toniot/test/abnormal/test_00005124_orig15372_15373_15374.png,1,0.3525649226386336,0.4389349349843186,0.28523086373899414
/root/New_CheckLiuliang_remote/datasets/toniot/test/abnormal/test_00005129_orig15387_15388_15389.png,1,0.3364051096226896,0.3632375858249899,0.5183070253189843
/root/New_CheckLiuliang_remote/datasets/toniot/test/abnormal/test_00005134_orig15402_15403_15404.png,1,0.2224193785368794,0.26542901375049877,0.41780826840622076
/root/New_CheckLiuliang_remote/datasets/toniot/test/abnormal/test_00005139_orig15417_15418_15419.png,1,0.14326952111065,0.17445088341893145,0.44026927602596533
/root/New_CheckLiuliang_remote/datasets/toniot/test/abnormal/test_00005144_orig15432_15433_15434.png,1,0.48831348850992606,0.6013464071034075,0.22120262269105082
/root/New_CheckLiuliang_remote/datasets/toniot/test/abnormal/test_00005149_orig15447_15448_15449.png,1,0.20357397028183064,0.23089984358658416,0.474626089097396
/root/New_CheckLiuliang_remote/datasets/toniot/test/abnormal/test_00005154_orig15462_15463_15464.png,1,0.13764945054993122,0.16263623193901333,0.46328296650932804
/root/New_CheckLiuliang_remote/datasets/toniot/test/abnormal/test_00005159_orig15477_15478_15479.png,1,0.12250819167523966,0.15135494220339937,0.44308892046137166
/root/New_CheckLiuliang_remote/datasets/toniot/test/abnormal/test_00005164_orig15492_15493_15494.png,1,0.7423076629060931,0.8196694101885083,0.44363836198990636
/root/New_CheckLiuliang_remote/datasets/toniot/test/abnormal/test_00005169_orig15507_15508_15509.png,1,0.17061830315524623,0.19525422198791334,0.4750382318996274
/root/New_CheckLiuliang_remote/datasets/toniot/test/abnormal/test_00005174_orig15522_15523_15524.png,1,0.12619355069695773,0.14908425134314657,0.4680702774998568
/root/New_CheckLiuliang_remote/datasets/toniot/test/abnormal/test_00005179_orig15537_15538_15539.png,1,0.5068357923441601,0.5808947067815929,0.3829144154361396
/root/New_CheckLiuliang_remote/datasets/toniot/test/abnormal/test_00005184_orig15552_15553_15554.png,1,0.23766543656918218,0.25952582107202693,0.507192346390488
/root/New_CheckLiuliang_remote/datasets/toniot/test/abnormal/test_00005189_orig15567_15568_15569.png,1,0.4995895653236647,0.6250376403814015,0.1750825465873216
/root/New_CheckLiuliang_remote/datasets/toniot/test/abnormal/test_00005194_orig15582_15583_15584.png,1,0.4985540584679798,0.5675388825959929,0.4006104138600052
/root/New_CheckLiuliang_remote/datasets/toniot/test/abnormal/test_00005199_orig15597_15598_15599.png,1,0.22425317946577386,0.2567377758802142,0.46048421459244826
/root/New_CheckLiuliang_remote/datasets/toniot/test/abnormal/test_00005204_orig15612_15613_15614.png,1,0.7763744706093799,0.8696445527758494,0.39070158204632954
/root/New_CheckLiuliang_remote/datasets/toniot/test/abnormal/test_00005209_orig15627_15628_15629.png,1,0.5494759985979311,0.6693419601916638,0.2130747283461729
/root/New_CheckLiuliang_remote/datasets/toniot/test/abnormal/test_00005214_orig15642_15643_15644.png,1,0.45649084461471423,0.5273953092245077,0.3797245189312642
/root/New_CheckLiuliang_remote/datasets/toniot/test/abnormal/test_00005219_orig15657_15658_15659.png,1,0.46740517673098825,0.5619784060002081,0.2884764266507362
/root/New_CheckLiuliang_remote/datasets/toniot/test/abnormal/test_00005224_orig15672_15673_15674.png,1,0.18241629145284485,0.21399509727061805,0.4509711075141687
/root/New_CheckLiuliang_remote/datasets/toniot/test/abnormal/test_00005229_orig15687_15688_15689.png,1,0.23002631864842862,0.26992001148335054,0.4326605237729732
/root/New_CheckLiuliang_remote/datasets/toniot/test/abnormal/test_00005234_orig15702_15703_15704.png,1,0.5865324324424889,0.7277167958040635,0.13943638679077033
/root/New_CheckLiuliang_remote/datasets/toniot/test/abnormal/test_00005239_orig15717_15718_15719.png,1,0.6999032230117531,0.7865418070978181,0.3932165409838988
/root/New_CheckLiuliang_remote/datasets/toniot/test/abnormal/test_00005244_orig15732_15733_15734.png,1,0.429633804557552,0.49115190260565256,0.40883720415682906
/root/New_CheckLiuliang_remote/datasets/toniot/test/abnormal/test_00005249_orig15747_15748_15749.png,1,0.6967320431880558,0.808361878792658,0.2922558233579485
/root/New_CheckLiuliang_remote/datasets/toniot/test/abnormal/test_00005254_orig15762_15763_15764.png,1,0.6510988695153332,0.7415263382951501,0.3627370340783401
/root/New_CheckLiuliang_remote/datasets/toniot/test/abnormal/test_00005259_orig15777_15778_15779.png,1,0.44546691458589893,0.5675572517581584,0.17151964992453678
/root/New_CheckLiuliang_remote/datasets/toniot/test/abnormal/test_00005264_orig15792_15793_15794.png,1,0.25385470916940317,0.3030444655748124,0.40295809172175
/root/New_CheckLiuliang_remote/datasets/toniot/test/abnormal/test_00005269_orig15807_15808_15809.png,1,0.39867386315661063,0.5019971871564393,0.23189525865255023
/root/New_CheckLiuliang_remote/datasets/toniot/test/abnormal/test_00005274_orig15822_15823_15824.png,1,0.448461836506633,0.5119190276835083,0.4069926026391655
/root/New_CheckLiuliang_remote/datasets/toniot/test/abnormal/test_00005279_orig15837_15838_15839.png,1,0.8294608466554071,0.8907061092815571,0.535469330874992
/root/New_CheckLiuliang_remote/datasets/toniot/test/abnormal/test_00005284_orig15852_15853_15854.png,1,0.4260609609552068,0.5102403486781879,0.31707021640773686
/root/New_CheckLiuliang_remote/datasets/toniot/test/abnormal/test_00005289_orig15867_15868_15869.png,1,0.49036895359622235,0.5595309775582634,0.3973315920317555
/root/New_CheckLiuliang_remote/datasets/toniot/test/abnormal/test_00005294_orig15882_15883_15884.png,1,0.501706133290723,0.5612092629386802,0.43952690459616384
/root/New_CheckLiuliang_remote/datasets/toniot/test/abnormal/test_00005299_orig15897_15898_15899.png,1,0.7708258740876051,0.8268705153822707,0.5378611543112962
/root/New_CheckLiuliang_remote/datasets/toniot/test/abnormal/test_00005304_orig15912_15913_15914.png,1,0.921983110869734,0.9638203606155191,0.6421522380397026
/root/New_CheckLiuliang_remote/datasets/toniot/test/abnormal/test_00005309_orig15927_15928_15929.png,1,0.5128696027384841,0.5997530134938553,0.33351097258866336
/root/New_CheckLiuliang_remote/datasets/toniot/test/abnormal/test_00005314_orig15942_15943_15944.png,1,0.1749690054954597,0.19023261788508225,0.5138935248201358
/root/New_CheckLiuliang_remote/datasets/toniot/test/abnormal/test_00005319_orig15957_15958_15959.png,1,0.46398319129992294,0.5157513597444272,0.4586222085146631
/root/New_CheckLiuliang_remote/datasets/toniot/test/abnormal/test_00005324_orig15972_15973_15974.png,1,0.40383675294199844,0.4699853794589993,0.3822151326238051
/root/New_CheckLiuliang_remote/datasets/toniot/test/abnormal/test_00005329_orig15987_15988_15989.png,1,0.15540663337821117,0.19178389362995507,0.42329658857233493
/root/New_CheckLiuliang_remote/datasets/toniot/test/abnormal/test_00005334_orig16002_16003_16004.png,1,0.7446217166892861,0.8157655696034453,0.46923652395561544
/root/New_CheckLiuliang_remote/datasets/toniot/test/abnormal/test_00005339_orig16017_16018_16019.png,1,0.6965362462935598,0.8201559305692905,0.24423495085114288
/root/New_CheckLiuliang_remote/datasets/toniot/test/abnormal/test_00005344_orig16032_16033_16034.png,1,0.7568117188493438,0.8384600134173609,0.4310462684376476
/root/New_CheckLiuliang_remote/datasets/toniot/test/abnormal/test_00005349_orig16047_16048_16049.png,1,0.48642002054779876,0.5668823162568791,0.35089058852286936
/root/New_CheckLiuliang_remote/datasets/toniot/test/abnormal/test_00005354_orig16062_16063_16064.png,1,0.3785861127573632,0.4967744407278964,0.16612793563666833
/root/New_CheckLiuliang_remote/datasets/toniot/test/abnormal/test_00005359_orig16077_16078_16079.png,1,0.37309776648285686,0.47669668406445004,0.2227623038085053
/root/New_CheckLiuliang_remote/datasets/toniot/test/abnormal/test_00005364_orig16092_16093_16094.png,1,0.25849834521728077,0.30285132695547273,0.42376323512863134
/root/New_CheckLiuliang_remote/datasets/toniot/test/abnormal/test_00005369_orig16107_16108_16109.png,1,0.10719032301911224,0.13021794092451205,0.4615558281565337
/root/New_CheckLiuliang_remote/datasets/toniot/test/abnormal/test_00005374_orig16122_16123_16124.png,1,0.43623487597457183,0.5502062660098729,0.20109669163269783
/root/New_CheckLiuliang_remote/datasets/toniot/test/abnormal/test_00005379_orig16137_16138_16139.png,1,0.4260283661113571,0.5433953743038251,0.18430950014878433
/root/New_CheckLiuliang_remote/datasets/toniot/test/abnormal/test_00005384_orig16152_16153_16154.png,1,0.2126304857786731,0.23967964706016648,0.47857657192596537
/root/New_CheckLiuliang_remote/datasets/toniot/test/abnormal/test_00005389_orig16167_16168_16169.png,1,0.10510007157297171,0.11773570160818078,0.5024674663322173
/root/New_CheckLiuliang_remote/datasets/toniot/test/abnormal/test_00005394_orig16182_16183_16184.png,1,0.10840386970467332,0.13495521663868212,0.4478419508102034
/root/New_CheckLiuliang_remote/datasets/toniot/test/abnormal/test_00005399_orig16197_16198_16199.png,1,0.1306934685032308,0.1546415789397031,0.46525355731240614
/root/New_CheckLiuliang_remote/datasets/toniot/test/abnormal/test_00005404_orig16212_16213_16214.png,1,0.2975631285039335,0.3593552634013207,0.3662724850886255
/root/New_CheckLiuliang_remote/datasets/toniot/test/abnormal/test_00005409_orig16227_16228_16229.png,1,0.3390143464574271,0.39035716080456406,0.4210849410883825
/root/New_CheckLiuliang_remote/datasets/toniot/test/abnormal/test_00005414_orig16242_16243_16244.png,1,0.23182838252660073,0.2676607357453005,0.4494717081828843
/root/New_CheckLiuliang_remote/datasets/toniot/test/abnormal/test_00005419_orig16257_16258_16259.png,1,0.355088813463933,0.4305995340268392,0.3294605016191526
/root/New_CheckLiuliang_remote/datasets/toniot/test/abnormal/test_00005424_orig16272_16273_16274.png,1,0.16500749341845605,0.18237061647826686,0.5023676895826943
/root/New_CheckLiuliang_remote/datasets/toniot/test/abnormal/test_00005429_orig16287_16288_16289.png,1,0.22126441092116408,0.24273680047770319,0.5035946053755569
/root/New_CheckLiuliang_remote/datasets/toniot/test/abnormal/test_00005434_orig16302_16303_16304.png,1,0.44110750893341405,0.5421740874364247,0.25424588471994475
/root/New_CheckLiuliang_remote/datasets/toniot/test/abnormal/test_00005439_orig16317_16318_16319.png,1,0.35599646612522456,0.47362929639942114,0.1612570545720335
/root/New_CheckLiuliang_remote/datasets/toniot/test/abnormal/test_00005444_orig16332_16333_16334.png,1,0.2404964562094765,0.26524807750316903,0.4965163046553393
/root/New_CheckLiuliang_remote/datasets/toniot/test/abnormal/test_00005449_orig16347_16348_16349.png,1,0.26720844352704176,0.3155980822069866,0.41035147135121325
/root/New_CheckLiuliang_remote/datasets/toniot/test/abnormal/test_00005454_orig16362_16363_16364.png,1,0.1025014977730298,0.11721152444495936,0.49335395949867256
/root/New_CheckLiuliang_remote/datasets/toniot/test/abnormal/test_00005459_orig16377_16378_16379.png,1,0.19012081942644443,0.22532099782863382,0.4389047444196717
/root/New_CheckLiuliang_remote/datasets/toniot/test/abnormal/test_00005464_orig16392_16393_16394.png,1,0.5277385221946131,0.6631281974642946,0.14415457278745586
/root/New_CheckLiuliang_remote/datasets/toniot/test/abnormal/test_00005469_orig16407_16408_16409.png,1,0.1319698882844098,0.16533072561208345,0.42800342989622864
/root/New_CheckLiuliang_remote/datasets/toniot/test/abnormal/test_00005474_orig16422_16423_16424.png,1,0.47565053122527284,0.5908084123939886,0.20872675918705344
/root/New_CheckLiuliang_remote/datasets/toniot/test/abnormal/test_00005479_orig16437_16438_16439.png,1,0.19082909461351738,0.20893806692646785,0.5074919584942815
/root/New_CheckLiuliang_remote/datasets/toniot/test/abnormal/test_00005484_orig16452_16453_16454.png,1,0.22747359918274065,0.27612996916998545,0.39680829257530625
/root/New_CheckLiuliang_remote/datasets/toniot/test/abnormal/test_00005489_orig16467_16468_16469.png,1,0.16037923324900638,0.19255815381522906,0.44165128265618675
/root/New_CheckLiuliang_remote/datasets/toniot/test/abnormal/test_00005494_orig16482_16483_16484.png,1,0.42882121923934036,0.5477218368269949,0.1790519841797481
/root/New_CheckLiuliang_remote/datasets/toniot/test/abnormal/test_00005499_orig16497_16498_16499.png,1,0.19076912143896757,0.21854841894653118,0.4687918268749379
/root/New_CheckLiuliang_remote/datasets/toniot/test/abnormal/test_00005504_orig16512_16513_16514.png,1,0.22060872545479446,0.24036888426627465,0.5102376511651225
/root/New_CheckLiuliang_remote/datasets/toniot/test/abnormal/test_00005509_orig16527_16528_16529.png,1,0.12683163698912608,0.14500879030013766,0.4871248181064924
/root/New_CheckLiuliang_remote/datasets/toniot/test/abnormal/test_00005514_orig16542_16543_16544.png,1,0.4036069321025283,0.5095449446819241,0.2229854274507118
/root/New_CheckLiuliang_remote/datasets/toniot/test/abnormal/test_00005519_orig16557_16558_16559.png,1,0.2928714258943872,0.3201651807545238,0.5027928681890654
/root/New_CheckLiuliang_remote/datasets/toniot/test/abnormal/test_00005524_orig16572_16573_16574.png,1,0.30990704215385295,0.36584600685248475,0.3935610033003133
/root/New_CheckLiuliang_remote/datasets/toniot/test/abnormal/test_00005529_orig16587_16588_16589.png,1,0.15691349100192303,0.17979014281892375,0.4777721571148397
/root/New_CheckLiuliang_remote/datasets/toniot/test/abnormal/test_00005534_orig16602_16603_16604.png,1,0.13470150464904915,0.1553999629205341,0.47951064014042594
/root/New_CheckLiuliang_remote/datasets/toniot/test/abnormal/test_00005539_orig16617_16618_16619.png,1,0.4263213699181657,0.5335522587574653,0.22494597716141207
/root/New_CheckLiuliang_remote/datasets/toniot/test/abnormal/test_00005544_orig16632_16633_16634.png,1,0.20224209680110475,0.21722688893702777,0.5235722218428921
/root/New_CheckLiuliang_remote/datasets/toniot/test/abnormal/test_00005549_orig16647_16648_16649.png,1,0.10870195835386934,0.1357419416125684,0.44598100168951066
/root/New_CheckLiuliang_remote/datasets/toniot/test/abnormal/test_00005554_orig16662_16663_16664.png,1,0.2703531394081293,0.32372564921539404,0.3914073827607339
/root/New_CheckLiuliang_remote/datasets/toniot/test/abnormal/test_00005559_orig16677_16678_16679.png,1,0.47656402983656415,0.6158958332048585,0.11231789774334729
/root/New_CheckLiuliang_remote/datasets/toniot/test/abnormal/test_00005564_orig16692_16693_16694.png,1,0.4300986538455475,0.5406937953824912,0.21267498717382569
/root/New_CheckLiuliang_remote/datasets/toniot/test/abnormal/test_00005569_orig16707_16708_16709.png,1,0.20828461991088112,0.227860403289707,0.5071055349812985
/root/New_CheckLiuliang_remote/datasets/toniot/test/abnormal/test_00005574_orig16722_16723_16724.png,1,0.43718578148058995,0.5240258800501583,0.30992043015616966
/root/New_CheckLiuliang_remote/datasets/toniot/test/abnormal/test_00005579_orig16737_16738_16739.png,1,0.3651612471987509,0.4565602772903754,0.269069884100427
/root/New_CheckLiuliang_remote/datasets/toniot/test/abnormal/test_00005584_orig16752_16753_16754.png,1,0.23007556513912858,0.2712895637310865,0.4273947635386162
/root/New_CheckLiuliang_remote/datasets/toniot/test/abnormal/test_00005589_orig16767_16768_16769.png,1,0.21671918083596808,0.24783581747823155,0.46359047055941144
/root/New_CheckLiuliang_remote/datasets/toniot/test/abnormal/test_00005594_orig16782_16783_16784.png,1,0.4460981740003997,0.5520876618405192,0.23612125496320627
/root/New_CheckLiuliang_remote/datasets/toniot/test/abnormal/test_00005599_orig16797_16798_16799.png,1,0.36008040255022583,0.43639028119119816,0.32783116702930865
/root/New_CheckLiuliang_remote/datasets/toniot/test/abnormal/test_00005604_orig16812_16813_16814.png,1,0.43303413975630095,0.5446591726608085,0.20947712825885415
/root/New_CheckLiuliang_remote/datasets/toniot/test/abnormal/test_00005609_orig16827_16828_16829.png,1,0.2039056473384674,0.24861243941292682,0.4052065565444211
/root/New_CheckLiuliang_remote/datasets/toniot/test/abnormal/test_00005614_orig16842_16843_16844.png,1,0.1870935103908808,0.22003212241629533,0.44700047203703747
/root/New_CheckLiuliang_remote/datasets/toniot/test/abnormal/test_00005619_orig16857_16858_16859.png,1,0.4354671739803647,0.542696034058526,0.22782576245537614
/root/New_CheckLiuliang_remote/datasets/toniot/test/abnormal/test_00005624_orig16872_16873_16874.png,1,0.41272219557187245,0.4917571664990043,0.33345967493777867
/root/New_CheckLiuliang_remote/datasets/toniot/test/abnormal/test_00005629_orig16887_16888_16889.png,1,0.23343703195398233,0.2555516528375304,0.5048477337043111
/root/New_CheckLiuliang_remote/datasets/toniot/test/abnormal/test_00005634_orig16902_16903_16904.png,1,0.27018610617161404,0.3183164557908718,0.4123235771261238
/root/New_CheckLiuliang_remote/datasets/toniot/test/abnormal/test_00005639_orig16917_16918_16919.png,1,0.24859792112849258,0.2690944488523144,0.516080439508126
/root/New_CheckLiuliang_remote/datasets/toniot/test/abnormal/test_00005644_orig16932_16933_16934.png,1,0.37931789817611816,0.4611393157933202,0.31182534869190637
/root/New_CheckLiuliang_remote/datasets/toniot/test/abnormal/test_00005649_orig16947_16948_16949.png,1,0.4979629507656694,0.6103472965644812,0.22682672661163583
/root/New_CheckLiuliang_remote/datasets/toniot/test/abnormal/test_00005654_orig16962_16963_16964.png,1,0.3235239799043124,0.3827339585058996,0.3847524990517333
/root/New_CheckLiuliang_remote/datasets/toniot/test/abnormal/test_00005659_orig16977_16978_16979.png,1,0.29206450613056945,0.3531497667969259,0.36737348205987974
/root/New_CheckLiuliang_remote/datasets/toniot/test/abnormal/test_00005664_orig16992_16993_16994.png,1,0.470683855182949,0.5847266452176083,0.21162764839096251
/root/New_CheckLiuliang_remote/datasets/toniot/test/abnormal/test_00005669_orig17007_17008_17009.png,1,0.6430235688181588,0.7574198622339079,0.26432619020591147
/root/New_CheckLiuliang_remote/datasets/toniot/test/abnormal/test_00005674_orig17022_17023_17024.png,1,0.17266177744443695,0.1980805800036712,0.4725483228451481
/root/New_CheckLiuliang_remote/datasets/toniot/test/abnormal/test_00005679_orig17037_17038_17039.png,1,0.2771401163231982,0.32704338231907787,0.4074153854761271
/root/New_CheckLiuliang_remote/datasets/toniot/test/abnormal/test_00005684_orig17052_17053_17054.png,1,0.375853759522442,0.47914424371469594,0.22486138536211667
/root/New_CheckLiuliang_remote/datasets/toniot/test/abnormal/test_00005689_orig17067_17068_17069.png,1,0.18649908501542917,0.22329081178444732,0.43140137078879226
/root/New_CheckLiuliang_remote/datasets/toniot/test/abnormal/test_00005694_orig17082_17083_17084.png,1,0.14956466985737077,0.1722600984140984,0.4761896104922862
/root/New_CheckLiuliang_remote/datasets/toniot/test/abnormal/test_00005699_orig17097_17098_17099.png,1,0.46599954100374363,0.577636804663248,0.21977893671948562
/root/New_CheckLiuliang_remote/datasets/toniot/test/abnormal/test_00005704_orig17112_17113_17114.png,1,0.47415672238370193,0.5964986539996423,0.17952151975209707
/root/New_CheckLiuliang_remote/datasets/toniot/test/abnormal/test_00005709_orig17127_17128_17129.png,1,0.17358875036016558,0.2103627266607002,0.4274186860008077
/root/New_CheckLiuliang_remote/datasets/toniot/test/abnormal/test_00005714_orig17142_17143_17144.png,1,0.22868800933331354,0.27361903591026876,0.41209097610198875
/root/New_CheckLiuliang_remote/datasets/toniot/test/abnormal/test_00005720_orig17160_17161_17162.png,1,0.3763005913625394,0.43632179045798125,0.3980788254641821
/root/New_CheckLiuliang_remote/datasets/toniot/test/abnormal/test_00005725_orig17175_17176_17177.png,1,0.1616993035025619,0.1935401167412739,0.4434181978275586
/root/New_CheckLiuliang_remote/datasets/toniot/test/abnormal/test_00005730_orig17190_17191_17192.png,1,0.20217078826753782,0.2448875669506758,0.4126218856495033
/root/New_CheckLiuliang_remote/datasets/toniot/test/abnormal/test_00005735_orig17205_17206_17207.png,1,0.1712370012591776,0.18922585659011407,0.5018207495192784
/root/New_CheckLiuliang_remote/datasets/toniot/test/abnormal/test_00005740_orig17220_17221_17222.png,1,0.22450216896754224,0.27320599217814834,0.39568548705604545
/root/New_CheckLiuliang_remote/datasets/toniot/test/abnormal/test_00005745_orig17235_17236_17237.png,1,0.18710544752774236,0.22923021795404533,0.4102595865479802
/root/New_CheckLiuliang_remote/datasets/toniot/test/abnormal/test_00005750_orig17250_17251_17252.png,1,0.4366492047956622,0.5287222187743597,0.2888202900247983
/root/New_CheckLiuliang_remote/datasets/toniot/test/abnormal/test_00005755_orig17265_17266_17267.png,1,0.23116303216963152,0.27305930129742706,0.4250071326987786
/root/New_CheckLiuliang_remote/datasets/toniot/test/abnormal/test_00005760_orig17280_17281_17282.png,1,0.08398365426594845,0.10990269723592656,0.44270351867357804
/root/New_CheckLiuliang_remote/datasets/toniot/test/abnormal/test_00005765_orig17295_17296_17297.png,1,0.4648656443426579,0.5575314942565535,0.2953085620641329
/root/New_CheckLiuliang_remote/datasets/toniot/test/abnormal/test_00005770_orig17310_17311_17312.png,1,0.2577593771427486,0.30092164646999153,0.4282940578647367
/root/New_CheckLiuliang_remote/datasets/toniot/test/abnormal/test_00005775_orig17325_17326_17327.png,1,0.17576342249019192,0.2175379838191299,0.40809916625110637
/root/New_CheckLiuliang_remote/datasets/toniot/test/abnormal/test_00005780_orig17340_17341_17342.png,1,0.18737876001625758,0.20789430489056637,0.49678230552359437
/root/New_CheckLiuliang_remote/datasets/toniot/test/abnormal/test_00005785_orig17355_17356_17357.png,1,0.21213041186798406,0.2464460591521136,0.4493536108437597
/root/New_CheckLiuliang_remote/datasets/toniot/test/abnormal/test_00005790_orig17370_17371_17372.png,1,0.1457183900802145,0.16046867080348945,0.5067625171729103
/root/New_CheckLiuliang_remote/datasets/toniot/test/abnormal/test_00005795_orig17385_17386_17387.png,1,0.5127683088585071,0.6208011867528426,0.248881298997448
/root/New_CheckLiuliang_remote/datasets/toniot/test/abnormal/test_00005800_orig17400_17401_17402.png,1,0.3446408534477046,0.4221039277336167,0.31837055548661847
/root/New_CheckLiuliang_remote/datasets/toniot/test/abnormal/test_00005805_orig17415_17416_17417.png,1,0.39918566978263265,0.48176132449006875,0.31504663682242623
/root/New_CheckLiuliang_remote/datasets/toniot/test/abnormal/test_00005810_orig17430_17431_17432.png,1,0.03806595008733455,0.046646387986358014,0.49764034329120793
/root/New_CheckLiuliang_remote/datasets/toniot/test/abnormal/test_00005815_orig17445_17446_17447.png,1,0.4489186884716709,0.5580525224205465,0.2244294774622573
/root/New_CheckLiuliang_remote/datasets/toniot/test/abnormal/test_00005820_orig17460_17461_17462.png,1,0.4443958993864454,0.5264994189440382,0.3311306347527633
/root/New_CheckLiuliang_remote/datasets/toniot/test/abnormal/test_00005825_orig17475_17476_17477.png,1,0.2813190205205726,0.31704557218562457,0.4654343674390134
/root/New_CheckLiuliang_remote/datasets/toniot/test/abnormal/test_00005830_orig17490_17491_17492.png,1,0.22893639049283473,0.2694163028151135,0.4299734217569544
/root/New_CheckLiuliang_remote/datasets/toniot/test/abnormal/test_00005835_orig17505_17506_17507.png,1,0.41631713164016226,0.527928014927306,0.20428479131051616
/root/New_CheckLiuliang_remote/datasets/toniot/test/abnormal/test_00005840_orig17520_17521_17522.png,1,0.2833233808300511,0.3354270679313922,0.40055517023597553
/root/New_CheckLiuliang_remote/datasets/toniot/test/abnormal/test_00005845_orig17535_17536_17537.png,1,0.11549583218592499,0.14016864727784106,0.45758286737379916
/root/New_CheckLiuliang_remote/datasets/toniot/test/abnormal/test_00005850_orig17550_17551_17552.png,1,0.2718840580608922,0.31323187170347344,0.439986857090875
/root/New_CheckLiuliang_remote/datasets/toniot/test/abnormal/test_00005855_orig17565_17566_17567.png,1,0.3772211006403694,0.44953276067907644,0.3492060103089958
/root/New_CheckLiuliang_remote/datasets/toniot/test/abnormal/test_00005860_orig17580_17581_17582.png,1,0.1624587626028287,0.17644800497122012,0.5150629421471717
/root/New_CheckLiuliang_remote/datasets/toniot/test/abnormal/test_00005865_orig17595_17596_17597.png,1,0.25641140537050544,0.3042847776458843,0.4090263994763694
/root/New_CheckLiuliang_remote/datasets/toniot/test/abnormal/test_00005870_orig17610_17611_17612.png,1,0.16955670254806493,0.2056276814876502,0.428964661907964
/root/New_CheckLiuliang_remote/datasets/toniot/test/abnormal/test_00005875_orig17625_17626_17627.png,1,0.122067690045989,0.14960422984073019,0.44819145128875837
/root/New_CheckLiuliang_remote/datasets/toniot/test/abnormal/test_00005880_orig17640_17641_17642.png,1,0.21154958144837485,0.25413853943380205,0.41607799441405224
/root/New_CheckLiuliang_remote/datasets/toniot/test/abnormal/test_00005885_orig17655_17656_17657.png,1,0.12547368055218888,0.15071740106795684,0.4584321676294489
/root/New_CheckLiuliang_remote/datasets/toniot/test/abnormal/test_00005890_orig17670_17671_17672.png,1,0.19558266116771206,0.22503706306487634,0.4636028017254895
/root/New_CheckLiuliang_remote/datasets/toniot/test/abnormal/test_00005895_orig17685_17686_17687.png,1,0.3737062772126553,0.47657951505149465,0.22585608768177812
/root/New_CheckLiuliang_remote/datasets/toniot/test/abnormal/test_00005900_orig17700_17701_17702.png,1,0.3166366173868008,0.36283910621430066,0.43461991083087187
/root/New_CheckLiuliang_remote/datasets/toniot/test/abnormal/test_00005905_orig17715_17716_17717.png,1,0.37506428406192405,0.4393174071822637,0.3807629440426481
/root/New_CheckLiuliang_remote/datasets/toniot/test/abnormal/test_00005910_orig17730_17731_17732.png,1,0.2567641152579803,0.30998276054130774,0.38775605402121793
/root/New_CheckLiuliang_remote/datasets/toniot/test/abnormal/test_00005915_orig17745_17746_17747.png,1,0.18529638246478614,0.2176749652855637,0.44867631273894715
/root/New_CheckLiuliang_remote/datasets/toniot/test/abnormal/test_00005920_orig17760_17761_17762.png,1,0.1501785996555263,0.1864313821915434,0.42215296099835375
/root/New_CheckLiuliang_remote/datasets/toniot/test/abnormal/test_00005925_orig17775_17776_17777.png,1,0.258897846876254,0.30113026766887063,0.4323709175296545
/root/New_CheckLiuliang_remote/datasets/toniot/test/abnormal/test_00005930_orig17790_17791_17792.png,1,0.2778280804252544,0.3251169820411262,0.41808885528235096
/root/New_CheckLiuliang_remote/datasets/toniot/test/abnormal/test_00005935_orig17805_17806_17807.png,1,0.4183839618554825,0.5184690772868065,0.2510368220597938
/root/New_CheckLiuliang_remote/datasets/toniot/test/abnormal/test_00005940_orig17820_17821_17822.png,1,0.4383840775205402,0.528236092018481,0.298249016695201
/root/New_CheckLiuliang_remote/datasets/toniot/test/abnormal/test_00005945_orig17835_17836_17837.png,1,0.25018712656607545,0.2940851691452133,0.42297337109347777
/root/New_CheckLiuliang_remote/datasets/toniot/test/abnormal/test_00005950_orig17850_17851_17852.png,1,0.18211645254921757,0.21971420470253175,0.4268011764355221
/root/New_CheckLiuliang_remote/datasets/toniot/test/abnormal/test_00005955_orig17865_17866_17867.png,1,0.5819832887125135,0.7255992250312899,0.12828171965227803
/root/New_CheckLiuliang_remote/datasets/toniot/test/abnormal/test_00005960_orig17880_17881_17882.png,1,0.18482645119302452,0.22129159089933975,0.43218253254388506
/root/New_CheckLiuliang_remote/datasets/toniot/test/abnormal/test_00005965_orig17895_17896_17897.png,1,0.1638631472725329,0.19845924716088198,0.4330764716207373
/root/New_CheckLiuliang_remote/datasets/toniot/test/abnormal/test_00005970_orig17910_17911_17912.png,1,0.3051766711762371,0.3411679559413021,0.4718664445929352
/root/New_CheckLiuliang_remote/datasets/toniot/test/abnormal/test_00005975_orig17925_17926_17927.png,1,0.6990735443266158,0.8320727933158293,0.2075133724449736
/root/New_CheckLiuliang_remote/datasets/toniot/test/abnormal/test_00005980_orig17940_17941_17942.png,1,0.4617254074043779,0.5760546949675974,0.20766881560136313
/root/New_CheckLiuliang_remote/datasets/toniot/test/abnormal/test_00005985_orig17955_17956_17957.png,1,0.28412479630205056,0.33888178250150985,0.39019360846772017
/root/New_CheckLiuliang_remote/datasets/toniot/test/abnormal/test_00005990_orig17970_17971_17972.png,1,0.5437147587194231,0.6690526458875579,0.1893780674216018
/root/New_CheckLiuliang_remote/datasets/toniot/test/abnormal/test_00005995_orig17985_17986_17987.png,1,0.1226981638054122,0.14829595186964611,0.4561444192348434
/root/New_CheckLiuliang_remote/datasets/toniot/test/abnormal/test_00006000_orig18000_18001_18002.png,1,0.1288789443090671,0.14331134850774832,0.5027466439322242
/root/New_CheckLiuliang_remote/datasets/toniot/test/abnormal/test_00006005_orig18015_18016_18017.png,1,0.34811289149869395,0.39443563963850015,0.444022037414449
/root/New_CheckLiuliang_remote/datasets/toniot/test/abnormal/test_00006010_orig18030_18031_18032.png,1,0.1541201042693419,0.17276301983252834,0.49383001297309137
/root/New_CheckLiuliang_remote/datasets/toniot/test/abnormal/test_00006015_orig18045_18046_18047.png,1,0.13905017201528577,0.16724452989312166,0.45089246990649384
/root/New_CheckLiuliang_remote/datasets/toniot/test/abnormal/test_00006020_orig18060_18061_18062.png,1,0.2605760922493978,0.3095929406784965,0.4057601554375193
/root/New_CheckLiuliang_remote/datasets/toniot/test/abnormal/test_00006025_orig18075_18076_18077.png,1,0.49950646496704043,0.611949743546815,0.227075640006897
/root/New_CheckLiuliang_remote/datasets/toniot/test/abnormal/test_00006030_orig18090_18091_18092.png,1,0.12265337178561973,0.1364575516872141,0.5033047877408198
/root/New_CheckLiuliang_remote/datasets/toniot/test/abnormal/test_00006035_orig18105_18106_18107.png,1,0.43324602919990457,0.5467516826480564,0.20202117676952058
/root/New_CheckLiuliang_remote/datasets/toniot/test/abnormal/test_00006040_orig18120_18121_18122.png,1,0.44016282297136367,0.548340352758766,0.2255054597823246
/root/New_CheckLiuliang_remote/datasets/toniot/test/abnormal/test_00006045_orig18135_18136_18137.png,1,0.3763633970828378,0.42017450966473785,0.46293889174384745
/root/New_CheckLiuliang_remote/datasets/toniot/test/abnormal/test_00006050_orig18150_18151_18152.png,1,0.15437441535147345,0.17032411993016044,0.5046827074702839
/root/New_CheckLiuliang_remote/datasets/toniot/test/abnormal/test_00006055_orig18165_18166_18167.png,1,0.19297195346951151,0.22125983849045375,0.467449139048554
/root/New_CheckLiuliang_remote/datasets/toniot/test/abnormal/test_00006060_orig18180_18181_18182.png,1,0.5136848174015908,0.6323951458701728,0.20645926913671903
/root/New_CheckLiuliang_remote/datasets/toniot/test/abnormal/test_00006065_orig18195_18196_18197.png,1,0.2298505188070362,0.26053835553224713,0.4694287492188206
/root/New_CheckLiuliang_remote/datasets/toniot/test/abnormal/test_00006070_orig18210_18211_18212.png,1,0.2297215123676161,0.26690969942933573,0.44338684143381724
/root/New_CheckLiuliang_remote/datasets/toniot/test/abnormal/test_00006075_orig18225_18226_18227.png,1,0.44788195125076397,0.5542453823534544,0.23518556608120403
/root/New_CheckLiuliang_remote/datasets/toniot/test/abnormal/test_00006080_orig18240_18241_18242.png,1,0.48321335165035517,0.596610968305454,0.21814245005331645
/root/New_CheckLiuliang_remote/datasets/toniot/test/abnormal/test_00006085_orig18255_18256_18257.png,1,0.21614851366060384,0.2524309946022217,0.442747910871459
/root/New_CheckLiuliang_remote/datasets/toniot/test/abnormal/test_00006090_orig18270_18271_18272.png,1,0.24543229870739744,0.28684706321051756,0.4314135257953549
/root/New_CheckLiuliang_remote/datasets/toniot/test/abnormal/test_00006095_orig18285_18286_18287.png,1,0.15550733737733718,0.18509489443570523,0.45048702116584766
/root/New_CheckLiuliang_remote/datasets/toniot/test/abnormal/test_00006100_orig18300_18301_18302.png,1,0.483498479257551,0.5994723589376274,0.2079269245233282
/root/New_CheckLiuliang_remote/datasets/toniot/test/abnormal/test_00006105_orig18315_18316_18317.png,1,0.275361969108954,0.32372866700632125,0.4130033414641519
/root/New_CheckLiuliang_remote/datasets/toniot/test/abnormal/test_00006110_orig18330_18331_18332.png,1,0.17878649022526533,0.21524393788126672,0.4303168271162765
/root/New_CheckLiuliang_remote/datasets/toniot/test/abnormal/test_00006115_orig18345_18346_18347.png,1,0.43131982463806817,0.5445668020167765,0.20245107645090438
/root/New_CheckLiuliang_remote/datasets/toniot/test/abnormal/test_00006120_orig18360_18361_18362.png,1,0.34858464931466376,0.43467473265324574,0.28510082278472537
/root/New_CheckLiuliang_remote/datasets/toniot/test/abnormal/test_00006125_orig18375_18376_18377.png,1,0.3879324557012596,0.4973963680754983,0.20396023501934196
/root/New_CheckLiuliang_remote/datasets/toniot/test/abnormal/test_00006130_orig18390_18391_18392.png,1,0.1567190563697153,0.172007260017721,0.5080648997021706
/root/New_CheckLiuliang_remote/datasets/toniot/test/abnormal/test_00006135_orig18405_18406_18407.png,1,0.23132176178952657,0.2655764918810271,0.4556231279968697
/root/New_CheckLiuliang_remote/datasets/toniot/test/abnormal/test_00006140_orig18420_18421_18422.png,1,0.48400197063388484,0.602305014951842,0.19876835608574403
/root/New_CheckLiuliang_remote/datasets/toniot/test/abnormal/test_00006145_orig18435_18436_18437.png,1,0.30697512357929296,0.3601169275896812,0.403829059597794
/root/New_CheckLiuliang_remote/datasets/toniot/test/abnormal/test_00006150_orig18450_18451_18452.png,1,0.27290586031515135,0.3263986247270703,0.39172788738305386
/root/New_CheckLiuliang_remote/datasets/toniot/test/abnormal/test_00006155_orig18465_18466_18467.png,1,0.17754227407714074,0.2138270194368041,0.4306169676986161
/root/New_CheckLiuliang_remote/datasets/toniot/test/abnormal/test_00006160_orig18480_18481_18482.png,1,0.17807854879876212,0.20919024928133934,0.4514775308890425
/root/New_CheckLiuliang_remote/datasets/toniot/test/abnormal/test_00006165_orig18495_18496_18497.png,1,0.33384845597392654,0.36919864136428293,0.4834334306931743
/root/New_CheckLiuliang_remote/datasets/toniot/test/abnormal/test_00006170_orig18510_18511_18512.png,1,0.1660676109372477,0.1867676690674724,0.48935281319347396
/root/New_CheckLiuliang_remote/datasets/toniot/test/abnormal/test_00006175_orig18525_18526_18527.png,1,0.4421987442166913,0.5495407775062786,0.22948670006228294
/root/New_CheckLiuliang_remote/datasets/toniot/test/abnormal/test_00006180_orig18540_18541_18542.png,1,0.10995712237265465,0.13571255095310367,0.451513326502572
/root/New_CheckLiuliang_remote/datasets/toniot/test/abnormal/test_00006185_orig18555_18556_18557.png,1,0.14194862619886925,0.15740312005467713,0.5027620050419672
/root/New_CheckLiuliang_remote/datasets/toniot/test/abnormal/test_00006190_orig18570_18571_18572.png,1,0.16660269882692882,0.1954604814373712,0.45688992630401903
/root/New_CheckLiuliang_remote/datasets/toniot/test/abnormal/test_00006195_orig18585_18586_18587.png,1,0.1710852618295646,0.20523431900070707,0.4371322978395163
/root/New_CheckLiuliang_remote/datasets/toniot/test/abnormal/test_00006200_orig18600_18601_18602.png,1,0.40510905041348827,0.48115356763899453,0.3430310555837528
/root/New_CheckLiuliang_remote/datasets/toniot/test/abnormal/test_00006205_orig18615_18616_18617.png,1,0.2030079253702078,0.2216979430080999,0.5089917806084028
/root/New_CheckLiuliang_remote/datasets/toniot/test/abnormal/test_00006210_orig18630_18631_18632.png,1,0.1567347799593252,0.1808710368040597,0.47267762392945223
/root/New_CheckLiuliang_remote/datasets/toniot/test/abnormal/test_00006215_orig18645_18646_18647.png,1,0.224171014069403,0.2711141382324064,0.4026243046719688
/root/New_CheckLiuliang_remote/datasets/toniot/test/abnormal/test_00006220_orig18660_18661_18662.png,1,0.2048433119834474,0.24247753287456789,0.4337912564704271
/root/New_CheckLiuliang_remote/datasets/toniot/test/abnormal/test_00006225_orig18675_18676_18677.png,1,0.3493439745459643,0.4357324027690725,0.2841458620517383
/root/New_CheckLiuliang_remote/datasets/toniot/test/abnormal/test_00006230_orig18690_18691_18692.png,1,0.39760702213563814,0.4792026314087219,0.31847114256991227
/root/New_CheckLiuliang_remote/datasets/toniot/test/abnormal/test_00006235_orig18705_18706_18707.png,1,0.19769511740159038,0.2412743527527305,0.4077667532455453
/root/New_CheckLiuliang_remote/datasets/toniot/test/abnormal/test_00006240_orig18720_18721_18722.png,1,0.16291571132268493,0.20582606843903714,0.3995219594462475
/root/New_CheckLiuliang_remote/datasets/toniot/test/abnormal/test_00006245_orig18735_18736_18737.png,1,0.44396088768253933,0.5463571392864026,0.24982311823058617
/root/New_CheckLiuliang_remote/datasets/toniot/test/abnormal/test_00006250_orig18750_18751_18752.png,1,0.16519620972455185,0.18228126362516203,0.503539220823915
/root/New_CheckLiuliang_remote/datasets/toniot/test/abnormal/test_00006255_orig18765_18766_18767.png,1,0.28613061313852556,0.33293529108364806,0.4226326433587898
/root/New_CheckLiuliang_remote/datasets/toniot/test/abnormal/test_00006260_orig18780_18781_18782.png,1,0.13217392445493176,0.15377652261001126,0.4751004514404669
/root/New_CheckLiuliang_remote/datasets/toniot/test/abnormal/test_00006265_orig18795_18796_18797.png,1,0.19985990448624108,0.220270003066338,0.5011230169106793
/root/New_CheckLiuliang_remote/datasets/toniot/test/abnormal/test_00006270_orig18810_18811_18812.png,1,0.18506920840050795,0.20196355846884637,0.5105419138801226
/root/New_CheckLiuliang_remote/datasets/toniot/test/abnormal/test_00006275_orig18825_18826_18827.png,1,0.17701915665860626,0.19907041542778695,0.48738666161018396
/root/New_CheckLiuliang_remote/datasets/toniot/test/abnormal/test_00006280_orig18840_18841_18842.png,1,0.18643503723407925,0.216908840014963,0.4566529565239021
/root/New_CheckLiuliang_remote/datasets/toniot/test/abnormal/test_00006285_orig18855_18856_18857.png,1,0.1865561829506569,0.22036224250206882,0.44336196771024267
/root/New_CheckLiuliang_remote/datasets/toniot/test/abnormal/test_00006290_orig18870_18871_18872.png,1,0.061458767402719126,0.07117171243496496,0.5004553723473107
/root/New_CheckLiuliang_remote/datasets/toniot/test/abnormal/test_00006295_orig18885_18886_18887.png,1,0.1942896872319393,0.22313086886530667,0.46564970483063917
/root/New_CheckLiuliang_remote/datasets/toniot/test/abnormal/test_00006300_orig18900_18901_18902.png,1,0.21750173455358054,0.25865262982766185,0.42369914829692856
/root/New_CheckLiuliang_remote/datasets/toniot/test/abnormal/test_00006305_orig18915_18916_18917.png,1,0.4690776044145379,0.5750523947548695,0.2433953041369371
/root/New_CheckLiuliang_remote/datasets/toniot/test/abnormal/test_00006310_orig18930_18931_18932.png,1,0.2782843519678538,0.3332045305176732,0.38770701121213036
/root/New_CheckLiuliang_remote/datasets/toniot/test/abnormal/test_00006315_orig18945_18946_18947.png,1,0.39795301336341465,0.4842788181648446,0.299658997456468
/root/New_CheckLiuliang_remote/datasets/toniot/test/abnormal/test_00006320_orig18960_18961_18962.png,1,0.40766464817598597,0.5186334812881873,0.20413621837522725
/root/New_CheckLiuliang_remote/datasets/toniot/test/abnormal/test_00006325_orig18975_18976_18977.png,1,0.24663283484217471,0.3042085456228976,0.3671466942997529
/root/New_CheckLiuliang_remote/datasets/toniot/test/abnormal/test_00006330_orig18990_18991_18992.png,1,0.23235321764791614,0.2784616718902878,0.4085320958761551
/root/New_CheckLiuliang_remote/datasets/toniot/test/abnormal/test_00006335_orig19005_19006_19007.png,1,0.2504551457148702,0.29881430994471014,0.40521303921458784
/root/New_CheckLiuliang_remote/datasets/toniot/test/abnormal/test_00006340_orig19020_19021_19022.png,1,0.16708761146932666,0.20541853545556638,0.41914961742028767
/root/New_CheckLiuliang_remote/datasets/toniot/test/abnormal/test_00006345_orig19035_19036_19037.png,1,0.13080876216973114,0.14633136997605056,0.4989917686295558
/root/New_CheckLiuliang_remote/datasets/toniot/test/abnormal/test_00006350_orig19050_19051_19052.png,1,0.19582840329679108,0.2138459134321743,0.509427528785698
/root/New_CheckLiuliang_remote/datasets/toniot/test/abnormal/test_00006355_orig19065_19066_19067.png,1,0.3115610520034275,0.3652499275402157,0.40308069874446883
/root/New_CheckLiuliang_remote/datasets/toniot/test/abnormal/test_00006360_orig19080_19081_19082.png,1,0.07133995829398994,0.09542281153410188,0.446078312205818
/root/New_CheckLiuliang_remote/datasets/toniot/test/abnormal/test_00006365_orig19095_19096_19097.png,1,0.08720181052701155,0.09758709246209622,0.5058490243898486
/root/New_CheckLiuliang_remote/datasets/toniot/test/abnormal/test_00006370_orig19110_19111_19112.png,1,0.215651542867551,0.2563264378560091,0.42502221195329687
/root/New_CheckLiuliang_remote/datasets/toniot/test/abnormal/test_00006375_orig19125_19126_19127.png,1,0.21250239958829842,0.2588809322717182,0.4012188688261991
/root/New_CheckLiuliang_remote/datasets/toniot/test/abnormal/test_00006380_orig19140_19141_19142.png,1,0.4444995757876449,0.5540686447717625,0.22130099016445054
/root/New_CheckLiuliang_remote/datasets/toniot/test/abnormal/test_00006385_orig19155_19156_19157.png,1,0.4770893566934329,0.6111348087881746,0.13362824902444623
/root/New_CheckLiuliang_remote/datasets/toniot/test/abnormal/test_00006390_orig19170_19171_19172.png,1,0.26828231685112347,0.3200543097400252,0.3971592375618875
/root/New_CheckLiuliang_remote/datasets/toniot/test/abnormal/test_00006395_orig19185_19186_19187.png,1,0.2567443178627044,0.3032276323632623,0.4146911610131089
/root/New_CheckLiuliang_remote/datasets/toniot/test/abnormal/test_00006400_orig19200_19201_19202.png,1,0.11359418168665145,0.12702656141486635,0.5019475139065607
/root/New_CheckLiuliang_remote/datasets/toniot/test/abnormal/test_00006405_orig19215_19216_19217.png,1,0.16136426633618348,0.1773878500325856,0.5065819184377216
/root/New_CheckLiuliang_remote/datasets/toniot/test/abnormal/test_00006410_orig19230_19231_19232.png,1,0.26607946141900535,0.3062872787385214,0.44272427026449224
/root/New_CheckLiuliang_remote/datasets/toniot/test/abnormal/test_00006415_orig19245_19246_19247.png,1,0.09852642881341352,0.12420427085644513,0.4482345751381284
/root/New_CheckLiuliang_remote/datasets/toniot/test/abnormal/test_00006420_orig19260_19261_19262.png,1,0.2272242519383509,0.24697272927305747,0.5123615712104054
/root/New_CheckLiuliang_remote/datasets/toniot/test/abnormal/test_00006425_orig19275_19276_19277.png,1,0.1532720315225729,0.1862198744100383,0.4363440192400013
/root/New_CheckLiuliang_remote/datasets/toniot/test/abnormal/test_00006430_orig19290_19291_19292.png,1,0.24882895611857977,0.27810163631184487,0.4810483717822615
/root/New_CheckLiuliang_remote/datasets/toniot/test/abnormal/test_00006436_orig19308_19309_19310.png,1,0.3704864610357848,0.47883419849900327,0.2029471064143696
/root/New_CheckLiuliang_remote/datasets/toniot/test/abnormal/test_00006441_orig19323_19324_19325.png,1,0.15071594853190282,0.173789593580975,0.4750382318996274
/root/New_CheckLiuliang_remote/datasets/toniot/test/abnormal/test_00006446_orig19338_19339_19340.png,1,0.11690104680104488,0.13783760059904462,0.47296913269553725
/root/New_CheckLiuliang_remote/datasets/toniot/test/abnormal/test_00006451_orig19353_19354_19355.png,1,0.12071471107121183,0.13542691048143082,0.49906399403087004
/root/New_CheckLiuliang_remote/datasets/toniot/test/abnormal/test_00006456_orig19368_19369_19370.png,1,0.13928281335540466,0.16661315554783468,0.45442157917422477
/root/New_CheckLiuliang_remote/datasets/toniot/test/abnormal/test_00006461_orig19383_19384_19385.png,1,0.1505022918464395,0.17466750832418265,0.4706048606074417
/root/New_CheckLiuliang_remote/datasets/toniot/test/abnormal/test_00006466_orig19398_19399_19400.png,1,0.1915488506593218,0.22901884138084141,0.4302738794264218
/root/New_CheckLiuliang_remote/datasets/toniot/test/abnormal/test_00006471_orig19413_19414_19415.png,1,0.15296604910380923,0.17824109761517104,0.46693912201956594
/root/New_CheckLiuliang_remote/datasets/toniot/test/abnormal/test_00006476_orig19428_19429_19430.png,1,0.11518209021429579,0.1373791587947153,0.46738734229055146
/root/New_CheckLiuliang_remote/datasets/toniot/test/abnormal/test_00006481_orig19443_19444_19445.png,1,0.22633574219821942,0.2656077194567084,0.43398859035957893
/root/New_CheckLiuliang_remote/datasets/toniot/test/abnormal/test_00006486_orig19458_19459_19460.png,1,0.14215608033727112,0.16585660848322023,0.46984300593523687
/root/New_CheckLiuliang_remote/datasets/toniot/test/abnormal/test_00006491_orig19473_19474_19475.png,1,0.08972763235871313,0.11626328205231826,0.4420406304171253
/root/New_CheckLiuliang_remote/datasets/toniot/test/abnormal/test_00006496_orig19488_19489_19490.png,1,0.4527419635863402,0.5702533199308427,0.192119849351201
/root/New_CheckLiuliang_remote/datasets/toniot/test/abnormal/test_00006501_orig19503_19504_19505.png,1,0.35786271373818646,0.42048809750456245,0.3818728194534785
/root/New_CheckLiuliang_remote/datasets/toniot/test/abnormal/test_00006506_orig19518_19519_19520.png,1,0.2584668101240105,0.2935957621818051,0.4606494522178941
/root/New_CheckLiuliang_remote/datasets/toniot/test/abnormal/test_00006511_orig19533_19534_19535.png,1,0.09999183010687503,0.11078533547797675,0.5082320398503828
/root/New_CheckLiuliang_remote/datasets/toniot/test/abnormal/test_00006516_orig19548_19549_19550.png,1,0.37457560497910136,0.4932625193384635,0.162874339851024
/root/New_CheckLiuliang_remote/datasets/toniot/test/abnormal/test_00006521_orig19563_19564_19565.png,1,0.36222862571978415,0.46936607627742105,0.20519539507752535
/root/New_CheckLiuliang_remote/datasets/toniot/test/abnormal/test_00006526_orig19578_19579_19580.png,1,0.4520379863732881,0.5577925987759053,0.23892578491219119
/root/New_CheckLiuliang_remote/datasets/toniot/test/abnormal/test_00006531_orig19593_19594_19595.png,1,0.2530748493873651,0.2915176851076872,0.4457009080600236
/root/New_CheckLiuliang_remote/datasets/toniot/test/abnormal/test_00006536_orig19608_19609_19610.png,1,0.1570765294575697,0.17969462317566337,0.4788575815849325
/root/New_CheckLiuliang_remote/datasets/toniot/test/abnormal/test_00006541_orig19623_19624_19625.png,1,0.15011048982487044,0.18125587075142602,0.4425611817851343
/root/New_CheckLiuliang_remote/datasets/toniot/test/abnormal/test_00006546_orig19638_19639_19640.png,1,0.12395456691539826,0.15888485539992356,0.4192089127131715
/root/New_CheckLiuliang_remote/datasets/toniot/test/abnormal/test_00006551_orig19653_19654_19655.png,1,0.2771772904991343,0.31777115409116014,0.4446646673266307
/root/New_CheckLiuliang_remote/datasets/toniot/test/abnormal/test_00006556_orig19668_19669_19670.png,1,0.11238907575722712,0.14241362131106222,0.4352004621298263
/root/New_CheckLiuliang_remote/datasets/toniot/test/abnormal/test_00006561_orig19683_19684_19685.png,1,0.4344055396476649,0.5356698295302389,0.25135070308433466
/root/New_CheckLiuliang_remote/datasets/toniot/test/abnormal/test_00006566_orig19698_19699_19700.png,1,0.3496917244954395,0.4484967399329447,0.23458870241112348
/root/New_CheckLiuliang_remote/datasets/toniot/test/abnormal/test_00006571_orig19713_19714_19715.png,1,0.40949834810906194,0.4968468677101488,0.2991932316977486
/root/New_CheckLiuliang_remote/datasets/toniot/test/abnormal/test_00006576_orig19728_19729_19730.png,1,0.34673398645932363,0.4333322093155532,0.28248717928662864
/root/New_CheckLiuliang_remote/datasets/toniot/test/abnormal/test_00006581_orig19743_19744_19745.png,1,0.4457187443017223,0.5591288241151411,0.20631975080052167
/root/New_CheckLiuliang_remote/datasets/toniot/test/abnormal/test_00006586_orig19758_19759_19760.png,1,0.2347379411488976,0.2585501561444388,0.49846582678037554
/root/New_CheckLiuliang_remote/datasets/toniot/test/abnormal/test_00006591_orig19773_19774_19775.png,1,0.05077639948947268,0.0596709112114738,0.5003749731444819
/root/New_CheckLiuliang_remote/datasets/toniot/test/abnormal/test_00006596_orig19788_19789_19790.png,1,0.159818246068009,0.1820091376085109,0.4814272556679853
/root/New_CheckLiuliang_remote/datasets/toniot/test/abnormal/test_00006601_orig19803_19804_19805.png,1,0.3702993223205779,0.45486336033119074,0.29802314496455423
/root/New_CheckLiuliang_remote/datasets/toniot/test/abnormal/test_00006606_orig19818_19819_19820.png,1,0.1759403444302684,0.19404828649175113,0.5028211946391418
/root/New_CheckLiuliang_remote/datasets/toniot/test/abnormal/test_00006611_orig19833_19834_19835.png,1,0.1881597512424655,0.20914485120913043,0.4951493068158301
/root/New_CheckLiuliang_remote/datasets/toniot/test/abnormal/test_00006616_orig19848_19849_19850.png,1,0.34708355738765423,0.4320915036195778,0.28895804676584164
/root/New_CheckLiuliang_remote/datasets/toniot/test/abnormal/test_00006621_orig19863_19864_19865.png,1,0.18137776853677243,0.221955636111621,0.41464877703370345
/root/New_CheckLiuliang_remote/datasets/toniot/test/abnormal/test_00006626_orig19878_19879_19880.png,1,0.19885367006137822,0.23019919125827318,0.45706538118135814
/root/New_CheckLiuliang_remote/datasets/toniot/test/abnormal/test_00006631_orig19893_19894_19895.png,1,0.1928904711878447,0.23065422164677177,0.4295200928600223
/root/New_CheckLiuliang_remote/datasets/toniot/test/abnormal/test_00006636_orig19908_19909_19910.png,1,0.16281364949197114,0.19410234431183804,0.44597656246972256
/root/New_CheckLiuliang_remote/datasets/toniot/test/abnormal/test_00006641_orig19923_19924_19925.png,1,0.3222435921424629,0.3855272520297596,0.36805574786302653
/root/New_CheckLiuliang_remote/datasets/toniot/test/abnormal/test_00006646_orig19938_19939_19940.png,1,0.22915293137766596,0.26503184622282133,0.44844540284615997
/root/New_CheckLiuliang_remote/datasets/toniot/test/abnormal/test_00006651_orig19953_19954_19955.png,1,0.13139491716442755,0.16148658480405811,0.440899574772069
/root/New_CheckLiuliang_remote/datasets/toniot/test/abnormal/test_00006656_orig19968_19969_19970.png,1,0.5110277890317962,0.6247561985753665,0.225552670532452
/root/New_CheckLiuliang_remote/datasets/toniot/test/abnormal/test_00006661_orig19983_19984_19985.png,1,0.20221903445364361,0.23228815862138913,0.4632276524214922
/root/New_CheckLiuliang_remote/datasets/toniot/test/abnormal/test_00006666_orig19998_19999_20000.png,1,0.2905067054112298,0.3301774238011071,0.45254252085534885
/root/New_CheckLiuliang_remote/datasets/toniot/test/abnormal/test_00006671_orig20013_20014_20015.png,1,0.4864579467832069,0.5984331891922673,0.22485071009548338
/root/New_CheckLiuliang_remote/datasets/toniot/test/abnormal/test_00006676_orig20028_20029_20030.png,1,0.39678271023035766,0.49799900780282647,0.23972956554906139
/root/New_CheckLiuliang_remote/datasets/toniot/test/abnormal/test_00006681_orig20043_20044_20045.png,1,0.23695607883135536,0.2824237689610756,0.41254039425767897
/root/New_CheckLiuliang_remote/datasets/toniot/test/abnormal/test_00006686_orig20058_20059_20060.png,1,0.4474100297018905,0.5605868107578735,0.2077839886925321
/root/New_CheckLiuliang_remote/datasets/toniot/test/abnormal/test_00006691_orig20073_20074_20075.png,1,0.46138207920923097,0.5723720715783269,0.22091819553748487
/root/New_CheckLiuliang_remote/datasets/toniot/test/abnormal/test_00006696_orig20088_20089_20090.png,1,0.3480591185228668,0.456453211316611,0.19571977474412303
/root/New_CheckLiuliang_remote/datasets/toniot/test/abnormal/test_00006701_orig20103_20104_20105.png,1,0.43865554457221384,0.5312251483277043,0.2874638969881162
/root/New_CheckLiuliang_remote/datasets/toniot/test/abnormal/test_00006706_orig20118_20119_20120.png,1,0.05263551102571263,0.0627995731531546,0.4958805097323552
/root/New_CheckLiuliang_remote/datasets/toniot/test/abnormal/test_00006711_orig20133_20134_20135.png,1,0.16344928482027912,0.1806759300602023,0.5024243424828472
/root/New_CheckLiuliang_remote/datasets/toniot/test/abnormal/test_00006716_orig20148_20149_20150.png,1,0.19214599134042556,0.2113499379187923,0.5035255508455199
/root/New_CheckLiuliang_remote/datasets/toniot/test/abnormal/test_00006721_orig20163_20164_20165.png,1,0.2909662518441045,0.34311298779802163,0.40278274254012014
/root/New_CheckLiuliang_remote/datasets/toniot/test/abnormal/test_00006726_orig20178_20179_20180.png,1,0.1938995018753657,0.213667470142567,0.5018200448812167
/root/New_CheckLiuliang_remote/datasets/toniot/test/abnormal/test_00006731_orig20193_20194_20195.png,1,0.4029665708635958,0.492221643885188,0.289516120110631
/root/New_CheckLiuliang_remote/datasets/toniot/test/abnormal/test_00006736_orig20208_20209_20210.png,1,0.24851192626192362,0.2692944103033155,0.514909612904967
/root/New_CheckLiuliang_remote/datasets/toniot/test/abnormal/test_00006741_orig20223_20224_20225.png,1,0.2001568733374544,0.22498549820251187,0.4835421563460796
/root/New_CheckLiuliang_remote/datasets/toniot/test/abnormal/test_00006746_orig20238_20239_20240.png,1,0.37940107547555024,0.4744156277484039,0.2590789267206715
/root/New_CheckLiuliang_remote/datasets/toniot/test/abnormal/test_00006751_orig20253_20254_20255.png,1,0.5910064221477066,0.7206522784518312,0.18699519288867994
/root/New_CheckLiuliang_remote/datasets/toniot/test/abnormal/test_00006756_orig20268_20269_20270.png,1,0.3042675469711983,0.3502415348012306,0.4316501784883442
/root/New_CheckLiuliang_remote/datasets/toniot/test/abnormal/test_00006761_orig20283_20284_20285.png,1,0.14041566203475045,0.1718578137626749,0.43833004161662853
/root/New_CheckLiuliang_remote/datasets/toniot/test/abnormal/test_00006766_orig20298_20299_20300.png,1,0.5661389476764043,0.6692810795399154,0.28520200881037155
/root/New_CheckLiuliang_remote/datasets/toniot/test/abnormal/test_00006771_orig20313_20314_20315.png,1,0.38664538396198134,0.5060336793339971,0.16385857829547065
/root/New_CheckLiuliang_remote/datasets/toniot/test/abnormal/test_00006776_orig20328_20329_20330.png,1,0.46704365525158364,0.568865136104339,0.2593699070082104
/root/New_CheckLiuliang_remote/datasets/toniot/test/abnormal/test_00006781_orig20343_20344_20345.png,1,0.1972139810170417,0.24066436536053615,0.408131086355297
/root/New_CheckLiuliang_remote/datasets/toniot/test/abnormal/test_00006786_orig20358_20359_20360.png,1,0.2603344851818786,0.2918173648675865,0.47582016875658795
/root/New_CheckLiuliang_remote/datasets/toniot/test/abnormal/test_00006791_orig20373_20374_20375.png,1,0.16120127101869297,0.1776808381691246,0.5047068060919906
/root/New_CheckLiuliang_remote/datasets/toniot/test/abnormal/test_00006793_orig20379_20380_20381.png,1,0.38488836907503454,0.5050820255255253,0.16008545286700668
/root/New_CheckLiuliang_remote/datasets/toniot/test/abnormal/test_00006805_orig20415_20416_20417.png,1,0.6653386810028685,0.6598193865250912,0.7509952131822561
/root/New_CheckLiuliang_remote/datasets/toniot/test/abnormal/test_00006817_orig20451_20452_20453.png,1,0.41065639443078195,0.4775745988076577,0.38127810492948583
/root/New_CheckLiuliang_remote/datasets/toniot/test/abnormal/test_00006829_orig20487_20488_20489.png,1,0.6159471234717583,0.6198934877252666,0.6976242352651197
/root/New_CheckLiuliang_remote/datasets/toniot/test/abnormal/test_00006840_orig20520_20521_20522.png,1,0.6555771453637775,0.658655306477006,0.713540388409183
/root/New_CheckLiuliang_remote/datasets/toniot/test/abnormal/test_00006852_orig20556_20557_20558.png,1,0.4755438306064112,0.520308748877677,0.490265108091831
/root/New_CheckLiuliang_remote/datasets/toniot/test/abnormal/test_00006864_orig20592_20593_20594.png,1,0.6146186545305249,0.6169996886427013,0.7034684328842463
/root/New_CheckLiuliang_remote/datasets/toniot/test/abnormal/test_00006876_orig20628_20629_20630.png,1,0.7116452539956049,0.6860400534332686,0.8458785332225924
/root/New_CheckLiuliang_remote/datasets/toniot/test/abnormal/test_00006888_orig20664_20665_20666.png,1,0.7390109462093087,0.725955717985601,0.8042711354248823
/root/New_CheckLiuliang_remote/datasets/toniot/test/abnormal/test_00006900_orig20700_20701_20702.png,1,0.7259109478584188,0.7121785839449062,0.8028664394490773
/root/New_CheckLiuliang_remote/datasets/toniot/test/abnormal/test_00006911_orig20733_20734_20735.png,1,0.6755869856621868,0.6586949313839628,0.7997040942924105
/root/New_CheckLiuliang_remote/datasets/toniot/test/abnormal/test_00006923_orig20769_20770_20771.png,1,0.6722770149858008,0.6632018053212576,0.7673974256612129
/root/New_CheckLiuliang_remote/datasets/toniot/test/abnormal/test_00006935_orig20805_20806_20807.png,1,0.6479111617687051,0.6535969640498439,0.7007027989562619
/root/New_CheckLiuliang_remote/datasets/toniot/test/abnormal/test_00006947_orig20841_20842_20843.png,1,0.5741996295040526,0.5720835445240281,0.7087658313675693
/root/New_CheckLiuliang_remote/datasets/toniot/test/abnormal/test_00006959_orig20877_20878_20879.png,1,0.6388293273690067,0.6451496424114563,0.6953131633506752
/root/New_CheckLiuliang_remote/datasets/toniot/test/abnormal/test_00006971_orig20913_20914_20915.png,1,0.6869029853607282,0.6968510926174468,0.695896533201876
/root/New_CheckLiuliang_remote/datasets/toniot/test/abnormal/test_00006982_orig20946_20947_20948.png,1,0.6053391726373727,0.6062152847436629,0.7065744774597911
/root/New_CheckLiuliang_remote/datasets/toniot/test/abnormal/test_00006994_orig20982_20983_20984.png,1,0.6246749358683392,0.6113751823959397,0.7693491321642402
/root/New_CheckLiuliang_remote/datasets/toniot/test/abnormal/test_00007006_orig21018_21019_21020.png,1,0.6643075907096156,0.6541374110424119,0.7692750042401595
/root/New_CheckLiuliang_remote/datasets/toniot/test/abnormal/test_00007018_orig21054_21055_21056.png,1,0.6878351724206367,0.678303487162383,0.7741083985599171
/root/New_CheckLiuliang_remote/datasets/toniot/test/abnormal/test_00007030_orig21090_21091_21092.png,1,0.5120214590290049,0.548658532889132,0.5342300134522452
/root/New_CheckLiuliang_remote/datasets/toniot/test/abnormal/test_00007042_orig21126_21127_21128.png,1,0.740558264197289,0.728536191644944,0.8006243516008636
/root/New_CheckLiuliang_remote/datasets/toniot/test/abnormal/test_00007053_orig21159_21160_21161.png,1,0.7436084731587894,0.7213518811137328,0.8425201577571878
/root/New_CheckLiuliang_remote/datasets/toniot/test/abnormal/test_00007065_orig21195_21196_21197.png,1,0.7225424624873819,0.6976483142554276,0.8464559136502696
/root/New_CheckLiuliang_remote/datasets/toniot/test/abnormal/test_00007077_orig21231_21232_21233.png,1,0.7668148556525299,0.7446738942322012,0.849344154600973
/root/New_CheckLiuliang_remote/datasets/toniot/test/abnormal/test_00007089_orig21267_21268_21269.png,1,0.7152273170004682,0.6979356604350159,0.8137490810638879
/root/New_CheckLiuliang_remote/datasets/toniot/test/abnormal/test_00007101_orig21303_21304_21305.png,1,0.6981595196624265,0.6812559363555766,0.8068377091004639
/root/New_CheckLiuliang_remote/datasets/toniot/test/abnormal/test_00007113_orig21339_21340_21341.png,1,0.6935975769217756,0.6760684849600517,0.8079073496779768
/root/New_CheckLiuliang_remote/datasets/toniot/test/abnormal/test_00007124_orig21372_21373_21374.png,1,0.7873590181422845,0.7777158183022197,0.8058037232088682
/root/New_CheckLiuliang_remote/datasets/toniot/test/abnormal/test_00007136_orig21408_21409_21410.png,1,0.7806888523991651,0.7671622098049602,0.8192431440302042
/root/New_CheckLiuliang_remote/datasets/toniot/test/abnormal/test_00007148_orig21444_21445_21446.png,1,0.6702647996903429,0.648775321398014,0.816422689261027
/root/New_CheckLiuliang_remote/datasets/toniot/test/abnormal/test_00007160_orig21480_21481_21482.png,1,0.7016677706147653,0.6860804655900326,0.8026741437220659
/root/New_CheckLiuliang_remote/datasets/toniot/test/abnormal/test_00007172_orig21516_21517_21518.png,1,0.7015757637332635,0.6863237257804237,0.801304186402698
/root/New_CheckLiuliang_remote/datasets/toniot/test/abnormal/test_00007184_orig21552_21553_21554.png,1,0.6425478611019679,0.6231963942909169,0.7991678647275309
/root/New_CheckLiuliang_remote/datasets/toniot/test/abnormal/test_00007195_orig21585_21586_21587.png,1,0.7414506505371895,0.7261601405188423,0.8139782998253273
/root/New_CheckLiuliang_remote/datasets/toniot/test/abnormal/test_00007207_orig21621_21622_21623.png,1,0.6976306989529885,0.6811731439175308,0.8048875528011723
/root/New_CheckLiuliang_remote/datasets/toniot/test/abnormal/test_00007219_orig21657_21658_21659.png,1,0.699520734431728,0.6841997258008922,0.8009348151308059
/root/New_CheckLiuliang_remote/datasets/toniot/test/abnormal/test_00007231_orig21693_21694_21695.png,1,0.7055198753027354,0.6897340919447419,0.8046775706588147
/root/New_CheckLiuliang_remote/datasets/toniot/test/abnormal/test_00007243_orig21729_21730_21731.png,1,0.3689230477465011,0.48663807462839515,0.16498705615112738
/root/New_CheckLiuliang_remote/datasets/toniot/test/abnormal/test_00007255_orig21765_21766_21767.png,1,0.5717500365629392,0.5621651154127898,0.7378720339229674
/root/New_CheckLiuliang_remote/datasets/toniot/test/abnormal/test_00007266_orig21798_21799_21800.png,1,0.6931314324798213,0.6879396872177791,0.7584115992444307
/root/New_CheckLiuliang_remote/datasets/toniot/test/abnormal/test_00007278_orig21834_21835_21836.png,1,0.6829378640651637,0.6654642300585359,0.8043384988235716
/root/New_CheckLiuliang_remote/datasets/toniot/test/abnormal/test_00007290_orig21870_21871_21872.png,1,0.6630341517716423,0.6615760032613135,0.7340270354122199
/root/New_CheckLiuliang_remote/datasets/toniot/test/abnormal/test_00007302_orig21906_21907_21908.png,1,0.617752118585106,0.6170129406811207,0.7169331502119939
/root/New_CheckLiuliang_remote/datasets/toniot/test/abnormal/test_00007314_orig21942_21943_21944.png,1,0.6403001325615006,0.6411697010117079,0.7175779645021665
/root/New_CheckLiuliang_remote/datasets/toniot/test/abnormal/test_00007326_orig21978_21979_21980.png,1,0.6306625826535759,0.6300528152774747,0.7204692353965347
/root/New_CheckLiuliang_remote/datasets/toniot/test/abnormal/test_00007337_orig22011_22012_22013.png,1,0.5891964706970596,0.5854195562561496,0.7201179733228258
/root/New_CheckLiuliang_remote/datasets/toniot/test/abnormal/test_00007349_orig22047_22048_22049.png,1,0.609726608342913,0.6009009549208951,0.7467591405473192
/root/New_CheckLiuliang_remote/datasets/toniot/test/abnormal/test_00007361_orig22083_22084_22085.png,1,0.3408591187373991,0.4068629026766362,0.3630202985791044
/root/New_CheckLiuliang_remote/datasets/toniot/test/abnormal/test_00007373_orig22119_22120_22121.png,1,0.7213931226458029,0.7055987500572396,0.809695932469743
/root/New_CheckLiuliang_remote/datasets/toniot/test/abnormal/test_00007385_orig22155_22156_22157.png,1,0.7235008741355704,0.7042942771268899,0.8240066382542508
/root/New_CheckLiuliang_remote/datasets/toniot/test/abnormal/test_00007397_orig22191_22192_22193.png,1,0.7425898260551831,0.7280104399821085,0.811491491178319
/root/New_CheckLiuliang_remote/datasets/toniot/test/abnormal/test_00007408_orig22224_22225_22226.png,1,0.7032738839227218,0.6868700771465448,0.8064444505982835
/root/New_CheckLiuliang_remote/datasets/toniot/test/abnormal/test_00007420_orig22260_22261_22262.png,1,0.5993080777782341,0.6026155850007393,0.694955207215381
/root/New_CheckLiuliang_remote/datasets/toniot/test/abnormal/test_00007432_orig22296_22297_22298.png,1,0.6336824168995867,0.6349501651190866,0.7139073639116658
/root/New_CheckLiuliang_remote/datasets/toniot/test/abnormal/test_00007444_orig22332_22333_22334.png,1,0.6732590219667072,0.6729494012243571,0.7326434081144569
/root/New_CheckLiuliang_remote/datasets/toniot/test/abnormal/test_00007456_orig22368_22369_22370.png,1,0.6449415029532614,0.6518537305603421,0.6948646612244651
/root/New_CheckLiuliang_remote/datasets/toniot/test/abnormal/test_00007468_orig22404_22405_22406.png,1,0.5849318654999648,0.5841776696854635,0.7066880651153215
/root/New_CheckLiuliang_remote/datasets/toniot/test/abnormal/test_00007479_orig22437_22438_22439.png,1,0.6415175631121279,0.646559344399354,0.7012713714081691
/root/New_CheckLiuliang_remote/datasets/toniot/test/abnormal/test_00007491_orig22473_22474_22475.png,1,0.5744098278020681,0.5742053139624396,0.7011855464922659
/root/New_CheckLiuliang_remote/datasets/toniot/test/abnormal/test_00007503_orig22509_22510_22511.png,1,0.5362413806117382,0.5316388481013306,0.7067931971141126
/root/New_CheckLiuliang_remote/datasets/toniot/test/abnormal/test_00007515_orig22545_22546_22547.png,1,0.5540537855436137,0.5494106188715062,0.7125486103374772
/root/New_CheckLiuliang_remote/datasets/toniot/test/abnormal/test_00007527_orig22581_22582_22583.png,1,0.6464791722654936,0.6500191760932177,0.7088363656375357
/root/New_CheckLiuliang_remote/datasets/toniot/test/abnormal/test_00007539_orig22617_22618_22619.png,1,0.6050891285149633,0.6405353088754937,0.5682156936566297
/root/New_CheckLiuliang_remote/datasets/toniot/test/abnormal/test_00007550_orig22650_22651_22652.png,1,0.6876585322754086,0.6780381839773933,0.7744075878808736
/root/New_CheckLiuliang_remote/datasets/toniot/test/abnormal/test_00007562_orig22686_22687_22688.png,1,0.6970808434172225,0.6803607021166129,0.8057652499707046
/root/New_CheckLiuliang_remote/datasets/toniot/test/abnormal/test_00007574_orig22722_22723_22724.png,1,0.7201228076413856,0.7961693474053362,0.44193341973605244
/root/New_CheckLiuliang_remote/datasets/toniot/test/abnormal/test_00007586_orig22758_22759_22760.png,1,0.6398720538176468,0.6332380279969649,0.7474579301130105
/root/New_CheckLiuliang_remote/datasets/toniot/test/abnormal/test_00007598_orig22794_22795_22796.png,1,0.6345906211926173,0.6378065698358151,0.7063997272205136
/root/New_CheckLiuliang_remote/datasets/toniot/test/abnormal/test_00007610_orig22830_22831_22832.png,1,0.5883565592935864,0.5819517208559137,0.7303659474355508
/root/New_CheckLiuliang_remote/datasets/toniot/test/abnormal/test_00007621_orig22863_22864_22865.png,1,0.6735593527941688,0.6694504694567412,0.7479347586892972
/root/New_CheckLiuliang_remote/datasets/toniot/test/abnormal/test_00007633_orig22899_22900_22901.png,1,0.6017481902235704,0.601087795541778,0.7115929801983316
/root/New_CheckLiuliang_remote/datasets/toniot/test/abnormal/test_00007645_orig22935_22936_22937.png,1,0.6089243937419019,0.6079574685667553,0.7150723420189135
/root/New_CheckLiuliang_remote/datasets/toniot/test/abnormal/test_00007657_orig22971_22972_22973.png,1,0.6078437572960472,0.6028508414847584,0.7308369979797322
/root/New_CheckLiuliang_remote/datasets/toniot/test/abnormal/test_00007669_orig23007_23008_23009.png,1,0.6160752588074524,0.6198369369474572,0.6984032126422215
/root/New_CheckLiuliang_remote/datasets/toniot/test/abnormal/test_00007681_orig23043_23044_23045.png,1,0.6058154562189298,0.6036729926999638,0.7187983271610562
/root/New_CheckLiuliang_remote/datasets/toniot/test/abnormal/test_00007692_orig23076_23077_23078.png,1,0.6546963630891445,0.6578764540011905,0.7128561143875607
/root/New_CheckLiuliang_remote/datasets/toniot/test/abnormal/test_00007704_orig23112_23113_23114.png,1,0.6501182534344903,0.6906000667325419,0.5622117545889378
/root/New_CheckLiuliang_remote/datasets/toniot/test/abnormal/test_00007716_orig23148_23149_23150.png,1,0.7009943190914257,0.7197998181190529,0.664891471998071
/root/New_CheckLiuliang_remote/datasets/toniot/test/abnormal/test_00007728_orig23184_23185_23186.png,1,0.6485708893865539,0.6551571619591972,0.6973080641668786
/root/New_CheckLiuliang_remote/datasets/toniot/test/abnormal/test_00007740_orig23220_23221_23222.png,1,0.6470124497681026,0.6477626557294925,0.7201629996949622
/root/New_CheckLiuliang_remote/datasets/toniot/test/abnormal/test_00007752_orig23256_23257_23258.png,1,0.6427723961940566,0.6439119545064081,0.7172742654976157
/root/New_CheckLiuliang_remote/datasets/toniot/test/abnormal/test_00007763_orig23289_23290_23291.png,1,0.5964941506269785,0.5988083137253462,0.6980450451155088
/root/New_CheckLiuliang_remote/datasets/toniot/test/abnormal/test_00007775_orig23325_23326_23327.png,1,0.5206873864428079,0.5157131781287833,0.703396137019126
/root/New_CheckLiuliang_remote/datasets/toniot/test/abnormal/test_00007787_orig23361_23362_23363.png,1,0.6291829268768476,0.6315544942845008,0.7080793025041497
/root/New_CheckLiuliang_remote/datasets/toniot/test/abnormal/test_00007799_orig23397_23398_23399.png,1,0.5835912511347435,0.5835527245469344,0.7034044517482528
/root/New_CheckLiuliang_remote/datasets/toniot/test/abnormal/test_00007811_orig23433_23434_23435.png,1,0.6581056856430916,0.6648102878854457,0.6998285545132314
/root/New_CheckLiuliang_remote/datasets/toniot/test/abnormal/test_00007823_orig23469_23470_23471.png,1,0.611753956631109,0.6061666064639245,0.7344424900133409
/root/New_CheckLiuliang_remote/datasets/toniot/test/abnormal/test_00007834_orig23502_23503_23504.png,1,0.6104599858360688,0.7195703348002859,0.27524540253611923
/root/New_CheckLiuliang_remote/datasets/toniot/test/abnormal/test_00007846_orig23538_23539_23540.png,1,0.375422537569752,0.4404517029459806,0.37777126222450147
/root/New_CheckLiuliang_remote/datasets/toniot/test/abnormal/test_00007858_orig23574_23575_23576.png,1,0.6666056399238047,0.6649090877362356,0.7361020535760276
/root/New_CheckLiuliang_remote/datasets/toniot/test/abnormal/test_00007870_orig23610_23611_23612.png,1,0.6246284843465498,0.6213955603571962,0.7290672290242108
/root/New_CheckLiuliang_remote/datasets/toniot/test/abnormal/test_00007882_orig23646_23647_23648.png,1,0.6686052485193775,0.6676240499042901,0.7338684918483593
/root/New_CheckLiuliang_remote/datasets/toniot/test/abnormal/test_00007894_orig23682_23683_23684.png,1,0.6302920348660703,0.6342159234656731,0.7022182640353508
/root/New_CheckLiuliang_remote/datasets/toniot/test/abnormal/test_00007905_orig23715_23716_23717.png,1,0.5839015996474473,0.5839093487095467,0.7033167947733895
/root/New_CheckLiuliang_remote/datasets/toniot/test/abnormal/test_00007917_orig23751_23752_23753.png,1,0.6057480449895983,0.6079683588557534,0.7013260513217495
/root/New_CheckLiuliang_remote/datasets/toniot/test/abnormal/test_00007929_orig23787_23788_23789.png,1,0.7320595322361002,0.7370216948989755,0.7300189131902115
/root/New_CheckLiuliang_remote/datasets/toniot/test/abnormal/test_00007941_orig23823_23824_23825.png,1,0.5897421995649057,0.5894749424290776,0.7062506962704846
/root/New_CheckLiuliang_remote/datasets/toniot/test/abnormal/test_00007953_orig23859_23860_23861.png,1,0.5552083742379845,0.5534417315087157,0.7014050412484552
/root/New_CheckLiuliang_remote/datasets/toniot/test/abnormal/test_00007965_orig23895_23896_23897.png,1,0.6600838836273027,0.64617477286859,0.7829045364105159
/root/New_CheckLiuliang_remote/datasets/toniot/test/abnormal/test_00007976_orig23928_23929_23930.png,1,0.6894950721496097,0.6802395968546221,0.7735247468534916
/root/New_CheckLiuliang_remote/datasets/toniot/test/abnormal/test_00007988_orig23964_23965_23966.png,1,0.37386979788593944,0.4571400867732979,0.3043192269725867
/root/New_CheckLiuliang_remote/datasets/toniot/test/abnormal/test_00008000_orig24000_24001_24002.png,1,0.7256491886597076,0.7391022649308159,0.694042489534187
/root/New_CheckLiuliang_remote/datasets/toniot/test/abnormal/test_00008012_orig24036_24037_24038.png,1,0.731257975547167,0.7180202399301238,0.8025668273452838
/root/New_CheckLiuliang_remote/datasets/toniot/test/abnormal/test_00008024_orig24072_24073_24074.png,1,0.6993201243434859,0.684737155002533,0.7979196688652079
/root/New_CheckLiuliang_remote/datasets/toniot/test/abnormal/test_00008036_orig24108_24109_24110.png,1,0.7342293435996757,0.7208803184792852,0.8039449584661664
/root/New_CheckLiuliang_remote/datasets/toniot/test/abnormal/test_00008047_orig24141_24142_24143.png,1,0.7398102131706973,0.7248795474993075,0.8120238452338598
/root/New_CheckLiuliang_remote/datasets/toniot/test/abnormal/test_00008059_orig24177_24178_24179.png,1,0.648849823050636,0.7488644249553466,0.3236823285863981
/root/New_CheckLiuliang_remote/datasets/toniot/test/abnormal/test_00008071_orig24213_24214_24215.png,1,0.47991983058270515,0.5620444037757025,0.3422004987005417
/root/New_CheckLiuliang_remote/datasets/toniot/test/abnormal/test_00008083_orig24249_24250_24251.png,1,0.6140562358455998,0.6004667866522845,0.7671737735404602
/root/New_CheckLiuliang_remote/datasets/toniot/test/abnormal/test_00008095_orig24285_24286_24287.png,1,0.803492645285083,0.7946275186581484,0.8077571913070494
/root/New_CheckLiuliang_remote/datasets/toniot/test/abnormal/test_00008107_orig24321_24322_24323.png,1,0.7385427991287379,0.7453433189848309,0.7247011506669082
/root/New_CheckLiuliang_remote/datasets/toniot/test/abnormal/test_00008118_orig24354_24355_24356.png,1,0.6721439637367592,0.6608526518968981,0.776220057902928
/root/New_CheckLiuliang_remote/datasets/toniot/test/abnormal/test_00008130_orig24390_24391_24392.png,1,0.6116849066781024,0.6029897910757099,0.7468518709162261
/root/New_CheckLiuliang_remote/datasets/toniot/test/abnormal/test_00008142_orig24426_24427_24428.png,1,0.6493487696144821,0.6460280819878688,0.7371801498102797
/root/New_CheckLiuliang_remote/datasets/toniot/test/abnormal/test_00008154_orig24462_24463_24464.png,1,0.2599769872490038,0.3270545350246783,0.33332924643257605
/root/New_CheckLiuliang_remote/datasets/toniot/test/abnormal/test_00008166_orig24498_24499_24500.png,1,0.6958616350976204,0.6944108806320671,0.7443048861787569
/root/New_CheckLiuliang_remote/datasets/toniot/test/abnormal/test_00008178_orig24534_24535_24536.png,1,0.2670598224965491,0.3346933511111834,0.33332924643257605
/root/New_CheckLiuliang_remote/datasets/toniot/test/abnormal/test_00008189_orig24567_24568_24569.png,1,0.5679814469861479,0.6020040231089309,0.5622587539476467
/root/New_CheckLiuliang_remote/datasets/toniot/test/abnormal/test_00008201_orig24603_24604_24605.png,1,0.6538853526949474,0.654613041134196,0.7224110769666995
/root/New_CheckLiuliang_remote/datasets/toniot/test/abnormal/test_00008213_orig24639_24640_24641.png,1,0.6466718703463038,0.6694479764990188,0.6319524611703912
/root/New_CheckLiuliang_remote/datasets/toniot/test/abnormal/test_00008225_orig24675_24676_24677.png,1,0.6500438258827536,0.6458575111963324,0.7408608971888676
/root/New_CheckLiuliang_remote/datasets/toniot/test/abnormal/test_00008237_orig24711_24712_24713.png,1,0.566794439289335,0.5818989751188386,0.6375582092694714
/root/New_CheckLiuliang_remote/datasets/toniot/test/abnormal/test_00008249_orig24747_24748_24749.png,1,0.5846464042580171,0.587990189292904,0.6902065103906281
/root/New_CheckLiuliang_remote/datasets/toniot/test/abnormal/test_00008260_orig24780_24781_24782.png,1,0.6510927902702893,0.6516680708141698,0.7221438782137397
/root/New_CheckLiuliang_remote/datasets/toniot/test/abnormal/test_00008272_orig24816_24817_24818.png,1,0.6291676229054658,0.6246101637361511,0.7357906035527992
/root/New_CheckLiuliang_remote/datasets/toniot/test/abnormal/test_00008284_orig24852_24853_24854.png,1,0.615263851470047,0.6130844329354355,0.7219128273933402
/root/New_CheckLiuliang_remote/datasets/toniot/test/abnormal/test_00008296_orig24888_24889_24890.png,1,0.6872548208134177,0.7249593221464261,0.5849814289115675
/root/New_CheckLiuliang_remote/datasets/toniot/test/abnormal/test_00008308_orig24924_24925_24926.png,1,0.6122184471503471,0.6080107391370352,0.7290697657212326
/root/New_CheckLiuliang_remote/datasets/toniot/test/abnormal/test_00008320_orig24960_24961_24962.png,1,0.5887449810761698,0.5808922138238705,0.7362796223675515
/root/New_CheckLiuliang_remote/datasets/toniot/test/abnormal/test_00008331_orig24993_24994_24995.png,1,0.5967912748409836,0.5992654434466637,0.6974983164435113
/root/New_CheckLiuliang_remote/datasets/toniot/test/abnormal/test_00008343_orig25029_25030_25031.png,1,0.6229077013843277,0.6294419094271722,0.6894583961606245
/root/New_CheckLiuliang_remote/datasets/toniot/test/abnormal/test_00008355_orig25065_25066_25067.png,1,0.6710678350225218,0.6642741707668167,0.757891576354968
/root/New_CheckLiuliang_remote/datasets/toniot/test/abnormal/test_00008367_orig25101_25102_25103.png,1,0.6039405581695461,0.6117760237560502,0.6782979157581239
/root/New_CheckLiuliang_remote/datasets/toniot/test/abnormal/test_00008379_orig25137_25138_25139.png,1,0.49185872484016174,0.5423241897329767,0.4725855981986069
/root/New_CheckLiuliang_remote/datasets/toniot/test/abnormal/test_00008391_orig25173_25174_25175.png,1,0.672687606050182,0.6743459823821366,0.7245920022311659
/root/New_CheckLiuliang_remote/datasets/toniot/test/abnormal/test_00008402_orig25206_25207_25208.png,1,0.6714941903048173,0.6813274448797207,0.6915177713594646
/root/New_CheckLiuliang_remote/datasets/toniot/test/abnormal/test_00008414_orig25242_25243_25244.png,1,0.604006531267721,0.6028293233233646,0.7143693246248525
/root/New_CheckLiuliang_remote/datasets/toniot/test/abnormal/test_00008426_orig25278_25279_25280.png,1,0.6546300720817883,0.6549902650000938,0.7241148917996548
/root/New_CheckLiuliang_remote/datasets/toniot/test/abnormal/test_00008438_orig25314_25315_25316.png,1,0.47359928099114634,0.5132597141049843,0.5100724840034829
/root/New_CheckLiuliang_remote/datasets/toniot/test/abnormal/test_00008450_orig25350_25351_25352.png,1,0.5877890206556652,0.5804814006328701,0.733798873607873
/root/New_CheckLiuliang_remote/datasets/toniot/test/abnormal/test_00008462_orig25386_25387_25388.png,1,0.5083079980404602,0.564131534222602,0.4563181829808346
/root/New_CheckLiuliang_remote/datasets/toniot/test/abnormal/test_00008473_orig25419_25420_25421.png,1,0.5680147705492735,0.561714283689929,0.723561469066072
/root/New_CheckLiuliang_remote/datasets/toniot/test/abnormal/test_00008485_orig25455_25456_25457.png,1,0.6128710160443297,0.6033210920361941,0.7506435283257102
/root/New_CheckLiuliang_remote/datasets/toniot/test/abnormal/test_00008497_orig25491_25492_25493.png,1,0.5273859690992431,0.555610342310649,0.5727050836747128
/root/New_CheckLiuliang_remote/datasets/toniot/test/abnormal/test_00008509_orig25527_25528_25529.png,1,0.47591429778855787,0.5340221156839974,0.4370098317444097
/root/New_CheckLiuliang_remote/datasets/toniot/test/abnormal/test_00008521_orig25563_25564_25565.png,1,0.6022053824039875,0.5985514078716321,0.7237108523351318
/root/New_CheckLiuliang_remote/datasets/toniot/test/abnormal/test_00008533_orig25599_25600_25601.png,1,0.6724866962022188,0.6735401009962777,0.7269488051558085
/root/New_CheckLiuliang_remote/datasets/toniot/test/abnormal/test_00008544_orig25632_25633_25634.png,1,0.7822257253359883,0.7614415278734322,0.8487559227471471
/root/New_CheckLiuliang_remote/datasets/toniot/test/abnormal/test_00008556_orig25668_25669_25670.png,1,0.6469256290256902,0.7786510710730438,0.19623479470334843
/root/New_CheckLiuliang_remote/datasets/toniot/test/abnormal/test_00008568_orig25704_25705_25706.png,1,0.7157801873858753,0.7003165662682614,0.8066105337894033
/root/New_CheckLiuliang_remote/datasets/toniot/test/abnormal/test_00008580_orig25740_25741_25742.png,1,0.5886188840673429,0.5877083538619654,0.7084710812664009
/root/New_CheckLiuliang_remote/datasets/toniot/test/abnormal/test_00008592_orig25776_25777_25778.png,1,0.7021607991362105,0.6888536842438118,0.7937081880986209
/root/New_CheckLiuliang_remote/datasets/toniot/test/abnormal/test_00008604_orig25812_25813_25814.png,1,0.6787357300085762,0.6854223247513045,0.7063781652958285
/root/New_CheckLiuliang_remote/datasets/toniot/test/abnormal/test_00008615_orig25845_25846_25847.png,1,0.6651469939537509,0.6673433953480622,0.7200722423126278
/root/New_CheckLiuliang_remote/datasets/toniot/test/abnormal/test_00008627_orig25881_25882_25883.png,1,0.654609812303111,0.6344793897344462,0.8060709924256341
/root/New_CheckLiuliang_remote/datasets/toniot/test/abnormal/test_00008639_orig25917_25918_25919.png,1,0.7405148465902966,0.7257467031618183,0.8115950025095685
/root/New_CheckLiuliang_remote/datasets/toniot/test/abnormal/test_00008651_orig25953_25954_25955.png,1,0.679804997074949,0.6586765622217974,0.8179740204174516
/root/New_CheckLiuliang_remote/datasets/toniot/test/abnormal/test_00008663_orig25989_25990_25991.png,1,0.7342090601980014,0.7196091724574357,0.8089420402076343
/root/New_CheckLiuliang_remote/datasets/toniot/test/abnormal/test_00008675_orig26025_26026_26027.png,1,0.7251957144996665,0.7063808827405845,0.8229717363331749
/root/New_CheckLiuliang_remote/datasets/toniot/test/abnormal/test_00008686_orig26058_26059_26060.png,1,0.7420735290580174,0.7282428098835014,0.8083347126623389
/root/New_CheckLiuliang_remote/datasets/toniot/test/abnormal/test_00008698_orig26094_26095_26096.png,1,0.6757327844352204,0.655883006281335,0.811580768820724
/root/New_CheckLiuliang_remote/datasets/toniot/test/abnormal/test_00008710_orig26130_26131_26132.png,1,0.6917810629104997,0.6762218674641333,0.7994574005070435
/root/New_CheckLiuliang_remote/datasets/toniot/test/abnormal/test_00008722_orig26166_26167_26168.png,1,0.7100326566741473,0.6939712016148069,0.8071972154394936
/root/New_CheckLiuliang_remote/datasets/toniot/test/abnormal/test_00008734_orig26202_26203_26204.png,1,0.711253341370811,0.6947341778861792,0.8094113291566617
/root/New_CheckLiuliang_remote/datasets/toniot/test/abnormal/test_00008746_orig26238_26239_26240.png,1,0.6947780105500297,0.681719495283652,0.7903956845710266
/root/New_CheckLiuliang_remote/datasets/toniot/test/abnormal/test_00008757_orig26271_26272_26273.png,1,0.6744350256739826,0.6560310092450681,0.8053902415943197
/root/New_CheckLiuliang_remote/datasets/toniot/test/abnormal/test_00008769_orig26307_26308_26309.png,1,0.6571061024517221,0.6381322288393484,0.8022286010757146
/root/New_CheckLiuliang_remote/datasets/toniot/test/abnormal/test_00008781_orig26343_26344_26345.png,1,0.7212648786943864,0.7055795936452671,0.8092193152848749
/root/New_CheckLiuliang_remote/datasets/toniot/test/abnormal/test_00008793_orig26379_26380_26381.png,1,0.5688114240475931,0.5616488107476393,0.7272601142514246
/root/New_CheckLiuliang_remote/datasets/toniot/test/abnormal/test_00008805_orig26415_26416_26417.png,1,0.6578757610870009,0.650248790620286,0.757082651860248
/root/New_CheckLiuliang_remote/datasets/toniot/test/abnormal/test_00008817_orig26451_26452_26453.png,1,0.5837544134124791,0.5787167801902756,0.7234521092389112
/root/New_CheckLiuliang_remote/datasets/toniot/test/abnormal/test_00008828_orig26484_26485_26486.png,1,0.626883100821153,0.6317223097017124,0.6974866194516887
/root/New_CheckLiuliang_remote/datasets/toniot/test/abnormal/test_00008840_orig26520_26521_26522.png,1,0.5490635715871136,0.6185295774344814,0.41454505431103555
/root/New_CheckLiuliang_remote/datasets/toniot/test/abnormal/test_00008852_orig26556_26557_26558.png,1,0.6335223981534265,0.6261958160559336,0.7482344412568968
/root/New_CheckLiuliang_remote/datasets/toniot/test/abnormal/test_00008864_orig26592_26593_26594.png,1,0.6500106755989944,0.637664340037334,0.7734905719075038
/root/New_CheckLiuliang_remote/datasets/toniot/test/abnormal/test_00008876_orig26628_26629_26630.png,1,0.5909526483750948,0.5803166030065857,0.7481059152744604
/root/New_CheckLiuliang_remote/datasets/toniot/test/abnormal/test_00008888_orig26664_26665_26666.png,1,0.6230349777151569,0.6217401133560997,0.7208146489743323
/root/New_CheckLiuliang_remote/datasets/toniot/test/abnormal/test_00008899_orig26697_26698_26699.png,1,0.6662571788239324,0.6685796399617974,0.7199165877648197
/root/New_CheckLiuliang_remote/datasets/toniot/test/abnormal/test_00008911_orig26733_26734_26735.png,1,0.7058079776119194,0.7061006218092601,0.7404543210273228
/root/New_CheckLiuliang_remote/datasets/toniot/test/abnormal/test_00008923_orig26769_26770_26771.png,1,0.5924173216424349,0.5883721366576443,0.7222023631728527
/root/New_CheckLiuliang_remote/datasets/toniot/test/abnormal/test_00008935_orig26805_26806_26807.png,1,0.5847648764190719,0.5843578186829862,0.7052470802793439
/root/New_CheckLiuliang_remote/datasets/toniot/test/abnormal/test_00008947_orig26841_26842_26843.png,1,0.5507546669168308,0.5469925810890263,0.7079884041942031
/root/New_CheckLiuliang_remote/datasets/toniot/test/abnormal/test_00008959_orig26877_26878_26879.png,1,0.5747022660502821,0.5702034607763936,0.7184545342508003
/root/New_CheckLiuliang_remote/datasets/toniot/test/abnormal/test_00008970_orig26910_26911_26912.png,1,0.585099235044957,0.5746051056561405,0.7457003513959549
/root/New_CheckLiuliang_remote/datasets/toniot/test/abnormal/test_00008982_orig26946_26947_26948.png,1,0.5975206638606814,0.5969683797178733,0.7098331466394789
/root/New_CheckLiuliang_remote/datasets/toniot/test/abnormal/test_00008994_orig26982_26983_26984.png,1,0.6491379779410356,0.6494526186487146,0.7225726504742249
/root/New_CheckLiuliang_remote/datasets/toniot/test/abnormal/test_00009006_orig27018_27019_27020.png,1,0.5734387343032782,0.5690593243900881,0.7175802193439637
/root/New_CheckLiuliang_remote/datasets/toniot/test/abnormal/test_00009018_orig27054_27055_27056.png,1,0.6580073061783773,0.662290694877851,0.7094825187400254
/root/New_CheckLiuliang_remote/datasets/toniot/test/abnormal/test_00009030_orig27090_27091_27092.png,1,0.6192732096308395,0.6166442453547997,0.7249698996236035
/root/New_CheckLiuliang_remote/datasets/toniot/test/abnormal/test_00009041_orig27123_27124_27125.png,1,0.5591982751431822,0.5567954156869234,0.7052026880814629
/root/New_CheckLiuliang_remote/datasets/toniot/test/abnormal/test_00009053_orig27159_27160_27161.png,1,0.685060564208781,0.6912639807365221,0.7102967984840135
/root/New_CheckLiuliang_remote/datasets/toniot/test/abnormal/test_00009065_orig27195_27196_27197.png,1,0.6358448166729685,0.6337313712094086,0.7281111056384222
/root/New_CheckLiuliang_remote/datasets/toniot/test/abnormal/test_00009077_orig27231_27232_27233.png,1,0.6433616182980695,0.6448432710281968,0.7160908963369602
/root/New_CheckLiuliang_remote/datasets/toniot/test/abnormal/test_00009089_orig27267_27268_27269.png,1,0.6091278925893606,0.6108519236908265,0.7043724130534764
/root/New_CheckLiuliang_remote/datasets/toniot/test/abnormal/test_00009101_orig27303_27304_27305.png,1,0.59766688666795,0.5966344545913655,0.7117996505417997
/root/New_CheckLiuliang_remote/datasets/toniot/test/abnormal/test_00009112_orig27336_27337_27338.png,1,0.4823328496985479,0.5557541466087443,0.37777126222450147
/root/New_CheckLiuliang_remote/datasets/toniot/test/abnormal/test_00009124_orig27372_27373_27374.png,1,0.6229923529358102,0.6200905625936417,0.7272289692491017
/root/New_CheckLiuliang_remote/datasets/toniot/test/abnormal/test_00009136_orig27408_27409_27410.png,1,0.6321237903546709,0.6361685654038611,0.7023098669833592
/root/New_CheckLiuliang_remote/datasets/toniot/test/abnormal/test_00009148_orig27444_27445_27446.png,1,0.5569580062913154,0.5505027967705438,0.7207086714098673
/root/New_CheckLiuliang_remote/datasets/toniot/test/abnormal/test_00009160_orig27480_27481_27482.png,1,0.625133159444628,0.6270460458475918,0.7086424492429827
/root/New_CheckLiuliang_remote/datasets/toniot/test/abnormal/test_00009172_orig27516_27517_27518.png,1,0.7946665866457046,0.783993217055662,0.8122188890493115
/root/New_CheckLiuliang_remote/datasets/toniot/test/abnormal/test_00009183_orig27549_27550_27551.png,1,0.6618155519260445,0.6513867602164359,0.7695269828109886
/root/New_CheckLiuliang_remote/datasets/toniot/test/abnormal/test_00009195_orig27585_27586_27587.png,1,0.5168285312301663,0.5521771459019252,0.5408932118903726
/root/New_CheckLiuliang_remote/datasets/toniot/test/abnormal/test_00009207_orig27621_27622_27623.png,1,0.4421637363538568,0.5189760661625731,0.35159452194641044
/root/New_CheckLiuliang_remote/datasets/toniot/test/abnormal/test_00009219_orig27657_27658_27659.png,1,0.1608289399425703,0.21515655315267962,0.3531977144641689
/root/New_CheckLiuliang_remote/datasets/toniot/test/abnormal/test_00009231_orig27693_27694_27695.png,1,0.5149034333080583,0.6396867847917508,0.1825498075175439
/root/New_CheckLiuliang_remote/datasets/toniot/test/abnormal/test_00009243_orig27729_27730_27731.png,1,0.6637965367474049,0.6515774058780531,0.777310344375646
/root/New_CheckLiuliang_remote/datasets/toniot/test/abnormal/test_00009254_orig27762_27763_27764.png,1,0.6739595846596699,0.7472321936886446,0.4385344571182995
/root/New_CheckLiuliang_remote/datasets/toniot/test/abnormal/test_00009266_orig27798_27799_27800.png,1,0.3503401539614588,0.41894548150756766,0.3555910528723056
/root/New_CheckLiuliang_remote/datasets/toniot/test/abnormal/test_00009278_orig27834_27835_27836.png,1,0.6484986578177474,0.6422647654933714,0.748566043928687
/root/New_CheckLiuliang_remote/datasets/toniot/test/abnormal/test_00009290_orig27870_27871_27872.png,1,0.743035594479605,0.7285654510961076,0.8111944862353535
/root/New_CheckLiuliang_remote/datasets/toniot/test/abnormal/test_00009302_orig27906_27907_27908.png,1,0.688808885906256,0.6739692833494435,0.795645801840416
/root/New_CheckLiuliang_remote/datasets/toniot/test/abnormal/test_00009314_orig27942_27943_27944.png,1,0.7062099016273361,0.6917128443348651,0.7997393261954907
/root/New_CheckLiuliang_remote/datasets/toniot/test/abnormal/test_00009325_orig27975_27976_27977.png,1,0.539904180605519,0.5790520173997953,0.5329417941480232
/root/New_CheckLiuliang_remote/datasets/toniot/test/abnormal/test_00009337_orig28011_28012_28013.png,1,0.6137920160935847,0.6069728814746869,0.7400095534828393
/root/New_CheckLiuliang_remote/datasets/toniot/test/abnormal/test_00009349_orig28047_28048_28049.png,1,0.7817336062780718,0.7727743824714107,0.8013015087780638
/root/New_CheckLiuliang_remote/datasets/toniot/test/abnormal/test_00009361_orig28083_28084_28085.png,1,0.5897854732008241,0.5858168549921282,0.7210697279526326
/root/New_CheckLiuliang_remote/datasets/toniot/test/abnormal/test_00009373_orig28119_28120_28121.png,1,0.7614472996134449,0.7461817400293828,0.8201572005237152
/root/New_CheckLiuliang_remote/datasets/toniot/test/abnormal/test_00009385_orig28155_28156_28157.png,1,0.5843749177291157,0.5766104933314037,0.7345541046822988
/root/New_CheckLiuliang_remote/datasets/toniot/test/abnormal/test_00009396_orig28188_28189_28190.png,1,0.6674894016965762,0.6589544614037005,0.7637330963494604
/root/New_CheckLiuliang_remote/datasets/toniot/test/abnormal/test_00009408_orig28224_28225_28226.png,1,0.6323256657364106,0.6209502393829851,0.7640540589865205
/root/New_CheckLiuliang_remote/datasets/toniot/test/abnormal/test_00009420_orig28260_28261_28262.png,1,0.6742040037975319,0.6637469758126682,0.773529749783729
/root/New_CheckLiuliang_remote/datasets/toniot/test/abnormal/test_00009432_orig28296_28297_28298.png,1,0.6810700935397266,0.673263251480784,0.7650848740068391
/root/New_CheckLiuliang_remote/datasets/toniot/test/abnormal/test_00009444_orig28332_28333_28334.png,1,0.7001968916552991,0.6987166122436501,0.7457842033252856
/root/New_CheckLiuliang_remote/datasets/toniot/test/abnormal/test_00009456_orig28368_28369_28370.png,1,0.7251304749724794,0.7252381397864375,0.7472612656300173
/root/New_CheckLiuliang_remote/datasets/toniot/test/abnormal/test_00009467_orig28401_28402_28403.png,1,0.7355341556170603,0.7285494436833634,0.7788974006817937
/root/New_CheckLiuliang_remote/datasets/toniot/test/abnormal/test_00009479_orig28437_28438_28439.png,1,0.6308305481112703,0.6132456879375879,0.7884223456795082
/root/New_CheckLiuliang_remote/datasets/toniot/test/abnormal/test_00009491_orig28473_28474_28475.png,1,0.7094727535928863,0.6902741453124063,0.8195700256269817
/root/New_CheckLiuliang_remote/datasets/toniot/test/abnormal/test_00009503_orig28509_28510_28511.png,1,0.6478572462067906,0.6371732273660105,0.7661651546190822
/root/New_CheckLiuliang_remote/datasets/toniot/test/abnormal/test_00009515_orig28545_28546_28547.png,1,0.7010610723508623,0.7059663957171511,0.7205131343477725
/root/New_CheckLiuliang_remote/datasets/toniot/test/abnormal/test_00009527_orig28581_28582_28583.png,1,0.6190289009282752,0.6018282039853472,0.7831801203564087
/root/New_CheckLiuliang_remote/datasets/toniot/test/abnormal/test_00009538_orig28614_28615_28616.png,1,0.7568740924829037,0.7513361269330099,0.7798108934648554
/root/New_CheckLiuliang_remote/datasets/toniot/test/abnormal/test_00009550_orig28650_28651_28652.png,1,0.5095267282312042,0.5302829415169176,0.5969701408916758
/root/New_CheckLiuliang_remote/datasets/toniot/test/abnormal/test_00009562_orig28686_28687_28688.png,1,0.4849223267656717,0.5249112736665333,0.5123137262860226
/root/New_CheckLiuliang_remote/datasets/toniot/test/abnormal/test_00009574_orig28722_28723_28724.png,1,0.4351056664342119,0.49551825245238157,0.4149773497618288
/root/New_CheckLiuliang_remote/datasets/toniot/test/abnormal/test_00009586_orig28758_28759_28760.png,1,0.42862805009167526,0.4706630703346035,0.48645372081662197
/root/New_CheckLiuliang_remote/datasets/toniot/test/abnormal/test_00009598_orig28794_28795_28796.png,1,0.53819563391667,0.5471130303095112,0.6533270930586598
/root/New_CheckLiuliang_remote/datasets/toniot/test/abnormal/test_00009609_orig28827_28828_28829.png,1,0.7887554795635314,0.7926981005892696,0.7518989114962615
/root/New_CheckLiuliang_remote/datasets/toniot/test/abnormal/test_00009621_orig28863_28864_28865.png,1,0.5870521139770689,0.5843680529304783,0.7150732580483935
/root/New_CheckLiuliang_remote/datasets/toniot/test/abnormal/test_00009633_orig28899_28900_28901.png,1,0.6407760986110805,0.644776354794594,0.7052046610680354
/root/New_CheckLiuliang_remote/datasets/toniot/test/abnormal/test_00009645_orig28935_28936_28937.png,1,0.6011406133155434,0.6026679371129109,0.7026513345880119
/root/New_CheckLiuliang_remote/datasets/toniot/test/abnormal/test_00009657_orig28971_28972_28973.png,1,0.6034556581248292,0.6283754483551661,0.6098083645188523
/root/New_CheckLiuliang_remote/datasets/toniot/test/abnormal/test_00009669_orig29007_29008_29009.png,1,0.47500143914042514,0.5232753685673982,0.4760587592042466
/root/New_CheckLiuliang_remote/datasets/toniot/test/abnormal/test_00009680_orig29040_29041_29042.png,1,0.6896585100069754,0.6791220957534565,0.7786998201693203
/root/New_CheckLiuliang_remote/datasets/toniot/test/abnormal/test_00009692_orig29076_29077_29078.png,1,0.5584592770539177,0.5920959594534859,0.5608124843262071
/root/New_CheckLiuliang_remote/datasets/toniot/test/abnormal/test_00009704_orig29112_29113_29114.png,1,0.6456511656687572,0.6569059061973486,0.6777174349229756
/root/New_CheckLiuliang_remote/datasets/toniot/test/abnormal/test_00009716_orig29148_29149_29150.png,1,0.6478070398922958,0.6560967446039602,0.6902544962426232
/root/New_CheckLiuliang_remote/datasets/toniot/test/abnormal/test_00009728_orig29184_29185_29186.png,1,0.7390449146139998,0.7170290924229962,0.8401241769563201
/root/New_CheckLiuliang_remote/datasets/toniot/test/abnormal/test_00009740_orig29220_29221_29222.png,1,0.7349890647067225,0.7256174629851542,0.7882738079761223
/root/New_CheckLiuliang_remote/datasets/toniot/test/abnormal/test_00009751_orig29253_29254_29255.png,1,0.6364715475748605,0.6287104231480833,0.7508986073040104
/root/New_CheckLiuliang_remote/datasets/toniot/test/abnormal/test_00009763_orig29289_29290_29291.png,1,0.42038283139949567,0.491635011570604,0.3669961836097946
/root/New_CheckLiuliang_remote/datasets/toniot/test/abnormal/test_00009775_orig29325_29326_29327.png,1,0.42035437854176166,0.466779829452826,0.46629416680178104
/root/New_CheckLiuliang_remote/datasets/toniot/test/abnormal/test_00009787_orig29361_29362_29363.png,1,0.6569300162995442,0.6597396118779726,0.7150394354214367
/root/New_CheckLiuliang_remote/datasets/toniot/test/abnormal/test_00009799_orig29397_29398_29399.png,1,0.6168081421033706,0.6117853395454341,0.7337712517958582
/root/New_CheckLiuliang_remote/datasets/toniot/test/abnormal/test_00009811_orig29433_29434_29435.png,1,0.690458317351999,0.6845828540403431,0.7603071460939481
/root/New_CheckLiuliang_remote/datasets/toniot/test/abnormal/test_00009822_orig29466_29467_29468.png,1,0.5674232623566756,0.5611962733168632,0.7230817514737329
/root/New_CheckLiuliang_remote/datasets/toniot/test/abnormal/test_00009834_orig29502_29503_29504.png,1,0.6085300778400987,0.6161320081469859,0.6806731097361743
/root/New_CheckLiuliang_remote/datasets/toniot/test/abnormal/test_00009846_orig29538_29539_29540.png,1,0.6325200634039407,0.6242192942069305,0.7518164688430541
/root/New_CheckLiuliang_remote/datasets/toniot/test/abnormal/test_00009858_orig29574_29575_29576.png,1,0.4141861283830082,0.4880834652742142,0.35446986802058644
/root/New_CheckLiuliang_remote/datasets/toniot/test/abnormal/test_00009870_orig29610_29611_29612.png,1,0.6771155806456158,0.6718433152453943,0.7537048988481493
/root/New_CheckLiuliang_remote/datasets/toniot/test/abnormal/test_00009882_orig29646_29647_29648.png,1,0.6301974474816634,0.624622366108161,0.740184444649729
/root/New_CheckLiuliang_remote/datasets/toniot/test/abnormal/test_00009893_orig29679_29680_29681.png,1,0.6255199671793441,0.6181237501589261,0.7460003158187792
/root/New_CheckLiuliang_remote/datasets/toniot/test/abnormal/test_00009905_orig29715_29716_29717.png,1,0.40268498065647884,0.41469210200815615,0.5984195109205864
/root/New_CheckLiuliang_remote/datasets/toniot/test/abnormal/test_00009917_orig29751_29752_29753.png,1,0.5926082242846136,0.5855123205250852,0.7344651793589245
/root/New_CheckLiuliang_remote/datasets/toniot/test/abnormal/test_00009929_orig29787_29788_29789.png,1,0.48839073598485827,0.5313684277925949,0.501447784593272
/root/New_CheckLiuliang_remote/datasets/toniot/test/abnormal/test_00009941_orig29823_29824_29825.png,1,0.5955388777888573,0.6009144693759169,0.6854993872115097
/root/New_CheckLiuliang_remote/datasets/toniot/test/abnormal/test_00009953_orig29859_29860_29861.png,1,0.6516248762916508,0.6472086942819029,0.742276796909852
/root/New_CheckLiuliang_remote/datasets/toniot/test/abnormal/test_00009964_orig29892_29893_29894.png,1,0.6039392656025038,0.598722372288072,0.7305069455116775
/root/New_CheckLiuliang_remote/datasets/toniot/test/abnormal/test_00009976_orig29928_29929_29930.png,1,0.6070708109387243,0.6043266724564517,0.7215991929921208
/root/New_CheckLiuliang_remote/datasets/toniot/test/abnormal/test_00009988_orig29964_29965_29966.png,1,0.7002099699910339,0.6909818828889811,0.7767795405238406
/root/New_CheckLiuliang_remote/datasets/toniot/test/abnormal/test_00010000_orig30000_30001_30002.png,1,0.6429210845792166,0.6466926520333547,0.7067929152588879
/root/New_CheckLiuliang_remote/datasets/toniot/test/abnormal/test_00010012_orig30036_30037_30038.png,1,0.7748754993722772,0.7535259934797347,0.8487092757074689
/root/New_CheckLiuliang_remote/datasets/toniot/test/abnormal/test_00010024_orig30072_30073_30074.png,1,0.6832579560106464,0.6619327586322269,0.8198452572538437
/root/New_CheckLiuliang_remote/datasets/toniot/test/abnormal/test_00010035_orig30105_30106_30107.png,1,0.7096371035274733,0.6933202772326438,0.8080945015471386
/root/New_CheckLiuliang_remote/datasets/toniot/test/abnormal/test_00010047_orig30141_30142_30143.png,1,0.7265505347848235,0.7108413089392609,0.8109747096239396
/root/New_CheckLiuliang_remote/datasets/toniot/test/abnormal/test_00010059_orig30177_30178_30179.png,1,0.6615639571912013,0.6438232576948092,0.7986956162986448
/root/New_CheckLiuliang_remote/datasets/toniot/test/abnormal/test_00010071_orig30213_30214_30215.png,1,0.694149980736025,0.6771865108944221,0.8058183092167434
/root/New_CheckLiuliang_remote/datasets/toniot/test/abnormal/test_00010083_orig30249_30250_30251.png,1,0.6769583642071052,0.6571235807690092,0.8119056069671229
/root/New_CheckLiuliang_remote/datasets/toniot/test/abnormal/test_00010095_orig30285_30286_30287.png,1,0.7169472334449076,0.7011934313450596,0.8081376958603148
/root/New_CheckLiuliang_remote/datasets/toniot/test/abnormal/test_00010106_orig30318_30319_30320.png,1,0.5844162859803662,0.5873712797362294,0.691689421191271
/root/New_CheckLiuliang_remote/datasets/toniot/test/abnormal/test_00010118_orig30354_30355_30356.png,1,0.6854630860093867,0.6661134487327837,0.8126354006075248
/root/New_CheckLiuliang_remote/datasets/toniot/test/abnormal/test_00010130_orig30390_30391_30392.png,1,0.6647557131802831,0.651072909960009,0.7834662034094194
/root/New_CheckLiuliang_remote/datasets/toniot/test/abnormal/test_00010142_orig30426_30427_30428.png,1,0.7432281176348482,0.7299659685029225,0.8064229591374046
/root/New_CheckLiuliang_remote/datasets/toniot/test/abnormal/test_00010154_orig30462_30463_30464.png,1,0.533725992057531,0.6505526690458231,0.2202865579790642
/root/New_CheckLiuliang_remote/datasets/toniot/test/abnormal/test_00010166_orig30498_30499_30500.png,1,0.7047112384377852,0.6883466953680452,0.8067387074528088
/root/New_CheckLiuliang_remote/datasets/toniot/test/abnormal/test_00010177_orig30531_30532_30533.png,1,0.6842605341221902,0.6657977615601401,0.8087103552129793
/root/New_CheckLiuliang_remote/datasets/toniot/test/abnormal/test_00010189_orig30567_30568_30569.png,1,0.6960351156841953,0.757137108344861,0.49414836844932347
/root/New_CheckLiuliang_remote/datasets/toniot/test/abnormal/test_00010201_orig30603_30604_30605.png,1,0.6828560322966329,0.6688373330653186,0.7904930655511401
/root/New_CheckLiuliang_remote/datasets/toniot/test/abnormal/test_00010213_orig30639_30640_30641.png,1,0.7316155387033236,0.7199693392441798,0.7963129531571415
/root/New_CheckLiuliang_remote/datasets/toniot/test/abnormal/test_00010225_orig30675_30676_30677.png,1,0.6618450994712424,0.6540485830225118,0.7590071593340973
/root/New_CheckLiuliang_remote/datasets/toniot/test/abnormal/test_00010237_orig30711_30712_30713.png,1,0.6735670485621892,0.6552281456501364,0.8048572533645234
/root/New_CheckLiuliang_remote/datasets/toniot/test/abnormal/test_00010248_orig30744_30745_30746.png,1,0.6277692599517182,0.6289410873415611,0.7124343885076915
/root/New_CheckLiuliang_remote/datasets/toniot/test/abnormal/test_00010260_orig30780_30781_30782.png,1,0.7106717011911727,0.6940915196269906,0.8094727735956334
/root/New_CheckLiuliang_remote/datasets/toniot/test/abnormal/test_00010272_orig30816_30817_30818.png,1,0.6744488155962532,0.676526926764381,0.723466061072531
/root/New_CheckLiuliang_remote/datasets/toniot/test/abnormal/test_00010284_orig30852_30853_30854.png,1,0.6988398771582582,0.6796775004923592,0.8160865064418364
/root/New_CheckLiuliang_remote/datasets/toniot/test/abnormal/test_00010296_orig30888_30889_30890.png,1,0.46396025742093994,0.54473816005812,0.34257607078737595
/root/New_CheckLiuliang_remote/datasets/toniot/test/abnormal/test_00010308_orig30924_30925_30926.png,1,0.6870882213790656,0.6703216925765886,0.8028132392754264
/root/New_CheckLiuliang_remote/datasets/toniot/test/abnormal/test_00010319_orig30957_30958_30959.png,1,0.6743026438814126,0.6784444048778523,0.7151655656344635
/root/New_CheckLiuliang_remote/datasets/toniot/test/abnormal/test_00010331_orig30993_30994_30995.png,1,0.6205196028009947,0.6114548258347571,0.7511045025456107
/root/New_CheckLiuliang_remote/datasets/toniot/test/abnormal/test_00010343_orig31029_31030_31031.png,1,0.6728592993619009,0.6601138179529432,0.782261342787885
/root/New_CheckLiuliang_remote/datasets/toniot/test/abnormal/test_00010355_orig31065_31066_31067.png,1,0.6931572106284648,0.6705684953911116,0.8280075731680309
/root/New_CheckLiuliang_remote/datasets/toniot/test/abnormal/test_00010367_orig31101_31102_31103.png,1,0.688683040866996,0.6916901452987606,0.7242194600879966
/root/New_CheckLiuliang_remote/datasets/toniot/test/abnormal/test_00010379_orig31137_31138_31139.png,1,0.6076084864831856,0.6056607984628685,0.7185822146675627
/root/New_CheckLiuliang_remote/datasets/toniot/test/abnormal/test_00010390_orig31170_31171_31172.png,1,0.42809609812885396,0.49944059340791125,0.3690487942832432
/root/New_CheckLiuliang_remote/datasets/toniot/test/abnormal/test_00010402_orig31206_31207_31208.png,1,0.7067168142277603,0.6903329266313357,0.8074458117476271
/root/New_CheckLiuliang_remote/datasets/toniot/test/abnormal/test_00010414_orig31242_31243_31244.png,1,0.69789576723426,0.6801923618661967,0.8099541823193204
/root/New_CheckLiuliang_remote/datasets/toniot/test/abnormal/test_00010426_orig31278_31279_31280.png,1,0.5906423542546307,0.5883553419950931,0.7146123542922992
/root/New_CheckLiuliang_remote/datasets/toniot/test/abnormal/test_00010438_orig31314_31315_31316.png,1,0.6904175805592666,0.6843571757623104,0.7610341211821037
/root/New_CheckLiuliang_remote/datasets/toniot/test/abnormal/test_00010450_orig31350_31351_31352.png,1,0.6603153658122636,0.6542299128947451,0.7516825876113495
/root/New_CheckLiuliang_remote/datasets/toniot/test/abnormal/test_00010461_orig31383_31384_31385.png,1,0.6220849620708848,0.6180969836654849,0.7312888119048319
/root/New_CheckLiuliang_remote/datasets/toniot/test/abnormal/test_00010473_orig31419_31420_31421.png,1,0.6818511898521662,0.6804982084162515,0.7395146861721756
/root/New_CheckLiuliang_remote/datasets/toniot/test/abnormal/test_00010485_orig31455_31456_31457.png,1,0.6585657791858702,0.6544454881335868,0.743272591418509
/root/New_CheckLiuliang_remote/datasets/toniot/test/abnormal/test_00010497_orig31491_31492_31493.png,1,0.6839432408834317,0.6828211201803747,0.7392481215934713
/root/New_CheckLiuliang_remote/datasets/toniot/test/abnormal/test_00010509_orig31527_31528_31529.png,1,0.650977864012442,0.6492272027872842,0.731411559855163
/root/New_CheckLiuliang_remote/datasets/toniot/test/abnormal/test_00010521_orig31563_31564_31565.png,1,0.6971102664378436,0.6970342594058967,0.7391979513634852
/root/New_CheckLiuliang_remote/datasets/toniot/test/abnormal/test_00010532_orig31596_31597_31598.png,1,0.5344318867720959,0.5727212168677718,0.5346575878280257
/root/New_CheckLiuliang_remote/datasets/toniot/test/abnormal/test_00010544_orig31632_31633_31634.png,1,0.6926284872194539,0.6730131684587315,0.8159479745989253
/root/New_CheckLiuliang_remote/datasets/toniot/test/abnormal/test_00010556_orig31668_31669_31670.png,1,0.7065716851508733,0.6801301691314364,0.8476307566903799
/root/New_CheckLiuliang_remote/datasets/toniot/test/abnormal/test_00010568_orig31704_31705_31706.png,1,0.6833502149482976,0.6648130432597705,0.8087221226686081
/root/New_CheckLiuliang_remote/datasets/toniot/test/abnormal/test_00010580_orig31740_31741_31742.png,1,0.7306795960828928,0.7148397507094761,0.8127936623161608
/root/New_CheckLiuliang_remote/datasets/toniot/test/abnormal/test_00010592_orig31776_31777_31778.png,1,0.48972347025577373,0.5711501286694206,0.34807038037701377
/root/New_CheckLiuliang_remote/datasets/toniot/test/abnormal/test_00010603_orig31809_31810_31811.png,1,0.646803011830988,0.6808094345066548,0.5870723718955673
/root/New_CheckLiuliang_remote/datasets/toniot/test/abnormal/test_00010615_orig31845_31846_31847.png,1,0.5282606810250762,0.6381133348439783,0.2464666100560448
/root/New_CheckLiuliang_remote/datasets/toniot/test/abnormal/test_00010627_orig31881_31882_31883.png,1,0.6527187520486709,0.6499729907712017,0.7359385775457358
/root/New_CheckLiuliang_remote/datasets/toniot/test/abnormal/test_00010639_orig31917_31918_31919.png,1,0.6680478080803635,0.661363445813399,0.7565061169982447
/root/New_CheckLiuliang_remote/datasets/toniot/test/abnormal/test_00010651_orig31953_31954_31955.png,1,0.6448336624007363,0.6453744022313809,0.7203167517200039
/root/New_CheckLiuliang_remote/datasets/toniot/test/abnormal/test_00010663_orig31989_31990_31991.png,1,0.6058596285073446,0.6031356947066241,0.721138077844608
/root/New_CheckLiuliang_remote/datasets/toniot/test/abnormal/test_00010674_orig32022_32023_32024.png,1,0.6235779963686755,0.6228456745018578,0.7187349801993181
/root/New_CheckLiuliang_remote/datasets/toniot/test/abnormal/test_00010686_orig32058_32059_32060.png,1,0.6377693740458074,0.6294218345570913,0.7536517691383045
/root/New_CheckLiuliang_remote/datasets/toniot/test/abnormal/test_00010698_orig32094_32095_32096.png,1,0.6237380139405742,0.6157449436584994,0.7478282174143828
/root/New_CheckLiuliang_remote/datasets/toniot/test/abnormal/test_00010710_orig32130_32131_32132.png,1,0.603193066428989,0.6028256494909314,0.71087474262214
/root/New_CheckLiuliang_remote/datasets/toniot/test/abnormal/test_00010722_orig32166_32167_32168.png,1,0.5654899323613249,0.5589726862367347,0.7236357379177649
/root/New_CheckLiuliang_remote/datasets/toniot/test/abnormal/test_00010734_orig32202_32203_32204.png,1,0.5935481920165744,0.590919808241692,0.7168902377540423
/root/New_CheckLiuliang_remote/datasets/toniot/test/abnormal/test_00010745_orig32235_32236_32237.png,1,0.6533284355102229,0.6440090486492827,0.762424513005258
/root/New_CheckLiuliang_remote/datasets/toniot/test/abnormal/test_00010757_orig32271_32272_32273.png,1,0.6265177650543463,0.622526838329986,0.7326924509235444
/root/New_CheckLiuliang_remote/datasets/toniot/test/abnormal/test_00010769_orig32307_32308_32309.png,1,0.6442342875142014,0.6443735453099658,0.7217344834999485
/root/New_CheckLiuliang_remote/datasets/toniot/test/abnormal/test_00010781_orig32343_32344_32345.png,1,0.57909146280024,0.573240145698946,0.725242735481056
/root/New_CheckLiuliang_remote/datasets/toniot/test/abnormal/test_00010793_orig32379_32380_32381.png,1,0.6640285265914134,0.6546575207482966,0.7659906862350293
/root/New_CheckLiuliang_remote/datasets/toniot/test/abnormal/test_00010805_orig32415_32416_32417.png,1,0.6314040708003419,0.6212471637685596,0.7588906121987082
/root/New_CheckLiuliang_remote/datasets/toniot/test/abnormal/test_00010816_orig32448_32449_32450.png,1,0.594043838546783,0.5916848838458832,0.715968148386629
/root/New_CheckLiuliang_remote/datasets/toniot/test/abnormal/test_00010828_orig32484_32485_32486.png,1,0.6008643267160305,0.5986734315917313,0.7174374596726829
/root/New_CheckLiuliang_remote/datasets/toniot/test/abnormal/test_00010840_orig32520_32521_32522.png,1,0.5665773188684575,0.5614485868800358,0.7184231073932528
/root/New_CheckLiuliang_remote/datasets/toniot/test/abnormal/test_00010852_orig32556_32557_32558.png,1,0.6098776267174791,0.6052220379037164,0.7301263000307997
/root/New_CheckLiuliang_remote/datasets/toniot/test/abnormal/test_00010864_orig32592_32593_32594.png,1,0.6677409141853636,0.6641213130959399,0.7441507113708783
/root/New_CheckLiuliang_remote/datasets/toniot/test/abnormal/test_00010876_orig32628_32629_32630.png,1,0.6370244418924693,0.6294098946016837,0.7504859007913297
/root/New_CheckLiuliang_remote/datasets/toniot/test/abnormal/test_00010887_orig32661_32662_32663.png,1,0.6820579459974511,0.681850834793135,0.7349961241383421
/root/New_CheckLiuliang_remote/datasets/toniot/test/abnormal/test_00010899_orig32697_32698_32699.png,1,0.6041520316360339,0.601850509396548,0.7189122671356174
/root/New_CheckLiuliang_remote/datasets/toniot/test/abnormal/test_00010911_orig32733_32734_32735.png,1,0.5510421416612787,0.5413050948576974,0.7319785116395285
/root/New_CheckLiuliang_remote/datasets/toniot/test/abnormal/test_00010923_orig32769_32770_32771.png,1,0.6267963044538927,0.6256757063500488,0.7212985943950411
/root/New_CheckLiuliang_remote/datasets/toniot/test/abnormal/test_00010935_orig32805_32806_32807.png,1,0.7144833672455175,0.7108289753589498,0.7589664312541367
/root/New_CheckLiuliang_remote/datasets/toniot/test/abnormal/test_00010947_orig32841_32842_32843.png,1,0.49216580106825336,0.5324733328968471,0.5133137486230491
/root/New_CheckLiuliang_remote/datasets/toniot/test/abnormal/test_00010958_orig32874_32875_32876.png,1,0.42812645867152177,0.5045377734922231,0.34879104895451796
/root/New_CheckLiuliang_remote/datasets/toniot/test/abnormal/test_00010970_orig32910_32911_32912.png,1,0.3992379713274724,0.47488167963420175,0.34279084446855246
/root/New_CheckLiuliang_remote/datasets/toniot/test/abnormal/test_00010982_orig32946_32947_32948.png,1,0.6889781038110275,0.6799611728395143,0.7724082478448822
/root/New_CheckLiuliang_remote/datasets/toniot/test/abnormal/test_00010994_orig32982_32983_32984.png,1,0.747798099074341,0.7282240470964325,0.8331054886161141
/root/New_CheckLiuliang_remote/datasets/toniot/test/abnormal/test_00011006_orig33018_33019_33020.png,1,0.43520396276565,0.5101282967889786,0.356961221583092
/root/New_CheckLiuliang_remote/datasets/toniot/test/abnormal/test_00011018_orig33054_33055_33056.png,1,0.6987765345637011,0.6884541549667131,0.7807066293687648
/root/New_CheckLiuliang_remote/datasets/toniot/test/abnormal/test_00011029_orig33087_33088_33089.png,1,0.6505411205009339,0.6388606973275099,0.7709934755447962
/root/New_CheckLiuliang_remote/datasets/toniot/test/abnormal/test_00011041_orig33123_33124_33125.png,1,0.6233418621653617,0.6222427723579274,0.7201279087194944
/root/New_CheckLiuliang_remote/datasets/toniot/test/abnormal/test_00011053_orig33159_33160_33161.png,1,0.6311885813303711,0.62166020750068,0.756308818340996
/root/New_CheckLiuliang_remote/datasets/toniot/test/abnormal/test_00011065_orig33195_33196_33197.png,1,0.6523238404850146,0.6420461724636025,0.765942207136391
/root/New_CheckLiuliang_remote/datasets/toniot/test/abnormal/test_00011077_orig33231_33232_33233.png,1,0.6549929620401472,0.6432002806807979,0.7728403319042568
/root/New_CheckLiuliang_remote/datasets/toniot/test/abnormal/test_00011089_orig33267_33268_33269.png,1,0.7220389059189091,0.7093850280044438,0.797336721796844
/root/New_CheckLiuliang_remote/datasets/toniot/test/abnormal/test_00011100_orig33300_33301_33302.png,1,0.6953467453917203,0.6770185642689093,0.8116529237582322
/root/New_CheckLiuliang_remote/datasets/toniot/test/abnormal/test_00011112_orig33336_33337_33338.png,1,0.6941364774802609,0.7747229569522621,0.4156142721057115
/root/New_CheckLiuliang_remote/datasets/toniot/test/abnormal/test_00011124_orig33372_33373_33374.png,1,0.6964134449473521,0.6957986708336674,0.7411342262929633
/root/New_CheckLiuliang_remote/datasets/toniot/test/abnormal/test_00011136_orig33408_33409_33410.png,1,0.6541569918576431,0.6515442101778541,0.735858248806713
/root/New_CheckLiuliang_remote/datasets/toniot/test/abnormal/test_00011148_orig33444_33445_33446.png,1,0.6137859188727812,0.5999254212016083,0.7681730912394252
/root/New_CheckLiuliang_remote/datasets/toniot/test/abnormal/test_00011160_orig33480_33481_33482.png,1,0.667420249595983,0.66510275118878,0.7388416158957327
/root/New_CheckLiuliang_remote/datasets/toniot/test/abnormal/test_00011171_orig33513_33514_33515.png,1,0.6523259800440224,0.6508608773452992,0.7306926176409099
/root/New_CheckLiuliang_remote/datasets/toniot/test/abnormal/test_00011183_orig33549_33550_33551.png,1,0.5954665809249611,0.5846159054114108,0.7503817552858248
/root/New_CheckLiuliang_remote/datasets/toniot/test/abnormal/test_00011195_orig33585_33586_33587.png,1,0.6383732669667759,0.63640159134676,0.7283379286304521
/root/New_CheckLiuliang_remote/datasets/toniot/test/abnormal/test_00011207_orig33621_33622_33623.png,1,0.5928225834625344,0.5883689876584159,0.7239632536887979
/root/New_CheckLiuliang_remote/datasets/toniot/test/abnormal/test_00011219_orig33657_33658_33659.png,1,0.6665510487637246,0.6622123635220454,0.7466534448380787
/root/New_CheckLiuliang_remote/datasets/toniot/test/abnormal/test_00011231_orig33693_33694_33695.png,1,0.6961792902206301,0.6973726456146446,0.7338281865512357
/root/New_CheckLiuliang_remote/datasets/toniot/test/abnormal/test_00011242_orig33726_33727_33728.png,1,0.6255211384994588,0.6130025589554979,0.7664901336930934
/root/New_CheckLiuliang_remote/datasets/toniot/test/abnormal/test_00011254_orig33762_33763_33764.png,1,0.6619281161243356,0.6522579833362834,0.7665276909017767
/root/New_CheckLiuliang_remote/datasets/toniot/test/abnormal/test_00011266_orig33798_33799_33800.png,1,0.6769311028333287,0.6770989949575338,0.731886344981071
/root/New_CheckLiuliang_remote/datasets/toniot/test/abnormal/test_00011278_orig33834_33835_33836.png,1,0.6357386495945117,0.6348697344304621,0.7230996492804976
/root/New_CheckLiuliang_remote/datasets/toniot/test/abnormal/test_00011290_orig33870_33871_33872.png,1,0.5438044033619771,0.589599327898598,0.5075780652654093
/root/New_CheckLiuliang_remote/datasets/toniot/test/abnormal/test_00011302_orig33906_33907_33908.png,1,0.6968442507194877,0.6908552668783406,0.7627663329289416
/root/New_CheckLiuliang_remote/datasets/toniot/test/abnormal/test_00011313_orig33939_33940_33941.png,1,0.5582286398789671,0.5569304290288395,0.7004796400821524
/root/New_CheckLiuliang_remote/datasets/toniot/test/abnormal/test_00011325_orig33975_33976_33977.png,1,0.6709110363752574,0.6689323278753742,0.7385825204804815
/root/New_CheckLiuliang_remote/datasets/toniot/test/abnormal/test_00011337_orig34011_34012_34013.png,1,0.7696941487219309,0.7674841949760604,0.7705241865957688
/root/New_CheckLiuliang_remote/datasets/toniot/test/abnormal/test_00011349_orig34047_34048_34049.png,1,0.5889131016254231,0.5855885525480717,0.7182195374572558
/root/New_CheckLiuliang_remote/datasets/toniot/test/abnormal/test_00011361_orig34083_34084_34085.png,1,0.601556915800996,0.5919442826573197,0.7473418762242646
/root/New_CheckLiuliang_remote/datasets/toniot/test/abnormal/test_00011373_orig34119_34120_34121.png,1,0.6241021219552104,0.6344897551902395,0.674419728794675
/root/New_CheckLiuliang_remote/datasets/toniot/test/abnormal/test_00011384_orig34152_34153_34154.png,1,0.5959203485261825,0.5966277629680052,0.7042918729230353
/root/New_CheckLiuliang_remote/datasets/toniot/test/abnormal/test_00011396_orig34188_34189_34190.png,1,0.5540764208979766,0.5445174676955322,0.7322188636823412
/root/New_CheckLiuliang_remote/datasets/toniot/test/abnormal/test_00011408_orig34224_34225_34226.png,1,0.7205196446560259,0.6997799243164277,0.829203062103346
/root/New_CheckLiuliang_remote/datasets/toniot/test/abnormal/test_00011420_orig34260_34261_34262.png,1,0.6048185199675943,0.6990878005276936,0.33283832509505745
/root/New_CheckLiuliang_remote/datasets/toniot/test/abnormal/test_00011432_orig34296_34297_34298.png,1,0.6811105117130295,0.6781594204476854,0.7456745616429002
/root/New_CheckLiuliang_remote/datasets/toniot/test/abnormal/test_00011444_orig34332_34333_34334.png,1,0.609966328404408,0.6060575723656424,0.7271668201720684
/root/New_CheckLiuliang_remote/datasets/toniot/test/abnormal/test_00011455_orig34365_34366_34367.png,1,0.7066596475738832,0.70723413032317,0.739594380736943
/root/New_CheckLiuliang_remote/datasets/toniot/test/abnormal/test_00011467_orig34401_34402_34403.png,1,0.5896709722337933,0.5838159283991052,0.7285794785579695
/root/New_CheckLiuliang_remote/datasets/toniot/test/abnormal/test_00011479_orig34437_34438_34439.png,1,0.3783787073776001,0.4519197020941763,0.344652145908276
/root/New_CheckLiuliang_remote/datasets/toniot/test/abnormal/test_00011491_orig34473_34474_34475.png,1,0.43397907098373195,0.4501216235347805,0.5917037464830633
/root/New_CheckLiuliang_remote/datasets/toniot/test/abnormal/test_00011503_orig34509_34510_34511.png,1,0.6295013149838697,0.6280694705968102,0.7233929196417367
/root/New_CheckLiuliang_remote/datasets/toniot/test/abnormal/test_00011515_orig34545_34546_34547.png,1,0.5982465289023361,0.5921090802836041,0.7324017172593271
/root/New_CheckLiuliang_remote/datasets/toniot/test/abnormal/test_00011526_orig34578_34579_34580.png,1,0.7729748519516868,0.7664312483590762,0.7888888865400954
/root/New_CheckLiuliang_remote/datasets/toniot/test/abnormal/test_00011538_orig34614_34615_34616.png,1,0.6653800944809076,0.664656118131557,0.7318269439924778
/root/New_CheckLiuliang_remote/datasets/toniot/test/abnormal/test_00011550_orig34650_34651_34652.png,1,0.6312998652972576,0.628793084377828,0.7282573885000109
/root/New_CheckLiuliang_remote/datasets/toniot/test/abnormal/test_00011562_orig34686_34687_34688.png,1,0.47895927711704417,0.5253938577982801,0.4846588667461076
/root/New_CheckLiuliang_remote/datasets/toniot/test/abnormal/test_00011574_orig34722_34723_34724.png,1,0.5297528516546455,0.5370855670999908,0.6570148868178637
/root/New_CheckLiuliang_remote/datasets/toniot/test/abnormal/test_00011586_orig34758_34759_34760.png,1,0.4440084290439919,0.4917961353644553,0.4682722267683121
/root/New_CheckLiuliang_remote/datasets/toniot/test/abnormal/test_00011597_orig34791_34792_34793.png,1,0.50566709913847,0.5522926092069652,0.4922810775860763
/root/New_CheckLiuliang_remote/datasets/toniot/test/abnormal/test_00011609_orig34827_34828_34829.png,1,0.724900431013142,0.7000772423269057,0.8469124486503821
/root/New_CheckLiuliang_remote/datasets/toniot/test/abnormal/test_00011621_orig34863_34864_34865.png,1,0.7051755057213535,0.6840954152014527,0.8257466714835725
/root/New_CheckLiuliang_remote/datasets/toniot/test/abnormal/test_00011633_orig34899_34900_34901.png,1,0.6771448058739233,0.6601798157284376,0.8004849741922787
/root/New_CheckLiuliang_remote/datasets/toniot/test/abnormal/test_00011645_orig34935_34936_34937.png,1,0.686739324541965,0.7597985375260333,0.44340072280363085
/root/New_CheckLiuliang_remote/datasets/toniot/test/abnormal/test_00011657_orig34971_34972_34973.png,1,0.5318486063274794,0.5761781619790095,0.5096855672438568
/root/New_CheckLiuliang_remote/datasets/toniot/test/abnormal/test_00011668_orig35004_35005_35006.png,1,0.37930388665866727,0.44880009352527706,0.36112179224972824
/root/New_CheckLiuliang_remote/datasets/toniot/test/abnormal/test_00011680_orig35040_35041_35042.png,1,0.7394920479664462,0.7265558647552066,0.8039460154232588
/root/New_CheckLiuliang_remote/datasets/toniot/test/abnormal/test_00011692_orig35076_35077_35078.png,1,0.7639391228816139,0.7502035368772083,0.8148197081346871
/root/New_CheckLiuliang_remote/datasets/toniot/test/abnormal/test_00011704_orig35112_35113_35114.png,1,0.7028367965674083,0.6849239956234159,0.8123431872033782
/root/New_CheckLiuliang_remote/datasets/toniot/test/abnormal/test_00011716_orig35148_35149_35150.png,1,0.7061528496192738,0.6905268525004825,0.8042371718703131
/root/New_CheckLiuliang_remote/datasets/toniot/test/abnormal/test_00011728_orig35184_35185_35186.png,1,0.7314270671996066,0.7168618018389893,0.8079300390235605
/root/New_CheckLiuliang_remote/datasets/toniot/test/abnormal/test_00011739_orig35217_35218_35219.png,1,0.7570310406456545,0.7401949676630581,0.8250526029928938
/root/New_CheckLiuliang_remote/datasets/toniot/test/abnormal/test_00011751_orig35253_35254_35255.png,1,0.7433647919898172,0.7286164911252673,0.8124104801382612
/root/New_CheckLiuliang_remote/datasets/toniot/test/abnormal/test_00011763_orig35289_35290_35291.png,1,0.7131895601826168,0.6984139146928237,0.8030452061253059
/root/New_CheckLiuliang_remote/datasets/toniot/test/abnormal/test_00011775_orig35325_35326_35327.png,1,0.7292479363610244,0.715349888584471,0.8045769483436179
/root/New_CheckLiuliang_remote/datasets/toniot/test/abnormal/test_00011787_orig35361_35362_35363.png,1,0.729703617428948,0.7137379946044522,0.8129903267991542
/root/New_CheckLiuliang_remote/datasets/toniot/test/abnormal/test_00011799_orig35397_35398_35399.png,1,0.6602731404259239,0.6414502243596346,0.802619181953261
/root/New_CheckLiuliang_remote/datasets/toniot/test/abnormal/test_00011810_orig35430_35431_35432.png,1,0.7206892453852777,0.7054397255962073,0.8072955124490873
/root/New_CheckLiuliang_remote/datasets/toniot/test/abnormal/test_00011822_orig35466_35467_35468.png,1,0.7526572632848703,0.7398060662583552,0.8077397867469278
/root/New_CheckLiuliang_remote/datasets/toniot/test/abnormal/test_00011834_orig35502_35503_35504.png,1,0.7083614830611967,0.6902653543562272,0.8148111820141417
/root/New_CheckLiuliang_remote/datasets/toniot/test/abnormal/test_00011846_orig35538_35539_35540.png,1,0.4489479977123837,0.52776636630025,0.34570054164823155
/root/New_CheckLiuliang_remote/datasets/toniot/test/abnormal/test_00011858_orig35574_35575_35576.png,1,0.6813850371921378,0.6584536393180894,0.8256819857095173
/root/New_CheckLiuliang_remote/datasets/toniot/test/abnormal/test_00011870_orig35610_35611_35612.png,1,0.6639385857471468,0.6451870367772932,0.8034846184205213
/root/New_CheckLiuliang_remote/datasets/toniot/test/abnormal/test_00011881_orig35643_35644_35645.png,1,0.7344380795139953,0.7203061509533136,0.8071421127430763
/root/New_CheckLiuliang_remote/datasets/toniot/test/abnormal/test_00011893_orig35679_35680_35681.png,1,0.6223902974105183,0.6120405396912327,0.7568318007103174
/root/New_CheckLiuliang_remote/datasets/toniot/test/abnormal/test_00011905_orig35715_35716_35717.png,1,0.5737970153985742,0.5663494793457796,0.7299652197699174
/root/New_CheckLiuliang_remote/datasets/toniot/test/abnormal/test_00011917_orig35751_35752_35753.png,1,0.5682152202568831,0.5615378085248395,0.7251321073053845
/root/New_CheckLiuliang_remote/datasets/toniot/test/abnormal/test_00011929_orig35787_35788_35789.png,1,0.5948543672977167,0.5901979001685895,0.7254126941815147
/root/New_CheckLiuliang_remote/datasets/toniot/test/abnormal/test_00011941_orig35823_35824_35825.png,1,0.7103989077792688,0.7112850554138579,0.7395218030165979
/root/New_CheckLiuliang_remote/datasets/toniot/test/abnormal/test_00011952_orig35856_35857_35858.png,1,0.6524650961338506,0.6441155897898424,0.7582739129671935
/root/New_CheckLiuliang_remote/datasets/toniot/test/abnormal/test_00011964_orig35892_35893_35894.png,1,0.5969811631974526,0.5953571417793604,0.7139506991524542
/root/New_CheckLiuliang_remote/datasets/toniot/test/abnormal/test_00011976_orig35928_35929_35930.png,1,0.5774747763839964,0.5778103932457116,0.6999873799323167
/root/New_CheckLiuliang_remote/datasets/toniot/test/abnormal/test_00011988_orig35964_35965_35966.png,1,0.5532836207509846,0.5520637819297041,0.6986134766398038
/root/New_CheckLiuliang_remote/datasets/toniot/test/abnormal/test_00012000_orig36000_36001_36002.png,1,0.5869235184914608,0.5848955103012293,0.7124086692184429
/root/New_CheckLiuliang_remote/datasets/toniot/test/abnormal/test_00012012_orig36036_36037_36038.png,1,0.6357523084310732,0.6364530250008233,0.7168254110523749
/root/New_CheckLiuliang_remote/datasets/toniot/test/abnormal/test_00012023_orig36069_36070_36071.png,1,0.7320633426716256,0.7152131695346395,0.817269452819655
/root/New_CheckLiuliang_remote/datasets/toniot/test/abnormal/test_00012035_orig36105_36106_36107.png,1,0.6769758461317942,0.6665398757116247,0.7743158440052529
/root/New_CheckLiuliang_remote/datasets/toniot/test/abnormal/test_00012047_orig36141_36142_36143.png,1,0.3635562223343176,0.43313697136339463,0.35583905023808665
/root/New_CheckLiuliang_remote/datasets/toniot/test/abnormal/test_00012059_orig36177_36178_36179.png,1,0.4465685350841506,0.5334836368159471,0.3125664870051001
/root/New_CheckLiuliang_remote/datasets/toniot/test/abnormal/test_00012071_orig36213_36214_36215.png,1,0.35067047469244766,0.4220152309220178,0.3447370547946991
/root/New_CheckLiuliang_remote/datasets/toniot/test/abnormal/test_00012083_orig36249_36250_36251.png,1,0.6981311098156443,0.6786241602504715,0.8172422537904771
/root/New_CheckLiuliang_remote/datasets/toniot/test/abnormal/test_00012094_orig36282_36283_36284.png,1,0.236810286513379,0.2972970171498434,0.3524184552318425
/root/New_CheckLiuliang_remote/datasets/toniot/test/abnormal/test_00012106_orig36318_36319_36320.png,1,0.7918202557603505,0.7761022186142855,0.8315038463020912
/root/New_CheckLiuliang_remote/datasets/toniot/test/abnormal/test_00012118_orig36354_36355_36356.png,1,0.6492124516103205,0.6369312792586311,0.7729792865300049
/root/New_CheckLiuliang_remote/datasets/toniot/test/abnormal/test_00012130_orig36390_36391_36392.png,1,0.5535180489079276,0.5473759717450796,0.7183760375707378
/root/New_CheckLiuliang_remote/datasets/toniot/test/abnormal/test_00012142_orig36426_36427_36428.png,1,0.5655506364615501,0.5605718530115389,0.7175009475620333
/root/New_CheckLiuliang_remote/datasets/toniot/test/abnormal/test_00012154_orig36462_36463_36464.png,1,0.6420896523833153,0.626129031030632,0.7854606109789797
/root/New_CheckLiuliang_remote/datasets/toniot/test/abnormal/test_00012165_orig36495_36496_36497.png,1,0.7149827428775583,0.7053947211489019,0.7828577484432255
/root/New_CheckLiuliang_remote/datasets/toniot/test/abnormal/test_00012177_orig36531_36532_36533.png,1,0.6621403589202347,0.6524898284044717,0.766515923446148
/root/New_CheckLiuliang_remote/datasets/toniot/test/abnormal/test_00012189_orig36567_36568_36569.png,1,0.6196435726473746,0.6081716005142841,0.7604582204943557
/root/New_CheckLiuliang_remote/datasets/toniot/test/abnormal/test_00012201_orig36603_36604_36605.png,1,0.6228997755390228,0.614999942924389,0.7471920701723679
/root/New_CheckLiuliang_remote/datasets/toniot/test/abnormal/test_00012213_orig36639_36640_36641.png,1,0.8037772201481321,0.793575096874369,0.8131945309094066
/root/New_CheckLiuliang_remote/datasets/toniot/test/abnormal/test_00012225_orig36675_36676_36677.png,1,0.599537366299817,0.5961046354711933,0.7219881532021255
/root/New_CheckLiuliang_remote/datasets/toniot/test/abnormal/test_00012236_orig36708_36709_36710.png,1,0.6302529742902483,0.6248113060618629,0.7396682268057989
/root/New_CheckLiuliang_remote/datasets/toniot/test/abnormal/test_00012248_orig36744_36745_36746.png,1,0.6440957376848557,0.6340799916656487,0.7623109958135339
/root/New_CheckLiuliang_remote/datasets/toniot/test/abnormal/test_00012260_orig36780_36781_36782.png,1,0.6428297025219276,0.6289444987573918,0.7773913072889241
/root/New_CheckLiuliang_remote/datasets/toniot/test/abnormal/test_00012272_orig36816_36817_36818.png,1,0.5912486922560235,0.5971936643710025,0.6818747994864316
/root/New_CheckLiuliang_remote/datasets/toniot/test/abnormal/test_00012284_orig36852_36853_36854.png,1,0.6831033415330864,0.6810874648968591,0.7425594272363609
/root/New_CheckLiuliang_remote/datasets/toniot/test/abnormal/test_00012296_orig36888_36889_36890.png,1,0.6422735511975279,0.6675919038705006,0.6204024568474367
/root/New_CheckLiuliang_remote/datasets/toniot/test/abnormal/test_00012307_orig36921_36922_36923.png,1,0.6981109900422864,0.6843301468522669,0.7943315109279147
/root/New_CheckLiuliang_remote/datasets/toniot/test/abnormal/test_00012319_orig36957_36958_36959.png,1,0.6067803559146628,0.6010383300122325,0.7334995433593042
/root/New_CheckLiuliang_remote/datasets/toniot/test/abnormal/test_00012331_orig36993_36994_36995.png,1,0.5717442655748052,0.5713927328183057,0.7009366683289079
/root/New_CheckLiuliang_remote/datasets/toniot/test/abnormal/test_00012343_orig37029_37030_37031.png,1,0.5899335427765294,0.5927744375788971,0.6938781679382213
/root/New_CheckLiuliang_remote/datasets/toniot/test/abnormal/test_00012355_orig37065_37066_37067.png,1,0.6346069023150744,0.6207180006898932,0.7748242403666993
/root/New_CheckLiuliang_remote/datasets/toniot/test/abnormal/test_00012367_orig37101_37102_37103.png,1,0.5953818732378178,0.6212633023896049,0.6034267394501414
/root/New_CheckLiuliang_remote/datasets/toniot/test/abnormal/test_00012378_orig37134_37135_37136.png,1,0.4771589104668869,0.5149557126060605,0.5186446878781044
/root/New_CheckLiuliang_remote/datasets/toniot/test/abnormal/test_00012390_orig37170_37171_37172.png,1,0.5701015160426287,0.5619988744951925,0.7314253002973643
/root/New_CheckLiuliang_remote/datasets/toniot/test/abnormal/test_00012402_orig37206_37207_37208.png,1,0.6152796364214193,0.6099321534995419,0.7345900412234405
/root/New_CheckLiuliang_remote/datasets/toniot/test/abnormal/test_00012414_orig37242_37243_37244.png,1,0.6430219713888788,0.6262402956700343,0.7890375651710935
/root/New_CheckLiuliang_remote/datasets/toniot/test/abnormal/test_00012426_orig37278_37279_37280.png,1,0.6317547521494661,0.6238565032541626,0.7499660892932853
/root/New_CheckLiuliang_remote/datasets/toniot/test/abnormal/test_00012438_orig37314_37315_37316.png,1,0.6438100528746286,0.6426788588919012,0.7266830861427781
/root/New_CheckLiuliang_remote/datasets/toniot/test/abnormal/test_00012449_orig37347_37348_37349.png,1,0.6223955188127518,0.6137799681400004,0.7498966119804114
/root/New_CheckLiuliang_remote/datasets/toniot/test/abnormal/test_00012461_orig37383_37384_37385.png,1,0.6229859089386817,0.618672856899372,0.7328719927016408
/root/New_CheckLiuliang_remote/datasets/toniot/test/abnormal/test_00012473_orig37419_37420_37421.png,1,0.6713696613065612,0.6751669527226313,0.7156225234174128
/root/New_CheckLiuliang_remote/datasets/toniot/test/abnormal/test_00012485_orig37455_37456_37457.png,1,0.7798840030762154,0.7726977568235205,0.7936288458528844
/root/New_CheckLiuliang_remote/datasets/toniot/test/abnormal/test_00012497_orig37491_37492_37493.png,1,0.6943918672288849,0.6917788421103596,0.7484924797150556
/root/New_CheckLiuliang_remote/datasets/toniot/test/abnormal/test_00012509_orig37527_37528_37529.png,1,0.6771991744697183,0.6798100208765528,0.7221986990549324
/root/New_CheckLiuliang_remote/datasets/toniot/test/abnormal/test_00012520_orig37560_37561_37562.png,1,0.44375848109004695,0.45928416162291025,0.5972418493282298
/root/New_CheckLiuliang_remote/datasets/toniot/test/abnormal/test_00012532_orig37596_37597_37598.png,1,0.5870933965332307,0.5783408684073897,0.73936008858146
/root/New_CheckLiuliang_remote/datasets/toniot/test/abnormal/test_00012544_orig37632_37633_37634.png,1,0.5262284315494974,0.55137388868209,0.5846572954032302
/root/New_CheckLiuliang_remote/datasets/toniot/test/abnormal/test_00012556_orig37668_37669_37670.png,1,0.4204555590381951,0.4979030945346625,0.3422375978944851
/root/New_CheckLiuliang_remote/datasets/toniot/test/abnormal/test_00012568_orig37704_37705_37706.png,1,0.5137981187047079,0.5565804964895875,0.5102066470904121
/root/New_CheckLiuliang_remote/datasets/toniot/test/abnormal/test_00012580_orig37740_37741_37742.png,1,0.5929350697386072,0.5879626355496559,0.7260739265385227
/root/New_CheckLiuliang_remote/datasets/toniot/test/abnormal/test_00012591_orig37773_37774_37775.png,1,0.7702899738242449,0.7484940239211102,0.8490552529957158
/root/New_CheckLiuliang_remote/datasets/toniot/test/abnormal/test_00012603_orig37809_37810_37811.png,1,0.6004980751701336,0.5985958874857328,0.7161676314218687
/root/New_CheckLiuliang_remote/datasets/toniot/test/abnormal/test_00012615_orig37845_37846_37847.png,1,0.6122347574558156,0.6088348584767582,0.7258436508199908
/root/New_CheckLiuliang_remote/datasets/toniot/test/abnormal/test_00012627_orig37881_37882_37883.png,1,0.6077500684998004,0.6041402254604723,0.7252752897595021
/root/New_CheckLiuliang_remote/datasets/toniot/test/abnormal/test_00012639_orig37917_37918_37919.png,1,0.610091204084357,0.6028156776600416,0.7406731111454504
/root/New_CheckLiuliang_remote/datasets/toniot/test/abnormal/test_00012651_orig37953_37954_37955.png,1,0.5945619724101779,0.5908350476791285,0.7216027161824288
/root/New_CheckLiuliang_remote/datasets/toniot/test/abnormal/test_00012662_orig37986_37987_37988.png,1,0.6710121132270217,0.6733296428811821,0.7214293047554684
/root/New_CheckLiuliang_remote/datasets/toniot/test/abnormal/test_00012674_orig38022_38023_38024.png,1,0.5874460905369321,0.5822088891262301,0.7254095233102374
/root/New_CheckLiuliang_remote/datasets/toniot/test/abnormal/test_00012686_orig38058_38059_38060.png,1,0.6123924325821088,0.6045846279765751,0.7435247813807566
/root/New_CheckLiuliang_remote/datasets/toniot/test/abnormal/test_00012698_orig38094_38095_38096.png,1,0.6318296330721013,0.6286463934971067,0.7311295637029096
/root/New_CheckLiuliang_remote/datasets/toniot/test/abnormal/test_00012710_orig38130_38131_38132.png,1,0.770527269776916,0.7536060305434557,0.8296309183343512
/root/New_CheckLiuliang_remote/datasets/toniot/test/abnormal/test_00012722_orig38166_38167_38168.png,1,0.5751780024803413,0.5717292821108372,0.7144035700346464
/root/New_CheckLiuliang_remote/datasets/toniot/test/abnormal/test_00012733_orig38199_38200_38201.png,1,0.7229505564706242,0.7075722541153155,0.8085206666467959
/root/New_CheckLiuliang_remote/datasets/toniot/test/abnormal/test_00012745_orig38235_38236_38237.png,1,0.6816059877024723,0.6648533242082334,0.801036423939289
/root/New_CheckLiuliang_remote/datasets/toniot/test/abnormal/test_00012757_orig38271_38272_38273.png,1,0.6482885926998468,0.6500389885466962,0.7165629333744278
/root/New_CheckLiuliang_remote/datasets/toniot/test/abnormal/test_00012769_orig38307_38308_38309.png,1,0.601126822693185,0.5991484056420094,0.7166699678959852
/root/New_CheckLiuliang_remote/datasets/toniot/test/abnormal/test_00012781_orig38343_38344_38345.png,1,0.6925547347213069,0.6771480668621758,0.7990902136131423
/root/New_CheckLiuliang_remote/datasets/toniot/test/abnormal/test_00012793_orig38379_38380_38381.png,1,0.6677017291387273,0.6484512368940948,0.8066619723679003
/root/New_CheckLiuliang_remote/datasets/toniot/test/abnormal/test_00012804_orig38412_38413_38414.png,1,0.5528287498881906,0.551514543980957,0.6988481211143175
/root/New_CheckLiuliang_remote/datasets/toniot/test/abnormal/test_00012816_orig38448_38449_38450.png,1,0.5799383535610488,0.5735445489576878,0.7276785987962104
/root/New_CheckLiuliang_remote/datasets/toniot/test/abnormal/test_00012828_orig38484_38485_38486.png,1,0.6389776237093971,0.6436238210770129,0.7020561972811822
/root/New_CheckLiuliang_remote/datasets/toniot/test/abnormal/test_00012840_orig38520_38521_38522.png,1,0.7408999384554832,0.725233416287595,0.8153094315875009
/root/New_CheckLiuliang_remote/datasets/toniot/test/abnormal/test_00012852_orig38556_38557_38558.png,1,0.6654428634204744,0.6469687142990413,0.8028473437576079
/root/New_CheckLiuliang_remote/datasets/toniot/test/abnormal/test_00012864_orig38592_38593_38594.png,1,0.7344420230162965,0.7195695475504787,0.8101055385749527
/root/New_CheckLiuliang_remote/datasets/toniot/test/abnormal/test_00012875_orig38625_38626_38627.png,1,0.7034263129142736,0.6885449511111309,0.8004025315390711
/root/New_CheckLiuliang_remote/datasets/toniot/test/abnormal/test_00012887_orig38661_38662_38663.png,1,0.7510773857674198,0.7238010152635929,0.8649444185020199
/root/New_CheckLiuliang_remote/datasets/toniot/test/abnormal/test_00012899_orig38697_38698_38699.png,1,0.7815914459850127,0.7731901815778559,0.799025034592444
/root/New_CheckLiuliang_remote/datasets/toniot/test/abnormal/test_00012911_orig38733_38734_38735.png,1,0.7250301999395307,0.7089925839756089,0.8118109036116435
/root/New_CheckLiuliang_remote/datasets/toniot/test/abnormal/test_00012923_orig38769_38770_38771.png,1,0.6956862700313441,0.676876203262127,0.8136870729144668
/root/New_CheckLiuliang_remote/datasets/toniot/test/abnormal/test_00012935_orig38805_38806_38807.png,1,0.7020482100314812,0.6837533551602716,0.8136237964165349
/root/New_CheckLiuliang_remote/datasets/toniot/test/abnormal/test_00012946_orig38838_38839_38840.png,1,0.8180866362082853,0.8124896919478384,0.79926679591138
/root/New_CheckLiuliang_remote/datasets/toniot/test/abnormal/test_00012958_orig38874_38875_38876.png,1,0.7362799488755049,0.7209229611771694,0.8126206736720374
/root/New_CheckLiuliang_remote/datasets/toniot/test/abnormal/test_00012970_orig38910_38911_38912.png,1,0.6791052008850141,0.6610338505608302,0.8055259548849844
/root/New_CheckLiuliang_remote/datasets/toniot/test/abnormal/test_00012982_orig38946_38947_38948.png,1,0.73928519823504,0.7243161390540328,0.8120125710248742
/root/New_CheckLiuliang_remote/datasets/toniot/test/abnormal/test_00012994_orig38982_38983_38984.png,1,0.6284295141909215,0.673856313002126,0.5356218145515229
/root/New_CheckLiuliang_remote/datasets/toniot/test/abnormal/test_00013006_orig39018_39019_39020.png,1,0.6898348188230362,0.6852937406161463,0.7547738347876006
/root/New_CheckLiuliang_remote/datasets/toniot/test/abnormal/test_00013017_orig39051_39052_39053.png,1,0.7384623747529119,0.8138566200295507,0.4503009967175845
/root/New_CheckLiuliang_remote/datasets/toniot/test/abnormal/test_00013029_orig39087_39088_39089.png,1,0.611263871104054,0.6538906082278889,0.5414322600074988
/root/New_CheckLiuliang_remote/datasets/toniot/test/abnormal/test_00013041_orig39123_39124_39125.png,1,0.45454146906126147,0.5310680919911897,0.35662380564729357
/root/New_CheckLiuliang_remote/datasets/toniot/test/abnormal/test_00013053_orig39159_39160_39161.png,1,0.6539121091239993,0.7562700838906515,0.31589833284748536
/root/New_CheckLiuliang_remote/datasets/toniot/test/abnormal/test_00013065_orig39195_39196_39197.png,1,0.5630931341620826,0.606408029738099,0.5235546058913519
/root/New_CheckLiuliang_remote/datasets/toniot/test/abnormal/test_00013077_orig39231_39232_39233.png,1,0.7716579655941026,0.8428198028490308,0.47765363699287816
/root/New_CheckLiuliang_remote/datasets/toniot/test/abnormal/test_00013088_orig39264_39265_39266.png,1,0.6960046191355057,0.7655144959587187,0.4605072562570627
/root/New_CheckLiuliang_remote/datasets/toniot/test/abnormal/test_00013100_orig39300_39301_39302.png,1,0.18337745609156386,0.24047555661513548,0.34919572259329634
/root/New_CheckLiuliang_remote/datasets/toniot/test/abnormal/test_00013112_orig39336_39337_39338.png,1,0.14672714604786374,0.2014077601050401,0.34735792083292727
/root/New_CheckLiuliang_remote/datasets/toniot/test/abnormal/test_00013124_orig39372_39373_39374.png,1,0.6968530944516984,0.6837793344039056,0.7911082145789192
/root/New_CheckLiuliang_remote/datasets/toniot/test/abnormal/test_00013136_orig39408_39409_39410.png,1,0.6166204400720159,0.6562851597244573,0.5549622268197507
/root/New_CheckLiuliang_remote/datasets/toniot/test/abnormal/test_00013148_orig39444_39445_39446.png,1,0.3482737567267829,0.4152831954049803,0.3613257849685622
/root/New_CheckLiuliang_remote/datasets/toniot/test/abnormal/test_00013159_orig39477_39478_39479.png,1,0.5846697728934269,0.6855002624822065,0.30026702963982493
/root/New_CheckLiuliang_remote/datasets/toniot/test/abnormal/test_00013171_orig39513_39514_39515.png,1,0.7113358141069916,0.6908735048322049,0.8252098077444373
/root/New_CheckLiuliang_remote/datasets/toniot/test/abnormal/test_00013183_orig39549_39550_39551.png,1,0.6703272850697244,0.7416128045656291,0.445342317750474
/root/New_CheckLiuliang_remote/datasets/toniot/test/abnormal/test_00013195_orig39585_39586_39587.png,1,0.7205722815163341,0.7938930145881326,0.45297777578600085
/root/New_CheckLiuliang_remote/datasets/toniot/test/abnormal/test_00013207_orig39621_39622_39623.png,1,0.7026797524751027,0.6976639280432683,0.7607059712368153
/root/New_CheckLiuliang_remote/datasets/toniot/test/abnormal/test_00013219_orig39657_39658_39659.png,1,0.6735544738328736,0.7703169821985761,0.3444476599427989
/root/New_CheckLiuliang_remote/datasets/toniot/test/abnormal/test_00013230_orig39690_39691_39692.png,1,0.44376391546933597,0.45084431885769005,0.6310246642346788
/root/New_CheckLiuliang_remote/datasets/toniot/test/abnormal/test_00013242_orig39726_39727_39728.png,1,0.7491142661974839,0.7592399837879023,0.7147196706690814
/root/New_CheckLiuliang_remote/datasets/toniot/test/abnormal/test_00013254_orig39762_39763_39764.png,1,0.6699347733610284,0.7385773005177874,0.45579104324694963
/root/New_CheckLiuliang_remote/datasets/toniot/test/abnormal/test_00013266_orig39798_39799_39800.png,1,0.695146211576991,0.6792802017563806,0.8017412733923102
/root/New_CheckLiuliang_remote/datasets/toniot/test/abnormal/test_00013278_orig39834_39835_39836.png,1,0.6814927426248053,0.721243109432053,0.574988745168561
/root/New_CheckLiuliang_remote/datasets/toniot/test/abnormal/test_00013290_orig39870_39871_39872.png,1,0.6990916023223868,0.6990078946722738,0.7398508689913663
/root/New_CheckLiuliang_remote/datasets/toniot/test/abnormal/test_00013301_orig39903_39904_39905.png,1,0.5828706802491939,0.6151169807290432,0.5740388930615206
/root/New_CheckLiuliang_remote/datasets/toniot/test/abnormal/test_00013313_orig39939_39940_39941.png,1,0.35973705255960153,0.43978713290049465,0.31276255254574103
/root/New_CheckLiuliang_remote/datasets/toniot/test/abnormal/test_00013325_orig39975_39976_39977.png,1,0.6422838006855137,0.6389058329831165,0.7351909565623753
/root/New_CheckLiuliang_remote/datasets/toniot/test/abnormal/test_00013337_orig40011_40012_40013.png,1,0.5814155180695293,0.6125757383517535,0.5779263107835766
/root/New_CheckLiuliang_remote/datasets/toniot/test/abnormal/test_00013349_orig40047_40048_40049.png,1,0.4769497963720762,0.5268228474064515,0.47027403303751925
/root/New_CheckLiuliang_remote/datasets/toniot/test/abnormal/test_00013361_orig40083_40084_40085.png,1,0.2723028843294897,0.3396589292694099,0.336085438210535
/root/New_CheckLiuliang_remote/datasets/toniot/test/abnormal/test_00013372_orig40116_40117_40118.png,1,0.7040412734999693,0.7252973147302705,0.6560460094831599
/root/New_CheckLiuliang_remote/datasets/toniot/test/abnormal/test_00013384_orig40152_40153_40154.png,1,0.6610544460697535,0.6714889216239022,0.685834935856445
/root/New_CheckLiuliang_remote/datasets/toniot/test/abnormal/test_00013396_orig40188_40189_40190.png,1,0.6545117882269688,0.6541283576696304,0.7270522460232518
/root/New_CheckLiuliang_remote/datasets/toniot/test/abnormal/test_00013408_orig40224_40225_40226.png,1,0.3567584651711761,0.3885838806140916,0.5047259722472662
/root/New_CheckLiuliang_remote/datasets/toniot/test/abnormal/test_00016149_orig65191_65192_65193.png,1,0.7246178779001127,0.8080489469943393,0.41380669931818514
/root/New_CheckLiuliang_remote/datasets/toniot/test/abnormal/test_00016159_orig65221_65222_65223.png,1,0.5075356174181866,0.5726209737256689,0.4190283844417889
/root/New_CheckLiuliang_remote/datasets/toniot/test/abnormal/test_00016169_orig65251_65252_65253.png,1,0.23568120494033812,0.2567222933006747,0.5098465065771269
/root/New_CheckLiuliang_remote/datasets/toniot/test/abnormal/test_00016180_orig65284_65285_65286.png,1,0.5808191327832003,0.597165192169646,0.636995696704894
/root/New_CheckLiuliang_remote/datasets/toniot/test/abnormal/test_00016190_orig65314_65315_65316.png,1,0.493332714421469,0.5495418271726881,0.4500738214065238
/root/New_CheckLiuliang_remote/datasets/toniot/test/abnormal/test_00016200_orig65344_65345_65346.png,1,0.6050368565690992,0.6148755574548687,0.6706291988060894
/root/New_CheckLiuliang_remote/datasets/toniot/test/abnormal/test_00016210_orig65374_65375_65376.png,1,0.6856766191415503,0.7078000317261672,0.6468102479459272
/root/New_CheckLiuliang_remote/datasets/toniot/test/abnormal/test_00016220_orig65404_65405_65406.png,1,0.6302718771585988,0.6449076943040771,0.6593642205790532
/root/New_CheckLiuliang_remote/datasets/toniot/test/abnormal/test_00016230_orig65434_65435_65436.png,1,0.5757504186237766,0.5920752285418992,0.6354891805291875
/root/New_CheckLiuliang_remote/datasets/toniot/test/abnormal/test_00016241_orig65467_65468_65469.png,1,0.6388164569941003,0.6547022627789997,0.657047159241085
/root/New_CheckLiuliang_remote/datasets/toniot/test/abnormal/test_00016251_orig65497_65498_65499.png,1,0.6000826690230879,0.6091207613650335,0.6722760788836672
/root/New_CheckLiuliang_remote/datasets/toniot/test/abnormal/test_00016261_orig65527_65528_65529.png,1,0.5480329209022728,0.5519097433841166,0.6765781761049764
/root/New_CheckLiuliang_remote/datasets/toniot/test/abnormal/test_00016271_orig65557_65558_65559.png,1,0.5578371366758261,0.5647037336240559,0.6676974816869853
/root/New_CheckLiuliang_remote/datasets/toniot/test/abnormal/test_00016281_orig65587_65588_65589.png,1,0.6684257932878516,0.6890697843158583,0.647311386535339
/root/New_CheckLiuliang_remote/datasets/toniot/test/abnormal/test_00016292_orig65620_65621_65622.png,1,0.5607693584505528,0.569315442993995,0.6619002129627614
/root/New_CheckLiuliang_remote/datasets/toniot/test/abnormal/test_00016302_orig65650_65651_65652.png,1,0.5350080832492472,0.5396808672973675,0.6693046906416948
/root/New_CheckLiuliang_remote/datasets/toniot/test/abnormal/test_00016312_orig65680_65681_65682.png,1,0.17695253325573823,0.19336862749162922,0.5099064008123632
/root/New_CheckLiuliang_remote/datasets/toniot/test/abnormal/test_00016322_orig65710_65711_65712.png,1,0.5669639047449144,0.5751179989054603,0.6654131860188817
/root/New_CheckLiuliang_remote/datasets/toniot/test/abnormal/test_00016332_orig65740_65741_65742.png,1,0.6076323130050588,0.6244334261544592,0.643594491224191
/root/New_CheckLiuliang_remote/datasets/toniot/test/abnormal/test_00016342_orig65770_65771_65772.png,1,0.5501782549488204,0.560088481629985,0.6531181678733946
/root/New_CheckLiuliang_remote/datasets/toniot/test/abnormal/test_00016353_orig65803_65804_65805.png,1,0.5660705790188202,0.5711560330429737,0.6774072532482581
/root/New_CheckLiuliang_remote/datasets/toniot/test/abnormal/test_00016363_orig65833_65834_65835.png,1,0.5880139107661579,0.6029691913724244,0.6448178838267455
/root/New_CheckLiuliang_remote/datasets/toniot/test/abnormal/test_00016373_orig65863_65864_65865.png,1,0.5160384079734406,0.5232539816143056,0.653177287006763
/root/New_CheckLiuliang_remote/datasets/toniot/test/abnormal/test_00016383_orig65893_65894_65895.png,1,0.5996267507231693,0.6151622475929509,0.6461433080206203
/root/New_CheckLiuliang_remote/datasets/toniot/test/abnormal/test_00016393_orig65923_65924_65925.png,1,0.5556990895170735,0.6169415633652777,0.4495226535147382
/root/New_CheckLiuliang_remote/datasets/toniot/test/abnormal/test_00016404_orig65956_65957_65958.png,1,0.5971104480093193,0.6059708436785611,0.6720536246476193
/root/New_CheckLiuliang_remote/datasets/toniot/test/abnormal/test_00016414_orig65986_65987_65988.png,1,0.5123728438964964,0.5160711143744073,0.6660955575177376
/root/New_CheckLiuliang_remote/datasets/toniot/test/abnormal/test_00016424_orig66016_66017_66018.png,1,0.5391153993617932,0.5473880429087883,0.6561948995055766
/root/New_CheckLiuliang_remote/datasets/toniot/test/abnormal/test_00016434_orig66046_66047_66048.png,1,0.5848347396181203,0.6039674241278158,0.627110047483445
/root/New_CheckLiuliang_remote/datasets/toniot/test/abnormal/test_00016444_orig66076_66077_66078.png,1,0.6613296697088112,0.6765640587136155,0.6667216988992778
/root/New_CheckLiuliang_remote/datasets/toniot/test/abnormal/test_00016454_orig66106_66107_66108.png,1,0.5412294484581518,0.5994812811021077,0.45694192859296534
/root/New_CheckLiuliang_remote/datasets/toniot/test/abnormal/test_00016465_orig66139_66140_66141.png,1,0.5634069275324897,0.5763186860695753,0.645265681314894
/root/New_CheckLiuliang_remote/datasets/toniot/test/abnormal/test_00016475_orig66169_66170_66171.png,1,0.629630217241267,0.6450463814784263,0.6560413588719534
/root/New_CheckLiuliang_remote/datasets/toniot/test/abnormal/test_00016485_orig66199_66200_66201.png,1,0.5731898780129339,0.587990189292904,0.6407831967498147
/root/New_CheckLiuliang_remote/datasets/toniot/test/abnormal/test_00016495_orig66229_66230_66231.png,1,0.34722477413157493,0.4192640552628371,0.34087704749323955
/root/New_CheckLiuliang_remote/datasets/toniot/test/abnormal/test_00016505_orig66259_66260_66261.png,1,0.5905541150022374,0.6029177577183611,0.6559820283471665
/root/New_CheckLiuliang_remote/datasets/toniot/test/abnormal/test_00016515_orig66289_66290_66291.png,1,0.21072598835846654,0.22923179245365952,0.5121520118508848
/root/New_CheckLiuliang_remote/datasets/toniot/test/abnormal/test_00016526_orig66322_66323_66324.png,1,0.4937427431077696,0.4939613347505579,0.6741646498163748
/root/New_CheckLiuliang_remote/datasets/toniot/test/abnormal/test_00016536_orig66352_66353_66354.png,1,0.6342974002800156,0.6579881122654964,0.6244086060828726
/root/New_CheckLiuliang_remote/datasets/toniot/test/abnormal/test_00016546_orig66382_66383_66384.png,1,0.48905004894901255,0.5477171133281523,0.4388973104881218
/root/New_CheckLiuliang_remote/datasets/toniot/test/abnormal/test_00016556_orig66412_66413_66414.png,1,0.5682142271477858,0.5775422034780959,0.6611102432318986
/root/New_CheckLiuliang_remote/datasets/toniot/test/abnormal/test_00016566_orig66442_66443_66444.png,1,0.5742757011001165,0.5788037712939592,0.6822130962198071
/root/New_CheckLiuliang_remote/datasets/toniot/test/abnormal/test_00016577_orig66475_66476_66477.png,1,0.5998432556210158,0.6143391779196373,0.6503695861865009
/root/New_CheckLiuliang_remote/datasets/toniot/test/abnormal/test_00016587_orig66505_66506_66507.png,1,0.561366879847866,0.5711810938284995,0.6570153096007006
/root/New_CheckLiuliang_remote/datasets/toniot/test/abnormal/test_00016597_orig66535_66536_66537.png,1,0.5981207229035145,0.6169037753745373,0.6326802113604144
/root/New_CheckLiuliang_remote/datasets/toniot/test/abnormal/test_00016607_orig66565_66566_66567.png,1,0.560007945108624,0.5768590018538421,0.6284412497094248
/root/New_CheckLiuliang_remote/datasets/toniot/test/abnormal/test_00016617_orig66595_66596_66597.png,1,0.34327483814054977,0.41417999600864347,0.3441733091135139
/root/New_CheckLiuliang_remote/datasets/toniot/test/abnormal/test_00016627_orig66625_66626_66627.png,1,0.5867921903462874,0.6002239200867969,0.6505284820693923
/root/New_CheckLiuliang_remote/datasets/toniot/test/abnormal/test_00016638_orig66658_66659_66660.png,1,0.3317676707255237,0.40303043940741606,0.3391297564918833
/root/New_CheckLiuliang_remote/datasets/toniot/test/abnormal/test_00016648_orig66688_66689_66690.png,1,0.5461194471096378,0.5574479145687006,0.6461707889050228
/root/New_CheckLiuliang_remote/datasets/toniot/test/abnormal/test_00016658_orig66718_66719_66720.png,1,0.5728227681587003,0.584006967685626,0.655132375772486
/root/New_CheckLiuliang_remote/datasets/toniot/test/abnormal/test_00016668_orig66748_66749_66750.png,1,0.5673426748835126,0.5736270789791312,0.6730108754543066
/root/New_CheckLiuliang_remote/datasets/toniot/test/abnormal/test_00016678_orig66778_66779_66780.png,1,0.6222533384432587,0.6323291480946783,0.6750865277923697
/root/New_CheckLiuliang_remote/datasets/toniot/test/abnormal/test_00016689_orig66811_66812_66813.png,1,0.607864333801946,0.6231996744984464,0.6495304327189383
/root/New_CheckLiuliang_remote/datasets/toniot/test/abnormal/test_00016699_orig66841_66842_66843.png,1,0.575687309346098,0.593026882350371,0.6314103126457941
/root/New_CheckLiuliang_remote/datasets/toniot/test/abnormal/test_00016709_orig66871_66872_66873.png,1,0.5929928379591084,0.6095694937550753,0.6398957051112261
/root/New_CheckLiuliang_remote/datasets/toniot/test/abnormal/test_00016719_orig66901_66902_66903.png,1,0.6399975516967963,0.6498951842486009,0.681370701417161
/root/New_CheckLiuliang_remote/datasets/toniot/test/abnormal/test_00016729_orig66931_66932_66933.png,1,0.5874646452873669,0.6013752729296675,0.6488240330621816
/root/New_CheckLiuliang_remote/datasets/toniot/test/abnormal/test_00016739_orig66961_66962_66963.png,1,0.6075390162212997,0.6228315040053302,0.6495996986403938
/root/New_CheckLiuliang_remote/datasets/toniot/test/abnormal/test_00016750_orig66994_66995_66996.png,1,0.5664462651666458,0.5723149959673128,0.6743921069826602
/root/New_CheckLiuliang_remote/datasets/toniot/test/abnormal/test_00016760_orig67024_67025_67026.png,1,0.6580614819441369,0.6719796406703222,0.6709604491588489
/root/New_CheckLiuliang_remote/datasets/toniot/test/abnormal/test_00016770_orig67054_67055_67056.png,1,0.6554295510322753,0.658067230871109,0.7152559706977671
/root/New_CheckLiuliang_remote/datasets/toniot/test/abnormal/test_00016780_orig67084_67085_67086.png,1,0.5498880337894994,0.6701347207474044,0.2116812008836443
/root/New_CheckLiuliang_remote/datasets/toniot/test/abnormal/test_00016790_orig67114_67115_67116.png,1,0.5684430598731738,0.5721139848499023,0.6838102993140419
/root/New_CheckLiuliang_remote/datasets/toniot/test/abnormal/test_00016801_orig67147_67148_67149.png,1,0.5820912682232002,0.5879482026365258,0.6793516315154446
/root/New_CheckLiuliang_remote/datasets/toniot/test/abnormal/test_00016811_orig67177_67178_67179.png,1,0.5794309823687982,0.5947757577968237,0.6405649703421363
/root/New_CheckLiuliang_remote/datasets/toniot/test/abnormal/test_00016821_orig67207_67208_67209.png,1,0.6448126049388305,0.644253883339288,0.7247079856561057
/root/New_CheckLiuliang_remote/datasets/toniot/test/abnormal/test_00016831_orig67237_67238_67239.png,1,0.5426852093751424,0.55479999984255,0.6419471883637762
/root/New_CheckLiuliang_remote/datasets/toniot/test/abnormal/test_00016841_orig67267_67268_67269.png,1,0.5388702309052117,0.548688842006705,0.6499340494006243
/root/New_CheckLiuliang_remote/datasets/toniot/test/abnormal/test_00016851_orig67297_67298_67299.png,1,0.5904716378165055,0.5985414360407423,0.673131509490453
/root/New_CheckLiuliang_remote/datasets/toniot/test/abnormal/test_00016862_orig67330_67331_67332.png,1,0.549362623866001,0.5625313177813883,0.6398282007849245
/root/New_CheckLiuliang_remote/datasets/toniot/test/abnormal/test_00016872_orig67360_67361_67362.png,1,0.5731360784634226,0.5831390247733081,0.6599557642317687
/root/New_CheckLiuliang_remote/datasets/toniot/test/abnormal/test_00016882_orig67390_67391_67392.png,1,0.3485704668277987,0.40549991084395937,0.40173892694756497
/root/New_CheckLiuliang_remote/datasets/toniot/test/abnormal/test_00016892_orig67420_67421_67422.png,1,0.4781213680282899,0.5353995404298043,0.44102140669292006
/root/New_CheckLiuliang_remote/datasets/toniot/test/abnormal/test_00016902_orig67450_67451_67452.png,1,0.6802816478272845,0.6889392320561823,0.6989796065766125
/root/New_CheckLiuliang_remote/datasets/toniot/test/abnormal/test_00016913_orig67483_67484_67485.png,1,0.5278004555936968,0.5343947472593538,0.6593555535308955
/root/New_CheckLiuliang_remote/datasets/toniot/test/abnormal/test_00016923_orig67513_67514_67515.png,1,0.5402861651674455,0.5471762727106808,0.662092649617385
/root/New_CheckLiuliang_remote/datasets/toniot/test/abnormal/test_00016933_orig67543_67544_67545.png,1,0.5969918662913116,0.6059972165470987,0.6714365730970738
/root/New_CheckLiuliang_remote/datasets/toniot/test/abnormal/test_00016943_orig67573_67574_67575.png,1,0.5527132908790688,0.5605757892605743,0.6621050512472693
/root/New_CheckLiuliang_remote/datasets/toniot/test/abnormal/test_00016953_orig67603_67604_67605.png,1,0.5926271810298901,0.6062559593170292,0.6515724033576568
/root/New_CheckLiuliang_remote/datasets/toniot/test/abnormal/test_00016963_orig67633_67634_67635.png,1,0.5724381065312335,0.5754307994954778,0.6877776229922836
/root/New_CheckLiuliang_remote/datasets/toniot/test/abnormal/test_00016974_orig67666_67667_67668.png,1,0.5502460173283311,0.5618369634515341,0.6464165666609097
/root/New_CheckLiuliang_remote/datasets/toniot/test/abnormal/test_00016984_orig67696_67697_67698.png,1,0.5556634053114953,0.5653360264274512,0.6557908600410536
/root/New_CheckLiuliang_remote/datasets/toniot/test/abnormal/test_00016994_orig67726_67727_67728.png,1,0.5942089380442349,0.6034889074534057,0.6694642911626478
/root/New_CheckLiuliang_remote/datasets/toniot/test/abnormal/test_00017004_orig67756_67757_67758.png,1,0.5749617518069882,0.5897174153696617,0.6415181342480663
/root/New_CheckLiuliang_remote/datasets/toniot/test/abnormal/test_00017014_orig67786_67787_67788.png,1,0.49413439714681584,0.600444743657686,0.2499206049064089
/root/New_CheckLiuliang_remote/datasets/toniot/test/abnormal/test_00017025_orig67819_67820_67821.png,1,0.5820644706166109,0.5976153678510009,0.6405673661115457
/root/New_CheckLiuliang_remote/datasets/toniot/test/abnormal/test_00017035_orig67849_67850_67851.png,1,0.5943494412546763,0.6055217176636157,0.661939179447568
/root/New_CheckLiuliang_remote/datasets/toniot/test/abnormal/test_00017045_orig67879_67880_67881.png,1,0.566110126132144,0.571009735787156,0.6781630480331332
/root/New_CheckLiuliang_remote/datasets/toniot/test/abnormal/test_00017055_orig67909_67910_67911.png,1,0.4793456070024518,0.5368964959379878,0.4403149365723572
/root/New_CheckLiuliang_remote/datasets/toniot/test/abnormal/test_00017065_orig67939_67940_67941.png,1,0.6032701610086403,0.6132712735563184,0.6694248314311981
/root/New_CheckLiuliang_remote/datasets/toniot/test/abnormal/test_00017075_orig67969_67970_67971.png,1,0.5718502089647937,0.5785153754479615,0.6729031362946876
/root/New_CheckLiuliang_remote/datasets/toniot/test/abnormal/test_00017086_orig68002_68003_68004.png,1,0.6432732605774109,0.6465615749404741,0.7088365065651481
/root/New_CheckLiuliang_remote/datasets/toniot/test/abnormal/test_00017096_orig68032_68033_68034.png,1,0.5551005352004423,0.5601176098728473,0.6742363115072398
/root/New_CheckLiuliang_remote/datasets/toniot/test/abnormal/test_00017106_orig68062_68063_68064.png,1,0.6208210464522181,0.6379300368472273,0.6465040827081608
/root/New_CheckLiuliang_remote/datasets/toniot/test/abnormal/test_00017116_orig68092_68093_68094.png,1,0.5760207620323988,0.5883123056723054,0.6517071301550351
/root/New_CheckLiuliang_remote/datasets/toniot/test/abnormal/test_00017126_orig68122_68123_68124.png,1,0.5743228191651031,0.5811049024800862,0.6732118382294757
/root/New_CheckLiuliang_remote/datasets/toniot/test/abnormal/test_00017136_orig68152_68153_68154.png,1,0.5386744574974656,0.5538837722753973,0.6283097642471298
/root/New_CheckLiuliang_remote/datasets/toniot/test/abnormal/test_00017147_orig68185_68186_68187.png,1,0.5572901554296671,0.5657288640811896,0.6612372894744055
/root/New_CheckLiuliang_remote/datasets/toniot/test/abnormal/test_00017157_orig68215_68216_68217.png,1,0.6782318413401592,0.6931272698216052,0.6733846154821806
/root/New_CheckLiuliang_remote/datasets/toniot/test/abnormal/test_00017167_orig68245_68246_68247.png,1,0.590457832501894,0.6037336109351098,0.6523032539551511
/root/New_CheckLiuliang_remote/datasets/toniot/test/abnormal/test_00017177_orig68275_68276_68277.png,1,0.6604131323190909,0.6732629890641817,0.6759720464443858
/root/New_CheckLiuliang_remote/datasets/toniot/test/abnormal/test_00017187_orig68305_68306_68307.png,1,0.5504281690891125,0.5637154726995544,0.6396883301296964
/root/New_CheckLiuliang_remote/datasets/toniot/test/abnormal/test_00017198_orig68338_68339_68340.png,1,0.6177966976682581,0.6187648339185005,0.7101178908801725
/root/New_CheckLiuliang_remote/datasets/toniot/test/abnormal/test_00017208_orig68368_68369_68370.png,1,0.4667647351350007,0.5220976428559901,0.4452366220412336
/root/New_CheckLiuliang_remote/datasets/toniot/test/abnormal/test_00017218_orig68398_68399_68400.png,1,0.5782695805577766,0.5938340758192416,0.6393214250910199
/root/New_CheckLiuliang_remote/datasets/toniot/test/abnormal/test_00017228_orig68428_68429_68430.png,1,0.5771887140646219,0.5884575532617137,0.6561646705327339
/root/New_CheckLiuliang_remote/datasets/toniot/test/abnormal/test_00017238_orig68458_68459_68460.png,1,0.549253513076759,0.5528024846653579,0.6782728306431309
/root/New_CheckLiuliang_remote/datasets/toniot/test/abnormal/test_00017248_orig68488_68489_68490.png,1,0.533229424925804,0.5358621808997714,0.6769063260502648
/root/New_CheckLiuliang_remote/datasets/toniot/test/abnormal/test_00017259_orig68521_68522_68523.png,1,0.6640078698206678,0.7470288208218127,0.39641637288544285
/root/New_CheckLiuliang_remote/datasets/toniot/test/abnormal/test_00017269_orig68551_68552_68553.png,1,0.7053071999933096,0.7217326476037624,0.6757658693475608
/root/New_CheckLiuliang_remote/datasets/toniot/test/abnormal/test_00017279_orig68581_68582_68583.png,1,0.5691540630513828,0.5800864636463128,0.6549876431146328
/root/New_CheckLiuliang_remote/datasets/toniot/test/abnormal/test_00017289_orig68611_68612_68613.png,1,0.5641197687727322,0.5686818381075879,0.6788882615261347
/root/New_CheckLiuliang_remote/datasets/toniot/test/abnormal/test_00017299_orig68641_68642_68643.png,1,0.5582604563868183,0.5699720093331089,0.6484505748895322
/root/New_CheckLiuliang_remote/datasets/toniot/test/abnormal/test_00017310_orig68674_68675_68676.png,1,0.6304715622036942,0.6440700605093322,0.6635761945922833
/root/New_CheckLiuliang_remote/datasets/toniot/test/abnormal/test_00017320_orig68704_68705_68706.png,1,0.623478505045992,0.6405856928631475,0.6473457024089391
/root/New_CheckLiuliang_remote/datasets/toniot/test/abnormal/test_00017330_orig68734_68735_68736.png,1,0.5208853774950116,0.5267329697201418,0.6601711016233945
/root/New_CheckLiuliang_remote/datasets/toniot/test/abnormal/test_00017340_orig68764_68765_68766.png,1,0.5174717967145842,0.5719712302182165,0.46449191403161977
/root/New_CheckLiuliang_remote/datasets/toniot/test/abnormal/test_00017350_orig68794_68795_68796.png,1,0.623043511798227,0.635747780381971,0.6648207968004922
/root/New_CheckLiuliang_remote/datasets/toniot/test/abnormal/test_00017360_orig68824_68825_68826.png,1,0.6243288667221099,0.6421087588232662,0.6449218884046382
/root/New_CheckLiuliang_remote/datasets/toniot/test/abnormal/test_00017371_orig68857_68858_68859.png,1,0.5723295317107573,0.5789048016858692,0.6734132237874817
/root/New_CheckLiuliang_remote/datasets/toniot/test/abnormal/test_00017381_orig68887_68888_68889.png,1,0.5013819532448673,0.5588434460600705,0.44759166337072215
/root/New_CheckLiuliang_remote/datasets/toniot/test/abnormal/test_00017391_orig68917_68918_68919.png,1,0.6671952750820567,0.6863793581001247,0.6527646509578885
/root/New_CheckLiuliang_remote/datasets/toniot/test/abnormal/test_00017401_orig68947_68948_68949.png,1,0.3960605767177989,0.4632728939788379,0.3755187457329761
/root/New_CheckLiuliang_remote/datasets/toniot/test/abnormal/test_00017411_orig68977_68978_68979.png,1,0.5994848620965482,0.6149360444817135,0.64643601467141
/root/New_CheckLiuliang_remote/datasets/toniot/test/abnormal/test_00017422_orig69010_69011_69012.png,1,0.5556902836348372,0.5632269841942544,0.6643429817309194
/root/New_CheckLiuliang_remote/datasets/toniot/test/abnormal/test_00017432_orig69040_69041_69042.png,1,0.5828555463671875,0.5946915220674649,0.6556754403265631
/root/New_CheckLiuliang_remote/datasets/toniot/test/abnormal/test_00017442_orig69070_69071_69072.png,1,0.5228211298640225,0.5304851335090387,0.6535132584345352
/root/New_CheckLiuliang_remote/datasets/toniot/test/abnormal/test_00017452_orig69100_69101_69102.png,1,0.694808526412632,0.7146277180947662,0.6588944383833827
/root/New_CheckLiuliang_remote/datasets/toniot/test/abnormal/test_00017462_orig69130_69131_69132.png,1,0.6227368564619763,0.6180088116870908,0.7344537642223266
/root/New_CheckLiuliang_remote/datasets/toniot/test/abnormal/test_00017472_orig69160_69161_69162.png,1,0.5740496000172417,0.5760811990444362,0.6921279879208125
/root/New_CheckLiuliang_remote/datasets/toniot/test/abnormal/test_00017483_orig69193_69194_69195.png,1,0.6045612617260387,0.6203911608116494,0.6465150750619219
/root/New_CheckLiuliang_remote/datasets/toniot/test/abnormal/test_00017493_orig69223_69224_69225.png,1,0.5717643491012862,0.5831987245503458,0.6537993414875459
/root/New_CheckLiuliang_remote/datasets/toniot/test/abnormal/test_00017503_orig69253_69254_69255.png,1,0.5784969218165525,0.5855343635196837,0.6735010216899574
/root/New_CheckLiuliang_remote/datasets/toniot/test/abnormal/test_00017513_orig69283_69284_69285.png,1,0.5979532049748764,0.6054981001694031,0.6775802418923816
/root/New_CheckLiuliang_remote/datasets/toniot/test/abnormal/test_00017523_orig69313_69314_69315.png,1,0.6333456523654514,0.6406532651382562,0.6896421657670905
/root/New_CheckLiuliang_remote/datasets/toniot/test/abnormal/test_00017534_orig69346_69347_69348.png,1,0.5777740904810608,0.5864327467578757,0.6667892032255793
/root/New_CheckLiuliang_remote/datasets/toniot/test/abnormal/test_00017544_orig69376_69377_69378.png,1,0.5872657448132282,0.5954816584571819,0.6715404367473541
/root/New_CheckLiuliang_remote/datasets/toniot/test/abnormal/test_00017554_orig69406_69407_69408.png,1,0.5855858652170329,0.5927979238648088,0.6750283951522874
/root/New_CheckLiuliang_remote/datasets/toniot/test/abnormal/test_00017564_orig69436_69437_69438.png,1,0.6124307194343233,0.6268577619353959,0.6545974145561171
/root/New_CheckLiuliang_remote/datasets/toniot/test/abnormal/test_00017574_orig69466_69467_69468.png,1,0.6582715743351684,0.6798979304383447,0.6401936260836717
/root/New_CheckLiuliang_remote/datasets/toniot/test/abnormal/test_00017584_orig69496_69497_69498.png,1,0.5603422046651254,0.571872036742523,0.6498311017798242
/root/New_CheckLiuliang_remote/datasets/toniot/test/abnormal/test_00017595_orig69529_69530_69531.png,1,0.6077411182967031,0.6247203787091439,0.6429160656984799
/root/New_CheckLiuliang_remote/datasets/toniot/test/abnormal/test_00017605_orig69559_69560_69561.png,1,0.5766555126410259,0.5930863197108064,0.6353493803377654
/root/New_CheckLiuliang_remote/datasets/toniot/test/abnormal/test_00017615_orig69589_69590_69591.png,1,0.5836276660977999,0.5993054619785241,0.6405505957256796
/root/New_CheckLiuliang_remote/datasets/toniot/test/abnormal/test_00017625_orig69619_69620_69621.png,1,0.5874772834068958,0.6642504220643028,0.39737795721620894
/root/New_CheckLiuliang_remote/datasets/toniot/test/abnormal/test_00017635_orig69649_69650_69651.png,1,0.44704194512061785,0.5154612581905141,0.386698286595043
/root/New_CheckLiuliang_remote/datasets/toniot/test/abnormal/test_00017646_orig69682_69683_69684.png,1,0.6208778143949444,0.6388012599670746,0.6432640864371054
/root/New_CheckLiuliang_remote/datasets/toniot/test/abnormal/test_00017656_orig69712_69713_69714.png,1,0.5398991197954492,0.5488323838881979,0.653798495921872
/root/New_CheckLiuliang_remote/datasets/toniot/test/abnormal/test_00017666_orig69742_69743_69744.png,1,0.645538162729741,0.6415676557891924,0.7385829432633184
/root/New_CheckLiuliang_remote/datasets/toniot/test/abnormal/test_00017676_orig69772_69773_69774.png,1,0.6195549894113901,0.6288655113600803,0.6773004301181191
/root/New_CheckLiuliang_remote/datasets/toniot/test/abnormal/test_00017686_orig69802_69803_69804.png,1,0.603119937507061,0.6078591935491701,0.6904250891173372
/root/New_CheckLiuliang_remote/datasets/toniot/test/abnormal/test_00017696_orig69832_69833_69834.png,1,0.5624896666131749,0.5713786935300793,0.6610685991224579
/root/New_CheckLiuliang_remote/datasets/toniot/test/abnormal/test_00017707_orig69865_69866_69867.png,1,0.5041204028964779,0.5719255697294052,0.407076806887527
/root/New_CheckLiuliang_remote/datasets/toniot/test/abnormal/test_00017717_orig69895_69896_69897.png,1,0.5750215150298961,0.5876989068642804,0.6498499860798751
/root/New_CheckLiuliang_remote/datasets/toniot/test/abnormal/test_00017727_orig69925_69926_69927.png,1,0.31820768362223,0.3880328057491279,0.34062267315300093
/root/New_CheckLiuliang_remote/datasets/toniot/test/abnormal/test_00017737_orig69955_69956_69957.png,1,0.7312299331321728,0.7253305104304695,0.7732047707097178
/root/New_CheckLiuliang_remote/datasets/toniot/test/abnormal/test_00017747_orig69985_69986_69987.png,1,0.5445250086922543,0.555551823408322,0.6468767657789425
/root/New_CheckLiuliang_remote/datasets/toniot/test/abnormal/test_00017757_orig70015_70016_70017.png,1,0.5617469156661258,0.5696115801297624,0.6649328342522871
/root/New_CheckLiuliang_remote/datasets/toniot/test/abnormal/test_00017768_orig70048_70049_70050.png,1,0.6736527626577494,0.6832062165443433,0.6933147393441638
/root/New_CheckLiuliang_remote/datasets/toniot/test/abnormal/test_00017778_orig70078_70079_70080.png,1,0.6786171941210533,0.6852703855385359,0.7064745597826558
/root/New_CheckLiuliang_remote/datasets/toniot/test/abnormal/test_00017788_orig70108_70109_70110.png,1,0.5615380544490031,0.5646318314750083,0.6839508041435255
/root/New_CheckLiuliang_remote/datasets/toniot/test/abnormal/test_00017798_orig70138_70139_70140.png,1,0.5837887461681062,0.5900741707405751,0.6781706581241985
/root/New_CheckLiuliang_remote/datasets/toniot/test/abnormal/test_00017808_orig70168_70169_70170.png,1,0.5612661282076428,0.5694812902866888,0.6633798824283209
/root/New_CheckLiuliang_remote/datasets/toniot/test/abnormal/test_00017819_orig70201_70202_70203.png,1,0.5554829101997784,0.5657149560012643,0.6534964880486691
/root/New_CheckLiuliang_remote/datasets/toniot/test/abnormal/test_00017829_orig70231_70232_70233.png,1,0.6052796527364186,0.6135284418266347,0.6770650810055439
/root/New_CheckLiuliang_remote/datasets/toniot/test/abnormal/test_00017839_orig70261_70262_70263.png,1,0.5563371238955236,0.6177652890800973,0.4489802231349164
/root/New_CheckLiuliang_remote/datasets/toniot/test/abnormal/test_00017849_orig70291_70292_70293.png,1,0.6115983088390635,0.6304312200180832,0.636712573131742
/root/New_CheckLiuliang_remote/datasets/toniot/test/abnormal/test_00017859_orig70321_70322_70323.png,1,0.6383393317010416,0.6584125711198195,0.640147613218249
/root/New_CheckLiuliang_remote/datasets/toniot/test/abnormal/test_00017869_orig70351_70352_70353.png,1,0.3635071426370512,0.4256811908570382,0.3854504430517508
/root/New_CheckLiuliang_remote/datasets/toniot/test/abnormal/test_00017880_orig70384_70385_70386.png,1,0.6188582272426585,0.6385531450695398,0.6355440718341863
/root/New_CheckLiuliang_remote/datasets/toniot/test/abnormal/test_00017890_orig70414_70415_70416.png,1,0.47965498638624826,0.5341939985585457,0.4524595849554982
/root/New_CheckLiuliang_remote/datasets/toniot/test/abnormal/test_00017900_orig70444_70445_70446.png,1,0.6202286911009469,0.6172270726286494,0.7267605258657482
/root/New_CheckLiuliang_remote/datasets/toniot/test/abnormal/test_00017910_orig70474_70475_70476.png,1,0.5505927606628035,0.5628981761914927,0.6436675621911792
/root/New_CheckLiuliang_remote/datasets/toniot/test/abnormal/test_00017920_orig70504_70505_70506.png,1,0.6336123827539686,0.6521944785185113,0.6446279838691437
/root/New_CheckLiuliang_remote/datasets/toniot/test/abnormal/test_00017931_orig70537_70538_70539.png,1,0.4832795132472174,0.5384485589326677,0.4510775078614707
/root/New_CheckLiuliang_remote/datasets/toniot/test/abnormal/test_00017941_orig70567_70568_70569.png,1,0.5950546706465545,0.6082555738270404,0.6540461057367192
/root/New_CheckLiuliang_remote/datasets/toniot/test/abnormal/test_00017951_orig70597_70598_70599.png,1,0.499723419053245,0.5075545147529957,0.6455924924478654
/root/New_CheckLiuliang_remote/datasets/toniot/test/abnormal/test_00017961_orig70627_70628_70629.png,1,0.5010763839775422,0.5048465066249039,0.6622611990417204
/root/New_CheckLiuliang_remote/datasets/toniot/test/abnormal/test_00017971_orig70657_70658_70659.png,1,0.5958464182171298,0.6063966146158962,0.6648975318854008
/root/New_CheckLiuliang_remote/datasets/toniot/test/abnormal/test_00017981_orig70687_70688_70689.png,1,0.6050851778635193,0.6136673914175863,0.6756703204264075
/root/New_CheckLiuliang_remote/datasets/toniot/test/abnormal/test_00017992_orig70720_70721_70722.png,1,0.5525944787311355,0.5606595001567283,0.6612576535143858
/root/New_CheckLiuliang_remote/datasets/toniot/test/abnormal/test_00018002_orig70750_70751_70752.png,1,0.559302828346915,0.5678774000130421,0.6613257920149428
/root/New_CheckLiuliang_remote/datasets/toniot/test/abnormal/test_00018012_orig70780_70781_70782.png,1,0.6043395594624771,0.6133688925323977,0.673647727334383
/root/New_CheckLiuliang_remote/datasets/toniot/test/abnormal/test_00018022_orig70810_70811_70812.png,1,0.48395780764272034,0.552742653680019,0.3968272825710665
/root/New_CheckLiuliang_remote/datasets/toniot/test/abnormal/test_00018032_orig70840_70841_70842.png,1,0.6265379995051175,0.6430226246409977,0.6507965968518321
/root/New_CheckLiuliang_remote/datasets/toniot/test/abnormal/test_00018043_orig70873_70874_70875.png,1,0.6165261256553061,0.6338577248034467,0.6442650952674183
/root/New_CheckLiuliang_remote/datasets/toniot/test/abnormal/test_00018053_orig70903_70904_70905.png,1,0.5909244223920106,0.5981845494615277,0.6765123629100227
/root/New_CheckLiuliang_remote/datasets/toniot/test/abnormal/test_00018063_orig70933_70934_70935.png,1,0.51757001191935,0.5256646717319194,0.6501418471649909
/root/New_CheckLiuliang_remote/datasets/toniot/test/abnormal/test_00018073_orig70963_70964_70965.png,1,0.4557787288011585,0.5085553716744108,0.4520122102501867
/root/New_CheckLiuliang_remote/datasets/toniot/test/abnormal/test_00018083_orig70993_70994_70995.png,1,0.5325201609444079,0.5438464684432883,0.6419094197636742
/root/New_CheckLiuliang_remote/datasets/toniot/test/abnormal/test_00018093_orig71023_71024_71025.png,1,0.5916451454560725,0.5978405212958289,0.6809976660273486
/root/New_CheckLiuliang_remote/datasets/toniot/test/abnormal/test_00018104_orig71056_71057_71058.png,1,0.7119308399195658,0.7128788426483136,0.7397553905340191
/root/New_CheckLiuliang_remote/datasets/toniot/test/abnormal/test_00018114_orig71086_71087_71088.png,1,0.5876300332391776,0.5952895695042517,0.6738803283585182
/root/New_CheckLiuliang_remote/datasets/toniot/test/abnormal/test_00018124_orig71116_71117_71118.png,1,0.5896489663762711,0.6486097365219224,0.469309313067379
/root/New_CheckLiuliang_remote/datasets/toniot/test/abnormal/test_00018134_orig71146_71147_71148.png,1,0.5350463154437225,0.5441517901601384,0.6515859324084395
/root/New_CheckLiuliang_remote/datasets/toniot/test/abnormal/test_00018144_orig71176_71177_71178.png,1,0.6223667042510692,0.6316467337202316,0.6783052439939646
/root/New_CheckLiuliang_remote/datasets/toniot/test/abnormal/test_00018155_orig71209_71210_71211.png,1,0.3722412656166823,0.4469386413564104,0.3380995404139171
/root/New_CheckLiuliang_remote/datasets/toniot/test/abnormal/test_00018165_orig71239_71240_71241.png,1,0.6043250337205823,0.6147506471521436,0.6680580449831074
/root/New_CheckLiuliang_remote/datasets/toniot/test/abnormal/test_00018175_orig71269_71270_71271.png,1,0.6520441672336108,0.6721864249529848,0.6441746902041147
/root/New_CheckLiuliang_remote/datasets/toniot/test/abnormal/test_00018185_orig71299_71300_71301.png,1,0.6181762035046562,0.6186218168702123,0.7123271425947155
/root/New_CheckLiuliang_remote/datasets/toniot/test/abnormal/test_00018195_orig71329_71330_71331.png,1,0.364978816378431,0.4392477355743361,0.33753304664429157
/root/New_CheckLiuliang_remote/datasets/toniot/test/abnormal/test_00018205_orig71359_71360_71361.png,1,0.5797962452798786,0.5877633301401607,0.6701904206851295
/root/New_CheckLiuliang_remote/datasets/toniot/test/abnormal/test_00018216_orig71392_71393_71394.png,1,0.4169114242575464,0.4963488009988626,0.3331654180832534
/root/New_CheckLiuliang_remote/datasets/toniot/test/abnormal/test_00018226_orig71422_71423_71424.png,1,0.578826139937447,0.5824093754104359,0.6874212170607249
/root/New_CheckLiuliang_remote/datasets/toniot/test/abnormal/test_00018236_orig71452_71453_71454.png,1,0.6178052585785319,0.6348772133036296,0.645705305001528
/root/New_CheckLiuliang_remote/datasets/toniot/test/abnormal/test_00018246_orig71482_71483_71484.png,1,0.7074572116498781,0.7227303555259491,0.681050161562938
/root/New_CheckLiuliang_remote/datasets/toniot/test/abnormal/test_00018256_orig71512_71513_71514.png,1,0.5292604597026399,0.5332510044979518,0.6702289643870991
/root/New_CheckLiuliang_remote/datasets/toniot/test/abnormal/test_00018267_orig71545_71546_71547.png,1,0.7247899290369807,0.7428514109287855,0.675339070073648
/root/New_CheckLiuliang_remote/datasets/toniot/test/abnormal/test_00018277_orig71575_71576_71577.png,1,0.6281748457513607,0.6447314815555899,0.651022503814382
/root/New_CheckLiuliang_remote/datasets/toniot/test/abnormal/test_00018287_orig71605_71606_71607.png,1,0.6982699335119291,0.7162588996950587,0.6673021797344262
/root/New_CheckLiuliang_remote/datasets/toniot/test/abnormal/test_00018297_orig71635_71636_71637.png,1,0.5928304656880382,0.595799969795849,0.6942733289631681
/root/New_CheckLiuliang_remote/datasets/toniot/test/abnormal/test_00018307_orig71665_71666_71667.png,1,0.5794001075889795,0.6376108070504518,0.46909157990634376
/root/New_CheckLiuliang_remote/datasets/toniot/test/abnormal/test_00018317_orig71695_71696_71697.png,1,0.5082017429521839,0.5109625191678927,0.6685358600526802
/root/New_CheckLiuliang_remote/datasets/toniot/test/abnormal/test_00018328_orig71728_71729_71730.png,1,0.5852732200091242,0.5951819786972826,0.6641434282318736
/root/New_CheckLiuliang_remote/datasets/toniot/test/abnormal/test_00018338_orig71758_71759_71760.png,1,0.5877138661951192,0.593830008361905,0.6800802272711418
/root/New_CheckLiuliang_remote/datasets/toniot/test/abnormal/test_00018348_orig71788_71789_71790.png,1,0.517262163357209,0.5732072124153493,0.4586436295117359
/root/New_CheckLiuliang_remote/datasets/toniot/test/abnormal/test_00018358_orig71818_71819_71820.png,1,0.5803563149590176,0.5915625977091817,0.6574094841323612
/root/New_CheckLiuliang_remote/datasets/toniot/test/abnormal/test_00018368_orig71848_71849_71850.png,1,0.5943835618057838,0.6105017287349722,0.6421663308009345
/root/New_CheckLiuliang_remote/datasets/toniot/test/abnormal/test_00018378_orig71878_71879_71880.png,1,0.6499999425914711,0.6636863575775221,0.6693561996839981
/root/New_CheckLiuliang_remote/datasets/toniot/test/abnormal/test_00018389_orig71911_71912_71913.png,1,0.5254448792861062,0.5867409550573518,0.439808795052708
/root/New_CheckLiuliang_remote/datasets/toniot/test/abnormal/test_00018399_orig71941_71942_71943.png,1,0.546218953894978,0.561165832990989,0.6317283862668015
/root/New_CheckLiuliang_remote/datasets/toniot/test/abnormal/test_00018409_orig71971_71972_71973.png,1,0.6296888898113966,0.647078929272034,0.648164280445103
/root/New_CheckLiuliang_remote/datasets/toniot/test/abnormal/test_00018419_orig72001_72002_72003.png,1,0.5866191454481835,0.5969643122605367,0.6628203998074084
/root/New_CheckLiuliang_remote/datasets/toniot/test/abnormal/test_00018429_orig72031_72032_72033.png,1,0.6282355828197376,0.6504088647477277,0.628574990013517
/root/New_CheckLiuliang_remote/datasets/toniot/test/abnormal/test_00018440_orig72064_72065_72066.png,1,0.5648743680801015,0.5712747765555433,0.6717718398867843
/root/New_CheckLiuliang_remote/datasets/toniot/test/abnormal/test_00018450_orig72094_72095_72096.png,1,0.5907164461031812,0.6018009126587014,0.6611497029633483
/root/New_CheckLiuliang_remote/datasets/toniot/test/abnormal/test_00018460_orig72124_72125_72126.png,1,0.5782235474029939,0.5928748119293012,0.6429598941859116
/root/New_CheckLiuliang_remote/datasets/toniot/test/abnormal/test_00018470_orig72154_72155_72156.png,1,0.42405101560013686,0.4947601308881529,0.37032020796969606
/root/New_CheckLiuliang_remote/datasets/toniot/test/abnormal/test_00018480_orig72184_72185_72186.png,1,0.5720554839779026,0.5830907401184732,0.655487231500309
/root/New_CheckLiuliang_remote/datasets/toniot/test/abnormal/test_00018490_orig72214_72215_72216.png,1,0.5964761422800274,0.6065603625757712,0.666959161926038
/root/New_CheckLiuliang_remote/datasets/toniot/test/abnormal/test_00018501_orig72247_72248_72249.png,1,0.4332997002409587,0.482557365253339,0.4590299825609126
/root/New_CheckLiuliang_remote/datasets/toniot/test/abnormal/test_00018511_orig72277_72278_72279.png,1,0.2289947042087827,0.25489351199880234,0.48831614967724407
/root/New_CheckLiuliang_remote/datasets/toniot/test/abnormal/test_00018521_orig72307_72308_72309.png,1,0.6033634686303748,0.6123479607409018,0.67352061062807
/root/New_CheckLiuliang_remote/datasets/toniot/test/abnormal/test_00018531_orig72337_72338_72339.png,1,0.5477367064951034,0.6122303981030429,0.4340176919115231
/root/New_CheckLiuliang_remote/datasets/toniot/test/abnormal/test_00018541_orig72367_72368_72369.png,1,0.623681008255878,0.6322635439440875,0.6815078944477551
/root/New_CheckLiuliang_remote/datasets/toniot/test/abnormal/test_00018552_orig72400_72401_72402.png,1,0.581896873678116,0.5935694286757579,0.6560281116763953
/root/New_CheckLiuliang_remote/datasets/toniot/test/abnormal/test_00018562_orig72430_72431_72432.png,1,0.5870769398604424,0.6629547400901322,0.40083360796601786
/root/New_CheckLiuliang_remote/datasets/toniot/test/abnormal/test_00018572_orig72460_72461_72462.png,1,0.5322390721979849,0.5393789569963481,0.6585668521485436
/root/New_CheckLiuliang_remote/datasets/toniot/test/abnormal/test_00018582_orig72490_72491_72492.png,1,0.5778743702150099,0.5895056451715542,0.6549302151126121
/root/New_CheckLiuliang_remote/datasets/toniot/test/abnormal/test_00018592_orig72520_72521_72522.png,1,0.5012642256210572,0.5066493086831423,0.6558603373539277
/root/New_CheckLiuliang_remote/datasets/toniot/test/abnormal/test_00018602_orig72550_72551_72552.png,1,0.5941235137197706,0.6022560742555011,0.67402710446675
/root/New_CheckLiuliang_remote/datasets/toniot/test/abnormal/test_00018613_orig72583_72584_72585.png,1,0.617095195511126,0.6306962607864705,0.659365911710401
/root/New_CheckLiuliang_remote/datasets/toniot/test/abnormal/test_00018623_orig72613_72614_72615.png,1,0.6593925160919122,0.6756341854831398,0.6620843348882581
/root/New_CheckLiuliang_remote/datasets/toniot/test/abnormal/test_00018633_orig72643_72644_72645.png,1,0.5844028638415304,0.6020465345985138,0.6329304987998957
/root/New_CheckLiuliang_remote/datasets/toniot/test/abnormal/test_00018643_orig72673_72674_72675.png,1,0.6449885694801196,0.6611413101594982,0.6579173872471644
/root/New_CheckLiuliang_remote/datasets/toniot/test/abnormal/test_00018653_orig72703_72704_72705.png,1,0.6560593001762034,0.6729080706094849,0.6586093418236583
/root/New_CheckLiuliang_remote/datasets/toniot/test/abnormal/test_00018664_orig72736_72737_72738.png,1,0.6587182856372813,0.673207619161083,0.6688819782685393
/root/New_CheckLiuliang_remote/datasets/toniot/test/abnormal/test_00018674_orig72766_72767_72768.png,1,0.6178370724451684,0.6337999931509267,0.6501514302426288
/root/New_CheckLiuliang_remote/datasets/toniot/test/abnormal/test_00018684_orig72796_72797_72798.png,1,0.6514267319145255,0.6642342834432574,0.6733196478529009
/root/New_CheckLiuliang_remote/datasets/toniot/test/abnormal/test_00018694_orig72826_72827_72828.png,1,0.5132082524980165,0.5747138773378203,0.4351284481199305
/root/New_CheckLiuliang_remote/datasets/toniot/test/abnormal/test_00018704_orig72856_72857_72858.png,1,0.5708044950881622,0.5813026333899672,0.6572429076945983
/root/New_CheckLiuliang_remote/datasets/toniot/test/abnormal/test_00018714_orig72886_72887_72888.png,1,0.5957408150612473,0.6035745864740774,0.6757300737340314
/root/New_CheckLiuliang_remote/datasets/toniot/test/abnormal/test_00018725_orig72919_72920_72921.png,1,0.5968615293134871,0.6079452661947454,0.6630821023834875
/root/New_CheckLiuliang_remote/datasets/toniot/test/abnormal/test_00018735_orig72949_72950_72951.png,1,0.5525214948414122,0.5534103727247333,0.6899393116376683
/root/New_CheckLiuliang_remote/datasets/toniot/test/abnormal/test_00018745_orig72979_72980_72981.png,1,0.611249732474781,0.6271881444377718,0.6481811212947752
/root/New_CheckLiuliang_remote/datasets/toniot/test/abnormal/test_00018755_orig73009_73010_73011.png,1,0.53487210721928,0.5420670214626603,0.6591734750557774
/root/New_CheckLiuliang_remote/datasets/toniot/test/abnormal/test_00018765_orig73039_73040_73041.png,1,0.5464031217756773,0.5560407055385255,0.653023394054109
/root/New_CheckLiuliang_remote/datasets/toniot/test/abnormal/test_00018776_orig73072_73073_73074.png,1,0.6362581779651022,0.6504499329459977,0.6630200942340665
/root/New_CheckLiuliang_remote/datasets/toniot/test/abnormal/test_00018786_orig73102_73103_73104.png,1,0.3550252181112359,0.41854857639649257,0.3773899825693683
/root/New_CheckLiuliang_remote/datasets/toniot/test/abnormal/test_00018796_orig73132_73133_73134.png,1,0.5961037237827989,0.6152367739080222,0.6306469077698537
/root/New_CheckLiuliang_remote/datasets/toniot/test/abnormal/test_00018806_orig73162_73163_73164.png,1,0.5911537403529787,0.5968429445819434,0.6828680572980668
/root/New_CheckLiuliang_remote/datasets/toniot/test/abnormal/test_00018816_orig73192_73193_73194.png,1,0.5170744771097813,0.5883121744640043,0.3974141051487692
/root/New_CheckLiuliang_remote/datasets/toniot/test/abnormal/test_00018826_orig73222_73223_73224.png,1,0.5195589618797649,0.5283683499860723,0.6479074398716488
/root/New_CheckLiuliang_remote/datasets/toniot/test/abnormal/test_00018837_orig73255_73256_73257.png,1,0.5264223679698741,0.5329308562430681,0.659266064497072
/root/New_CheckLiuliang_remote/datasets/toniot/test/abnormal/test_00018847_orig73285_73286_73287.png,1,0.8558510183266528,0.8320448459476776,0.8839612609723596
/root/New_CheckLiuliang_remote/datasets/toniot/test/abnormal/test_00018857_orig73315_73316_73317.png,1,0.5839391430714332,0.5969950150030132,0.6511360914699124
/root/New_CheckLiuliang_remote/datasets/toniot/test/abnormal/test_00018867_orig73345_73346_73347.png,1,0.5817586588113725,0.587267887594898,0.6806380187607065
/root/New_CheckLiuliang_remote/datasets/toniot/test/abnormal/test_00018877_orig73375_73376_73377.png,1,0.5591504160005393,0.5693080953291288,0.6549455057585488
/root/New_CheckLiuliang_remote/datasets/toniot/test/abnormal/test_00018888_orig73408_73409_73410.png,1,0.5849492432216896,0.5979331543564633,0.6517410937096044
/root/New_CheckLiuliang_remote/datasets/toniot/test/abnormal/test_00018898_orig73438_73439_73440.png,1,0.564529542328135,0.5684841071977069,0.6814469432554264
/root/New_CheckLiuliang_remote/datasets/toniot/test/abnormal/test_00018908_orig73468_73469_73470.png,1,0.5688776369066525,0.587535552529309,0.6239987885862445
/root/New_CheckLiuliang_remote/datasets/toniot/test/abnormal/test_00018918_orig73498_73499_73500.png,1,0.5821510603413741,0.5944545598755305,0.6535841450235325
/root/New_CheckLiuliang_remote/datasets/toniot/test/abnormal/test_00018928_orig73528_73529_73530.png,1,0.5980412305801944,0.6074683240199494,0.6700790878713963
/root/New_CheckLiuliang_remote/datasets/toniot/test/abnormal/test_00018938_orig73558_73559_73560.png,1,0.5791881944723635,0.5924212248321157,0.6489357181949456
/root/New_CheckLiuliang_remote/datasets/toniot/test/abnormal/test_00018949_orig73591_73592_73593.png,1,0.5655563605179651,0.5736589625963183,0.6651772027320508
/root/New_CheckLiuliang_remote/datasets/toniot/test/abnormal/test_00018959_orig73621_73622_73623.png,1,0.6668690885420242,0.6810990112273632,0.6724788737177966
/root/New_CheckLiuliang_remote/datasets/toniot/test/abnormal/test_00018969_orig73651_73652_73653.png,1,0.5899301299766019,0.6049558162606186,0.6451379304343255
/root/New_CheckLiuliang_remote/datasets/toniot/test/abnormal/test_00018979_orig73681_73682_73683.png,1,0.6159081805746552,0.6317153556617497,0.6501687643389441
/root/New_CheckLiuliang_remote/datasets/toniot/test/abnormal/test_00018989_orig73711_73712_73713.png,1,0.5964478633363125,0.6008394182276409,0.6897209443023776
/root/New_CheckLiuliang_remote/datasets/toniot/test/abnormal/test_00019000_orig73744_73745_73746.png,1,0.6470379226536688,0.6559127905657033,0.6876723500658801
/root/New_CheckLiuliang_remote/datasets/toniot/test/abnormal/test_00019010_orig73774_73775_73776.png,1,0.6534359854051145,0.6529213725070587,0.727239186500995
/root/New_CheckLiuliang_remote/datasets/toniot/test/abnormal/test_00019020_orig73804_73805_73806.png,1,0.5988782226306903,0.6110293173140243,0.659445888130393
/root/New_CheckLiuliang_remote/datasets/toniot/test/abnormal/test_00019030_orig73834_73835_73836.png,1,0.5520236672249168,0.5610415787297698,0.6572668653886928
/root/New_CheckLiuliang_remote/datasets/toniot/test/abnormal/test_00019040_orig73864_73865_73866.png,1,0.5962645975281103,0.612422487055973,0.6425980625412786
/root/New_CheckLiuliang_remote/datasets/toniot/test/abnormal/test_00019050_orig73894_73895_73896.png,1,0.6026740831756052,0.6065934270676689,0.6935647449284204
/root/New_CheckLiuliang_remote/datasets/toniot/test/abnormal/test_00019061_orig73927_73928_73929.png,1,0.37543701173041377,0.43983121888969173,0.3803156398011427
/root/New_CheckLiuliang_remote/datasets/toniot/test/abnormal/test_00019071_orig73957_73958_73959.png,1,0.4831990121554701,0.5386603291307752,0.4498831463470541
/root/New_CheckLiuliang_remote/datasets/toniot/test/abnormal/test_00019081_orig73987_73988_73989.png,1,0.6361996834899608,0.6439855623633711,0.6886252321165854
/root/New_CheckLiuliang_remote/datasets/toniot/test/abnormal/test_00019091_orig74017_74018_74019.png,1,0.5921636190229258,0.5978915613249887,0.6830301945160415
/root/New_CheckLiuliang_remote/datasets/toniot/test/abnormal/test_00019101_orig74047_74048_74049.png,1,0.6288858602514253,0.6391675935439742,0.6763453636894229
/root/New_CheckLiuliang_remote/datasets/toniot/test/abnormal/test_00019111_orig74077_74078_74079.png,1,0.5763989057645882,0.5830445547964572,0.6744094410789756
/root/New_CheckLiuliang_remote/datasets/toniot/test/abnormal/test_00019122_orig74110_74111_74112.png,1,0.5611286931415939,0.5687170019323047,0.6658441426573578
/root/New_CheckLiuliang_remote/datasets/toniot/test/abnormal/test_00019132_orig74140_74141_74142.png,1,0.5667677275976644,0.5783009810838304,0.65183495149941
/root/New_CheckLiuliang_remote/datasets/toniot/test/abnormal/test_00019142_orig74170_74171_74172.png,1,0.5979701983329676,0.6074145286164648,0.6699878372424187
/root/New_CheckLiuliang_remote/datasets/toniot/test/abnormal/test_00019152_orig74200_74201_74202.png,1,0.6418319592522261,0.6597295088387816,0.6499470147409578
/root/New_CheckLiuliang_remote/datasets/toniot/test/abnormal/test_00019162_orig74230_74231_74232.png,1,0.628386512395579,0.643004780312037,0.6588424360944365
/root/New_CheckLiuliang_remote/datasets/toniot/test/abnormal/test_00019173_orig74263_74264_74265.png,1,0.5920938802581877,0.5995111965947773,0.6762508012615558
/root/New_CheckLiuliang_remote/datasets/toniot/test/abnormal/test_00019183_orig74293_74294_74295.png,1,0.48851638628923044,0.5390540852426219,0.47124720866439873
/root/New_CheckLiuliang_remote/datasets/toniot/test/abnormal/test_00019193_orig74323_74324_74325.png,1,0.5145512133540416,0.5184507081246411,0.6659746416263667
/root/New_CheckLiuliang_remote/datasets/toniot/test/abnormal/test_00019203_orig74353_74354_74355.png,1,0.5889829894355909,0.5971557451719609,0.6722522621171851
/root/New_CheckLiuliang_remote/datasets/toniot/test/abnormal/test_00019213_orig74383_74384_74385.png,1,0.5889365255239879,0.5960959757233153,0.676290895167261
/root/New_CheckLiuliang_remote/datasets/toniot/test/abnormal/test_00019223_orig74413_74414_74415.png,1,0.5992081668393715,0.6107272758047038,0.6620774294352544
/root/New_CheckLiuliang_remote/datasets/toniot/test/abnormal/test_00019234_orig74446_74447_74448.png,1,0.543570718160412,0.6195341081883295,0.3868308290144305
/root/New_CheckLiuliang_remote/datasets/toniot/test/abnormal/test_00019244_orig74476_74477_74478.png,1,0.4832339898161098,0.552906532848195,0.39304922467617126
/root/New_CheckLiuliang_remote/datasets/toniot/test/abnormal/test_00019254_orig74506_74507_74508.png,1,0.6082093539719385,0.6191592460718531,0.6671805592049935
/root/New_CheckLiuliang_remote/datasets/toniot/test/abnormal/test_00019264_orig74536_74537_74538.png,1,0.4932874593823366,0.5950599549771836,0.26780608050503946
/root/New_CheckLiuliang_remote/datasets/toniot/test/abnormal/test_00019274_orig74566_74567_74568.png,1,0.5741514156321373,0.5859485881265147,0.653097662905802
/root/New_CheckLiuliang_remote/datasets/toniot/test/abnormal/test_00019285_orig74599_74600_74601.png,1,0.44837654757315376,0.503277124134468,0.4411922814228587
/root/New_CheckLiuliang_remote/datasets/toniot/test/abnormal/test_00019295_orig74629_74630_74631.png,1,0.6897998433749831,0.6985386937872475,0.7016431384494707
/root/New_CheckLiuliang_remote/datasets/toniot/test/abnormal/test_00019305_orig74659_74660_74661.png,1,0.6067873931920933,0.6201124743799391,0.6572333246169605
/root/New_CheckLiuliang_remote/datasets/toniot/test/abnormal/test_00019315_orig74689_74690_74691.png,1,0.5759295432727202,0.6231034988136801,0.5121488409796076
/root/New_CheckLiuliang_remote/datasets/toniot/test/abnormal/test_00019325_orig74719_74720_74721.png,1,0.5464539282195594,0.5513245543608457,0.6721071771403011
/root/New_CheckLiuliang_remote/datasets/toniot/test/abnormal/test_00019335_orig74749_74750_74751.png,1,0.5510084649881394,0.5594043615476229,0.6594361641251428
/root/New_CheckLiuliang_remote/datasets/toniot/test/abnormal/test_00019346_orig74782_74783_74784.png,1,0.5273185185419148,0.5333282861873478,0.6615423272912734
/root/New_CheckLiuliang_remote/datasets/toniot/test/abnormal/test_00019356_orig74812_74813_74814.png,1,0.5777996239517148,0.5822676704451596,0.6835596595555298
/root/New_CheckLiuliang_remote/datasets/toniot/test/abnormal/test_00019366_orig74842_74843_74844.png,1,0.5446297484240161,0.554026395698782,0.6534303225346846
/root/New_CheckLiuliang_remote/datasets/toniot/test/abnormal/test_00019376_orig74872_74873_74874.png,1,0.5593739297754589,0.6248538175514458,0.4337268525515966
/root/New_CheckLiuliang_remote/datasets/toniot/test/abnormal/test_00019386_orig74902_74903_74904.png,1,0.40730497802697885,0.4768870673094649,0.3695702616807323
/root/New_CheckLiuliang_remote/datasets/toniot/test/abnormal/test_00019397_orig74935_74936_74937.png,1,0.5590440967779419,0.5709887424589669,0.6477642574175311
/root/New_CheckLiuliang_remote/datasets/toniot/test/abnormal/test_00019407_orig74965_74966_74967.png,1,0.5811285406055124,0.5903724072091614,0.6655016180956128
/root/New_CheckLiuliang_remote/datasets/toniot/test/abnormal/test_00019417_orig74995_74996_74997.png,1,0.5561140874934194,0.5658052273124774,0.655858293903549
/root/New_CheckLiuliang_remote/datasets/toniot/test/abnormal/test_00019427_orig75025_75026_75027.png,1,0.7578411615986627,0.7840012207620342,0.6533224424474532
/root/New_CheckLiuliang_remote/datasets/toniot/test/abnormal/test_00019437_orig75055_75056_75057.png,1,0.47730788266167123,0.5293488696208041,0.46171472403942504
/root/New_CheckLiuliang_remote/datasets/toniot/test/abnormal/test_00019447_orig75085_75086_75087.png,1,0.6016755792543602,0.6120923669701995,0.6672614516544655
/root/New_CheckLiuliang_remote/datasets/toniot/test/abnormal/test_00019458_orig75118_75119_75120.png,1,0.5640805153250733,0.5758649677640886,0.6499864040086014
/root/New_CheckLiuliang_remote/datasets/toniot/test/abnormal/test_00019468_orig75148_75149_75150.png,1,0.5289232116356197,0.5363014662921282,0.6565722331875649
/root/New_CheckLiuliang_remote/datasets/toniot/test/abnormal/test_00019478_orig75178_75179_75180.png,1,0.6140510286691008,0.6246150184432948,0.6705583826808984
/root/New_CheckLiuliang_remote/datasets/toniot/test/abnormal/test_00019488_orig75208_75209_75210.png,1,0.5368911404841978,0.5454002371458836,0.6545506970526329
/root/New_CheckLiuliang_remote/datasets/toniot/test/abnormal/test_00019498_orig75238_75239_75240.png,1,0.5479814204331181,0.5543204335017304,0.6667132432425386
/root/New_CheckLiuliang_remote/datasets/toniot/test/abnormal/test_00019509_orig75271_75272_75273.png,1,0.5639393944792738,0.5683343985260584,0.6794998873636059
/root/New_CheckLiuliang_remote/datasets/toniot/test/abnormal/test_00019519_orig75301_75302_75303.png,1,0.6131206714405697,0.6211049339700785,0.6805851709060863
/root/New_CheckLiuliang_remote/datasets/toniot/test/abnormal/test_00019529_orig75331_75332_75333.png,1,0.5281537605033841,0.5350648280534894,0.6581993833994179
/root/New_CheckLiuliang_remote/datasets/toniot/test/abnormal/test_00019539_orig75361_75362_75363.png,1,0.5772475201399022,0.5866206370451681,0.6637660240860791
/root/New_CheckLiuliang_remote/datasets/toniot/test/abnormal/test_00019549_orig75391_75392_75393.png,1,0.6282840323377684,0.6378057825860081,0.6791963292866674
/root/New_CheckLiuliang_remote/datasets/toniot/test/abnormal/test_00019559_orig75421_75422_75423.png,1,0.5305404283437161,0.5396735196325013,0.6500606728602943
/root/New_CheckLiuliang_remote/datasets/toniot/test/abnormal/test_00019570_orig75454_75455_75456.png,1,0.6025072051579362,0.6134266241849177,0.6655120467389245
/root/New_CheckLiuliang_remote/datasets/toniot/test/abnormal/test_00019580_orig75484_75485_75486.png,1,0.5484743927201323,0.5637612643966669,0.631076596059819
/root/New_CheckLiuliang_remote/datasets/toniot/test/abnormal/test_00019590_orig75514_75515_75516.png,1,0.6918829894897652,0.7111312792848727,0.6602594632363195
/root/New_CheckLiuliang_remote/datasets/toniot/test/abnormal/test_00019600_orig75544_75545_75546.png,1,0.5893105570043534,0.6024549860400928,0.6524684211167907
/root/New_CheckLiuliang_remote/datasets/toniot/test/abnormal/test_00019610_orig75574_75575_75576.png,1,0.6188729738769763,0.6356369093674723,0.6472726314419509
/root/New_CheckLiuliang_remote/datasets/toniot/test/abnormal/test_00019621_orig75607_75608_75609.png,1,0.5683038782174586,0.5776114814611198,0.661219884914284
/root/New_CheckLiuliang_remote/datasets/toniot/test/abnormal/test_00019631_orig75637_75638_75639.png,1,0.5406133522735578,0.5522327782216263,0.6432781087345314
/root/New_CheckLiuliang_remote/datasets/toniot/test/abnormal/test_00019641_orig75667_75668_75669.png,1,0.5535959374019523,0.5652575638633445,0.6471856791051491
/root/New_CheckLiuliang_remote/datasets/toniot/test/abnormal/test_00019651_orig75697_75698_75699.png,1,0.6238733333125824,0.6330455454191312,0.6792095764822256
/root/New_CheckLiuliang_remote/datasets/toniot/test/abnormal/test_00019661_orig75727_75728_75729.png,1,0.6957207729240654,0.7065035625021895,0.6953264810100395
/root/New_CheckLiuliang_remote/datasets/toniot/test/abnormal/test_00019671_orig75757_75758_75759.png,1,0.5401325363945613,0.6139808480491097,0.39421159562259106
/root/New_CheckLiuliang_remote/datasets/toniot/test/abnormal/test_00019682_orig75790_75791_75792.png,1,0.46879025052439816,0.5207341261901085,0.4594287372399736
/root/New_CheckLiuliang_remote/datasets/toniot/test/abnormal/test_00019692_orig75820_75821_75822.png,1,0.5657629834245718,0.5699826372055046,0.6807738729789835
/root/New_CheckLiuliang_remote/datasets/toniot/test/abnormal/test_00019702_orig75850_75851_75852.png,1,0.5812328814074316,0.6438969967600734,0.45185338483110143
/root/New_CheckLiuliang_remote/datasets/toniot/test/abnormal/test_00019712_orig75880_75881_75882.png,1,0.5578846197817378,0.5664675668168433,0.6608469904520838
/root/New_CheckLiuliang_remote/datasets/toniot/test/abnormal/test_00019722_orig75910_75911_75912.png,1,0.6264141149822324,0.6391549975470608,0.6657326689160122
/root/New_CheckLiuliang_remote/datasets/toniot/test/abnormal/test_00019732_orig75940_75941_75942.png,1,0.5656031031936428,0.5684883058633448,0.6860614769932502
/root/New_CheckLiuliang_remote/datasets/toniot/test/abnormal/test_00019743_orig75973_75974_75975.png,1,0.48472881329027817,0.538575043735007,0.45682383125384074
/root/New_CheckLiuliang_remote/datasets/toniot/test/abnormal/test_00019753_orig76003_76004_76005.png,1,0.6374058142797222,0.638907669899333,0.7141400353996069
/root/New_CheckLiuliang_remote/datasets/toniot/test/abnormal/test_00019763_orig76033_76034_76035.png,1,0.6049823190819469,0.6115554626017635,0.6836743041681526
/root/New_CheckLiuliang_remote/datasets/toniot/test/abnormal/test_00019773_orig76063_76064_76065.png,1,0.6307432854879951,0.6461291123797788,0.6565121980247163
/root/New_CheckLiuliang_remote/datasets/toniot/test/abnormal/test_00019783_orig76093_76094_76095.png,1,0.5632148125933696,0.5649127484478386,0.6900606503118764
/root/New_CheckLiuliang_remote/datasets/toniot/test/abnormal/test_00019794_orig76126_76127_76128.png,1,0.34444449428302415,0.4099519397113601,0.36613141654869263
/root/New_CheckLiuliang_remote/datasets/toniot/test/abnormal/test_00019804_orig76156_76157_76158.png,1,0.547650502329241,0.5551579360881741,0.6619356562572599
/root/New_CheckLiuliang_remote/datasets/toniot/test/abnormal/test_00019814_orig76186_76187_76188.png,1,0.5963205462069113,0.6077879474416283,0.6613775829124706
/root/New_CheckLiuliang_remote/datasets/toniot/test/abnormal/test_00019824_orig76216_76217_76218.png,1,0.6291382154108655,0.6399376550636104,0.674353774672109
/root/New_CheckLiuliang_remote/datasets/toniot/test/abnormal/test_00019834_orig76246_76247_76248.png,1,0.34418360760085764,0.4175509996826071,0.33460971471812045
/root/New_CheckLiuliang_remote/datasets/toniot/test/abnormal/test_00019844_orig76276_76277_76278.png,1,0.6338455871039884,0.6464564770912274,0.6685860302826663
/root/New_CheckLiuliang_remote/datasets/toniot/test/abnormal/test_00019855_orig76309_76310_76311.png,1,0.6175209284976024,0.6284148108455208,0.6703283183537851
/root/New_CheckLiuliang_remote/datasets/toniot/test/abnormal/test_00019865_orig76339_76340_76341.png,1,0.5936479946143396,0.6142894499734893,0.6238422180089563
/root/New_CheckLiuliang_remote/datasets/toniot/test/abnormal/test_00019875_orig76369_76370_76371.png,1,0.6193414543233224,0.63364936602117,0.6572438237240784
/root/New_CheckLiuliang_remote/datasets/toniot/test/abnormal/test_00019885_orig76399_76400_76401.png,1,0.5567889506155961,0.570507470410232,0.6399606727405058
/root/New_CheckLiuliang_remote/datasets/toniot/test/abnormal/test_00019895_orig76429_76430_76431.png,1,0.5776089626929904,0.5891898267906095,0.6550485238431552
/root/New_CheckLiuliang_remote/datasets/toniot/test/abnormal/test_00019906_orig76462_76463_76464.png,1,0.5197211968782999,0.5275530216025284,0.6518686331987545
/root/New_CheckLiuliang_remote/datasets/toniot/test/abnormal/test_00019916_orig76492_76493_76494.png,1,0.584553667785684,0.6047840645943715,0.6226309451810613
/root/New_CheckLiuliang_remote/datasets/toniot/test/abnormal/test_00019926_orig76522_76523_76524.png,1,0.6018022631395659,0.6125135456169932,0.6661232497935586
/root/New_CheckLiuliang_remote/datasets/toniot/test/abnormal/test_00019936_orig76552_76553_76554.png,1,0.4931374867583631,0.4988853198773097,0.6518576408449935
/root/New_CheckLiuliang_remote/datasets/toniot/test/abnormal/test_00019946_orig76582_76583_76584.png,1,0.5592957987399629,0.5677730894136025,0.6617127087745689
/root/New_CheckLiuliang_remote/datasets/toniot/test/abnormal/test_00019956_orig76612_76613_76614.png,1,0.48178090547227626,0.5413991712096448,0.4328100832015484
/root/New_CheckLiuliang_remote/datasets/toniot/test/abnormal/test_00019967_orig76645_76646_76647.png,1,0.5562062242088713,0.5662773147801297,0.65436742069281
/root/New_CheckLiuliang_remote/datasets/toniot/test/abnormal/test_00019977_orig76675_76676_76677.png,1,0.5703275993188541,0.5760966816239756,0.6760093922616507
/root/New_CheckLiuliang_remote/datasets/toniot/test/abnormal/test_00019987_orig76705_76706_76707.png,1,0.6332785900668414,0.6514455415353654,0.6461837542453562
/root/New_CheckLiuliang_remote/datasets/toniot/test/abnormal/test_00019997_orig76735_76736_76737.png,1,0.5418678771056726,0.5482776351908012,0.6645106855895809
/root/New_CheckLiuliang_remote/datasets/toniot/test/abnormal/test_00020007_orig76765_76766_76767.png,1,0.568912408861225,0.5806944829139894,0.6515130728328697
/root/New_CheckLiuliang_remote/datasets/toniot/test/abnormal/test_00020018_orig76798_76799_76800.png,1,0.6815916800538091,0.7041851118203065,0.6436475504702296
/root/New_CheckLiuliang_remote/datasets/toniot/test/abnormal/test_00020028_orig76828_76829_76830.png,1,0.618254046141026,0.6280344379803946,0.6750124703320952
/root/New_CheckLiuliang_remote/datasets/toniot/test/abnormal/test_00020038_orig76858_76859_76860.png,1,0.5478330240458582,0.5585578055883977,0.6491235747021689
/root/New_CheckLiuliang_remote/datasets/toniot/test/abnormal/test_00020048_orig76888_76889_76890.png,1,0.5466915680667765,0.5537530888074202,0.6634182147388721
/root/New_CheckLiuliang_remote/datasets/toniot/test/abnormal/test_00020058_orig76918_76919_76920.png,1,0.5865444383899445,0.5966593841685901,0.6637178268426656
/root/New_CheckLiuliang_remote/datasets/toniot/test/abnormal/test_00020068_orig76948_76949_76950.png,1,0.551293146476222,0.5610935372170378,0.653907573893808
/root/New_CheckLiuliang_remote/datasets/toniot/test/abnormal/test_00020079_orig76981_76982_76983.png,1,0.6143016963435376,0.6278231926154918,0.6588070632637439
/root/New_CheckLiuliang_remote/datasets/toniot/test/abnormal/test_00020089_orig77011_77012_77013.png,1,0.537641870932594,0.5460678249822967,0.6551189876493154
/root/New_CheckLiuliang_remote/datasets/toniot/test/abnormal/test_00020099_orig77041_77042_77043.png,1,0.5649877396564571,0.5699941835360086,0.6773832955541637
/root/New_CheckLiuliang_remote/datasets/toniot/test/abnormal/test_00020109_orig77071_77072_77073.png,1,0.5590220786052493,0.575023922553513,0.6315285509125309
/root/New_CheckLiuliang_remote/datasets/toniot/test/abnormal/test_00020119_orig77101_77102_77103.png,1,0.5195938830508833,0.5268606353971919,0.6540889477308646
/root/New_CheckLiuliang_remote/datasets/toniot/test/abnormal/test_00020130_orig77134_77135_77136.png,1,0.46094450556741084,0.5142516488619189,0.4515121990816734
/root/New_CheckLiuliang_remote/datasets/toniot/test/abnormal/test_00020140_orig77164_77165_77166.png,1,0.5783299082969185,0.5863840684781372,0.669381707581828
/root/New_CheckLiuliang_remote/datasets/toniot/test/abnormal/test_00020150_orig77194_77195_77196.png,1,0.5296467656269374,0.5286370645868926,0.6903512430484813
/root/New_CheckLiuliang_remote/datasets/toniot/test/abnormal/test_00020160_orig77224_77225_77226.png,1,0.5184131996717728,0.60209718100277,0.34804931169897185
/root/New_CheckLiuliang_remote/datasets/toniot/test/abnormal/test_00020170_orig77254_77255_77256.png,1,0.5477054432261229,0.5554733608442152,0.6609109715880773
/root/New_CheckLiuliang_remote/datasets/toniot/test/abnormal/test_00020180_orig77284_77285_77286.png,1,0.6001855612285485,0.6139577553881017,0.6533719785031838
/root/New_CheckLiuliang_remote/datasets/toniot/test/abnormal/test_00020191_orig77317_77318_77319.png,1,0.5392574951519772,0.5973201491733418,0.4570794739425902
/root/New_CheckLiuliang_remote/datasets/toniot/test/abnormal/test_00020201_orig77347_77348_77349.png,1,0.5982697205569893,0.6047069141132766,0.6821104304542316
/root/New_CheckLiuliang_remote/datasets/toniot/test/abnormal/test_00020211_orig77377_77378_77379.png,1,0.6031642527501603,0.6189739799505843,0.6461571189266276
/root/New_CheckLiuliang_remote/datasets/toniot/test/abnormal/test_00020221_orig77407_77408_77409.png,1,0.5270162661453119,0.5877272478573357,0.4426425674812494
/root/New_CheckLiuliang_remote/datasets/toniot/test/abnormal/test_00020231_orig77437_77438_77439.png,1,0.5358076768303586,0.5901942263361565,0.47070069138381965
/root/New_CheckLiuliang_remote/datasets/toniot/test/abnormal/test_00020242_orig77470_77471_77472.png,1,0.6140475776060718,0.6285760658476732,0.6546993052198249
/root/New_CheckLiuliang_remote/datasets/toniot/test/abnormal/test_00020252_orig77500_77501_77502.png,1,0.6661915712857829,0.6861790030242201,0.6492361054006068
/root/New_CheckLiuliang_remote/datasets/toniot/test/abnormal/test_00020262_orig77530_77531_77532.png,1,0.5733325602967273,0.5843116333609701,0.6561129500990123
/root/New_CheckLiuliang_remote/datasets/toniot/test/abnormal/test_00020272_orig77560_77561_77562.png,1,0.6198432890879028,0.6272080880995514,0.6851738444270493
/root/New_CheckLiuliang_remote/datasets/toniot/test/abnormal/test_00020282_orig77590_77591_77592.png,1,0.5559164761040349,0.5696813829459911,0.6395011782605348
/root/New_CheckLiuliang_remote/datasets/toniot/test/abnormal/test_00020292_orig77620_77621_77622.png,1,0.6577207950987767,0.7383307601198666,0.40408625249027896
/root/New_CheckLiuliang_remote/datasets/toniot/test/abnormal/test_00020303_orig77653_77654_77655.png,1,0.5523261989896207,0.5572173815835241,0.6738687722943079
/root/New_CheckLiuliang_remote/datasets/toniot/test/abnormal/test_00020313_orig77683_77684_77685.png,1,0.6099523077183805,0.6282937055835299,0.6381618022330403
/root/New_CheckLiuliang_remote/datasets/toniot/test/abnormal/test_00020323_orig77713_77714_77715.png,1,0.619780232529774,0.6278700339790138,0.6822540356911861
/root/New_CheckLiuliang_remote/datasets/toniot/test/abnormal/test_00020333_orig77743_77744_77745.png,1,0.5992726516085282,0.6135667546505799,0.6509977005546136
/root/New_CheckLiuliang_remote/datasets/toniot/test/abnormal/test_00020343_orig77773_77774_77775.png,1,0.6935850607410857,0.7131463763744234,0.6595417893705772
/root/New_CheckLiuliang_remote/datasets/toniot/test/abnormal/test_00020353_orig77803_77804_77805.png,1,0.5848913991505088,0.5997703329896114,0.6441428405637302
/root/New_CheckLiuliang_remote/datasets/toniot/test/abnormal/test_00020364_orig77836_77837_77838.png,1,0.5493972623198098,0.5629278292675598,0.638391584704929
/root/New_CheckLiuliang_remote/datasets/toniot/test/abnormal/test_00020374_orig77866_77867_77868.png,1,0.6621873246762139,0.6689617185348389,0.7008309726196674
/root/New_CheckLiuliang_remote/datasets/toniot/test/abnormal/test_00020384_orig77896_77897_77898.png,1,0.6339164425199066,0.6431176194510533,0.6822471302381825
/root/New_CheckLiuliang_remote/datasets/toniot/test/abnormal/test_00020394_orig77926_77927_77928.png,1,0.609312616331148,0.6240750962839317,0.6522766186364225
/root/New_CheckLiuliang_remote/datasets/toniot/test/abnormal/test_00020404_orig77956_77957_77958.png,1,0.3225694992329845,0.39497490575635746,0.33167109214601254
/root/New_CheckLiuliang_remote/datasets/toniot/test/abnormal/test_00020415_orig77989_77990_77991.png,1,0.6186432062183813,0.6289919961624196,0.6728610694024099
/root/New_CheckLiuliang_remote/datasets/toniot/test/abnormal/test_00020425_orig78019_78020_78021.png,1,0.5449642868270147,0.5538175120833004,0.6557090515621016
/root/New_CheckLiuliang_remote/datasets/toniot/test/abnormal/test_00020435_orig78049_78050_78051.png,1,0.7410298159857577,0.7212288077272242,0.8318881559008893
/root/New_CheckLiuliang_remote/datasets/toniot/test/abnormal/test_00020445_orig78079_78080_78081.png,1,0.7214177753220729,0.7914215750270716,0.4665109839333362
/root/New_CheckLiuliang_remote/datasets/toniot/test/abnormal/test_00020455_orig78109_78110_78111.png,1,0.6665384137568713,0.7590065642200998,0.3594221347813364
/root/New_CheckLiuliang_remote/datasets/toniot/test/abnormal/test_00020465_orig78139_78140_78141.png,1,0.6379918311836557,0.652220195345543,0.6634180033474536
/root/New_CheckLiuliang_remote/datasets/toniot/test/abnormal/test_00020476_orig78172_78173_78174.png,1,0.5832460988717152,0.59940714841194,0.6384977736608125
/root/New_CheckLiuliang_remote/datasets/toniot/test/abnormal/test_00020486_orig78202_78203_78204.png,1,0.5933190461827897,0.6059392224779764,0.6558240484937551
/root/New_CheckLiuliang_remote/datasets/toniot/test/abnormal/test_00020496_orig78232_78233_78234.png,1,0.5524348499735189,0.5627871739686929,0.6520583217649379
/root/New_CheckLiuliang_remote/datasets/toniot/test/abnormal/test_00020506_orig78262_78263_78264.png,1,0.5856529431207965,0.596597978683637,0.6601175491307126
/root/New_CheckLiuliang_remote/datasets/toniot/test/abnormal/test_00020516_orig78292_78293_78294.png,1,0.6133597248137839,0.6232163379526965,0.6731708282942904
/root/New_CheckLiuliang_remote/datasets/toniot/test/abnormal/test_00020527_orig78325_78326_78327.png,1,0.5462047143909851,0.55474226819003,0.6573612164251414
/root/New_CheckLiuliang_remote/datasets/toniot/test/abnormal/test_00020537_orig78355_78356_78357.png,1,0.5683888674346325,0.574275641611873,0.6749298867512754
/root/New_CheckLiuliang_remote/datasets/toniot/test/abnormal/test_00020547_orig78385_78386_78387.png,1,0.5469441578452434,0.5552184231150189,0.6586465467133109
/root/New_CheckLiuliang_remote/datasets/toniot/test/abnormal/test_00020557_orig78415_78416_78417.png,1,0.5060798372885997,0.5619608240878498,0.45538876537758066
/root/New_CheckLiuliang_remote/datasets/toniot/test/abnormal/test_00020567_orig78445_78446_78447.png,1,0.5502432182846104,0.5558587196247863,0.6703174669276364
/root/New_CheckLiuliang_remote/datasets/toniot/test/abnormal/test_00020577_orig78475_78476_78477.png,1,0.5307986714113797,0.5386403854689955,0.6553072669393757
/root/New_CheckLiuliang_remote/datasets/toniot/test/abnormal/test_00020588_orig78508_78509_78510.png,1,0.5420271762240698,0.5554279627720062,0.6365965897068022
/root/New_CheckLiuliang_remote/datasets/toniot/test/abnormal/test_00020598_orig78538_78539_78540.png,1,0.4430046124783632,0.49748086622145943,0.44120285099378276
/root/New_CheckLiuliang_remote/datasets/toniot/test/abnormal/test_00020608_orig78568_78569_78570.png,1,0.6331886295907029,0.6443139767412293,0.6743219250317246
/root/New_CheckLiuliang_remote/datasets/toniot/test/abnormal/test_00020618_orig78598_78599_78600.png,1,0.601229304290873,0.6117009726077741,0.6669018043878235
/root/New_CheckLiuliang_remote/datasets/toniot/test/abnormal/test_00020628_orig78628_78629_78630.png,1,0.6058893158408895,0.6105236405212696,0.6917143653786517
/root/New_CheckLiuliang_remote/datasets/toniot/test/abnormal/test_00020639_orig78661_78662_78663.png,1,0.5363005048370532,0.543355618188567,0.6601811779476754
/root/New_CheckLiuliang_remote/datasets/toniot/test/abnormal/test_00020649_orig78691_78692_78693.png,1,0.643831125052109,0.6456650286184986,0.7148293123514667
/root/New_CheckLiuliang_remote/datasets/toniot/test/abnormal/test_00020659_orig78721_78722_78723.png,1,0.7215513417521241,0.7274493932862549,0.7229759148368802
/root/New_CheckLiuliang_remote/datasets/toniot/test/abnormal/test_00020669_orig78751_78752_78753.png,1,0.6112861955536893,0.6181683609813279,0.6844175563955311
/root/New_CheckLiuliang_remote/datasets/toniot/test/abnormal/test_00020679_orig78781_78782_78783.png,1,0.6192435771017312,0.633676788556117,0.6567118924513745
/root/New_CheckLiuliang_remote/datasets/toniot/test/abnormal/test_00020689_orig78811_78812_78813.png,1,0.5565346300512761,0.5704585297138911,0.6390592997321036
/root/New_CheckLiuliang_remote/datasets/toniot/test/abnormal/test_00020700_orig78844_78845_78846.png,1,0.5885856287120645,0.6029016190973158,0.6475545571303981
/root/New_CheckLiuliang_remote/datasets/toniot/test/abnormal/test_00020710_orig78874_78875_78876.png,1,0.6110869413168792,0.6200258769011591,0.6761279123836123
/root/New_CheckLiuliang_remote/datasets/toniot/test/abnormal/test_00020720_orig78904_78905_78906.png,1,0.5945467462164067,0.603114701378435,0.672418415772111
/root/New_CheckLiuliang_remote/datasets/toniot/test/abnormal/test_00020730_orig78934_78935_78936.png,1,0.5965627750832029,0.6725305843269848,0.4034520077710304
/root/New_CheckLiuliang_remote/datasets/toniot/test/abnormal/test_00020740_orig78964_78965_78966.png,1,0.6143640551373177,0.6222732126838015,0.6812759980616816
/root/New_CheckLiuliang_remote/datasets/toniot/test/abnormal/test_00020751_orig78997_78998_78999.png,1,0.5741748017151014,0.5854444858333742,0.6552149593533058
/root/New_CheckLiuliang_remote/datasets/toniot/test/abnormal/test_00020761_orig79027_79028_79029.png,1,0.5928030561510236,0.6023157740325389,0.6680918676100643
/root/New_CheckLiuliang_remote/datasets/toniot/test/abnormal/test_00020771_orig79057_79058_79059.png,1,0.5506797678111076,0.563052083528779,0.6434272806121727
/root/New_CheckLiuliang_remote/datasets/toniot/test/abnormal/test_00020781_orig79087_79088_79089.png,1,0.6335774569672943,0.6518692131398816,0.6457783759685162
/root/New_CheckLiuliang_remote/datasets/toniot/test/abnormal/test_00020791_orig79117_79118_79119.png,1,0.5054388142520853,0.5641437365946119,0.4438917498368587
/root/New_CheckLiuliang_remote/datasets/toniot/test/abnormal/test_00020801_orig79147_79148_79149.png,1,0.5817185471124909,0.5953134494150668,0.6482827301032583
/root/New_CheckLiuliang_remote/datasets/toniot/test/abnormal/test_00020812_orig79180_79181_79182.png,1,0.5784896504428582,0.5831405992729223,0.6830447100601106
/root/New_CheckLiuliang_remote/datasets/toniot/test/abnormal/test_00020822_orig79210_79211_79212.png,1,0.598521060485516,0.6095721179210989,0.6637338925904701
/root/New_CheckLiuliang_remote/datasets/toniot/test/abnormal/test_00020832_orig79240_79241_79242.png,1,0.5715169119056459,0.5811539743847282,0.6609109011242712
/root/New_CheckLiuliang_remote/datasets/toniot/test/abnormal/test_00020842_orig79270_79271_79272.png,1,0.5542066713461774,0.5611772481131918,0.6661416408469665
/root/New_CheckLiuliang_remote/datasets/toniot/test/abnormal/test_00020852_orig79300_79301_79302.png,1,0.6076460013842466,0.6161652038471849,0.6767264319531376
/root/New_CheckLiuliang_remote/datasets/toniot/test/abnormal/test_00020863_orig79333_79334_79335.png,1,0.5741623102738527,0.5835417030496352,0.6627722025639947
/root/New_CheckLiuliang_remote/datasets/toniot/test/abnormal/test_00020873_orig79363_79364_79365.png,1,0.42574494049521716,0.47631604878272155,0.4514041076030235
/root/New_CheckLiuliang_remote/datasets/toniot/test/abnormal/test_00020883_orig79393_79394_79395.png,1,0.5530659215070597,0.5651764771332141,0.6452235439588102
/root/New_CheckLiuliang_remote/datasets/toniot/test/abnormal/test_00020893_orig79423_79424_79425.png,1,0.5666856000762236,0.5744955467246537,0.6667023918163899
/root/New_CheckLiuliang_remote/datasets/toniot/test/abnormal/test_00020903_orig79453_79454_79455.png,1,0.6622058798359061,0.7429322352423136,0.4050289525209942
/root/New_CheckLiuliang_remote/datasets/toniot/test/abnormal/test_00020913_orig79483_79484_79485.png,1,0.6066568785157905,0.683234163912495,0.40418352777468325
/root/New_CheckLiuliang_remote/datasets/toniot/test/abnormal/test_00020924_orig79516_79517_79518.png,1,0.5802497191074559,0.5889771381343938,0.6672914692358898
/root/New_CheckLiuliang_remote/datasets/toniot/test/abnormal/test_00020934_orig79546_79547_79548.png,1,0.5613053339534683,0.5732291242016467,0.6485576798748958
/root/New_CheckLiuliang_remote/datasets/toniot/test/abnormal/test_00020944_orig79576_79577_79578.png,1,0.552193509035806,0.5662048877978773,0.6373463246043475
/root/New_CheckLiuliang_remote/datasets/toniot/test/abnormal/test_00020954_orig79606_79607_79608.png,1,0.604568357733453,0.6186210296204052,0.6536262119158102
/root/New_CheckLiuliang_remote/datasets/toniot/test/abnormal/test_00020964_orig79636_79637_79638.png,1,0.5453031284545957,0.5578467878042934,0.6410537073016639
/root/New_CheckLiuliang_remote/datasets/toniot/test/abnormal/test_00020974_orig79666_79667_79668.png,1,0.5971766517557794,0.6121943158202179,0.6474453382308497
/root/New_CheckLiuliang_remote/datasets/toniot/test/abnormal/test_00020985_orig79699_79700_79701.png,1,0.5241778811212092,0.5819769128497406,0.4533991493468393
/root/New_CheckLiuliang_remote/datasets/toniot/test/abnormal/test_00020995_orig79729_79730_79731.png,1,0.5883814701321279,0.5967934790523979,0.6711063797014069
/root/New_CheckLiuliang_remote/datasets/toniot/test/abnormal/test_00021005_orig79759_79760_79761.png,1,0.5852153668970683,0.5825931982403917,0.7142489724439307
/root/New_CheckLiuliang_remote/datasets/toniot/test/abnormal/test_00021015_orig79789_79790_79791.png,1,0.5399444042544302,0.602912640594615,0.43767282569657173
/root/New_CheckLiuliang_remote/datasets/toniot/test/abnormal/test_00021025_orig79819_79820_79821.png,1,0.6009331361521292,0.6187231096787247,0.637535590387694
/root/New_CheckLiuliang_remote/datasets/toniot/test/abnormal/test_00021036_orig79852_79853_79854.png,1,0.5418924220918699,0.5518265573211674,0.6504208838373856
/root/New_CheckLiuliang_remote/datasets/toniot/test/abnormal/test_00021046_orig79882_79883_79884.png,1,0.6338020009071661,0.6457500515976644,0.6712237019386637
/root/New_CheckLiuliang_remote/datasets/toniot/test/abnormal/test_00021056_orig79912_79913_79914.png,1,0.6007329835375932,0.6066275412259763,0.6850544082756076
/root/New_CheckLiuliang_remote/datasets/toniot/test/abnormal/test_00021066_orig79942_79943_79944.png,1,0.5932159683491236,0.5878919142753188,0.7275686047947942
/root/New_CheckLiuliang_remote/datasets/toniot/test/abnormal/test_00021076_orig79972_79973_79974.png,1,0.5430209167879532,0.5475922030254272,0.6722266132917428
/root/New_CheckLiuliang_remote/datasets/toniot/test/abnormal/test_00021086_orig80002_80003_80004.png,1,0.5471439480109636,0.5564822214720023,0.6544532456087132
/root/New_CheckLiuliang_remote/datasets/toniot/test/abnormal/test_00021097_orig80035_80036_80037.png,1,0.724309511372675,0.7217410449350381,0.7577080181399204
/root/New_CheckLiuliang_remote/datasets/toniot/test/abnormal/test_00021107_orig80065_80066_80067.png,1,0.6188868893479744,0.6296845135760574,0.6711422457787424
/root/New_CheckLiuliang_remote/datasets/toniot/test/abnormal/test_00021117_orig80095_80096_80097.png,1,0.5909281317271103,0.6007015183030988,0.6664604895698417
/root/New_CheckLiuliang_remote/datasets/toniot/test/abnormal/test_00021127_orig80125_80126_80127.png,1,0.5807105345046347,0.6385240168266774,0.4710919064356215
/root/New_CheckLiuliang_remote/datasets/toniot/test/abnormal/test_00021137_orig80155_80156_80157.png,1,0.5971777199445097,0.6119409525906357,0.6484633993022533
/root/New_CheckLiuliang_remote/datasets/toniot/test/abnormal/test_00021148_orig80188_80189_80190.png,1,0.5511544169075073,0.5624184786423719,0.6480093305353565
/root/New_CheckLiuliang_remote/datasets/toniot/test/abnormal/test_00021158_orig80218_80219_80220.png,1,0.5617176615196443,0.5742148921684258,0.6463933840686831
/root/New_CheckLiuliang_remote/datasets/toniot/test/abnormal/test_00021168_orig80248_80249_80250.png,1,0.6104365677123831,0.6234400481062116,0.6596655238141945
/root/New_CheckLiuliang_remote/datasets/toniot/test/abnormal/test_00021178_orig80278_80279_80280.png,1,0.5835765645442703,0.5938844598068955,0.6620141529373225
/root/New_CheckLiuliang_remote/datasets/toniot/test/abnormal/test_00021188_orig80308_80309_80310.png,1,0.5930485934937855,0.6010426598861716,0.6742435692792743
/root/New_CheckLiuliang_remote/datasets/toniot/test/abnormal/test_00021198_orig80338_80339_80340.png,1,0.5360967353476587,0.5440805440525966,0.6564024154147186
/root/New_CheckLiuliang_remote/datasets/toniot/test/abnormal/test_00021209_orig80371_80372_80373.png,1,0.4894901706820401,0.5424786219034677,0.4617499559425052
/root/New_CheckLiuliang_remote/datasets/toniot/test/abnormal/test_00021219_orig80401_80402_80403.png,1,0.5943681198866737,0.6001472944389067,0.6835174517356398
/root/New_CheckLiuliang_remote/datasets/toniot/test/abnormal/test_00021229_orig80431_80432_80433.png,1,0.4696852073122762,0.5300504404072234,0.4260243129726052
/root/New_CheckLiuliang_remote/datasets/toniot/test/abnormal/test_00021231_orig80437_80438_80439.png,1,0.412891400676166,0.4219912198029015,0.6132534104658341
/root/New_CheckLiuliang_remote/datasets/toniot/test/abnormal/test_00021232_orig80440_80441_80442.png,1,0.3997421000075412,0.4141271190632672,0.5879838916920566
/root/New_CheckLiuliang_remote/datasets/toniot/test/abnormal/test_00021233_orig80443_80444_80445.png,1,0.3482009399933365,0.3541905110419002,0.6053823919263135
/root/New_CheckLiuliang_remote/datasets/toniot/test/abnormal/test_00021234_orig80446_80447_80448.png,1,0.42124628504499706,0.44462084671603336,0.5587777714595231
/root/New_CheckLiuliang_remote/datasets/toniot/test/abnormal/test_00021235_orig80449_80450_80451.png,1,0.24163389391638793,0.24224936163881267,0.5934180604231366
/root/New_CheckLiuliang_remote/datasets/toniot/test/abnormal/test_00021236_orig80452_80453_80454.png,1,0.2719319679006735,0.26555025022079076,0.6309200254825309
/root/New_CheckLiuliang_remote/datasets/toniot/test/abnormal/test_00021237_orig80455_80456_80457.png,1,0.2976292162662173,0.30533077022290583,0.5826555595978292
/root/New_CheckLiuliang_remote/datasets/toniot/test/abnormal/test_00021238_orig80458_80459_80460.png,1,0.306537728796326,0.30317344333487417,0.6297160808904765
/root/New_CheckLiuliang_remote/datasets/toniot/test/abnormal/test_00021239_orig80461_80462_80463.png,1,0.32400279209622707,0.33252998864129735,0.5876339684306646
/root/New_CheckLiuliang_remote/datasets/toniot/test/abnormal/test_00021240_orig80464_80465_80466.png,1,0.42121548641204715,0.42907646806672045,0.6208224211321518
/root/New_CheckLiuliang_remote/datasets/toniot/test/abnormal/test_00021241_orig80467_80468_80469.png,1,0.41127403225392256,0.43517135607321894,0.5535555578573732
/root/New_CheckLiuliang_remote/datasets/toniot/test/abnormal/test_00021242_orig80470_80471_80472.png,1,0.3604758222318963,0.36621352130409507,0.6102440422323413
/root/New_CheckLiuliang_remote/datasets/toniot/test/abnormal/test_00021243_orig80473_80474_80475.png,1,0.22988958842551435,0.2222286805863804,0.6228359948569877
/root/New_CheckLiuliang_remote/datasets/toniot/test/abnormal/test_00021244_orig80476_80477_80478.png,1,0.27895754523789235,0.2746866778569853,0.6246825693612238
/root/New_CheckLiuliang_remote/datasets/toniot/test/abnormal/test_00021245_orig80479_80480_80481.png,1,0.2428815633918837,0.2351193713442907,0.6273204524086397
/root/New_CheckLiuliang_remote/datasets/toniot/test/abnormal/test_00021246_orig80482_80483_80484.png,1,0.2044813622978417,0.1957818105669655,0.6190126991985376
/root/New_CheckLiuliang_remote/datasets/toniot/test/abnormal/test_00021247_orig80485_80486_80487.png,1,0.26687722285132065,0.2630656898296116,0.6190521589299873
/root/New_CheckLiuliang_remote/datasets/toniot/test/abnormal/test_00021248_orig80488_80489_80490.png,1,0.2512835350206171,0.2459331659027938,0.6203112766822653
/root/New_CheckLiuliang_remote/datasets/toniot/test/abnormal/test_00021249_orig80491_80492_80493.png,1,0.22063454195390828,0.21524734929709746,0.6108351631022197
/root/New_CheckLiuliang_remote/datasets/toniot/test/abnormal/test_00021250_orig80494_80495_80496.png,1,0.29752232451817284,0.2918359964463544,0.636173525014616
/root/New_CheckLiuliang_remote/datasets/toniot/test/abnormal/test_00021251_orig80497_80498_80499.png,1,0.23071195733646943,0.22328202082826815,0.6221703232801916
/root/New_CheckLiuliang_remote/datasets/toniot/test/abnormal/test_00021252_orig80500_80501_80502.png,1,0.2772342646887164,0.2756833361127625,0.613261725194961
/root/New_CheckLiuliang_remote/datasets/toniot/test/abnormal/test_00021253_orig80503_80504_80505.png,1,0.2259311501685265,0.22481807641020385,0.5954017574941605
/root/New_CheckLiuliang_remote/datasets/toniot/test/abnormal/test_00021254_orig80506_80507_80508.png,1,0.3092156037864123,0.3108928213183049,0.6103908888043793
/root/New_CheckLiuliang_remote/datasets/toniot/test/abnormal/test_00021255_orig80509_80510_80511.png,1,0.2027447932480413,0.19542807298697928,0.6129361119466944
/root/New_CheckLiuliang_remote/datasets/toniot/test/abnormal/test_00021256_orig80512_80513_80514.png,1,0.2469209943726102,0.24056832088407104,0.6229507099334166
/root/New_CheckLiuliang_remote/datasets/toniot/test/abnormal/test_00021257_orig80515_80516_80517.png,1,0.33958081951275826,0.3436092175930913,0.610520471743908
/root/New_CheckLiuliang_remote/datasets/toniot/test/abnormal/test_00021258_orig80518_80519_80520.png,1,0.3845493471402326,0.3898428242639313,0.6195797214467094
/root/New_CheckLiuliang_remote/datasets/toniot/test/abnormal/test_00021259_orig80521_80522_80523.png,1,0.2871604046637771,0.28631002763378033,0.6135762051618543
/root/New_CheckLiuliang_remote/datasets/toniot/test/abnormal/test_00021260_orig80524_80525_80526.png,1,0.3828263129861646,0.38965230981061527,0.6129086310622919
/root/New_CheckLiuliang_remote/datasets/toniot/test/abnormal/test_00021261_orig80527_80528_80529.png,1,0.27278213468715673,0.27430774828317217,0.599557642317687
/root/New_CheckLiuliang_remote/datasets/toniot/test/abnormal/test_00021262_orig80530_80531_80532.png,1,0.3222387593925434,0.32139066628756213,0.6245812424079653
/root/New_CheckLiuliang_remote/datasets/toniot/test/abnormal/test_00021263_orig80533_80534_80535.png,1,0.32636119271433556,0.32572841272463354,0.6250143834244325
/root/New_CheckLiuliang_remote/datasets/toniot/test/abnormal/test_00021264_orig80536_80537_80538.png,1,0.2514350114305567,0.24773819850215228,0.6137446136585774
/root/New_CheckLiuliang_remote/datasets/toniot/test/abnormal/test_00021265_orig80539_80540_80541.png,1,0.22567764953262656,0.21332895272551788,0.6402646536002813
/root/New_CheckLiuliang_remote/datasets/toniot/test/abnormal/test_00021266_orig80542_80543_80544.png,1,0.24861462183629587,0.24480123188849814,0.6133253540119238
/root/New_CheckLiuliang_remote/datasets/toniot/test/abnormal/test_00021267_orig80545_80546_80547.png,1,0.18443639990945715,0.17544032521814365,0.613904918817592
/root/New_CheckLiuliang_remote/datasets/toniot/test/abnormal/test_00021268_orig80548_80549_80550.png,1,0.3204576505086005,0.320881840495579,0.6189328637061581
/root/New_CheckLiuliang_remote/datasets/toniot/test/abnormal/test_00021269_orig80551_80552_80553.png,1,0.267854575211439,0.26563186178412584,0.6130037572006083
/root/New_CheckLiuliang_remote/datasets/toniot/test/abnormal/test_00021270_orig80554_80555_80556.png,1,0.20735337417221153,0.2000313850256427,0.6144042253480436
/root/New_CheckLiuliang_remote/datasets/toniot/test/abnormal/test_00021271_orig80557_80558_80559.png,1,0.2750754655166339,0.2717372464547189,0.619733050688914
/root/New_CheckLiuliang_remote/datasets/toniot/test/abnormal/test_00021272_orig80560_80561_80562.png,1,0.33961902296768764,0.3394220982857767,0.6274337582089453
/root/New_CheckLiuliang_remote/datasets/toniot/test/abnormal/test_00021273_orig80563_80564_80565.png,1,0.24475511974914352,0.2347813787604463,0.6367549218792443
/root/New_CheckLiuliang_remote/datasets/toniot/test/abnormal/test_00021274_orig80566_80567_80568.png,1,0.2425116348999887,0.23854338317193183,0.6120285381233501
/root/New_CheckLiuliang_remote/datasets/toniot/test/abnormal/test_00021275_orig80569_80570_80571.png,1,0.2001543742973921,0.19268529465907425,0.6127321896916665
/root/New_CheckLiuliang_remote/datasets/toniot/test/abnormal/test_00021276_orig80572_80573_80574.png,1,0.23325396963741973,0.22267846264283173,0.6355507658957715
/root/New_CheckLiuliang_remote/datasets/toniot/test/abnormal/test_00021277_orig80575_80576_80577.png,1,0.2954002684566426,0.2951587154654831,0.6137281251279358
/root/New_CheckLiuliang_remote/datasets/toniot/test/abnormal/test_00021278_orig80578_80579_80580.png,1,0.26080733876492246,0.2540264875445928,0.6290235626035333
/root/New_CheckLiuliang_remote/datasets/toniot/test/abnormal/test_00021279_orig80581_80582_80583.png,1,0.26795635155719033,0.2628406675930847,0.6246075958714692
/root/New_CheckLiuliang_remote/datasets/toniot/test/abnormal/test_00021280_orig80584_80585_80586.png,1,0.16237087847955167,0.15174384360810234,0.613500456570232
/root/New_CheckLiuliang_remote/datasets/toniot/test/abnormal/test_00021281_orig80587_80588_80589.png,1,0.2791858674351387,0.27861400472795994,0.6099582410345552
/root/New_CheckLiuliang_remote/datasets/toniot/test/abnormal/test_00021282_orig80590_80591_80592.png,1,0.29226740440213467,0.29067729593861763,0.6181386661469256
/root/New_CheckLiuliang_remote/datasets/toniot/test/abnormal/test_00021283_orig80593_80594_80595.png,1,0.23740462019119346,0.23204673534721457,0.6159835306355138
/root/New_CheckLiuliang_remote/datasets/toniot/test/abnormal/test_00021284_orig80596_80597_80598.png,1,0.19841501256595148,0.19102787139854535,0.611858297567667
/root/New_CheckLiuliang_remote/datasets/toniot/test/abnormal/test_00021285_orig80599_80600_80601.png,1,0.24145581785819856,0.23639904590571711,0.6160511054256215
/root/New_CheckLiuliang_remote/datasets/toniot/test/abnormal/test_00021286_orig80602_80603_80604.png,1,0.28222341834397824,0.27955188166480766,0.6193106906347894
/root/New_CheckLiuliang_remote/datasets/toniot/test/abnormal/test_00021287_orig80605_80606_80607.png,1,0.2815681958500762,0.2800794702438598,0.6143737145199762
/root/New_CheckLiuliang_remote/datasets/toniot/test/abnormal/test_00021288_orig80608_80609_80610.png,1,0.24712193101921948,0.24109485979671372,0.6217113925106698
/root/New_CheckLiuliang_remote/datasets/toniot/test/abnormal/test_00021289_orig80611_80612_80613.png,1,0.2681803782584828,0.26459059270594687,0.6185743438604145
/root/New_CheckLiuliang_remote/datasets/toniot/test/abnormal/test_00021290_orig80614_80615_80616.png,1,0.2963895147737481,0.2942371083579819,0.6216821500311133
/root/New_CheckLiuliang_remote/datasets/toniot/test/abnormal/test_00021291_orig80617_80618_80619.png,1,0.2574651539845294,0.25315841342397377,0.618077714954597
/root/New_CheckLiuliang_remote/datasets/toniot/test/abnormal/test_00021292_orig80620_80621_80622.png,1,0.24816697227933213,0.24466766183789504,0.6119284795186025
/root/New_CheckLiuliang_remote/datasets/toniot/test/abnormal/test_00021293_orig80623_80624_80625.png,1,0.22289155863393978,0.21619651014784683,0.6167752619615305
/root/New_CheckLiuliang_remote/datasets/toniot/test/abnormal/test_00021294_orig80626_80627_80628.png,1,0.2201806803354127,0.21475951683330338,0.6108285395044407
/root/New_CheckLiuliang_remote/datasets/toniot/test/abnormal/test_00021295_orig80629_80630_80631.png,1,0.24129521271585544,0.23685604441873345,0.6135302627602378
/root/New_CheckLiuliang_remote/datasets/toniot/test/abnormal/test_00021296_orig80632_80633_80634.png,1,0.2211194899427393,0.21544809799790565,0.6121242279721157
/root/New_CheckLiuliang_remote/datasets/toniot/test/abnormal/test_00021297_orig80635_80636_80637.png,1,0.265723054467919,0.26325174320068745,0.6133288772022317
/root/New_CheckLiuliang_remote/datasets/toniot/test/abnormal/test_00021298_orig80638_80639_80640.png,1,0.2398059586744888,0.23418215044894888,0.6178012149792241
/root/New_CheckLiuliang_remote/datasets/toniot/test/abnormal/test_00021299_orig80641_80642_80643.png,1,0.28727288028495146,0.2868272507570391,0.6119925311184022
/root/New_CheckLiuliang_remote/datasets/toniot/test/abnormal/test_00021300_orig80644_80645_80646.png,1,0.24752711048768397,0.24263891908502153,0.6172830946125276
/root/New_CheckLiuliang_remote/datasets/toniot/test/abnormal/test_00021301_orig80647_80648_80649.png,1,0.27679531554287673,0.27351275718631146,0.6200504196718599
/root/New_CheckLiuliang_remote/datasets/toniot/test/abnormal/test_00021302_orig80650_80651_80652.png,1,0.26149785052597674,0.2584749737878616,0.6142084768945304
/root/New_CheckLiuliang_remote/datasets/toniot/test/abnormal/test_00021303_orig80653_80654_80655.png,1,0.2928206643917836,0.291744806677033,0.61625537999968
/root/New_CheckLiuliang_remote/datasets/toniot/test/abnormal/test_00021304_orig80656_80657_80658.png,1,0.28836335234829086,0.2867595472736293,0.6169676281523481
/root/New_CheckLiuliang_remote/datasets/toniot/test/abnormal/test_00021305_orig80659_80660_80661.png,1,0.29166836679812724,0.29072098830291115,0.6153796558167203
/root/New_CheckLiuliang_remote/datasets/toniot/test/abnormal/test_00021306_orig80662_80663_80664.png,1,0.29027013697886517,0.2977614945360271,0.581185684601326
/root/New_CheckLiuliang_remote/datasets/toniot/test/abnormal/test_00021307_orig80665_80666_80667.png,1,0.2965595287789307,0.2927896183793439,0.6282055482778188
/root/New_CheckLiuliang_remote/datasets/toniot/test/abnormal/test_00021308_orig80668_80669_80670.png,1,0.24389483561677508,0.23611025643481592,0.6277281559910829
/root/New_CheckLiuliang_remote/datasets/toniot/test/abnormal/test_00021309_orig80671_80672_80673.png,1,0.20396295058256955,0.19533819530066973,0.6185507384853509
/root/New_CheckLiuliang_remote/datasets/toniot/test/abnormal/test_00021310_orig80674_80675_80676.png,1,0.31686881854523335,0.31862623858996214,0.6124730942764153
/root/New_CheckLiuliang_remote/datasets/toniot/test/abnormal/test_00021311_orig80677_80678_80679.png,1,0.2503038253805166,0.24156327343193287,0.6335643912001134
/root/New_CheckLiuliang_remote/datasets/toniot/test/abnormal/test_00021312_orig80680_80681_80682.png,1,0.22271271438693238,0.21510931816425416,0.620352498008869
/root/New_CheckLiuliang_remote/datasets/toniot/test/abnormal/test_00021313_orig80683_80684_80685.png,1,0.30563566215092985,0.3041004299827238,0.6221166298598976
/root/New_CheckLiuliang_remote/datasets/toniot/test/abnormal/test_00021314_orig80686_80687_80688.png,1,0.2881584413699396,0.2839524768781451,0.6273119262880942
/root/New_CheckLiuliang_remote/datasets/toniot/test/abnormal/test_00021315_orig80689_80690_80691.png,1,0.2850078065487707,0.28297733678376175,0.6176206867078415
/root/New_CheckLiuliang_remote/datasets/toniot/test/abnormal/test_00021316_orig80692_80693_80694.png,1,0.2590713905979777,0.2766243620488386,0.5311432054957823
/root/New_CheckLiuliang_remote/datasets/toniot/test/abnormal/test_00021318_orig80698_80699_80700.png,1,0.40918042378044306,0.4849562466238464,0.345384194390475
/root/New_CheckLiuliang_remote/datasets/toniot/test/abnormal/test_00021322_orig80710_80711_80712.png,1,0.25450618247030593,0.2813419565178314,0.492578575775685
/root/New_CheckLiuliang_remote/datasets/toniot/test/abnormal/test_00021325_orig80719_80720_80721.png,1,0.18943939408597701,0.21385273626383575,0.4818381301217058
/root/New_CheckLiuliang_remote/datasets/toniot/test/abnormal/test_00021329_orig80731_80732_80733.png,1,0.14862574109154106,0.19303640807303685,0.38903384468212826
/root/New_CheckLiuliang_remote/datasets/toniot/test/abnormal/test_00021333_orig80743_80744_80745.png,1,0.16846878468366677,0.187690981882889,0.4960181960095924
/root/New_CheckLiuliang_remote/datasets/toniot/test/abnormal/test_00021337_orig80755_80756_80757.png,1,0.5328438873012402,0.6560420307423673,0.19452372209835858
/root/New_CheckLiuliang_remote/datasets/toniot/test/abnormal/test_00021340_orig80764_80765_80766.png,1,0.169715540866478,0.18899755414605768,0.49617039783089856
/root/New_CheckLiuliang_remote/datasets/toniot/test/abnormal/test_00021344_orig80776_80777_80778.png,1,0.4480689385099358,0.5911757956372977,0.0882705736874196
/root/New_CheckLiuliang_remote/datasets/toniot/test/abnormal/test_00021348_orig80788_80789_80790.png,1,0.5246417239114722,0.6712568141391115,0.09828055629483833
/root/New_CheckLiuliang_remote/datasets/toniot/test/abnormal/test_00021352_orig80800_80801_80802.png,1,0.13660658864340403,0.15648426832150075,0.4833919275113459
/root/New_CheckLiuliang_remote/datasets/toniot/test/abnormal/test_00021355_orig80809_80810_80811.png,1,0.1654773067354861,0.18401596857508704,0.4978130500801068
/root/New_CheckLiuliang_remote/datasets/toniot/test/abnormal/test_00021359_orig80821_80822_80823.png,1,0.13933128125172625,0.16334055809975742,0.4677210588765265
/root/New_CheckLiuliang_remote/datasets/toniot/test/abnormal/test_00021363_orig80833_80834_80835.png,1,0.1525176185695296,0.18128368691127655,0.4528342410128524
/root/New_CheckLiuliang_remote/datasets/toniot/test/abnormal/test_00021367_orig80845_80846_80847.png,1,0.26319896323893033,0.2999150163833245,0.4557868858823862
/root/New_CheckLiuliang_remote/datasets/toniot/test/abnormal/test_00021370_orig80854_80855_80856.png,1,0.14506921782039334,0.17450953352955972,0.4477985451056087
/root/New_CheckLiuliang_remote/datasets/toniot/test/abnormal/test_00021374_orig80866_80867_80868.png,1,0.14359824457221482,0.16662824450247057,0.4729779406713073
/root/New_CheckLiuliang_remote/datasets/toniot/test/abnormal/test_00021378_orig80878_80879_80880.png,1,0.20289706756134712,0.23449455741406283,0.45732708375743736
/root/New_CheckLiuliang_remote/datasets/toniot/test/abnormal/test_00021382_orig80890_80891_80892.png,1,0.25299350734763015,0.28309227525559705,0.4790516389070979
/root/New_CheckLiuliang_remote/datasets/toniot/test/abnormal/test_00021385_orig80899_80900_80901.png,1,0.13010455544151614,0.15963890950681556,0.44272367132213986
/root/New_CheckLiuliang_remote/datasets/toniot/test/abnormal/test_00021389_orig80911_80912_80913.png,1,0.22736035926969672,0.25223575665006315,0.49189662705966586
/root/New_CheckLiuliang_remote/datasets/toniot/test/abnormal/test_00021393_orig80923_80924_80925.png,1,0.15937433787552852,0.18927361641174426,0.4504543259597893
/root/New_CheckLiuliang_remote/datasets/toniot/test/abnormal/test_00021397_orig80935_80936_80937.png,1,0.13933229637209382,0.1740316728966555,0.4249609789057436
/root/New_CheckLiuliang_remote/datasets/toniot/test/abnormal/test_00021400_orig80944_80945_80946.png,1,0.42068387813474384,0.5198964923953637,0.2552489722325393
/root/New_CheckLiuliang_remote/datasets/toniot/test/abnormal/test_00021404_orig80956_80957_80958.png,1,0.5395865894668809,0.6738254790513483,0.1524778632668162
/root/New_CheckLiuliang_remote/datasets/toniot/test/abnormal/test_00021408_orig80968_80969_80970.png,1,0.1390888784278488,0.15921300736117933,0.48318553902310246
/root/New_CheckLiuliang_remote/datasets/toniot/test/abnormal/test_00021412_orig80980_80981_80982.png,1,0.25895873947150255,0.29711030773726166,0.4487134471647936
/root/New_CheckLiuliang_remote/datasets/toniot/test/abnormal/test_00021415_orig80989_80990_80991.png,1,0.14626322942674636,0.17286181968331826,0.45954035190893144
/root/New_CheckLiuliang_remote/datasets/toniot/test/abnormal/test_00021419_orig81001_81002_81003.png,1,0.09754372275168954,0.11936504629225678,0.46335209150317125
/root/New_CheckLiuliang_remote/datasets/toniot/test/abnormal/test_00021423_orig81013_81014_81015.png,1,0.16256023623643187,0.1806188544491882,0.49881730024550297
/root/New_CheckLiuliang_remote/datasets/toniot/test/abnormal/test_00021427_orig81025_81026_81027.png,1,0.19292342489510528,0.21332409801837415,0.49898274926236724
/root/New_CheckLiuliang_remote/datasets/toniot/test/abnormal/test_00021430_orig81034_81035_81036.png,1,0.12909055341598108,0.14454956124600127,0.4987066720698313
/root/New_CheckLiuliang_remote/datasets/toniot/test/abnormal/test_00021434_orig81046_81047_81048.png,1,0.08362759553090658,0.10600804123194622,0.45674610967564594
/root/New_CheckLiuliang_remote/datasets/toniot/test/abnormal/test_00021438_orig81058_81059_81060.png,1,0.09758268218826513,0.12133645101751382,0.4556345431334677
/root/New_CheckLiuliang_remote/datasets/toniot/test/abnormal/test_00021442_orig81070_81071_81072.png,1,0.18697464583489906,0.21676726625798778,0.45954711643432283
/root/New_CheckLiuliang_remote/datasets/toniot/test/abnormal/test_00021445_orig81079_81080_81081.png,1,0.11190862933129445,0.1381939623450545,0.45000645800783456
/root/New_CheckLiuliang_remote/datasets/toniot/test/abnormal/test_00021449_orig81091_81092_81093.png,1,0.4334314116185037,0.544101012547581,0.2134235946504724
/root/New_CheckLiuliang_remote/datasets/toniot/test/abnormal/test_00021453_orig81103_81104_81105.png,1,0.19867433425722814,0.22898669534705185,0.4611417123677298
/root/New_CheckLiuliang_remote/datasets/toniot/test/abnormal/test_00021457_orig81115_81116_81117.png,1,0.18036193616365728,0.20046371637803684,0.4962341675754736
/root/New_CheckLiuliang_remote/datasets/toniot/test/abnormal/test_00021460_orig81124_81125_81126.png,1,0.1498713813787606,0.16795935271796028,0.49471574301652593
/root/New_CheckLiuliang_remote/datasets/toniot/test/abnormal/test_00021464_orig81136_81137_81138.png,1,0.05696845549615617,0.07867446551314451,0.4510732095692949
/root/New_CheckLiuliang_remote/datasets/toniot/test/abnormal/test_00021468_orig81148_81149_81150.png,1,0.10088905253023805,0.12513808033595622,0.4546916669432371
/root/New_CheckLiuliang_remote/datasets/toniot/test/abnormal/test_00021472_orig81160_81161_81162.png,1,0.2358570941469446,0.2677107261080508,0.4666515592266259
/root/New_CheckLiuliang_remote/datasets/toniot/test/abnormal/test_00021475_orig81169_81170_81171.png,1,0.22476055685025134,0.2485152140617511,0.4955632816770217
/root/New_CheckLiuliang_remote/datasets/toniot/test/abnormal/test_00021479_orig81181_81182_81183.png,1,0.20494476586163793,0.22741665681511006,0.49447243149385456
/root/New_CheckLiuliang_remote/datasets/toniot/test/abnormal/test_00021483_orig81193_81194_81195.png,1,0.15422310912781742,0.1732595120442004,0.49228840582191696
/root/New_CheckLiuliang_remote/datasets/toniot/test/abnormal/test_00021487_orig81205_81206_81207.png,1,0.2379834836410671,0.26254085662488424,0.49650425534448595
/root/New_CheckLiuliang_remote/datasets/toniot/test/abnormal/test_00021490_orig81214_81215_81216.png,1,0.23010465945499473,0.25405272920482913,0.49646761416528257
/root/New_CheckLiuliang_remote/datasets/toniot/test/abnormal/test_00021494_orig81226_81227_81228.png,1,0.1890726433318693,0.21055940790417174,0.4934292853074579
/root/New_CheckLiuliang_remote/datasets/toniot/test/abnormal/test_00021498_orig81238_81239_81240.png,1,0.0942988963911094,0.10840770985226077,0.4931832961601524
/root/New_CheckLiuliang_remote/datasets/toniot/test/abnormal/test_00021502_orig81250_81251_81252.png,1,0.15584713587887233,0.17472576480990737,0.4934294262350702
/root/New_CheckLiuliang_remote/datasets/toniot/test/abnormal/test_00021505_orig81259_81260_81261.png,1,0.21096994600627042,0.23358712080308927,0.49578312875224173
/root/New_CheckLiuliang_remote/datasets/toniot/test/abnormal/test_00021509_orig81271_81272_81273.png,1,0.163989941608679,0.18293573063145702,0.4957175269487065
/root/New_CheckLiuliang_remote/datasets/toniot/test/abnormal/test_00021513_orig81283_81284_81285.png,1,0.19346141916060183,0.21471779259352758,0.4957288716214983
/root/New_CheckLiuliang_remote/datasets/toniot/test/abnormal/test_00021517_orig81295_81296_81297.png,1,0.2335537431142,0.2584635586656588,0.49370360090483983
/root/New_CheckLiuliang_remote/datasets/toniot/test/abnormal/test_00021520_orig81304_81305_81306.png,1,0.19520417663463818,0.21733671028511695,0.4927714352131456
/root/New_CheckLiuliang_remote/datasets/toniot/test/abnormal/test_00021524_orig81316_81317_81318.png,1,0.26019549708875495,0.2873617933760539,0.493042861794475
/root/New_CheckLiuliang_remote/datasets/toniot/test/abnormal/test_00021528_orig81328_81329_81330.png,1,0.25089979305474347,0.2769417549293975,0.4946214624438835
/root/New_CheckLiuliang_remote/datasets/toniot/test/abnormal/test_00021532_orig81340_81341_81342.png,1,0.1928952137105778,0.21371890379663028,0.4972818234454645
/root/New_CheckLiuliang_remote/datasets/toniot/test/abnormal/test_00021535_orig81349_81350_81351.png,1,0.24749800859926102,0.2730957772051556,0.49533011694243734
/root/New_CheckLiuliang_remote/datasets/toniot/test/abnormal/test_00021539_orig81361_81362_81363.png,1,0.1755582433548211,0.19503051183439832,0.4972439139177503
/root/New_CheckLiuliang_remote/datasets/toniot/test/abnormal/test_00021543_orig81373_81374_81375.png,1,0.2392804225210875,0.2646404518603959,0.4937008528163996
/root/New_CheckLiuliang_remote/datasets/toniot/test/abnormal/test_00021547_orig81385_81386_81387.png,1,0.1615861478730924,0.18041561279065754,0.4954280616330001
/root/New_CheckLiuliang_remote/datasets/toniot/test/abnormal/test_00021550_orig81394_81395_81396.png,1,0.1835150957632748,0.20498305510394388,0.491759504492878
/root/New_CheckLiuliang_remote/datasets/toniot/test/abnormal/test_00021554_orig81406_81407_81408.png,1,0.14645326383348592,0.16398898952419802,0.4958514786442172
/root/New_CheckLiuliang_remote/datasets/toniot/test/abnormal/test_00021558_orig81418_81419_81420.png,1,0.1781598701506901,0.19821795509500859,0.4957175269487065
/root/New_CheckLiuliang_remote/datasets/toniot/test/abnormal/test_00021562_orig81430_81431_81432.png,1,0.12621645457865363,0.14189849752062234,0.49691209985454154
/root/New_CheckLiuliang_remote/datasets/toniot/test/abnormal/test_00021565_orig81439_81440_81441.png,1,0.14724849318079153,0.16465697098551474,0.49661016244514483
/root/New_CheckLiuliang_remote/datasets/toniot/test/abnormal/test_00021569_orig81451_81452_81453.png,1,0.19051616218649622,0.21225947386258476,0.49285634409956874
/root/New_CheckLiuliang_remote/datasets/toniot/test/abnormal/test_00021573_orig81463_81464_81465.png,1,0.16484297157053363,0.18424991297609425,0.49414075835825816
/root/New_CheckLiuliang_remote/datasets/toniot/test/abnormal/test_00021577_orig81475_81476_81477.png,1,0.2251816634921134,0.24955175964108756,0.49323374824536315
/root/New_CheckLiuliang_remote/datasets/toniot/test/abnormal/test_00021580_orig81484_81485_81486.png,1,0.142686964016564,0.15981236688097794,0.4963101980223205
/root/New_CheckLiuliang_remote/datasets/toniot/test/abnormal/test_00021584_orig81496_81497_81498.png,1,0.1448704614578394,0.17253484859677315,0.45483985232759216
/root/New_CheckLiuliang_remote/datasets/toniot/test/abnormal/test_00021588_orig81508_81509_81510.png,1,0.12542202213734235,0.15188830394770353,0.4535257023427031
/root/New_CheckLiuliang_remote/datasets/toniot/test/abnormal/test_00021592_orig81520_81521_81522.png,1,0.16663430462144638,0.1960324184222228,0.4547385253743337
/root/New_CheckLiuliang_remote/datasets/toniot/test/abnormal/test_00021595_orig81529_81530_81531.png,1,0.14373850818251963,0.17126239049191172,0.4550464522072541
/root/New_CheckLiuliang_remote/datasets/toniot/test/abnormal/test_00021599_orig81541_81542_81543.png,1,0.09424205426697897,0.11799221383699127,0.45460006399522873
/root/New_CheckLiuliang_remote/datasets/toniot/test/abnormal/test_00021603_orig81553_81554_81555.png,1,0.14992069937662222,0.1780196180027761,0.4546874391148675
/root/New_CheckLiuliang_remote/datasets/toniot/test/abnormal/test_00021607_orig81565_81566_81567.png,1,0.14833909288639383,0.1763312295831683,0.4546179618019935
/root/New_CheckLiuliang_remote/datasets/toniot/test/abnormal/test_00021610_orig81574_81575_81576.png,1,0.16825353629069775,0.19772710484028735,0.4549451252539956
/root/New_CheckLiuliang_remote/datasets/toniot/test/abnormal/test_00021614_orig81586_81587_81588.png,1,0.4814581005628772,0.5799778231729342,0.2771028989303101
/root/New_CheckLiuliang_remote/datasets/toniot/test/abnormal/test_00021618_orig81598_81599_81600.png,1,0.20008767368973357,0.22796327059783356,0.4713325403336588
/root/New_CheckLiuliang_remote/datasets/toniot/test/abnormal/test_00021622_orig81610_81611_81612.png,1,0.2413951801616011,0.2680865066826356,0.4890396720388977
/root/New_CheckLiuliang_remote/datasets/toniot/test/abnormal/test_00021625_orig81619_81620_81621.png,1,0.04741326307754975,0.0702557472844146,0.44352709963997927
/root/New_CheckLiuliang_remote/datasets/toniot/test/abnormal/test_00021629_orig81631_81632_81633.png,1,0.13920494047110685,0.15657624534062922,0.49423327733574657
/root/New_CheckLiuliang_remote/datasets/toniot/test/abnormal/test_00021633_orig81643_81644_81645.png,1,0.347739435622309,0.44975214095865246,0.2211449480657086
/root/New_CheckLiuliang_remote/datasets/toniot/test/abnormal/test_00021637_orig81655_81656_81657.png,1,0.20704569094199324,0.2410516922656249,0.44899565470846553
/root/New_CheckLiuliang_remote/datasets/toniot/test/abnormal/test_00021640_orig81664_81665_81666.png,1,0.3136954725632241,0.32716435637276753,0.564630847518226
/root/New_CheckLiuliang_remote/datasets/toniot/test/abnormal/test_00021644_orig81676_81677_81678.png,1,0.2595097248805615,0.2897125213000276,0.4806815372073911
/root/New_CheckLiuliang_remote/datasets/toniot/test/abnormal/test_00021648_orig81688_81689_81690.png,1,0.16937471771864018,0.19754498771824697,0.4605103566645337
/root/New_CheckLiuliang_remote/datasets/toniot/test/abnormal/test_00021652_orig81700_81701_81702.png,1,0.13582929568820096,0.152280485559936,0.49685382628684704
/root/New_CheckLiuliang_remote/datasets/toniot/test/abnormal/test_00021655_orig81709_81710_81711.png,1,0.2158688809911724,0.2416022422973839,0.48485658818619326
/root/New_CheckLiuliang_remote/datasets/toniot/test/abnormal/test_00021659_orig81721_81722_81723.png,1,0.18822084332479747,0.2165982699660656,0.4655991822816223
/root/New_CheckLiuliang_remote/datasets/toniot/test/abnormal/test_00021663_orig81733_81734_81735.png,1,0.13094591617528786,0.1567351385933604,0.45796837485730196
/root/New_CheckLiuliang_remote/datasets/toniot/test/abnormal/test_00021667_orig81745_81746_81747.png,1,0.19929902891173834,0.22457993334355883,0.4814636854557701
/root/New_CheckLiuliang_remote/datasets/toniot/test/abnormal/test_00021670_orig81754_81755_81756.png,1,0.19853798528684047,0.22421517426627333,0.4796395889056992
/root/New_CheckLiuliang_remote/datasets/toniot/test/abnormal/test_00021674_orig81766_81767_81768.png,1,0.23362980764401947,0.25725788558609897,0.49885443467134943
/root/New_CheckLiuliang_remote/datasets/toniot/test/abnormal/test_00021678_orig81778_81779_81780.png,1,0.19211032676506268,0.21280188897967045,0.4975638900615241
/root/New_CheckLiuliang_remote/datasets/toniot/test/abnormal/test_00021682_orig81790_81791_81792.png,1,0.1920187507653705,0.22508114905407342,0.4480517920249487
/root/New_CheckLiuliang_remote/datasets/toniot/test/abnormal/test_00021685_orig81799_81800_81801.png,1,0.131644695174164,0.15918597845113586,0.45117953945279077
/root/New_CheckLiuliang_remote/datasets/toniot/test/abnormal/test_00021689_orig81811_81812_81813.png,1,0.5609957581320663,0.6873319303667049,0.19081094891987088
/root/New_CheckLiuliang_remote/datasets/toniot/test/abnormal/test_00021693_orig81823_81824_81825.png,1,0.5691875326528976,0.6966920681564145,0.1887096125244624
/root/New_CheckLiuliang_remote/datasets/toniot/test/abnormal/test_00021697_orig81835_81836_81837.png,1,0.2573976538252534,0.29593717431639494,0.44667147652607514
/root/New_CheckLiuliang_remote/datasets/toniot/test/abnormal/test_00021700_orig81844_81845_81846.png,1,0.057940308471338714,0.07253929655818321,0.4798064471986867
/root/New_CheckLiuliang_remote/datasets/toniot/test/abnormal/test_00021704_orig81856_81857_81858.png,1,0.45708886941219395,0.5852500351310227,0.15088548694330334
/root/New_CheckLiuliang_remote/datasets/toniot/test/abnormal/test_00021708_orig81868_81869_81870.png,1,0.15213845870873613,0.1697380124487812,0.49738124787595667
/root/New_CheckLiuliang_remote/datasets/toniot/test/abnormal/test_00021712_orig81880_81881_81882.png,1,0.17403360564333964,0.1929723784220601,0.49889917918826115
/root/New_CheckLiuliang_remote/datasets/toniot/test/abnormal/test_00021715_orig81889_81890_81891.png,1,0.15750802931130573,0.1900142872719157,0.4394404102741021
/root/New_CheckLiuliang_remote/datasets/toniot/test/abnormal/test_00021719_orig81901_81902_81903.png,1,0.15739517582397725,0.18125337779370354,0.4739971996274156
/root/New_CheckLiuliang_remote/datasets/toniot/test/abnormal/test_00021723_orig81913_81914_81915.png,1,0.06531451262591671,0.08415897250254512,0.4651399696568758
/root/New_CheckLiuliang_remote/datasets/toniot/test/abnormal/test_00021727_orig81925_81926_81927.png,1,0.15870284215736183,0.18183056311060244,0.4773297148759594
/root/New_CheckLiuliang_remote/datasets/toniot/test/abnormal/test_00021730_orig81934_81935_81936.png,1,0.10279980555711521,0.12471060369070582,0.46464453863576294
/root/New_CheckLiuliang_remote/datasets/toniot/test/abnormal/test_00021734_orig81946_81947_81948.png,1,0.12864167885953895,0.1545013172657397,0.45696320866242573
/root/New_CheckLiuliang_remote/datasets/toniot/test/abnormal/test_00021738_orig81958_81959_81960.png,1,0.08458386712172172,0.10763738591602223,0.45435407484792323
/root/New_CheckLiuliang_remote/datasets/toniot/test/abnormal/test_00021742_orig81970_81971_81972.png,1,0.07218719625944123,0.09358471444284559,0.45708567475753226
/root/New_CheckLiuliang_remote/datasets/toniot/test/abnormal/test_00021745_orig81979_81980_81981.png,1,0.18535712089737238,0.20966154949918447,0.4809920007373333
/root/New_CheckLiuliang_remote/datasets/toniot/test/abnormal/test_00021749_orig81991_81992_81993.png,1,0.48034955516283234,0.5877429928534774,0.24125996895505628
/root/New_CheckLiuliang_remote/datasets/toniot/test/abnormal/test_00021753_orig82003_82004_82005.png,1,0.1632013678339548,0.18144861574586213,0.4982640889033387
/root/New_CheckLiuliang_remote/datasets/toniot/test/abnormal/test_00021757_orig82015_82016_82017.png,1,0.16846798340710828,0.19377681651660592,0.47167140077748354
/root/New_CheckLiuliang_remote/datasets/toniot/test/abnormal/test_00021760_orig82024_82025_82026.png,1,0.20248810881028195,0.22474420613663848,0.49456424583328135
/root/New_CheckLiuliang_remote/datasets/toniot/test/abnormal/test_00021764_orig82036_82037_82038.png,1,0.25640647294251795,0.28565608546069005,0.48351988978333293
/root/New_CheckLiuliang_remote/datasets/toniot/test/abnormal/test_00021768_orig82048_82049_82050.png,1,0.09846944832484669,0.11772927240142288,0.47388875582973494
/root/New_CheckLiuliang_remote/datasets/toniot/test/abnormal/test_00021772_orig82060_82061_82062.png,1,0.22708851271241323,0.256855994559579,0.4722429327092495
/root/New_CheckLiuliang_remote/datasets/toniot/test/abnormal/test_00021775_orig82069_82070_82071.png,1,0.1033954958726162,0.1275453590377393,0.45587531795911734
/root/New_CheckLiuliang_remote/datasets/toniot/test/abnormal/test_00021779_orig82081_82082_82083.png,1,0.14453332069681943,0.16425704808351252,0.48649663327457354
/root/New_CheckLiuliang_remote/datasets/toniot/test/abnormal/test_00021783_orig82093_82094_82095.png,1,0.20767471082380987,0.23121789250864894,0.4910444377879636
/root/New_CheckLiuliang_remote/datasets/toniot/test/abnormal/test_00021787_orig82105_82106_82107.png,1,0.17119759322281475,0.20337719670577942,0.4450453832713146
/root/New_CheckLiuliang_remote/datasets/toniot/test/abnormal/test_00021790_orig82114_82115_82116.png,1,0.031194066419424474,0.051523794166190275,0.44848549675186516
/root/New_CheckLiuliang_remote/datasets/toniot/test/abnormal/test_00021794_orig82126_82127_82128.png,1,0.14807161612971978,0.175457907130502,0.45695736016651445
/root/New_CheckLiuliang_remote/datasets/toniot/test/abnormal/test_00021798_orig82138_82139_82140.png,1,0.1538569442236002,0.17856308278627125,0.4694944919499682
/root/New_CheckLiuliang_remote/datasets/toniot/test/abnormal/test_00021802_orig82150_82151_82152.png,1,0.15066126357141824,0.17520598719223288,0.4691367472060925
/root/New_CheckLiuliang_remote/datasets/toniot/test/abnormal/test_00021805_orig82159_82160_82161.png,1,0.11404081039788982,0.13605723516030832,0.46775156970459386
/root/New_CheckLiuliang_remote/datasets/toniot/test/abnormal/test_00021809_orig82171_82172_82173.png,1,0.33020332751334064,0.43204846729679014,0.21630908751273545
/root/New_CheckLiuliang_remote/datasets/toniot/test/abnormal/test_00021813_orig82183_82184_82185.png,1,0.08717375079675962,0.11151708417366783,0.4500080082115701
/root/New_CheckLiuliang_remote/datasets/toniot/test/abnormal/test_00021817_orig82195_82196_82197.png,1,0.1545145269871807,0.18402607161427803,0.45047934061097616
/root/New_CheckLiuliang_remote/datasets/toniot/test/abnormal/test_00021820_orig82204_82205_82206.png,1,0.06897051370970306,0.0921647782074558,0.44888869065071424
/root/New_CheckLiuliang_remote/datasets/toniot/test/abnormal/test_00021824_orig82216_82217_82218.png,1,0.20834784420255606,0.23355484356099854,0.48460052271460685
/root/New_CheckLiuliang_remote/datasets/toniot/test/abnormal/test_00021828_orig82228_82229_82230.png,1,0.1766325983062321,0.20665924115154177,0.45536375072639373
/root/New_CheckLiuliang_remote/datasets/toniot/test/abnormal/test_00021832_orig82240_82241_82242.png,1,0.10229728694995219,0.12639991056842192,0.4557194520198908
/root/New_CheckLiuliang_remote/datasets/toniot/test/abnormal/test_00021835_orig82249_82250_82251.png,1,0.15751886948947116,0.1860167639598088,0.45547726791811793
/root/New_CheckLiuliang_remote/datasets/toniot/test/abnormal/test_00021839_orig82261_82262_82263.png,1,0.12386559104148158,0.1497679778006051,0.4552925822821719
/root/New_CheckLiuliang_remote/datasets/toniot/test/abnormal/test_00021843_orig82273_82274_82275.png,1,0.17750382352976868,0.20751445685864497,0.4557013428217076
/root/New_CheckLiuliang_remote/datasets/toniot/test/abnormal/test_00021847_orig82285_82286_82287.png,1,0.1393114469490319,0.16623265147440736,0.45606712043948555
/root/New_CheckLiuliang_remote/datasets/toniot/test/abnormal/test_00021850_orig82294_82295_82296.png,1,0.20951207250738102,0.24204677602178792,0.4556552594924788
/root/New_CheckLiuliang_remote/datasets/toniot/test/abnormal/test_00021854_orig82306_82307_82308.png,1,0.0467425194113649,0.061734686580762844,0.4747177625092105
/root/New_CheckLiuliang_remote/datasets/toniot/test/abnormal/test_00021858_orig82318_82319_82320.png,1,0.146033912519148,0.16270524750543497,0.49917737029498194
/root/New_CheckLiuliang_remote/datasets/toniot/test/abnormal/test_00021862_orig82330_82331_82332.png,1,0.25615221925014464,0.29007321291997645,0.46475453263717914
/root/New_CheckLiuliang_remote/datasets/toniot/test/abnormal/test_00021865_orig82339_82340_82341.png,1,0.16129155618973431,0.18265310795071135,0.48520721608564676
/root/New_CheckLiuliang_remote/datasets/toniot/test/abnormal/test_00021869_orig82351_82352_82353.png,1,0.24252755440876278,0.2807180610457118,0.4433985031937368
/root/New_CheckLiuliang_remote/datasets/toniot/test/abnormal/test_00021873_orig82363_82364_82365.png,1,0.16590032563922325,0.19317207745645884,0.46301351291457116
/root/New_CheckLiuliang_remote/datasets/toniot/test/abnormal/test_00021877_orig82375_82376_82377.png,1,0.10588901276367403,0.12484312407489948,0.4774412590811111
/root/New_CheckLiuliang_remote/datasets/toniot/test/abnormal/test_00021880_orig82384_82385_82386.png,1,0.46535781259591047,0.5758979010476851,0.22396614270485043
/root/New_CheckLiuliang_remote/datasets/toniot/test/abnormal/test_00021884_orig82396_82397_82398.png,1,0.18020751810551086,0.2158926317223097,0.43385234859036803
/root/New_CheckLiuliang_remote/datasets/toniot/test/abnormal/test_00021888_orig82408_82409_82410.png,1,0.08910679125644581,0.10702529919100898,0.47631426096538376
/root/New_CheckLiuliang_remote/datasets/toniot/test/abnormal/test_00021892_orig82420_82421_82422.png,1,0.12140497097819039,0.1389875101506022,0.4877993681228646
/root/New_CheckLiuliang_remote/datasets/toniot/test/abnormal/test_00021895_orig82429_82430_82431.png,1,0.15281183495628642,0.17631207317119574,0.47398994185538107
/root/New_CheckLiuliang_remote/datasets/toniot/test/abnormal/test_00021899_orig82441_82442_82443.png,1,0.2397410631584769,0.2675972309275285,0.4838609346051487
/root/New_CheckLiuliang_remote/datasets/toniot/test/abnormal/test_00021903_orig82453_82454_82455.png,1,0.15870809002461828,0.18020410500915243,0.4838581865167084
/root/New_CheckLiuliang_remote/datasets/toniot/test/abnormal/test_00021907_orig82465_82466_82467.png,1,0.1659635195700034,0.18918662530806069,0.47922793935011093
/root/New_CheckLiuliang_remote/datasets/toniot/test/abnormal/test_00021910_orig82474_82475_82476.png,1,0.12690764043056726,0.1512501067707551,0.4624874301377786
/root/New_CheckLiuliang_remote/datasets/toniot/test/abnormal/test_00021914_orig82486_82487_82488.png,1,0.19920892983612426,0.22904652633239078,0.46320862719382894
/root/New_CheckLiuliang_remote/datasets/toniot/test/abnormal/test_00021918_orig82498_82499_82500.png,1,0.14955257966862032,0.17112435935906845,0.48068040978649257
/root/New_CheckLiuliang_remote/datasets/toniot/test/abnormal/test_00021922_orig82510_82511_82512.png,1,0.4292924426784258,0.5365469570236394,0.22578435552710696
/root/New_CheckLiuliang_remote/datasets/toniot/test/abnormal/test_00021925_orig82519_82520_82521.png,1,0.19198461069560616,0.2180079719539632,0.4761972205833515
/root/New_CheckLiuliang_remote/datasets/toniot/test/abnormal/test_00021929_orig82531_82532_82533.png,1,0.19523855566518772,0.21946517134688864,0.4844059016819922
/root/New_CheckLiuliang_remote/datasets/toniot/test/abnormal/test_00021933_orig82543_82544_82545.png,1,0.18436550570794258,0.20761456879244672,0.48490210780497284
/root/New_CheckLiuliang_remote/datasets/toniot/test/abnormal/test_00021937_orig82555_82556_82557.png,1,0.19629174607272296,0.22473239738953213,0.467880448006061
/root/New_CheckLiuliang_remote/datasets/toniot/test/abnormal/test_00021940_orig82564_82565_82566.png,1,0.13504472031846804,0.15416201259888349,0.48594306961337846
/root/New_CheckLiuliang_remote/datasets/toniot/test/abnormal/test_00021944_orig82576_82577_82578.png,1,0.26337163410152564,0.2950267199144942,0.4760849717401382
/root/New_CheckLiuliang_remote/datasets/toniot/test/abnormal/test_00021948_orig82588_82589_82590.png,1,0.18449365471047713,0.21080227446965932,0.47270411832056847
/root/New_CheckLiuliang_remote/datasets/toniot/test/abnormal/test_00021952_orig82600_82601_82602.png,1,0.19930252073708402,0.222848246184561,0.48840549778345527
/root/New_CheckLiuliang_remote/datasets/toniot/test/abnormal/test_00021955_orig82609_82610_82611.png,1,0.3967260526451806,0.5135365636204778,0.17733492215123464
/root/New_CheckLiuliang_remote/datasets/toniot/test/abnormal/test_00021959_orig82621_82622_82623.png,1,0.11317097689729942,0.1390806680444413,0.4519053871200477
/root/New_CheckLiuliang_remote/datasets/toniot/test/abnormal/test_00021963_orig82633_82634_82635.png,1,0.16054780886816927,0.18619560087431963,0.4678287275723394
/root/New_CheckLiuliang_remote/datasets/toniot/test/abnormal/test_00021967_orig82645_82646_82647.png,1,0.19293746029236114,0.22185906680195117,0.4649034226595958
/root/New_CheckLiuliang_remote/datasets/toniot/test/abnormal/test_00021970_orig82654_82655_82656.png,1,0.17353777784596988,0.19598019751835244,0.4847289077694309
/root/New_CheckLiuliang_remote/datasets/toniot/test/abnormal/test_00021974_orig82666_82667_82668.png,1,0.2170412844438083,0.24978347350097468,0.4571893974802002
/root/New_CheckLiuliang_remote/datasets/toniot/test/abnormal/test_00021978_orig82678_82679_82680.png,1,0.32381573465099595,0.370557434531322,0.4347172213471792
/root/New_CheckLiuliang_remote/datasets/toniot/test/abnormal/test_00021982_orig82690_82691_82692.png,1,0.20532638571293008,0.24203850989881348,0.4376313225147433
/root/New_CheckLiuliang_remote/datasets/toniot/test/abnormal/test_00021985_orig82699_82700_82701.png,1,0.19679611979351871,0.22945957006451118,0.45114761934860015
/root/New_CheckLiuliang_remote/datasets/toniot/test/abnormal/test_00021989_orig82711_82712_82713.png,1,0.14532156534145044,0.1736233526633776,0.45243189267967726
/root/New_CheckLiuliang_remote/datasets/toniot/test/abnormal/test_00021993_orig82723_82724_82725.png,1,0.2512303959190249,0.29088998459483334,0.4402547604818963
/root/New_CheckLiuliang_remote/datasets/toniot/test/abnormal/test_00021997_orig82735_82736_82737.png,1,0.12229224568365786,0.14744992074362567,0.4577774179426077
/root/New_CheckLiuliang_remote/datasets/toniot/test/abnormal/test_00022000_orig82744_82745_82746.png,1,0.16078060928207435,0.1901744926076587,0.45291745876792766
/root/New_CheckLiuliang_remote/datasets/toniot/test/abnormal/test_00022004_orig82756_82757_82758.png,1,0.09103249361309053,0.11770972236454678,0.4418840246079341
/root/New_CheckLiuliang_remote/datasets/toniot/test/abnormal/test_00022008_orig82768_82769_82770.png,1,0.24398205816838284,0.28229505361761625,0.4433652442772291
/root/New_CheckLiuliang_remote/datasets/toniot/test/abnormal/test_00022012_orig82780_82781_82782.png,1,0.17744185873802737,0.20028278013070708,0.4843607343822435
/root/New_CheckLiuliang_remote/datasets/toniot/test/abnormal/test_00022015_orig82789_82790_82791.png,1,0.22090615214110784,0.2461114779840999,0.4885503713689208
/root/New_CheckLiuliang_remote/datasets/toniot/test/abnormal/test_00022019_orig82801_82802_82803.png,1,0.26163185558914454,0.2885416184202809,0.4945199945630127
/root/New_CheckLiuliang_remote/datasets/toniot/test/abnormal/test_00022023_orig82813_82814_82815.png,1,0.08841814193416737,0.10513708052870123,0.4808963108885676
/root/New_CheckLiuliang_remote/datasets/toniot/test/abnormal/test_00022027_orig82825_82826_82827.png,1,0.15887268680427616,0.18360502417578553,0.47096457833788985
/root/New_CheckLiuliang_remote/datasets/toniot/test/abnormal/test_00022030_orig82834_82835_82836.png,1,0.14499595092749806,0.17832047863738604,0.43223869219739475
/root/New_CheckLiuliang_remote/datasets/toniot/test/abnormal/test_00022034_orig82846_82847_82848.png,1,0.2121181712537226,0.2448644742896678,0.45562714443382085
/root/New_CheckLiuliang_remote/datasets/toniot/test/abnormal/test_00022038_orig82858_82859_82860.png,1,0.20589424519942323,0.2301881697609739,0.48748242192275576
/root/New_CheckLiuliang_remote/datasets/toniot/test/abnormal/test_00022042_orig82870_82871_82872.png,1,0.49951010490277226,0.6290215180301855,0.15880424471149757
/root/New_CheckLiuliang_remote/datasets/toniot/test/abnormal/test_00022045_orig82879_82880_82881.png,1,0.16461583884093772,0.18665601080316668,0.4835365192415868
/root/New_CheckLiuliang_remote/datasets/toniot/test/abnormal/test_00022049_orig82891_82892_82893.png,1,0.09244625163938437,0.11225644295082746,0.4697960770403341
/root/New_CheckLiuliang_remote/datasets/toniot/test/abnormal/test_00022053_orig82903_82904_82905.png,1,0.12728180005572107,0.14676330770354115,0.48204874643831885
/root/New_CheckLiuliang_remote/datasets/toniot/test/abnormal/test_00022057_orig82915_82916_82917.png,1,0.4395580788699286,0.5467732008094502,0.22916520894667672
/root/New_CheckLiuliang_remote/datasets/toniot/test/abnormal/test_00022060_orig82924_82925_82926.png,1,0.4377283779426436,0.5451622252875397,0.22771580368586306
/root/New_CheckLiuliang_remote/datasets/toniot/test/abnormal/test_00022064_orig82936_82937_82938.png,1,0.7211998050143303,0.8003256327618731,0.4299544317611942
/root/New_CheckLiuliang_remote/datasets/toniot/test/abnormal/test_00022068_orig82948_82949_82950.png,1,0.5282356067039423,0.6412179856665428,0.23393983645209662
/root/New_CheckLiuliang_remote/datasets/toniot/test/abnormal/test_00022072_orig82960_82961_82962.png,1,0.5342584830970372,0.6561639232541653,0.20013870095604588
/root/New_CheckLiuliang_remote/datasets/toniot/test/abnormal/test_00022075_orig82969_82970_82971.png,1,0.8209815273512043,0.7896593163338984,0.90307682323513
/root/New_CheckLiuliang_remote/datasets/toniot/test/abnormal/test_00022079_orig82981_82982_82983.png,1,0.18178632609228879,0.21017732933113026,0.46352451643684545
/root/New_CheckLiuliang_remote/datasets/toniot/test/abnormal/test_00022083_orig82993_82994_82995.png,1,0.5377668226508301,0.582323565181463,0.5106350670318665
/root/New_CheckLiuliang_remote/datasets/toniot/test/abnormal/test_00022087_orig83005_83006_83007.png,1,0.22212147237568824,0.24946883599474065,0.48036381590541444
/root/New_CheckLiuliang_remote/datasets/toniot/test/abnormal/test_00022090_orig83014_83015_83016.png,1,0.18168968033903563,0.2047026629643183,0.4850062533104777
/root/New_CheckLiuliang_remote/datasets/toniot/test/abnormal/test_00022094_orig83026_83027_83028.png,1,0.21560007906129855,0.2391834172650968,0.4933722800882742
/root/New_CheckLiuliang_remote/datasets/toniot/test/abnormal/test_00022098_orig83038_83039_83040.png,1,0.08287645998355694,0.10015588858263413,0.4769143307386446
/root/New_CheckLiuliang_remote/datasets/toniot/test/abnormal/test_00022102_orig83050_83051_83052.png,1,0.20580136252333497,0.234255102264406,0.47081399718412537
/root/New_CheckLiuliang_remote/datasets/toniot/test/abnormal/test_00022105_orig83059_83060_83061.png,1,0.186510092871082,0.21534116323244246,0.46324745275102325
/root/New_CheckLiuliang_remote/datasets/toniot/test/abnormal/test_00022109_orig83071_83072_83073.png,1,0.15891808883536393,0.18096826215523543,0.48170749022508463
/root/New_CheckLiuliang_remote/datasets/toniot/test/abnormal/test_00022113_orig83083_83084_83085.png,1,0.24386626547699716,0.27230013006678894,0.4828454102307668
/root/New_CheckLiuliang_remote/datasets/toniot/test/abnormal/test_00022117_orig83095_83096_83097.png,1,0.1818088908480656,0.21315746347587322,0.4517013239374076
/root/New_CheckLiuliang_remote/datasets/toniot/test/abnormal/test_00022120_orig83104_83105_83106.png,1,0.1954209051995966,0.22898380876442587,0.4471180056657128
/root/New_CheckLiuliang_remote/datasets/toniot/test/abnormal/test_00022124_orig83116_83117_83118.png,1,0.19883518154269017,0.22471691480999267,0.4789147277317285
/root/New_CheckLiuliang_remote/datasets/toniot/test/abnormal/test_00022128_orig83128_83129_83130.png,1,0.07970067578680523,0.09951860986379397,0.46576315155855724
/root/New_CheckLiuliang_remote/datasets/toniot/test/abnormal/test_00022132_orig83140_83141_83142.png,1,0.15843574641761796,0.17831746084645886,0.49022987618875086
/root/New_CheckLiuliang_remote/datasets/toniot/test/abnormal/test_00022135_orig83149_83150_83151.png,1,0.16455414870520615,0.1897130330124022,0.47104229991608465
/root/New_CheckLiuliang_remote/datasets/toniot/test/abnormal/test_00022139_orig83161_83162_83163.png,1,0.1087270273616568,0.1265841270232812,0.48272040743863853
/root/New_CheckLiuliang_remote/datasets/toniot/test/abnormal/test_00022143_orig83173_83174_83175.png,1,0.23829235746568428,0.2697612494389205,0.46895516197761744
/root/New_CheckLiuliang_remote/datasets/toniot/test/abnormal/test_00022147_orig83185_83186_83187.png,1,0.09613108571767179,0.11890476757171091,0.45909910755475586
/root/New_CheckLiuliang_remote/datasets/toniot/test/abnormal/test_00022150_orig83194_83195_83196.png,1,0.13676046989777402,0.15457820533023228,0.4916800213195292
/root/New_CheckLiuliang_remote/datasets/toniot/test/abnormal/test_00022154_orig83206_83207_83208.png,1,0.5714734580956035,0.7008486159295537,0.181944875741658
/root/New_CheckLiuliang_remote/datasets/toniot/test/abnormal/test_00022158_orig83218_83219_83220.png,1,0.48891952851293896,0.6181732156884716,0.15650983748720995
/root/New_CheckLiuliang_remote/datasets/toniot/test/abnormal/test_00022162_orig83230_83231_83232.png,1,0.36416775366051113,0.47832471666551424,0.1777262076668426
/root/New_CheckLiuliang_remote/datasets/toniot/test/abnormal/test_00022165_orig83239_83240_83241.png,1,0.14741332932856865,0.16710006955352047,0.4875488692919649
/root/New_CheckLiuliang_remote/datasets/toniot/test/abnormal/test_00022169_orig83251_83252_83253.png,1,0.20568070833116248,0.23119584951405037,0.4825305074810366
/root/New_CheckLiuliang_remote/datasets/toniot/test/abnormal/test_00022173_orig83263_83264_83265.png,1,0.13022158181264795,0.15212487251473436,0.4732846696195229
/root/New_CheckLiuliang_remote/datasets/toniot/test/abnormal/test_00022177_orig83275_83276_83277.png,1,0.1559723827417706,0.1835164585724878,0.45880696461441534
/root/New_CheckLiuliang_remote/datasets/toniot/test/abnormal/test_00022180_orig83284_83285_83286.png,1,0.3147859068422909,0.4095072747786549,0.239963293994095
/root/New_CheckLiuliang_remote/datasets/toniot/test/abnormal/test_00022184_orig83296_83297_83298.png,1,0.1628096338215114,0.1857501486918073,0.47936802139675755
/root/New_CheckLiuliang_remote/datasets/toniot/test/abnormal/test_00022188_orig83308_83309_83310.png,1,0.16229088221140572,0.18794119611324273,0.46836594363050527
/root/New_CheckLiuliang_remote/datasets/toniot/test/abnormal/test_00022192_orig83320_83321_83322.png,1,0.19790331269493938,0.23123521200440492,0.4488214681796373
/root/New_CheckLiuliang_remote/datasets/toniot/test/abnormal/test_00022195_orig83329_83330_83331.png,1,0.13351838636999144,0.15672831576169896,0.4690932710376916
/root/New_CheckLiuliang_remote/datasets/toniot/test/abnormal/test_00022199_orig83341_83342_83343.png,1,0.2429517102300404,0.2761211782138063,0.46361583752962915
/root/New_CheckLiuliang_remote/datasets/toniot/test/abnormal/test_00022203_orig83353_83354_83355.png,1,0.1407640367738389,0.1644926981924351,0.46929338824718675
/root/New_CheckLiuliang_remote/datasets/toniot/test/abnormal/test_00022207_orig83365_83366_83367.png,1,0.11154646756241275,0.12788807512042627,0.48966764547939806
/root/New_CheckLiuliang_remote/datasets/toniot/test/abnormal/test_00022210_orig83374_83375_83376.png,1,0.18149942783159329,0.20164341021396268,0.49642251732934
/root/New_CheckLiuliang_remote/datasets/toniot/test/abnormal/test_00022214_orig83386_83387_83388.png,1,0.2181264753801453,0.23980626307080696,0.501779739584093
/root/New_CheckLiuliang_remote/datasets/toniot/test/abnormal/test_00022218_orig83398_83399_83400.png,1,0.29204891267763716,0.3346268285024842,0.44139796527304054
/root/New_CheckLiuliang_remote/datasets/toniot/test/abnormal/test_00022222_orig83410_83411_83412.png,1,0.09926120620707472,0.11668537915722021,0.48147996259499315
/root/New_CheckLiuliang_remote/datasets/toniot/test/abnormal/test_00022225_orig83419_83420_83421.png,1,0.20026910164892292,0.22650869537093177,0.47793351923094674
/root/New_CheckLiuliang_remote/datasets/toniot/test/abnormal/test_00022229_orig83431_83432_83433.png,1,0.19896940590923587,0.22377956270634966,0.4832431784165416
/root/New_CheckLiuliang_remote/datasets/toniot/test/abnormal/test_00022233_orig83443_83444_83445.png,1,0.19448006638096152,0.21855668506950562,0.4847677333266252
/root/New_CheckLiuliang_remote/datasets/toniot/test/abnormal/test_00022237_orig83455_83456_83457.png,1,0.14321183330622234,0.1630677760416004,0.4855528410548629
/root/New_CheckLiuliang_remote/datasets/toniot/test/abnormal/test_00022240_orig83464_83465_83466.png,1,0.3440425679654573,0.46291745069093637,0.15253546742835222
/root/New_CheckLiuliang_remote/datasets/toniot/test/abnormal/test_00022244_orig83476_83477_83478.png,1,0.1556093264521925,0.17619004945109662,0.48654638072172274
/root/New_CheckLiuliang_remote/datasets/toniot/test/abnormal/test_00022248_orig83488_83489_83490.png,1,0.222217189562264,0.24754112363377717,0.488487588117632
/root/New_CheckLiuliang_remote/datasets/toniot/test/abnormal/test_00022252_orig83500_83501_83502.png,1,0.19525193923860792,0.21898612983927376,0.4863798042839598
/root/New_CheckLiuliang_remote/datasets/toniot/test/abnormal/test_00022255_orig83509_83510_83511.png,1,0.163030955677261,0.18284887073607464,0.49192791298960103
/root/New_CheckLiuliang_remote/datasets/toniot/test/abnormal/test_00022259_orig83521_83522_83523.png,1,0.13700590453693096,0.15636198218479927,0.48560371592291063
/root/New_CheckLiuliang_remote/datasets/toniot/test/abnormal/test_00022263_orig83533_83534_83535.png,1,0.1635926404988797,0.18683104267694325,0.4784223266542805
/root/New_CheckLiuliang_remote/datasets/toniot/test/abnormal/test_00022267_orig83545_83546_83547.png,1,0.19928476149230331,0.22276269837219045,0.4886710758688733
/root/New_CheckLiuliang_remote/datasets/toniot/test/abnormal/test_00022270_orig83554_83555_83556.png,1,0.2730746210552775,0.3014065923511596,0.4924240486487755
/root/New_CheckLiuliang_remote/datasets/toniot/test/abnormal/test_00022274_orig83566_83567_83568.png,1,0.21494253393854018,0.24439973448688174,0.4696703696101442
/root/New_CheckLiuliang_remote/datasets/toniot/test/abnormal/test_00022278_orig83578_83579_83580.png,1,0.20657543384841426,0.23117288806134356,0.4864821881943107
/root/New_CheckLiuliang_remote/datasets/toniot/test/abnormal/test_00022282_orig83590_83591_83592.png,1,0.1762794782414751,0.19771135984414553,0.4896319203296748
/root/New_CheckLiuliang_remote/datasets/toniot/test/abnormal/test_00022285_orig83599_83600_83601.png,1,0.12253473565287833,0.14159527513659112,0.4822420991224226
/root/New_CheckLiuliang_remote/datasets/toniot/test/abnormal/test_00022289_orig83611_83612_83613.png,1,0.21049316881904265,0.23871946471211783,0.4731969421808534
/root/New_CheckLiuliang_remote/datasets/toniot/test/abnormal/test_00022293_orig83623_83624_83625.png,1,0.15282102791159943,0.17500130224238922,0.47927268386702265
/root/New_CheckLiuliang_remote/datasets/toniot/test/abnormal/test_00022297_orig83635_83636_83637.png,1,0.48651134867203943,0.6288289042440506,0.10349822498149092
/root/New_CheckLiuliang_remote/datasets/toniot/test/abnormal/test_00022300_orig83644_83645_83646.png,1,0.4865811414120411,0.568523863312965,0.34501947372978947
/root/New_CheckLiuliang_remote/datasets/toniot/test/abnormal/test_00022304_orig83656_83657_83658.png,1,0.46936763495444195,0.6065943455257773,0.11847868924355201
/root/New_CheckLiuliang_remote/datasets/toniot/test/abnormal/test_00022308_orig83668_83669_83670.png,1,0.14550645447751054,0.17689909911068324,0.44012651635468464
/root/New_CheckLiuliang_remote/datasets/toniot/test/abnormal/test_00022312_orig83680_83681_83682.png,1,0.6537708439044884,0.7765958242433316,0.23398595501322852
/root/New_CheckLiuliang_remote/datasets/toniot/test/abnormal/test_00022315_orig83689_83690_83691.png,1,0.16583016787926058,0.1855957165213163,0.49301629693955257
/root/New_CheckLiuliang_remote/datasets/toniot/test/abnormal/test_00022319_orig83701_83702_83703.png,1,0.16893024898969003,0.18901461122521132,0.492714429993962
/root/New_CheckLiuliang_remote/datasets/toniot/test/abnormal/test_00022323_orig83713_83714_83715.png,1,0.1740127881843312,0.19998506849532552,0.4707586126324834
/root/New_CheckLiuliang_remote/datasets/toniot/test/abnormal/test_00022327_orig83725_83726_83727.png,1,0.24533118905402435,0.2772657082250154,0.4693027599334061
/root/New_CheckLiuliang_remote/datasets/toniot/test/abnormal/test_00022330_orig83734_83735_83736.png,1,0.4369459740486971,0.5751662835602953,0.10432428979705931
/root/New_CheckLiuliang_remote/datasets/toniot/test/abnormal/test_00022334_orig83746_83747_83748.png,1,0.17581000530988392,0.19686532871812507,0.49099074436766943
/root/New_CheckLiuliang_remote/datasets/toniot/test/abnormal/test_00022338_orig83758_83759_83760.png,1,0.14398288119981142,0.1710552125843456,0.4569293860354688
/root/New_CheckLiuliang_remote/datasets/toniot/test/abnormal/test_00022342_orig83770_83771_83772.png,1,0.45242013446250423,0.565735686912851,0.2088020145320326
/root/New_CheckLiuliang_remote/datasets/toniot/test/abnormal/test_00022345_orig83779_83780_83781.png,1,0.11945953618456957,0.13848878739781006,0.4814016773063491
/root/New_CheckLiuliang_remote/datasets/toniot/test/abnormal/test_00022349_orig83791_83792_83793.png,1,0.09844275430465396,0.12599303362645706,0.44071855325404324
/root/New_CheckLiuliang_remote/datasets/toniot/test/abnormal/test_00022353_orig83803_83804_83805.png,1,0.2256581550752239,0.26348424431038164,0.4395593884108037
/root/New_CheckLiuliang_remote/datasets/toniot/test/abnormal/test_00022357_orig83815_83816_83817.png,1,0.13882193333269952,0.16655568631191703,0.4526632253553014
/root/New_CheckLiuliang_remote/datasets/toniot/test/abnormal/test_00022360_orig83824_83825_83826.png,1,0.14028305774177766,0.15912693471560405,0.48868150451218506
/root/New_CheckLiuliang_remote/datasets/toniot/test/abnormal/test_00022364_orig83836_83837_83838.png,1,0.12928901767433143,0.14826761087659085,0.48469064592268585
/root/New_CheckLiuliang_remote/datasets/toniot/test/abnormal/test_00022368_orig83848_83849_83850.png,1,0.4310388472880992,0.5539336314298464,0.1637716259586689
/root/New_CheckLiuliang_remote/datasets/toniot/test/abnormal/test_00022372_orig83860_83861_83862.png,1,0.1453708515007035,0.17334072998263195,0.45377500328889814
/root/New_CheckLiuliang_remote/datasets/toniot/test/abnormal/test_00022375_orig83869_83870_83871.png,1,0.38368234784752403,0.5022006912315723,0.1664080292661554
/root/New_CheckLiuliang_remote/datasets/toniot/test/abnormal/test_00022379_orig83881_83882_83883.png,1,0.14573722368376882,0.16995660547855013,0.4688920264072979
/root/New_CheckLiuliang_remote/datasets/toniot/test/abnormal/test_00022383_orig83893_83894_83895.png,1,0.07233666039875382,0.0909125261809764,0.46841921426796246
/root/New_CheckLiuliang_remote/datasets/toniot/test/abnormal/test_00022387_orig83905_83906_83907.png,1,0.5492692916782366,0.67694981111909,0.18175159352136036
/root/New_CheckLiuliang_remote/datasets/toniot/test/abnormal/test_00022390_orig83914_83915_83916.png,1,0.43906113036811034,0.5778472627783436,0.10272513133220351
/root/New_CheckLiuliang_remote/datasets/toniot/test/abnormal/test_00022394_orig83926_83927_83928.png,1,0.4120085448348028,0.5216622937126688,0.21076048556045116
/root/New_CheckLiuliang_remote/datasets/toniot/test/abnormal/test_00022398_orig83938_83939_83940.png,1,0.3471581051435658,0.4477311394955487,0.2267211013662016
/root/New_CheckLiuliang_remote/datasets/toniot/test/abnormal/test_00022402_orig83950_83951_83952.png,1,0.36918986508099866,0.4768068990374428,0.20546280522190355
/root/New_CheckLiuliang_remote/datasets/toniot/test/abnormal/test_00022405_orig83959_83960_83961.png,1,0.4958650289521739,0.5956625947045117,0.2765151250912242
/root/New_CheckLiuliang_remote/datasets/toniot/test/abnormal/test_00022409_orig83971_83972_83973.png,1,0.49521789717307846,0.6232915203092737,0.16320770411796826
/root/New_CheckLiuliang_remote/datasets/toniot/test/abnormal/test_00022413_orig83983_83984_83985.png,1,0.17813569860555492,0.21247754205914895,0.4385749033430355
/root/New_CheckLiuliang_remote/datasets/toniot/test/abnormal/test_00022417_orig83995_83996_83997.png,1,0.5146584085439527,0.6245520384587275,0.24203175902392973
/root/New_CheckLiuliang_remote/datasets/toniot/test/abnormal/test_00022420_orig84004_84005_84006.png,1,0.7151198720564698,0.7962795623783289,0.41990995712066004
/root/New_CheckLiuliang_remote/datasets/toniot/test/abnormal/test_00022424_orig84016_84017_84018.png,1,0.601419993787756,0.6432490901688376,0.5415319662932155
/root/New_CheckLiuliang_remote/datasets/toniot/test/abnormal/test_00022428_orig84028_84029_84030.png,1,0.6080795508843031,0.7155675631561317,0.2809873219406042
/root/New_CheckLiuliang_remote/datasets/toniot/test/abnormal/test_00022432_orig84040_84041_84042.png,1,0.2001986578066539,0.23334832169493833,0.45027112006377257
/root/New_CheckLiuliang_remote/datasets/toniot/test/abnormal/test_00022435_orig84049_84050_84051.png,1,0.399693879135558,0.5021387609134145,0.23572930004143977
/root/New_CheckLiuliang_remote/datasets/toniot/test/abnormal/test_00022439_orig84061_84062_84063.png,1,0.195770092978991,0.2276301327211329,0.4540391016343868
/root/New_CheckLiuliang_remote/datasets/toniot/test/abnormal/test_00022443_orig84073_84074_84075.png,1,0.5243450511966231,0.6456944192779633,0.1992502932879772
/root/New_CheckLiuliang_remote/datasets/toniot/test/abnormal/test_00022447_orig84085_84086_84087.png,1,0.4636006574293899,0.600505361892832,0.11795595349755206
/root/New_CheckLiuliang_remote/datasets/toniot/test/abnormal/test_00022450_orig84094_84095_84096.png,1,0.1622709176300546,0.19651946363620976,0.4339667465796692
/root/New_CheckLiuliang_remote/datasets/toniot/test/abnormal/test_00022454_orig84106_84107_84108.png,1,0.1346927719713507,0.15902078719994794,0.46498967035833594
/root/New_CheckLiuliang_remote/datasets/toniot/test/abnormal/test_00022458_orig84118_84119_84120.png,1,0.17659940510240704,0.21084701650036233,0.43846945425711664
/root/New_CheckLiuliang_remote/datasets/toniot/test/abnormal/test_00022462_orig84130_84131_84132.png,1,0.1035427993297393,0.13123349317565944,0.44175824671393804
/root/New_CheckLiuliang_remote/datasets/toniot/test/abnormal/test_00022465_orig84139_84140_84141.png,1,0.22005241358903488,0.25807924955149725,0.4369962674617239
/root/New_CheckLiuliang_remote/datasets/toniot/test/abnormal/test_00022469_orig84151_84152_84153.png,1,0.35168421520569887,0.3972705261938348,0.44808913784221366
/root/New_CheckLiuliang_remote/datasets/toniot/test/abnormal/test_00022473_orig84163_84164_84165.png,1,0.5073910304194549,0.6173614299290596,0.23944281308989215
/root/New_CheckLiuliang_remote/datasets/toniot/test/abnormal/test_00022477_orig84175_84176_84177.png,1,0.23179303531234802,0.25732952531854425,0.4906440624413609
/root/New_CheckLiuliang_remote/datasets/toniot/test/abnormal/test_00022480_orig84184_84185_84186.png,1,0.2572378099349225,0.2956368385149897,0.44718325515021723
/root/New_CheckLiuliang_remote/datasets/toniot/test/abnormal/test_00022484_orig84196_84197_84198.png,1,0.2446486247512755,0.2837076421881398,0.44059045005444386
/root/New_CheckLiuliang_remote/datasets/toniot/test/abnormal/test_00022488_orig84208_84209_84210.png,1,0.20023387665655892,0.23544529276442638,0.4420351694721479
/root/New_CheckLiuliang_remote/datasets/toniot/test/abnormal/test_00022492_orig84220_84221_84222.png,1,0.4866839506764697,0.5864911344519016,0.27359390707923786
/root/New_CheckLiuliang_remote/datasets/toniot/test/abnormal/test_00022495_orig84229_84230_84231.png,1,0.4050382548534119,0.5366255507960473,0.12083771177808862
/root/New_CheckLiuliang_remote/datasets/toniot/test/abnormal/test_00022499_orig84241_84242_84243.png,1,0.4689292734650913,0.5979881306346585,0.15101246272200414
/root/New_CheckLiuliang_remote/datasets/toniot/test/abnormal/test_00022503_orig84253_84254_84255.png,1,0.21033148168513,0.23533848920726438,0.48602332788859504
/root/New_CheckLiuliang_remote/datasets/toniot/test/abnormal/test_00022507_orig84265_84266_84267.png,1,0.36544612574350777,0.4840846298790955,0.1602014362919465
/root/New_CheckLiuliang_remote/datasets/toniot/test/abnormal/test_00022510_orig84274_84275_84276.png,1,0.19852898579538913,0.22721800744712076,0.4675894324866191
/root/New_CheckLiuliang_remote/datasets/toniot/test/abnormal/test_00022514_orig84286_84287_84288.png,1,0.16513231077461746,0.19673543249995507,0.4454468860388158
/root/New_CheckLiuliang_remote/datasets/toniot/test/abnormal/test_00022518_orig84298_84299_84300.png,1,0.42865883358917495,0.5400958791540056,0.20885528516948976
/root/New_CheckLiuliang_remote/datasets/toniot/test/abnormal/test_00022522_orig84310_84311_84312.png,1,0.26093712234788735,0.29327797567634273,0.47257749486089845
/root/New_CheckLiuliang_remote/datasets/toniot/test/abnormal/test_00022525_orig84319_84320_84321.png,1,0.1844691238144504,0.20869047686213774,0.4810454827662089
/root/New_CheckLiuliang_remote/datasets/toniot/test/abnormal/test_00022529_orig84331_84332_84333.png,1,0.16544000433871256,0.19215665641361265,0.4650893766440527
/root/New_CheckLiuliang_remote/datasets/toniot/test/abnormal/test_00022533_orig84343_84344_84345.png,1,0.3570106520939015,0.4749500391591175,0.16034926935727073
/root/New_CheckLiuliang_remote/datasets/toniot/test/abnormal/test_00022537_orig84355_84356_84357.png,1,0.2036581771023513,0.2353258932103509,0.457285157792772
/root/New_CheckLiuliang_remote/datasets/toniot/test/abnormal/test_00022540_orig84364_84365_84366.png,1,0.20013159502772343,0.23443577609513336,0.4456319944575989
/root/New_CheckLiuliang_remote/datasets/toniot/test/abnormal/test_00022544_orig84376_84377_84378.png,1,0.21504615559606005,0.24436548912027328,0.4702543736356005
/root/New_CheckLiuliang_remote/datasets/toniot/test/abnormal/test_00022548_orig84388_84389_84390.png,1,0.1315754776056892,0.1572589221316783,0.458589160989574
/root/New_CheckLiuliang_remote/datasets/toniot/test/abnormal/test_00022552_orig84400_84401_84402.png,1,0.48278103638221176,0.5914624857753801,0.23687137741168543
/root/New_CheckLiuliang_remote/datasets/toniot/test/abnormal/test_00022555_orig84409_84410_84411.png,1,0.21499740440284096,0.24618442979955701,0.4627682988691334
/root/New_CheckLiuliang_remote/datasets/toniot/test/abnormal/test_00022559_orig84421_84422_84423.png,1,0.258106228088556,0.2940061817479019,0.457452227477178
/root/New_CheckLiuliang_remote/datasets/toniot/test/abnormal/test_00022563_orig84433_84434_84435.png,1,0.41016757082326744,0.5265089971500245,0.18343173251544584
/root/New_CheckLiuliang_remote/datasets/toniot/test/abnormal/test_00022567_orig84445_84446_84447.png,1,0.345746393856715,0.38964719268686915,0.45296678343223984
/root/New_CheckLiuliang_remote/datasets/toniot/test/abnormal/test_00022570_orig84454_84455_84456.png,1,0.16940476802558543,0.20327367335614696,0.43772525076835495
/root/New_CheckLiuliang_remote/datasets/toniot/test/abnormal/test_00022574_orig84466_84467_84468.png,1,0.424645543833712,0.5362411104735846,0.2069610771322894
/root/New_CheckLiuliang_remote/datasets/toniot/test/abnormal/test_00022578_orig84478_84479_84480.png,1,0.46610271163257816,0.5950800298472644,0.15045111281022835
/root/New_CheckLiuliang_remote/datasets/toniot/test/abnormal/test_00022582_orig84490_84491_84492.png,1,0.14204393001662025,0.16796079600927327,0.4609424407239085
/root/New_CheckLiuliang_remote/datasets/toniot/test/abnormal/test_00022585_orig84499_84500_84501.png,1,0.5189729611868928,0.6567792901867081,0.13173567927073906
/root/New_CheckLiuliang_remote/datasets/toniot/test/abnormal/test_00022589_orig84511_84512_84513.png,1,0.27163418301734593,0.3134995366378844,0.43783823948153294
/root/New_CheckLiuliang_remote/datasets/toniot/test/abnormal/test_00022593_orig84523_84524_84525.png,1,0.15706883253734683,0.18815860826830103,0.4449684367949876
/root/New_CheckLiuliang_remote/datasets/toniot/test/abnormal/test_00022597_orig84535_84536_84537.png,1,0.3996672650495871,0.5077917393615325,0.21300257340866477
/root/New_CheckLiuliang_remote/datasets/toniot/test/abnormal/test_00022600_orig84544_84545_84546.png,1,0.21786851972325835,0.2551523859770341,0.43928243042069076
/root/New_CheckLiuliang_remote/datasets/toniot/test/abnormal/test_00022604_orig84556_84557_84558.png,1,0.4825821396403406,0.6127237413154866,0.15096831714744474
/root/New_CheckLiuliang_remote/datasets/toniot/test/abnormal/test_00022608_orig84568_84569_84570.png,1,0.16707947146268867,0.19422069419950405,0.4639058665557848
/root/New_CheckLiuliang_remote/datasets/toniot/test/abnormal/test_00022612_orig84580_84581_84582.png,1,0.342352780562346,0.4380330091219947,0.2447835115821006
/root/New_CheckLiuliang_remote/datasets/toniot/test/abnormal/test_00022615_orig84589_84590_84591.png,1,0.2836271510690986,0.3263710709838221,0.4380896191100097
/root/New_CheckLiuliang_remote/datasets/toniot/test/abnormal/test_00022619_orig84601_84602_84603.png,1,0.4410082741739807,0.5524393000876865,0.21275693658039008
/root/New_CheckLiuliang_remote/datasets/toniot/test/abnormal/test_00022623_orig84613_84614_84615.png,1,0.4461753821626352,0.5823255333059808,0.11550284416583995
/root/New_CheckLiuliang_remote/datasets/toniot/test/abnormal/test_00022627_orig84625_84626_84627.png,1,0.2194105113194545,0.24607277153525128,0.48225302101237744
/root/New_CheckLiuliang_remote/datasets/toniot/test/abnormal/test_00022630_orig84634_84635_84636.png,1,0.22014062357139944,0.256988777360375,0.44173869300772856
/root/New_CheckLiuliang_remote/datasets/toniot/test/abnormal/test_00022634_orig84646_84647_84648.png,1,0.2551651688977387,0.2946813796657836,0.44206374254554587
/root/New_CheckLiuliang_remote/datasets/toniot/test/abnormal/test_00022638_orig84658_84659_84660.png,1,0.3781465932899308,0.48067465733968084,0.22863098760027264
/root/New_CheckLiuliang_remote/datasets/toniot/test/abnormal/test_00022642_orig84670_84671_84672.png,1,0.15559961867225722,0.18426880697146442,0.4541894713967329
/root/New_CheckLiuliang_remote/datasets/toniot/test/abnormal/test_00022645_orig84679_84680_84681.png,1,0.2983560762431415,0.41440816724439866,0.14948163653317229
/root/New_CheckLiuliang_remote/datasets/toniot/test/abnormal/test_00022649_orig84691_84692_84693.png,1,0.12434311554097283,0.1538732231279823,0.4409316358038719
/root/New_CheckLiuliang_remote/datasets/toniot/test/abnormal/test_00022653_orig84703_84704_84705.png,1,0.38213269032779246,0.5007012427656663,0.16572061960515888
/root/New_CheckLiuliang_remote/datasets/toniot/test/abnormal/test_00022657_orig84715_84716_84717.png,1,0.1833000814822552,0.2094043812288681,0.47314663102325494
/root/New_CheckLiuliang_remote/datasets/toniot/test/abnormal/test_00022660_orig84724_84725_84726.png,1,0.25400635281342726,0.2882708044866416,0.4627069248939678
/root/New_CheckLiuliang_remote/datasets/toniot/test/abnormal/test_00022664_orig84736_84737_84738.png,1,0.12570627411562546,0.15289217866004573,0.450736463039655
/root/New_CheckLiuliang_remote/datasets/toniot/test/abnormal/test_00022668_orig84748_84749_84750.png,1,0.21200503603654464,0.2506507603717866,0.43199393616669707
/root/New_CheckLiuliang_remote/datasets/toniot/test/abnormal/test_00022672_orig84760_84761_84762.png,1,0.4774794096977102,0.6207119651080388,0.09700230761918795
/root/New_CheckLiuliang_remote/datasets/toniot/test/abnormal/test_00022675_orig84769_84770_84771.png,1,0.4189621151472626,0.5221602292156539,0.23876636055075356
/root/New_CheckLiuliang_remote/datasets/toniot/test/abnormal/test_00022679_orig84781_84782_84783.png,1,0.25908532660246963,0.30007640259377816,0.43739516306839715
/root/New_CheckLiuliang_remote/datasets/toniot/test/abnormal/test_00022683_orig84793_84794_84795.png,1,0.17232270909341355,0.20635300097658338,0.43799590224781654
/root/New_CheckLiuliang_remote/datasets/toniot/test/abnormal/test_00022687_orig84805_84806_84807.png,1,0.5308363518035573,0.6643553887052482,0.1526098067438513
/root/New_CheckLiuliang_remote/datasets/toniot/test/abnormal/test_00022690_orig84814_84815_84816.png,1,0.1655579875200202,0.199441341295228,0.43645961511400727
/root/New_CheckLiuliang_remote/datasets/toniot/test/abnormal/test_00022694_orig84826_84827_84828.png,1,0.1852535413799531,0.22038074287253548,0.43766838647678363
/root/New_CheckLiuliang_remote/datasets/toniot/test/abnormal/test_00022698_orig84838_84839_84840.png,1,0.43853456734001,0.5746709722233339,0.11315870711035471
/root/New_CheckLiuliang_remote/datasets/toniot/test/abnormal/test_00022702_orig84850_84851_84852.png,1,0.13314619259144436,0.16059791098015355,0.45200925077032794
/root/New_CheckLiuliang_remote/datasets/toniot/test/abnormal/test_00022705_orig84859_84860_84861.png,1,0.3735954873333319,0.5119646881723195,0.08383744901855544
/root/New_CheckLiuliang_remote/datasets/toniot/test/abnormal/test_00022709_orig84871_84872_84873.png,1,0.15296984296046076,0.17687338228365163,0.4724263499966847
/root/New_CheckLiuliang_remote/datasets/toniot/test/abnormal/test_00022713_orig84883_84884_84885.png,1,0.13662287519511232,0.1675077337452924,0.43936832580040014
/root/New_CheckLiuliang_remote/datasets/toniot/test/abnormal/test_00022717_orig84895_84896_84897.png,1,0.23356561669990977,0.2695077550010372,0.44957803806638014
/root/New_CheckLiuliang_remote/datasets/toniot/test/abnormal/test_00022720_orig84904_84905_84906.png,1,0.19393035262729433,0.22606389922992537,0.4523674182970406
/root/New_CheckLiuliang_remote/datasets/toniot/test/abnormal/test_00022724_orig84916_84917_84918.png,1,0.3305615620811688,0.433244037337159,0.2130722268810542
/root/New_CheckLiuliang_remote/datasets/toniot/test/abnormal/test_00022728_orig84928_84929_84930.png,1,0.1544364868406344,0.1840890515988453,0.44989075643811943
/root/New_CheckLiuliang_remote/datasets/toniot/test/abnormal/test_00022732_orig84940_84941_84942.png,1,0.10022501578698828,0.12390459109654582,0.4567609775387458
/root/New_CheckLiuliang_remote/datasets/toniot/test/abnormal/test_00022735_orig84949_84950_84951.png,1,0.38133111512626583,0.5001816578929863,0.16434097351244387
/root/New_CheckLiuliang_remote/datasets/toniot/test/abnormal/test_00022739_orig84961_84962_84963.png,1,0.1617170597667514,0.19545221531439674,0.4358464038408975
/root/New_CheckLiuliang_remote/datasets/toniot/test/abnormal/test_00022743_orig84973_84974_84975.png,1,0.22759470797811854,0.2610631887369745,0.4575978761645113
/root/New_CheckLiuliang_remote/datasets/toniot/test/abnormal/test_00022747_orig84985_84986_84987.png,1,0.42819035487101886,0.5396420296402177,0.20864967178311408
/root/New_CheckLiuliang_remote/datasets/toniot/test/abnormal/test_00022750_orig84994_84995_84996.png,1,0.431548089071456,0.5670670575449431,0.11343478430289064
/root/New_CheckLiuliang_remote/datasets/toniot/test/abnormal/test_00022754_orig85006_85007_85008.png,1,0.40306252644103213,0.5094397156243764,0.22105778433748838
/root/New_CheckLiuliang_remote/datasets/toniot/test/abnormal/test_00022758_orig85018_85019_85020.png,1,0.30598278700361486,0.3473725340875886,0.4505257057954296
/root/New_CheckLiuliang_remote/datasets/toniot/test/abnormal/test_00022762_orig85030_85031_85032.png,1,0.15248278513085411,0.18242270617383605,0.4481278929356018
/root/New_CheckLiuliang_remote/datasets/toniot/test/abnormal/test_00022765_orig85039_85040_85041.png,1,0.07578594531991727,0.10600134960858595,0.42294409338201816
/root/New_CheckLiuliang_remote/datasets/toniot/test/abnormal/test_00022769_orig85051_85052_85053.png,1,0.48563698017607493,0.6162941816072466,0.14986510056629648
/root/New_CheckLiuliang_remote/datasets/toniot/test/abnormal/test_00022773_orig85063_85064_85065.png,1,0.4151611799862927,0.5250431380092211,0.2108375377324874
/root/New_CheckLiuliang_remote/datasets/toniot/test/abnormal/test_00022777_orig85075_85076_85077.png,1,0.17873246221812078,0.20587317221916143,0.46756681360484165
/root/New_CheckLiuliang_remote/datasets/toniot/test/abnormal/test_00022780_orig85084_85085_85086.png,1,0.1101185358769839,0.1308171692360095,0.471791189247956
/root/New_CheckLiuliang_remote/datasets/toniot/test/abnormal/test_00022784_orig85096_85097_85098.png,1,0.351952513961275,0.46874795397055347,0.16333686427466002
/root/New_CheckLiuliang_remote/datasets/toniot/test/abnormal/test_00022788_orig85108_85109_85110.png,1,0.46104197806874087,0.6014421891632702,0.10317053305094258
/root/New_CheckLiuliang_remote/datasets/toniot/test/abnormal/test_00022792_orig85120_85121_85122.png,1,0.23340626950235094,0.2620503999950666,0.4787200362353077
/root/New_CheckLiuliang_remote/datasets/toniot/test/abnormal/test_00022795_orig85129_85130_85131.png,1,0.43366626289814636,0.547969426891325,0.19896308281406794
/root/New_CheckLiuliang_remote/datasets/toniot/test/abnormal/test_00022799_orig85141_85142_85143.png,1,0.2599671548439425,0.2870922915254264,0.49313580355480036
/root/New_CheckLiuliang_remote/datasets/toniot/test/abnormal/test_00022803_orig85153_85154_85155.png,1,0.14300392057046918,0.1638730013859533,0.4814350066866629
/root/New_CheckLiuliang_remote/datasets/toniot/test/abnormal/test_00022807_orig85165_85166_85167.png,1,0.222754407865823,0.2516752347874143,0.4742686966725511
/root/New_CheckLiuliang_remote/datasets/toniot/test/abnormal/test_00022810_orig85174_85175_85176.png,1,0.10684761024743954,0.1353698348704167,0.4394697936812709
/root/New_CheckLiuliang_remote/datasets/toniot/test/abnormal/test_00022814_orig85186_85187_85188.png,1,0.626360250053593,0.7075591332851974,0.39188375332228037
/root/New_CheckLiuliang_remote/datasets/toniot/test/abnormal/test_00022816_orig85192_85193_85194.png,1,0.43798063712654817,0.5249306924951083,0.3097301778795369
/root/New_CheckLiuliang_remote/datasets/toniot/test/abnormal/test_00022823_orig85213_85214_85215.png,1,0.3435900590702171,0.38646355446699315,0.4563989345026943
/root/New_CheckLiuliang_remote/datasets/toniot/test/abnormal/test_00022829_orig85231_85232_85233.png,1,0.11774256969618008,0.1436472417587738,0.45336088750009423
/root/New_CheckLiuliang_remote/datasets/toniot/test/abnormal/test_00022836_orig85252_85253_85254.png,1,0.43370542620333813,0.501308605991837,0.38577531643005275
/root/New_CheckLiuliang_remote/datasets/toniot/test/abnormal/test_00022843_orig85273_85274_85275.png,1,0.11633115012341474,0.14581060422865985,0.4386185909028549
/root/New_CheckLiuliang_remote/datasets/toniot/test/abnormal/test_00022849_orig85291_85292_85293.png,1,0.2871609844077114,0.34275898780143305,0.3877828654994619
/root/New_CheckLiuliang_remote/datasets/toniot/test/abnormal/test_00022856_orig85312_85313_85314.png,1,0.6990466773017693,0.6742299942438919,0.838768664717215
/root/New_CheckLiuliang_remote/datasets/toniot/test/abnormal/test_00022862_orig85330_85331_85332.png,1,0.6488717059155549,0.6514927765237909,0.7132633247233608
/root/New_CheckLiuliang_remote/datasets/toniot/test/abnormal/test_00022869_orig85351_85352_85353.png,1,0.23693332020310032,0.25714727698820267,0.5135481817061444
/root/New_CheckLiuliang_remote/datasets/toniot/test/abnormal/test_00022876_orig85372_85373_85374.png,1,0.39002155944393024,0.4610834210570167,0.3582243910042241
/root/New_CheckLiuliang_remote/datasets/toniot/test/abnormal/test_00022882_orig85390_85391_85392.png,1,0.7494911064350732,0.7415936481536565,0.7869306973669015
/root/New_CheckLiuliang_remote/datasets/toniot/test/abnormal/test_00022889_orig85411_85412_85413.png,1,0.7988772037142261,0.8626645335695783,0.5156981733597066
/root/New_CheckLiuliang_remote/datasets/toniot/test/abnormal/test_00022896_orig85432_85433_85434.png,1,0.5922557268323703,0.6553585667015113,0.45355952496966007
/root/New_CheckLiuliang_remote/datasets/toniot/test/abnormal/test_00022902_orig85450_85451_85452.png,1,0.3883924874747147,0.47290292724407856,0.3039185697707594
/root/New_CheckLiuliang_remote/datasets/toniot/test/abnormal/test_00022909_orig85471_85472_85473.png,1,0.14439034839290166,0.18644187885563793,0.3971405294213519
/root/New_CheckLiuliang_remote/datasets/toniot/test/abnormal/test_00022915_orig85489_85490_85491.png,1,0.32430879899640136,0.36966784224930915,0.44040266401102673
/root/New_CheckLiuliang_remote/datasets/toniot/test/abnormal/test_00022922_orig85510_85511_85512.png,1,0.6910781195736,0.6687681862905956,0.8262396362714697
/root/New_CheckLiuliang_remote/datasets/toniot/test/abnormal/test_00022929_orig85531_85532_85533.png,1,0.24487205918497196,0.2900564182574252,0.41615923918255504
/root/New_CheckLiuliang_remote/datasets/toniot/test/abnormal/test_00022935_orig85549_85550_85551.png,1,0.12331187681138728,0.15808658409553328,0.419629440708336
/root/New_CheckLiuliang_remote/datasets/toniot/test/abnormal/test_00022942_orig85570_85571_85572.png,1,0.5185353464922592,0.5639226506071205,0.5012743731663115
/root/New_CheckLiuliang_remote/datasets/toniot/test/abnormal/test_00022949_orig85591_85592_85593.png,1,0.24582511746524022,0.2941439504641428,0.4039205920819962
/root/New_CheckLiuliang_remote/datasets/toniot/test/abnormal/test_00022955_orig85609_85610_85611.png,1,0.3182022823637093,0.36188469703150405,0.44519180706051564
/root/New_CheckLiuliang_remote/datasets/toniot/test/abnormal/test_00022962_orig85630_85631_85632.png,1,0.734066049585146,0.7203662443552549,0.8052968065873511
/root/New_CheckLiuliang_remote/datasets/toniot/test/abnormal/test_00022968_orig85648_85649_85650.png,1,0.8312181538451358,0.8059295393053492,0.882156612432789
/root/New_CheckLiuliang_remote/datasets/toniot/test/abnormal/test_00022975_orig85669_85670_85671.png,1,0.4921659089066176,0.5693410286127254,0.3658434309729156
/root/New_CheckLiuliang_remote/datasets/toniot/test/abnormal/test_00022982_orig85690_85691_85692.png,1,0.11784681324775174,0.15004469610779758,0.42822077550633003
/root/New_CheckLiuliang_remote/datasets/toniot/test/abnormal/test_00022988_orig85708_85709_85710.png,1,0.21231752970340886,0.25262846309550036,0.42543121911615417
/root/New_CheckLiuliang_remote/datasets/toniot/test/abnormal/test_00022995_orig85729_85730_85731.png,1,0.37934383576221864,0.42470513230454654,0.4576739770751644
/root/New_CheckLiuliang_remote/datasets/toniot/test/abnormal/test_00023002_orig85750_85751_85752.png,1,0.8861448593784899,0.8487950288848515,0.9476477877923288
/root/New_CheckLiuliang_remote/datasets/toniot/test/abnormal/test_00023008_orig85768_85769_85770.png,1,0.8480298779983335,0.8195290173062437,0.9002842721331924
/root/New_CheckLiuliang_remote/datasets/toniot/test/abnormal/test_00023015_orig85789_85790_85791.png,1,0.32999298942952426,0.3905163164738976,0.3815302948917334
/root/New_CheckLiuliang_remote/datasets/toniot/test/abnormal/test_00023021_orig85807_85808_85809.png,1,0.6037731470290666,0.7356795651861866,0.1819615404318149
/root/New_CheckLiuliang_remote/datasets/toniot/test/abnormal/test_00023028_orig85828_85829_85830.png,1,0.7098338274847544,0.7292321204744124,0.6652957933178186
/root/New_CheckLiuliang_remote/datasets/toniot/test/abnormal/test_00023035_orig85849_85850_85851.png,1,0.13101501173897087,0.15414128168729677,0.4686418798954289
/root/New_CheckLiuliang_remote/datasets/toniot/test/abnormal/test_00023041_orig85867_85868_85869.png,1,0.12574368309176112,0.15981538467190512,0.4232050208562297
/root/New_CheckLiuliang_remote/datasets/toniot/test/abnormal/test_00023048_orig85888_85889_85890.png,1,0.3163386611295604,0.3740675190045384,0.38842088003234004
/root/New_CheckLiuliang_remote/datasets/toniot/test/abnormal/test_00023055_orig85909_85910_85911.png,1,0.24700181500303964,0.2936667458727445,0.41090566918666377
/root/New_CheckLiuliang_remote/datasets/toniot/test/abnormal/test_00023061_orig85927_85928_85929.png,1,0.2617102319463896,0.3024822380042483,0.4390956308705599
/root/New_CheckLiuliang_remote/datasets/toniot/test/abnormal/test_00023068_orig85948_85949_85950.png,1,0.1967425367780135,0.23595359372320482,0.4249403682424417
/root/New_CheckLiuliang_remote/datasets/toniot/test/abnormal/test_00023075_orig85969_85970_85971.png,1,0.23738116202534806,0.2864912262977124,0.3981043685939152
/root/New_CheckLiuliang_remote/datasets/toniot/test/abnormal/test_00023081_orig85987_85988_85989.png,1,0.2700457611247898,0.3045721238254725,0.46669545817786373
/root/New_CheckLiuliang_remote/datasets/toniot/test/abnormal/test_00023088_orig86008_86009_86010.png,1,0.7297661245993169,0.7672262394559369,0.599307002559175
/root/New_CheckLiuliang_remote/datasets/toniot/test/abnormal/test_00023094_orig86026_86027_86028.png,1,0.7065538261066989,0.6700204383170751,0.887992636250401
/root/New_CheckLiuliang_remote/datasets/toniot/test/abnormal/test_00023101_orig86047_86048_86049.png,1,0.3491754479807378,0.4536107146798078,0.2119055928743617
/root/New_CheckLiuliang_remote/datasets/toniot/test/abnormal/test_00023108_orig86068_86069_86070.png,1,0.1743074601496265,0.20953112844780974,0.43384558406497664
/root/New_CheckLiuliang_remote/datasets/toniot/test/abnormal/test_00023114_orig86086_86087_86088.png,1,0.12497491645513809,0.16493985608286277,0.3993906853753709
/root/New_CheckLiuliang_remote/datasets/toniot/test/abnormal/test_00023121_orig86107_86108_86109.png,1,0.42086875783000355,0.48211335636213964,0.40717908510216866
/root/New_CheckLiuliang_remote/datasets/toniot/test/abnormal/test_00023128_orig86128_86129_86130.png,1,0.6364060545323291,0.7425128935117364,0.295406189667568
/root/New_CheckLiuliang_remote/datasets/toniot/test/abnormal/test_00023134_orig86146_86147_86148.png,1,0.36315200981348256,0.43266396543763413,0.35598730608624785
/root/New_CheckLiuliang_remote/datasets/toniot/test/abnormal/test_00023141_orig86167_86168_86169.png,1,0.17261541090871002,0.2095993567644243,0.42627319113596324
/root/New_CheckLiuliang_remote/datasets/toniot/test/abnormal/test_00023147_orig86185_86186_86187.png,1,0.22576684804751815,0.2516895364922432,0.4872071198320876
/root/New_CheckLiuliang_remote/datasets/toniot/test/abnormal/test_00023154_orig86206_86207_86208.png,1,0.16743661777749955,0.20993905505618404,0.4025731479486964
/root/New_CheckLiuliang_remote/datasets/toniot/test/abnormal/test_00023161_orig86227_86228_86229.png,1,0.3248328458499613,0.3667585605872044,0.45430052235524143
/root/New_CheckLiuliang_remote/datasets/toniot/test/abnormal/test_00023167_orig86245_86246_86247.png,1,0.7455276731315269,0.7174506646946933,0.8664044285656606
/root/New_CheckLiuliang_remote/datasets/toniot/test/abnormal/test_00023174_orig86266_86267_86268.png,1,0.4516506305638685,0.5376130244707418,0.3179730339241653
/root/New_CheckLiuliang_remote/datasets/toniot/test/abnormal/test_00023181_orig86287_86288_86289.png,1,0.160122189590705,0.2025012500870895,0.4007700143809582
/root/New_CheckLiuliang_remote/datasets/toniot/test/abnormal/test_00023187_orig86305_86306_86307.png,1,0.2824906710024486,0.3287765127693887,0.42356509090570865
/root/New_CheckLiuliang_remote/datasets/toniot/test/abnormal/test_00023194_orig86326_86327_86328.png,1,0.812525248711536,0.7812088456962825,0.900398423499172
/root/New_CheckLiuliang_remote/datasets/toniot/test/abnormal/test_00023200_orig86344_86345_86346.png,1,0.1017246828529638,0.11410018199903457,0.5024481592493294
/root/New_CheckLiuliang_remote/datasets/toniot/test/abnormal/test_00023207_orig86365_86366_86367.png,1,0.25655051124511336,0.3062758636163186,0.4016621566307534
/root/New_CheckLiuliang_remote/datasets/toniot/test/abnormal/test_00023214_orig86386_86387_86388.png,1,0.3836658337462009,0.43000437317267837,0.45512205987126403
/root/New_CheckLiuliang_remote/datasets/toniot/test/abnormal/test_00023220_orig86404_86405_86406.png,1,0.4507751947383748,0.5137586992743788,0.4096137153007152
/root/New_CheckLiuliang_remote/datasets/toniot/test/abnormal/test_00023227_orig86425_86426_86427.png,1,0.2063728213416946,0.24409624968624816,0.4339146738269168
/root/New_CheckLiuliang_remote/datasets/toniot/test/abnormal/test_00023234_orig86446_86447_86448.png,1,0.3754835478520597,0.4362156429423252,0.3949786998483548
/root/New_CheckLiuliang_remote/datasets/toniot/test/abnormal/test_00023240_orig86464_86465_86466.png,1,0.1398801689147313,0.18265927474086688,0.3928140869550144
/root/New_CheckLiuliang_remote/datasets/toniot/test/abnormal/test_00023247_orig86485_86486_86487.png,1,0.2834023906416364,0.32014195688521463,0.46203646177835284
/root/New_CheckLiuliang_remote/datasets/toniot/test/abnormal/test_00023253_orig86503_86504_86505.png,1,0.7879456478258499,0.7558811824859486,0.895672979730452
/root/New_CheckLiuliang_remote/datasets/toniot/test/abnormal/test_00023260_orig86524_86525_86526.png,1,0.1449312715461469,0.18223730884426612,0.4162923453123918
/root/New_CheckLiuliang_remote/datasets/toniot/test/abnormal/test_00023267_orig86545_86546_86547.png,1,0.17557081794074733,0.22144195561249413,0.3916523854147531
/root/New_CheckLiuliang_remote/datasets/toniot/test/abnormal/test_00023273_orig86563_86564_86565.png,1,0.43406058257892444,0.48116800055212455,0.467869878435137
/root/New_CheckLiuliang_remote/datasets/toniot/test/abnormal/test_00023280_orig86584_86585_86586.png,1,0.8442638736460387,0.8078449180860016,0.9307741724501597
/root/New_CheckLiuliang_remote/datasets/toniot/test/abnormal/test_00023287_orig86605_86606_86607.png,1,0.35957234546394773,0.4069361169086957,0.44345607212336974
/root/New_CheckLiuliang_remote/datasets/toniot/test/abnormal/test_00023293_orig86623_86624_86625.png,1,0.2547517968815273,0.29074709875484633,0.4560175843837549
/root/New_CheckLiuliang_remote/datasets/toniot/test/abnormal/test_00023300_orig86644_86645_86646.png,1,0.3882752947468903,0.42953044878880964,0.4769029156020466
/root/New_CheckLiuliang_remote/datasets/toniot/test/abnormal/test_00023307_orig86665_86666_86667.png,1,0.8033439446992492,0.795055782553206,0.805402643224204
/root/New_CheckLiuliang_remote/datasets/toniot/test/abnormal/test_00023313_orig86683_86684_86685.png,1,0.8488844435384689,0.8346402773533553,0.8435258171987071
/root/New_CheckLiuliang_remote/datasets/toniot/test/abnormal/test_00023320_orig86704_86705_86706.png,1,0.30849271806221806,0.37010765247487065,0.3704130440343122
/root/New_CheckLiuliang_remote/datasets/toniot/test/abnormal/test_00023326_orig86722_86723_86724.png,1,0.4402590686566029,0.566004139097069,0.15526551713422573
/root/New_CheckLiuliang_remote/datasets/toniot/test/abnormal/test_00023333_orig86743_86744_86745.png,1,0.18817327537329168,0.2303160978546262,0.4105226631682796
/root/New_CheckLiuliang_remote/datasets/toniot/test/abnormal/test_00023340_orig86764_86765_86766.png,1,0.8047638758591273,0.7832684223999337,0.85867764943735
/root/New_CheckLiuliang_remote/datasets/toniot/test/abnormal/test_00023346_orig86782_86783_86784.png,1,0.6933525814438387,0.7028429821075176,0.6997524536025783
/root/New_CheckLiuliang_remote/datasets/toniot/test/abnormal/test_00023353_orig86803_86804_86805.png,1,0.1950694160588031,0.2544098782006461,0.34389740808049335
/root/New_CheckLiuliang_remote/datasets/toniot/test/abnormal/test_00023360_orig86824_86825_86826.png,1,0.8944853038656925,0.8591062956498281,0.9423832959064827
/root/New_CheckLiuliang_remote/datasets/toniot/test/abnormal/test_00023366_orig86842_86843_86844.png,1,0.541689897545036,0.621267632263544,0.37178289565797096
/root/New_CheckLiuliang_remote/datasets/toniot/test/abnormal/test_00023373_orig86863_86864_86865.png,1,0.4677780252274836,0.5501968190121878,0.33721123844155765
/root/New_CheckLiuliang_remote/datasets/toniot/test/abnormal/test_00023379_orig86881_86882_86883.png,1,0.8180063377784027,0.7867775884150418,0.9017688036013769
/root/New_CheckLiuliang_remote/datasets/toniot/test/abnormal/test_00023386_orig86902_86903_86904.png,1,0.8089105961754665,0.7776935128910187,0.8988661880342169
/root/New_CheckLiuliang_remote/datasets/toniot/test/abnormal/test_00023393_orig86923_86924_86925.png,1,0.5167597663097374,0.5899137029882296,0.3896503325222245
/root/New_CheckLiuliang_remote/datasets/toniot/test/abnormal/test_00023399_orig86941_86942_86943.png,1,0.38815489398763636,0.4758642986017525,0.2910481089522645
/root/New_CheckLiuliang_remote/datasets/toniot/test/abnormal/test_00023406_orig86962_86963_86964.png,1,0.7835066913889542,0.7568502869984776,0.8726469580810112
/root/New_CheckLiuliang_remote/datasets/toniot/test/abnormal/test_00023413_orig86983_86984_86985.png,1,0.6362460742885924,0.7405699609878358,0.30248776695477203
/root/New_CheckLiuliang_remote/datasets/toniot/test/abnormal/test_00023419_orig87001_87002_87003.png,1,0.7963623967322025,0.7621381127444066,0.9069550101985789
/root/New_CheckLiuliang_remote/datasets/toniot/test/abnormal/test_00023426_orig87022_87023_87024.png,1,0.5139968055701161,0.6020953440865534,0.32900438940187715
/root/New_CheckLiuliang_remote/datasets/toniot/test/abnormal/test_00023432_orig87040_87041_87042.png,1,0.8772132894970124,0.8429546849826457,0.9324784805297581
/root/New_CheckLiuliang_remote/datasets/toniot/test/abnormal/test_00023439_orig87061_87062_87063.png,1,0.2949730867154812,0.3676258474580163,0.3220167403682847
/root/New_CheckLiuliang_remote/datasets/toniot/test/abnormal/test_00023446_orig87082_87083_87084.png,1,0.5296340126578292,0.668151507275041,0.13223845614364413
/root/New_CheckLiuliang_remote/datasets/toniot/test/abnormal/test_00023452_orig87100_87101_87102.png,1,0.7097145175866865,0.6887258873584606,0.826806024345386
/root/New_CheckLiuliang_remote/datasets/toniot/test/abnormal/test_00023459_orig87121_87122_87123.png,1,0.26929818392372634,0.31042506372459167,0.4400586597093523
/root/New_CheckLiuliang_remote/datasets/toniot/test/abnormal/test_00023466_orig87142_87143_87144.png,1,0.7748851441171607,0.7468519520318195,0.8754470488102081
/root/New_CheckLiuliang_remote/datasets/toniot/test/abnormal/test_00023472_orig87160_87161_87162.png,1,0.8801578108176229,0.8541428168244206,0.9004285820082086
/root/New_CheckLiuliang_remote/datasets/toniot/test/abnormal/test_00023479_orig87181_87182_87183.png,1,0.42260665756788485,0.5387855018501027,0.18798778129415658
/root/New_CheckLiuliang_remote/datasets/toniot/test/abnormal/test_00023485_orig87199_87200_87201.png,1,0.34086746398307016,0.3810214277588743,0.46642219953757424
/root/New_CheckLiuliang_remote/datasets/toniot/test/abnormal/test_00023492_orig87220_87221_87222.png,1,0.05561702075594388,0.061738885246400664,0.5129854577501485
/root/New_CheckLiuliang_remote/datasets/toniot/test/abnormal/test_00023499_orig87241_87242_87243.png,1,0.6848765285111977,0.6594499039489631,0.8367591778931365
/root/New_CheckLiuliang_remote/datasets/toniot/test/abnormal/test_00023505_orig87259_87260_87261.png,1,0.4588679732484685,0.5351236093724189,0.35906622209642086
/root/New_CheckLiuliang_remote/datasets/toniot/test/abnormal/test_00023512_orig87280_87281_87282.png,1,0.6829769283052749,0.6659546866883537,0.8025451949567927
/root/New_CheckLiuliang_remote/datasets/toniot/test/abnormal/test_00023519_orig87301_87302_87303.png,1,0.02102318767207095,0.024429542388744216,0.5129854577501485
/root/New_CheckLiuliang_remote/datasets/toniot/test/abnormal/test_00023525_orig87319_87320_87321.png,1,0.2608572044676918,0.304343034131609,0.4279724962853243
/root/New_CheckLiuliang_remote/datasets/toniot/test/abnormal/test_00023532_orig87340_87341_87342.png,1,0.8612253874294126,0.839535265445546,0.877184545342508
/root/New_CheckLiuliang_remote/datasets/toniot/test/abnormal/test_00023539_orig87361_87362_87363.png,1,0.14392112706580046,0.15851799698981917,0.5068118418372225
/root/New_CheckLiuliang_remote/datasets/toniot/test/abnormal/test_00023545_orig87379_87380_87381.png,1,0.5089742311212354,0.6435159678534413,0.1416545697927441
/root/New_CheckLiuliang_remote/datasets/toniot/test/abnormal/test_00023552_orig87400_87401_87402.png,1,0.6329718894540944,0.7157810390621545,0.38751866145826397
/root/New_CheckLiuliang_remote/datasets/toniot/test/abnormal/test_00023558_orig87418_87419_87420.png,1,0.3837370440290041,0.4420548059698203,0.40722752896890385
/root/New_CheckLiuliang_remote/datasets/toniot/test/abnormal/test_00023565_orig87439_87440_87441.png,1,0.46620168388127875,0.5595629923837517,0.2929462277307068
/root/New_CheckLiuliang_remote/datasets/toniot/test/abnormal/test_00023572_orig87460_87461_87462.png,1,0.7942801640615407,0.7665093172982794,0.8804874657924645
/root/New_CheckLiuliang_remote/datasets/toniot/test/abnormal/test_00023578_orig87478_87479_87480.png,1,0.8535873877744624,0.8347869682340766,0.8632274974011187
/root/New_CheckLiuliang_remote/datasets/toniot/test/abnormal/test_00023585_orig87499_87500_87501.png,1,0.9858736983828591,0.9620317290538084,0.9249299748310331
/root/New_CheckLiuliang_remote/datasets/toniot/test/abnormal/test_00023592_orig87520_87521_87522.png,1,0.07730857720490313,0.0877145862562716,0.5026597620592287
/root/New_CheckLiuliang_remote/datasets/toniot/test/abnormal/test_00023598_orig87538_87539_87540.png,1,0.41912792893076145,0.46523301479019336,0.46719053687994583
/root/New_CheckLiuliang_remote/datasets/toniot/test/abnormal/test_00023605_orig87559_87560_87561.png,1,0.7349571061143533,0.8013356742643708,0.48526309388393185
/root/New_CheckLiuliang_remote/datasets/toniot/test/abnormal/test_00023611_orig87577_87578_87579.png,1,0.7134832325204358,0.6818512284180386,0.8705628500862089
/root/New_CheckLiuliang_remote/datasets/toniot/test/abnormal/test_00023618_orig87598_87599_87600.png,1,0.3442945992912242,0.4304281759854957,0.28357982629685285
/root/New_CheckLiuliang_remote/datasets/toniot/test/abnormal/test_00023625_orig87619_87620_87621.png,1,0.9177614925012709,0.8925498483297643,0.909022277343709
/root/New_CheckLiuliang_remote/datasets/toniot/test/abnormal/test_00023631_orig87637_87638_87639.png,1,0.8554335618086346,0.82732449610436,0.9010417580494153
/root/New_CheckLiuliang_remote/datasets/toniot/test/abnormal/test_00023638_orig87658_87659_87660.png,1,0.4430332542416414,0.5202193960245721,0.3503722919966575
/root/New_CheckLiuliang_remote/datasets/toniot/test/abnormal/test_00023645_orig87679_87680_87681.png,1,0.45886658284679205,0.5368587079472474,0.35211982962133526
/root/New_CheckLiuliang_remote/datasets/toniot/test/abnormal/test_00023651_orig87697_87698_87699.png,1,0.7150608998048437,0.6868637791480882,0.8573186844717431
/root/New_CheckLiuliang_remote/datasets/toniot/test/abnormal/test_00023658_orig87718_87719_87720.png,1,0.6660250502241059,0.7627323551404591,0.3423043271189189
/root/New_CheckLiuliang_remote/datasets/toniot/test/abnormal/test_00023664_orig87736_87737_87738.png,1,0.8665471502417014,0.8404484752217716,0.8964897257076557
/root/New_CheckLiuliang_remote/datasets/toniot/test/abnormal/test_00023671_orig87757_87758_87759.png,1,0.5747604583710912,0.6992414454483775,0.20255363652077066
/root/New_CheckLiuliang_remote/datasets/toniot/test/abnormal/test_00023678_orig87778_87779_87780.png,1,1.0,0.9772390335773852,0.9250414485723786
/root/New_CheckLiuliang_remote/datasets/toniot/test/abnormal/test_00023684_orig87796_87797_87798.png,1,0.6276623805291687,0.7539899460327136,0.21177787722569621
/root/New_CheckLiuliang_remote/datasets/toniot/test/abnormal/test_00023691_orig87817_87818_87819.png,1,0.11018354766572505,0.12320288910182538,0.5025287698435766
/root/New_CheckLiuliang_remote/datasets/toniot/test/abnormal/test_00023698_orig87838_87839_87840.png,1,0.644925123300574,0.6294126499760085,0.7845583219410974
/root/New_CheckLiuliang_remote/datasets/toniot/test/abnormal/test_00023704_orig87856_87857_87858.png,1,0.18065630472360794,0.22214077102458857,0.410795851344763
/root/New_CheckLiuliang_remote/datasets/toniot/test/abnormal/test_00023711_orig87877_87878_87879.png,1,0.37332165759738295,0.41810404267208856,0.45809873289869846
/root/New_CheckLiuliang_remote/datasets/toniot/test/abnormal/test_00023718_orig87898_87899_87900.png,1,0.7861941472258636,0.7532946732447511,0.898463064599174
/root/New_CheckLiuliang_remote/datasets/toniot/test/abnormal/test_00023724_orig87916_87917_87918.png,1,0.7956245691716036,0.7660193855016664,0.8882469401268335
/root/New_CheckLiuliang_remote/datasets/toniot/test/abnormal/test_00023731_orig87937_87938_87939.png,1,0.46429708873708647,0.578019276861193,0.21090468973975815
/root/New_CheckLiuliang_remote/datasets/toniot/test/abnormal/test_00023737_orig87955_87956_87957.png,1,0.6245228711373314,0.7237514185257462,0.31918818226139917
/root/New_CheckLiuliang_remote/datasets/toniot/test/abnormal/test_00023744_orig87976_87977_87978.png,1,0.640385025893174,0.7665625878685592,0.21637264586589203
/root/New_CheckLiuliang_remote/datasets/toniot/test/abnormal/test_00023751_orig87997_87998_87999.png,1,0.004288625356594562,0.008070491397393338,0.5062289652326648
/root/New_CheckLiuliang_remote/datasets/toniot/test/abnormal/test_00023757_orig88015_88016_88017.png,1,0.7288779936464576,0.6991456633885147,0.8677979207962861
/root/New_CheckLiuliang_remote/datasets/toniot/test/abnormal/test_00023764_orig88036_88037_88038.png,1,0.777349571952744,0.7438819209262676,0.8979586846746789
/root/New_CheckLiuliang_remote/datasets/toniot/test/abnormal/test_00023771_orig88057_88058_88059.png,1,0.7185025245322987,0.6879183002646865,0.8679477268481829
/root/New_CheckLiuliang_remote/datasets/toniot/test/abnormal/test_00023777_orig88075_88076_88077.png,1,0.5054844502279989,0.6229907908829649,0.2087004057235495
/root/New_CheckLiuliang_remote/datasets/toniot/test/abnormal/test_00023784_orig88096_88097_88098.png,1,0.03779094306189197,0.044177835007923015,0.5063281782717385
/root/New_CheckLiuliang_remote/datasets/toniot/test/abnormal/test_00023790_orig88114_88115_88116.png,1,0.7161644355790641,0.6862703240018427,0.8644531448454704
/root/New_CheckLiuliang_remote/datasets/toniot/test/abnormal/test_00023797_orig88135_88136_88137.png,1,0.7304713473118819,0.7005279428414654,0.8691425111454364
/root/New_CheckLiuliang_remote/datasets/toniot/test/abnormal/test_00023804_orig88156_88157_88158.png,1,0.7002179436193541,0.669375287100164,0.8632403218138398
/root/New_CheckLiuliang_remote/datasets/toniot/test/abnormal/test_00023810_orig88174_88175_88176.png,1,0.7598899134706119,0.7410013738821217,0.8341601204029149
/root/New_CheckLiuliang_remote/datasets/toniot/test/abnormal/test_00023817_orig88195_88196_88197.png,1,0.8516106908833699,0.8220495287719467,0.9056498091170723
/root/New_CheckLiuliang_remote/datasets/toniot/test/abnormal/test_00023824_orig88216_88217_88218.png,1,0.25615224581240686,0.3042060526651752,0.4082232882456577
/root/New_CheckLiuliang_remote/datasets/toniot/test/abnormal/test_00023830_orig88234_88235_88236.png,1,0.4206129738435577,0.5423953046322172,0.1649478430429992
/root/New_CheckLiuliang_remote/datasets/toniot/test/abnormal/test_00023837_orig88255_88256_88257.png,1,0.10040750848070112,0.11262671277676259,0.5026597620592287
/root/New_CheckLiuliang_remote/datasets/toniot/test/abnormal/test_00023843_orig88273_88274_88275.png,1,0.498520719799577,0.5764311315836881,0.3648975953028263
/root/New_CheckLiuliang_remote/datasets/toniot/test/abnormal/test_00023850_orig88294_88295_88296.png,1,0.641821017180859,0.7682103017148006,0.2159766392752713
/root/New_CheckLiuliang_remote/datasets/toniot/test/abnormal/test_00023857_orig88315_88316_88317.png,1,0.7476494488844071,0.72649629618647,0.8393752171606426
/root/New_CheckLiuliang_remote/datasets/toniot/test/abnormal/test_00023863_orig88333_88334_88335.png,1,0.7754738016460249,0.7426678505154322,0.8947229162319931
/root/New_CheckLiuliang_remote/datasets/toniot/test/abnormal/test_00023870_orig88354_88355_88356.png,1,0.9789452437863937,0.9357919057336584,1.0
/root/New_CheckLiuliang_remote/datasets/toniot/test/abnormal/test_00023877_orig88375_88376_88377.png,1,0.5604215332632592,0.6919469199441735,0.16987379157214827
/root/New_CheckLiuliang_remote/datasets/toniot/test/abnormal/test_00023883_orig88393_88394_88395.png,1,0.720159654734372,0.6947596322966084,0.8477312380779644
/root/New_CheckLiuliang_remote/datasets/toniot/test/abnormal/test_00023890_orig88414_88415_88416.png,1,0.4858799433017771,0.6079972246820134,0.18410106821016226
/root/New_CheckLiuliang_remote/datasets/toniot/test/abnormal/test_00023896_orig88432_88433_88434.png,1,0.7300900769295325,0.6986864343343783,0.8748637494228133
/root/New_CheckLiuliang_remote/datasets/toniot/test/abnormal/test_00023903_orig88453_88454_88455.png,1,0.8317637911977582,0.7996196008932136,0.9097502389251507
/root/New_CheckLiuliang_remote/datasets/toniot/test/abnormal/test_00023910_orig88474_88475_88476.png,1,0.6979232662464548,0.6747075924601937,0.8320118903445067
/root/New_CheckLiuliang_remote/datasets/toniot/test/abnormal/test_00023916_orig88492_88493_88494.png,1,0.7379213542342822,0.8052328232260736,0.4824622280528673
/root/New_CheckLiuliang_remote/datasets/toniot/test/abnormal/test_00023923_orig88513_88514_88515.png,1,0.7482528035917817,0.7178578040532606,0.8765320504974639
/root/New_CheckLiuliang_remote/datasets/toniot/test/abnormal/test_00023930_orig88534_88535_88536.png,1,0.9014731372418862,0.8768552361755981,0.9015329612421585
/root/New_CheckLiuliang_remote/datasets/toniot/test/abnormal/test_00023936_orig88552_88553_88554.png,1,0.06591781505865503,0.07542968422491779,0.5026597620592287
/root/New_CheckLiuliang_remote/datasets/toniot/test/abnormal/test_00023943_orig88573_88574_88575.png,1,0.863576300588086,0.8436595359765945,0.8708292737373009
/root/New_CheckLiuliang_remote/datasets/toniot/test/abnormal/test_00023950_orig88594_88595_88596.png,1,0.8469084598107911,0.8155478950317846,0.9113709769306431
/root/New_CheckLiuliang_remote/datasets/toniot/test/abnormal/test_00023956_orig88612_88613_88614.png,1,0.6089957211696496,0.7385116963671964,0.19316313646520994
/root/New_CheckLiuliang_remote/datasets/toniot/test/abnormal/test_00023963_orig88633_88634_88635.png,1,0.8380124275060897,0.8055970574701544,0.9127969529759085
/root/New_CheckLiuliang_remote/datasets/toniot/test/abnormal/test_00023969_orig88651_88652_88653.png,1,0.38441348929955726,0.5059860507206682,0.15442072656217026
/root/New_CheckLiuliang_remote/datasets/toniot/test/abnormal/test_00023976_orig88672_88673_88674.png,1,0.7299589647465995,0.7113981569694766,0.8234512425340955
/root/New_CheckLiuliang_remote/datasets/toniot/test/abnormal/test_00023983_orig88693_88694_88695.png,1,0.4886418407944183,0.6074977146794142,0.198013900113186
/root/New_CheckLiuliang_remote/datasets/toniot/test/abnormal/test_00023989_orig88711_88712_88713.png,1,0.8136149138646326,0.7814477760127345,0.9041435043327842
/root/New_CheckLiuliang_remote/datasets/toniot/test/abnormal/test_00023996_orig88732_88733_88734.png,1,0.1951564008023681,0.2130313722984375,0.5097866828056968
/root/New_CheckLiuliang_remote/datasets/toniot/test/abnormal/test_00024003_orig88753_88754_88755.png,1,0.8187992591819448,0.7925809315763143,0.8819760841614064
/root/New_CheckLiuliang_remote/datasets/toniot/test/abnormal/test_00024009_orig88771_88772_88773.png,1,0.8423368073104631,0.8133886000192352,0.9002861041921525
/root/New_CheckLiuliang_remote/datasets/toniot/test/abnormal/test_00024016_orig88792_88793_88794.png,1,0.0010178058311208302,0.0037679087850386846,0.5093290203846859
/root/New_CheckLiuliang_remote/datasets/toniot/test/abnormal/test_00024022_orig88810_88811_88812.png,1,0.5213130682039254,0.6538555756114733,0.15352573052822557
/root/New_CheckLiuliang_remote/datasets/toniot/test/abnormal/test_00024029_orig88831_88832_88833.png,1,0.6363815743382436,0.6170777575819045,0.7970411261300017
/root/New_CheckLiuliang_remote/datasets/toniot/test/abnormal/test_00024036_orig88852_88853_88854.png,1,0.4593660029787563,0.5297347532345799,0.38277014079302646
/root/New_CheckLiuliang_remote/datasets/toniot/test/abnormal/test_00024042_orig88870_88871_88872.png,1,0.8194157175839181,0.7863119301541475,0.9097114838317626
/root/New_CheckLiuliang_remote/datasets/toniot/test/abnormal/test_00024049_orig88891_88892_88893.png,1,0.07396369886113202,0.08410714522357829,0.5026597620592287
/root/New_CheckLiuliang_remote/datasets/toniot/test/abnormal/test_00024056_orig88912_88913_88914.png,1,0.8293542183082346,0.8330602669905237,0.7655927066578362
/root/New_CheckLiuliang_remote/datasets/toniot/test/abnormal/test_00024062_orig88930_88931_88932.png,1,0.37117560645907954,0.4579346842452551,0.28951812832910656
/root/New_CheckLiuliang_remote/datasets/toniot/test/abnormal/test_00024069_orig88951_88952_88953.png,1,0.3886114858060272,0.49448328137265923,0.21854190937043902
/root/New_CheckLiuliang_remote/datasets/toniot/test/abnormal/test_00024075_orig88969_88970_88971.png,1,0.736280301197856,0.7182572021220581,0.8232852298067819
/root/New_CheckLiuliang_remote/datasets/toniot/test/abnormal/test_00024082_orig88990_88991_88992.png,1,0.932252322270398,0.9019658808557772,0.9338714090499344
/root/New_CheckLiuliang_remote/datasets/toniot/test/abnormal/test_00024089_orig89011_89012_89013.png,1,0.8762955705409997,0.8434220489514554,0.9266499963394053
/root/New_CheckLiuliang_remote/datasets/toniot/test/abnormal/test_00024095_orig89029_89030_89031.png,1,0.8406069082653982,0.8114335963316258,0.9006433556893851
/root/New_CheckLiuliang_remote/datasets/toniot/test/abnormal/test_00024102_orig89050_89051_89052.png,1,0.7774355248750774,0.7617312358024417,0.826932225022219
/root/New_CheckLiuliang_remote/datasets/toniot/test/abnormal/test_00024109_orig89071_89072_89073.png,1,0.6863023816014622,0.6726392248003633,0.7901530072226106
/root/New_CheckLiuliang_remote/datasets/toniot/test/abnormal/test_00024115_orig89089_89090_89091.png,1,0.5560721574494693,0.5567016017515783,0.6920919104520584
/root/New_CheckLiuliang_remote/datasets/toniot/test/abnormal/test_00024122_orig89110_89111_89112.png,1,0.6279068721675287,0.7178449456397448,0.3574126127253547
/root/New_CheckLiuliang_remote/datasets/toniot/test/abnormal/test_00024128_orig89128_89129_89130.png,1,0.6177526759697216,0.7366594287794125,0.23834960236921865
/root/New_CheckLiuliang_remote/datasets/toniot/test/abnormal/test_00024135_orig89149_89150_89151.png,1,0.719797446814522,0.7272953547406674,0.7160257877800681
/root/New_CheckLiuliang_remote/datasets/toniot/test/abnormal/test_00024142_orig89170_89171_89172.png,1,0.7956559754809603,0.8577174557818185,0.5215901454394098
/root/New_CheckLiuliang_remote/datasets/toniot/test/abnormal/test_00024148_orig89188_89189_89190.png,1,0.04382548607486121,0.05160317518840528,0.5026597620592287
/root/New_CheckLiuliang_remote/datasets/toniot/test/abnormal/test_00024155_orig89209_89210_89211.png,1,0.48528489714466194,0.5809923257576721,0.28955364208741136
/root/New_CheckLiuliang_remote/datasets/toniot/test/abnormal/test_00024162_orig89230_89231_89232.png,1,0.3410742278616186,0.37431524027716967,0.49413892629929795
/root/New_CheckLiuliang_remote/datasets/toniot/test/abnormal/test_00024168_orig89248_89249_89250.png,1,0.6656139203685092,0.7121383029964433,0.5429069265428209
/root/New_CheckLiuliang_remote/datasets/toniot/test/abnormal/test_00024175_orig89269_89270_89271.png,1,0.8651987164119816,0.8370025516078331,0.9044562931683297
/root/New_CheckLiuliang_remote/datasets/toniot/test/abnormal/test_00024182_orig89290_89291_89292.png,1,0.5407921464244312,0.6713082477931748,0.16774754622126212
/root/New_CheckLiuliang_remote/datasets/toniot/test/abnormal/test_00024188_orig89308_89309_89310.png,1,0.6843224275066376,0.65991805516758,0.8324961880842462
/root/New_CheckLiuliang_remote/datasets/toniot/test/abnormal/test_00024195_orig89329_89330_89331.png,1,0.7055597275019357,0.6916746627192212,0.7970872094592305
/root/New_CheckLiuliang_remote/datasets/toniot/test/abnormal/test_00024201_orig89347_89348_89349.png,1,0.3842956157081061,0.47578596724594696,0.27471255523393523
/root/New_CheckLiuliang_remote/datasets/toniot/test/abnormal/test_00024208_orig89368_89369_89370.png,1,0.466167611529646,0.5446715062411197,0.3523651845943853
/root/New_CheckLiuliang_remote/datasets/toniot/test/abnormal/test_00024215_orig89389_89390_89391.png,1,0.652672852189968,0.7811612170829534,0.21098766087151186
/root/New_CheckLiuliang_remote/datasets/toniot/test/abnormal/test_00024221_orig89407_89408_89409.png,1,0.625449997124235,0.750594406406429,0.21581584086961356
/root/New_CheckLiuliang_remote/datasets/toniot/test/abnormal/test_00024228_orig89428_89429_89430.png,1,0.8085139987828378,0.7881295587504193,0.8554110883113722
/root/New_CheckLiuliang_remote/datasets/toniot/test/abnormal/test_00024235_orig89449_89450_89451.png,1,0.671305065561153,0.8091453235590147,0.17943037481882876
/root/New_CheckLiuliang_remote/datasets/toniot/test/abnormal/test_00024241_orig89467_89468_89469.png,1,0.6763537634626371,0.7728374936642791,0.3464417151933284
/root/New_CheckLiuliang_remote/datasets/toniot/test/abnormal/test_00024248_orig89488_89489_89490.png,1,0.6341025975671475,0.7234289085214413,0.3618050445461613
/root/New_CheckLiuliang_remote/datasets/toniot/test/abnormal/test_00024254_orig89506_89507_89508.png,1,0.8644367266382005,0.8360834374580544,0.9048455352335589
/root/New_CheckLiuliang_remote/datasets/toniot/test/abnormal/test_00024261_orig89527_89528_89529.png,1,0.6859297308466636,0.7002770725696057,0.6779940053621547
/root/New_CheckLiuliang_remote/datasets/toniot/test/abnormal/test_00024268_orig89548_89549_89550.png,1,0.7539426218399502,0.8774545956953967,0.2626906900330285
/root/New_CheckLiuliang_remote/datasets/toniot/test/abnormal/test_00024274_orig89566_89567_89568.png,1,0.06449451043288948,0.07394755525476782,0.5024481592493294
/root/New_CheckLiuliang_remote/datasets/toniot/test/abnormal/test_00024281_orig89587_89588_89589.png,1,0.5234348216549978,0.5714252724769988,0.49240016141848714
/root/New_CheckLiuliang_remote/datasets/toniot/test/abnormal/test_00024288_orig89608_89609_89610.png,1,0.5257799299937558,0.608412498955254,0.35456802410256766
/root/New_CheckLiuliang_remote/datasets/toniot/test/abnormal/test_00024294_orig89626_89627_89628.png,1,0.8183087201143244,0.8784759211117962,0.5362799465010598
/root/New_CheckLiuliang_remote/datasets/toniot/test/abnormal/test_00024301_orig89647_89648_89649.png,1,0.36775507280421993,0.46393785764922746,0.25074929449875677
/root/New_CheckLiuliang_remote/datasets/toniot/test/abnormal/test_00024307_orig89665_89666_89667.png,1,0.553783666151287,0.6383219560428574,0.3557379699081497
/root/New_CheckLiuliang_remote/datasets/toniot/test/abnormal/test_00024314_orig89686_89687_89688.png,1,0.737403660414674,0.7105720695052358,0.8588719181509339
/root/New_CheckLiuliang_remote/datasets/toniot/test/abnormal/test_00024321_orig89707_89708_89709.png,1,0.6346693224099406,0.7226643577504547,0.367308091647763
/root/New_CheckLiuliang_remote/datasets/toniot/test/abnormal/test_00024327_orig89725_89726_89727.png,1,0.9347350207078707,0.9150284544882358,0.8923314451147196
/root/New_CheckLiuliang_remote/datasets/toniot/test/abnormal/test_00024334_orig89746_89747_89748.png,1,0.12495198585676419,0.1390978563318961,0.5026597620592287
/root/New_CheckLiuliang_remote/datasets/toniot/test/abnormal/test_00024341_orig89767_89768_89769.png,1,0.7471072532406343,0.8158432449177448,0.47964839688146926
/root/New_CheckLiuliang_remote/datasets/toniot/test/abnormal/test_00024347_orig89785_89786_89787.png,1,0.8353547011864276,0.8064753658382655,0.8978183207728075
/root/New_CheckLiuliang_remote/datasets/toniot/test/abnormal/test_00024354_orig89806_89807_89808.png,1,0.3706818955620252,0.4648099992271831,0.2598870056497175
/root/New_CheckLiuliang_remote/datasets/toniot/test/abnormal/test_00024360_orig89824_89825_89826.png,1,0.39698944184053164,0.4870978285157363,0.2842261203269549
/root/New_CheckLiuliang_remote/datasets/toniot/test/abnormal/test_00024367_orig89845_89846_89847.png,1,0.7760121883733699,0.8443504788906181,0.49031499646659243
/root/New_CheckLiuliang_remote/datasets/toniot/test/abnormal/test_00024374_orig89866_89867_89868.png,1,0.47007984103096684,0.5410131563875678,0.3838758940711965
/root/New_CheckLiuliang_remote/datasets/toniot/test/abnormal/test_00024380_orig89884_89885_89886.png,1,0.7626888291119447,0.7329252405277775,0.8785391415521331
/root/New_CheckLiuliang_remote/datasets/toniot/test/abnormal/test_00024387_orig89905_89906_89907.png,1,0.8786071249769942,0.8498698872881331,0.9108306604650062
/root/New_CheckLiuliang_remote/datasets/toniot/test/abnormal/test_00024394_orig89926_89927_89928.png,1,0.7662159192789872,0.7342500507448105,0.8884557243844863
/root/New_CheckLiuliang_remote/datasets/toniot/test/abnormal/test_00024400_orig89944_89945_89946.png,1,0.7973300623291396,0.7731132935133633,0.8672287846339296
/root/New_CheckLiuliang_remote/datasets/toniot/test/abnormal/test_00024407_orig89965_89966_89967.png,1,0.57963048526429,0.7150360383280441,0.16038450126035086
/root/New_CheckLiuliang_remote/datasets/toniot/test/abnormal/test_00024414_orig89986_89987_89988.png,1,0.8108609367475476,0.7757781341103663,0.9149414484525902
/root/New_CheckLiuliang_remote/datasets/toniot/test/abnormal/test_00024420_orig90004_90005_90006.png,1,0.616414374879531,0.7301932212805694,0.2584410178835026
/root/New_CheckLiuliang_remote/datasets/toniot/test/abnormal/test_00024427_orig90025_90026_90027.png,1,0.8513729725849631,0.8274663322779375,0.8829570812707697
/root/New_CheckLiuliang_remote/datasets/toniot/test/abnormal/test_00024433_orig90043_90044_90045.png,1,0.4627050282374146,0.5383597309127676,0.36267474407369443
/root/New_CheckLiuliang_remote/datasets/toniot/test/abnormal/test_00024440_orig90064_90065_90066.png,1,0.6821524645115219,0.7970689115182388,0.2745315689478126
/root/New_CheckLiuliang_remote/datasets/toniot/test/abnormal/test_00024447_orig90085_90086_90087.png,1,0.9256746144493229,0.9028239831455065,0.9020628490644838
/root/New_CheckLiuliang_remote/datasets/toniot/test/abnormal/test_00024453_orig90103_90104_90105.png,1,0.6633046372576413,0.6461306868793929,0.7969751720074356
/root/New_CheckLiuliang_remote/datasets/toniot/test/abnormal/test_00024460_orig90124_90125_90126.png,1,0.7018046184572783,0.6866480727009452,0.8009940751917867
/root/New_CheckLiuliang_remote/datasets/toniot/test/abnormal/test_00024467_orig90145_90146_90147.png,1,0.39429192149602826,0.4548283277147752,0.4016670538652815
/root/New_CheckLiuliang_remote/datasets/toniot/test/abnormal/test_00024473_orig90163_90164_90165.png,1,0.8536238292499928,0.8244935457980607,0.9045583952234558
/root/New_CheckLiuliang_remote/datasets/toniot/test/abnormal/test_00024480_orig90184_90185_90186.png,1,0.7303819574272644,0.7005918412841409,0.868501290509378
/root/New_CheckLiuliang_remote/datasets/toniot/test/abnormal/test_00024486_orig90202_90203_90204.png,1,0.7284646390396806,0.6998309643455874,0.8632735102665413
/root/New_CheckLiuliang_remote/datasets/toniot/test/abnormal/test_00024493_orig90223_90224_90225.png,1,0.8732277924904708,0.8473349429093,0.8977640636420642
/root/New_CheckLiuliang_remote/datasets/toniot/test/abnormal/test_00024500_orig90244_90245_90246.png,1,0.8276009523392261,0.897112223378459,0.5018213132297276
/root/New_CheckLiuliang_remote/datasets/toniot/test/abnormal/test_00024506_orig90262_90263_90264.png,1,0.7116429826144828,0.6801371231713991,0.869480455559781
/root/New_CheckLiuliang_remote/datasets/toniot/test/abnormal/test_00024513_orig90283_90284_90285.png,1,0.5459933071424827,0.5663212695610256,0.6101332026652512
/root/New_CheckLiuliang_remote/datasets/toniot/test/abnormal/test_00024520_orig90304_90305_90306.png,1,0.7126930438872524,0.6847552617480961,0.8555378526986546
/root/New_CheckLiuliang_remote/datasets/toniot/test/abnormal/test_00024526_orig90322_90323_90324.png,1,0.7471254700076909,0.7199209233810437,0.8634162699378221
/root/New_CheckLiuliang_remote/datasets/toniot/test/abnormal/test_00024533_orig90343_90344_90345.png,1,0.778503845469807,0.7626454952450767,0.8278839091882196
/root/New_CheckLiuliang_remote/datasets/toniot/test/abnormal/test_00024539_orig90361_90362_90363.png,1,0.8163146668029246,0.7875225891491522,0.8914909528348399
/root/New_CheckLiuliang_remote/datasets/toniot/test/abnormal/test_00024546_orig90382_90383_90384.png,1,0.8328797521462392,0.8026892190993626,0.9022860079385934
/root/New_CheckLiuliang_remote/datasets/toniot/test/abnormal/test_00024553_orig90403_90404_90405.png,1,0.5320057765622942,0.6323395135504717,0.28571819142239857
/root/New_CheckLiuliang_remote/datasets/toniot/test/abnormal/test_00024559_orig90421_90422_90423.png,1,0.7306259678964706,0.7994643814729155,0.47406378792423703
/root/New_CheckLiuliang_remote/datasets/toniot/test/abnormal/test_00024566_orig90442_90443_90444.png,1,0.7620942543237922,0.7351127453250811,0.867224134022723
/root/New_CheckLiuliang_remote/datasets/toniot/test/abnormal/test_00024573_orig90463_90464_90465.png,1,0.6642343853368494,0.7435810602916577,0.4111846001633492
/root/New_CheckLiuliang_remote/datasets/toniot/test/abnormal/test_00024579_orig90481_90482_90483.png,1,0.702967881109129,0.8160349402457715,0.288464905818429
/root/New_CheckLiuliang_remote/datasets/toniot/test/abnormal/test_00024586_orig90502_90503_90504.png,1,0.6716464016598254,0.6610393613094798,0.7733267435581812
/root/New_CheckLiuliang_remote/datasets/toniot/test/abnormal/test_00024592_orig90520_90521_90522.png,1,0.757947338775835,0.7501413441424482,0.7892199959652425
/root/New_CheckLiuliang_remote/datasets/toniot/test/abnormal/test_00024599_orig90541_90542_90543.png,1,0.720930028860378,0.7105732503799465,0.787800150271113
/root/New_CheckLiuliang_remote/datasets/toniot/test/abnormal/test_00024606_orig90562_90563_90564.png,1,0.7582265723245267,0.7246612168861409,0.8923451150931148
/root/New_CheckLiuliang_remote/datasets/toniot/test/abnormal/test_00024612_orig90580_90581_90582.png,1,0.5217807947347224,0.6208211304146222,0.28768127783012065
/root/New_CheckLiuliang_remote/datasets/toniot/test/abnormal/test_00024619_orig90601_90602_90603.png,1,0.6126394606040477,0.6034845775794666,0.7489906588246088
/root/New_CheckLiuliang_remote/datasets/toniot/test/abnormal/test_00024626_orig90622_90623_90624.png,1,0.7306037805897069,0.7121174408765554,0.8233558345405545
/root/New_CheckLiuliang_remote/datasets/toniot/test/abnormal/test_00024632_orig90640_90641_90642.png,1,0.6753073755363266,0.7779118435041853,0.32163021115959256
/root/New_CheckLiuliang_remote/datasets/toniot/test/abnormal/test_00024639_orig90661_90662_90663.png,1,0.46946544602973134,0.5778771782710131,0.23376931404118878
/root/New_CheckLiuliang_remote/datasets/toniot/test/abnormal/test_00024646_orig90682_90683_90684.png,1,0.8131797535155103,0.8853197461014406,0.4867783475716023
/root/New_CheckLiuliang_remote/datasets/toniot/test/abnormal/test_00024652_orig90700_90701_90702.png,1,0.4705191832389178,0.559625972368319,0.3113199470422218
/root/New_CheckLiuliang_remote/datasets/toniot/test/abnormal/test_00024659_orig90721_90722_90723.png,1,0.8035700046178333,0.7766249524861939,0.8801011832070939
/root/New_CheckLiuliang_remote/datasets/toniot/test/abnormal/test_00024665_orig90739_90740_90741.png,1,0.11563233773264303,0.12904664441986183,0.5026597620592287
/root/New_CheckLiuliang_remote/datasets/toniot/test/abnormal/test_00024672_orig90760_90761_90762.png,1,0.6248463183762293,0.7473451640359621,0.2262085476401918
/root/New_CheckLiuliang_remote/datasets/toniot/test/abnormal/test_00024679_orig90781_90782_90783.png,1,0.7381939100585492,0.8115591626758568,0.4583326727351506
/root/New_CheckLiuliang_remote/datasets/toniot/test/abnormal/test_00024685_orig90799_90800_90801.png,1,0.8212677378522756,0.7910108930443724,0.8989052249828298
/root/New_CheckLiuliang_remote/datasets/toniot/test/abnormal/test_00024692_orig90820_90821_90822.png,1,0.059659620266667025,0.06738189186362892,0.507853155964659
/root/New_CheckLiuliang_remote/datasets/toniot/test/abnormal/test_00024699_orig90841_90842_90843.png,1,0.7711225834246325,0.7664400393152554,0.7808630590184406
/root/New_CheckLiuliang_remote/datasets/toniot/test/abnormal/test_00024705_orig90859_90860_90861.png,1,0.7535537753934886,0.726285575654772,0.8656892913969401
/root/New_CheckLiuliang_remote/datasets/toniot/test/abnormal/test_00024712_orig90880_90881_90882.png,1,0.9215141135370575,0.8972678364236606,0.9063390860689321
/root/New_CheckLiuliang_remote/datasets/toniot/test/abnormal/test_00024718_orig90898_90899_90900.png,1,0.06893944681191914,0.07868850480137098,0.5026597620592287
/root/New_CheckLiuliang_remote/datasets/toniot/test/abnormal/test_00024725_orig90919_90920_90921.png,1,0.8310250817123236,0.8111222390329214,0.8605529027106933
/root/New_CheckLiuliang_remote/datasets/toniot/test/abnormal/test_00024732_orig90940_90941_90942.png,1,0.7361013796001687,0.7076965083765347,0.8647561392119596
/root/New_CheckLiuliang_remote/datasets/toniot/test/abnormal/test_00024738_orig90958_90959_90960.png,1,0.8118670235120278,0.7808610124898494,0.89895018089116
/root/New_CheckLiuliang_remote/datasets/toniot/test/abnormal/test_00024745_orig90979_90980_90981.png,1,0.6600901069497032,0.7693646723485984,0.2901717858269523
/root/New_CheckLiuliang_remote/datasets/toniot/test/abnormal/test_00024752_orig91000_91001_91002.png,1,0.6455741894949996,0.6983750770356738,0.5115086773006415
/root/New_CheckLiuliang_remote/datasets/toniot/test/abnormal/test_00024758_orig91018_91019_91020.png,1,0.3761041948482164,0.46068848407045937,0.29976479886141766
/root/New_CheckLiuliang_remote/datasets/toniot/test/abnormal/test_00024765_orig91039_91040_91041.png,1,0.5521349767127582,0.6807412061900403,0.1789485433123048
/root/New_CheckLiuliang_remote/datasets/toniot/test/abnormal/test_00024771_orig91057_91058_91059.png,1,0.35234996273898994,0.4204507031387256,0.35824045675202865
/root/New_CheckLiuliang_remote/datasets/toniot/test/abnormal/test_00024778_orig91078_91079_91080.png,1,0.7029200041643511,0.6812003040358755,0.8275969101057288
/root/New_CheckLiuliang_remote/datasets/toniot/test/abnormal/test_00024785_orig91099_91100_91101.png,1,0.4380203349642196,0.5362945122521655,0.2644461548358993
/root/New_CheckLiuliang_remote/datasets/toniot/test/abnormal/test_00024791_orig91117_91118_91119.png,1,0.7099356737464084,0.6878412809918928,0.8312985147709402
/root/New_CheckLiuliang_remote/datasets/toniot/test/abnormal/test_00024798_orig91138_91139_91140.png,1,0.6536828202910604,0.7240299737491552,0.4438696242017243
/root/New_CheckLiuliang_remote/datasets/toniot/test/abnormal/test_00024805_orig91159_91160_91161.png,1,0.7426362128121768,0.8061342242551928,0.49919646598645134
/root/New_CheckLiuliang_remote/datasets/toniot/test/abnormal/test_00024811_orig91177_91178_91179.png,1,0.7911013057676987,0.756206972697783,0.9079832885218758
/root/New_CheckLiuliang_remote/datasets/toniot/test/abnormal/test_00024818_orig91198_91199_91200.png,1,0.7188279448673103,0.7588855901664102,0.5854824265733669
/root/New_CheckLiuliang_remote/datasets/toniot/test/abnormal/test_00024824_orig91216_91217_91218.png,1,0.7328772039868823,0.7277755771229929,0.7705308101935479
/root/New_CheckLiuliang_remote/datasets/toniot/test/abnormal/test_00024831_orig91237_91238_91239.png,1,0.7094653543556102,0.6835531312926681,0.8464221614871189
/root/New_CheckLiuliang_remote/datasets/toniot/test/abnormal/test_00024838_orig91258_91259_91260.png,1,0.843702271963966,0.8136840811134967,0.9049947775750065
/root/New_CheckLiuliang_remote/datasets/toniot/test/abnormal/test_00024844_orig91276_91277_91278.png,1,0.6635157105200545,0.650919133831024,0.7787319516649294
/root/New_CheckLiuliang_remote/datasets/toniot/test/abnormal/test_00024851_orig91297_91298_91299.png,1,0.432244439836869,0.5024324050914594,0.3749774427740529
/root/New_CheckLiuliang_remote/datasets/toniot/test/abnormal/test_00024858_orig91318_91319_91320.png,1,0.6057593092986798,0.6025125864843116,0.7231977348986727
/root/New_CheckLiuliang_remote/datasets/toniot/test/abnormal/test_00024864_orig91336_91337_91338.png,1,0.7558072920580984,0.7277820063297509,0.8694252119357514
/root/New_CheckLiuliang_remote/datasets/toniot/test/abnormal/test_00024871_orig91357_91358_91359.png,1,0.7286895203069849,0.7067603371476023,0.8365261540861644
/root/New_CheckLiuliang_remote/datasets/toniot/test/abnormal/test_00024878_orig91378_91379_91380.png,1,0.7268409783916325,0.6964373928438206,0.8698433441615064
/root/New_CheckLiuliang_remote/datasets/toniot/test/abnormal/test_00024884_orig91396_91397_91398.png,1,0.6126349511456464,0.6590536548793939,0.5266948958766906
/root/New_CheckLiuliang_remote/datasets/toniot/test/abnormal/test_00024891_orig91417_91418_91419.png,1,0.7511432984106079,0.7376555622019849,0.8098105770823658
/root/New_CheckLiuliang_remote/datasets/toniot/test/abnormal/test_00024897_orig91435_91436_91437.png,1,0.7266623377104298,0.6961098969240707,0.8703826741338572
/root/New_CheckLiuliang_remote/datasets/toniot/test/abnormal/test_00024904_orig91456_91457_91458.png,1,0.7995284893282357,0.778211785680687,0.8563188030623289
/root/New_CheckLiuliang_remote/datasets/toniot/test/abnormal/test_00024911_orig91477_91478_91479.png,1,0.9317822403033835,0.9017546354908745,0.9326884626721158
/root/New_CheckLiuliang_remote/datasets/toniot/test/abnormal/test_00024917_orig91495_91496_91497.png,1,0.7237781758320468,0.6956376782481173,0.8598293098852335
/root/New_CheckLiuliang_remote/datasets/toniot/test/abnormal/test_00024924_orig91516_91517_91518.png,1,0.8241542753092177,0.8860188239301373,0.5313259886089621
/root/New_CheckLiuliang_remote/datasets/toniot/test/abnormal/test_00024931_orig91537_91538_91539.png,1,0.7710177326192591,0.7386816111172269,0.8914444467227742
/root/New_CheckLiuliang_remote/datasets/toniot/test/abnormal/test_00024937_orig91555_91556_91557.png,1,0.04446163828478262,0.052289263395285085,0.5026597620592287
/root/New_CheckLiuliang_remote/datasets/toniot/test/abnormal/test_00024944_orig91576_91577_91578.png,1,0.7272186601121816,0.6975680147751043,0.8669501707443719
/root/New_CheckLiuliang_remote/datasets/toniot/test/abnormal/test_00024950_orig91594_91595_91596.png,1,0.7048685685015823,0.6733279371732668,0.8674924601965813
/root/New_CheckLiuliang_remote/datasets/toniot/test/abnormal/test_00024957_orig91615_91616_91617.png,1,0.8004497505893654,0.7752300770363298,0.87221994741568
/root/New_CheckLiuliang_remote/datasets/toniot/test/abnormal/test_00024964_orig91636_91637_91638.png,1,0.8829447715313168,0.8491936397038419,0.9322482048112264
/root/New_CheckLiuliang_remote/datasets/toniot/test/abnormal/test_00024970_orig91654_91655_91656.png,1,0.8832339353386389,0.8560962460124157,0.9058852286934538
/root/New_CheckLiuliang_remote/datasets/toniot/test/abnormal/test_00024977_orig91675_91676_91677.png,1,0.9286928534398999,0.8886036274634195,0.9719649177620442
/root/New_CheckLiuliang_remote/datasets/toniot/test/abnormal/test_00024984_orig91696_91697_91698.png,1,0.74450590438273,0.729578904014436,0.8134835734422761
/root/New_CheckLiuliang_remote/datasets/toniot/test/abnormal/test_00024990_orig91714_91715_91716.png,1,0.7328734137458903,0.7034113764682373,0.8679712617594404
/root/New_CheckLiuliang_remote/datasets/toniot/test/abnormal/test_00024997_orig91735_91736_91737.png,1,0.7717554939502009,0.7456809179437718,0.8666299127453735
/root/New_CheckLiuliang_remote/datasets/toniot/test/abnormal/test_00025003_orig91753_91754_91755.png,1,0.7034468998074198,0.6773705961409802,0.8451887630240895
/root/New_CheckLiuliang_remote/datasets/toniot/test/abnormal/test_00025010_orig91774_91775_91776.png,1,0.7619810186899905,0.735256287206574,0.86616146936202
/root/New_CheckLiuliang_remote/datasets/toniot/test/abnormal/test_00025017_orig91795_91796_91797.png,1,0.7677661021143039,0.7428898549610318,0.86058397724921
/root/New_CheckLiuliang_remote/datasets/toniot/test/abnormal/test_00025023_orig91813_91814_91815.png,1,0.4458115910795609,0.5202525917247711,0.362225220222295
/root/New_CheckLiuliang_remote/datasets/toniot/test/abnormal/test_00025030_orig91834_91835_91836.png,1,0.75637454046749,0.7269830789838547,0.875068023996872
/root/New_CheckLiuliang_remote/datasets/toniot/test/abnormal/test_00025037_orig91855_91856_91857.png,1,0.7917304488775091,0.7667073106247627,0.8686960524696049
/root/New_CheckLiuliang_remote/datasets/toniot/test/abnormal/test_00025043_orig91873_91874_91875.png,1,0.725077946312943,0.6956211460021684,0.8655026327744215
/root/New_CheckLiuliang_remote/datasets/toniot/test/abnormal/test_00025050_orig91894_91895_91896.png,1,0.7794322988058913,0.7528050038647405,0.8712512110085886
/root/New_CheckLiuliang_remote/datasets/toniot/test/abnormal/test_00025057_orig91915_91916_91917.png,1,0.7188858689982005,0.6876154715055588,0.8708127852066594
/root/New_CheckLiuliang_remote/datasets/toniot/test/abnormal/test_00025063_orig91933_91934_91935.png,1,0.5470155166956182,0.5750840159554542,0.5794920165564578
/root/New_CheckLiuliang_remote/datasets/toniot/test/abnormal/test_00025070_orig91954_91955_91956.png,1,0.697955833174841,0.6818043870545166,0.8037652052966515
/root/New_CheckLiuliang_remote/datasets/toniot/test/abnormal/test_00025076_orig91972_91973_91974.png,1,0.48279577439006505,0.6079662595229345,0.17091986200650056
/root/New_CheckLiuliang_remote/datasets/toniot/test/abnormal/test_00025083_orig91993_91994_91995.png,1,0.7282169582060113,0.7028774898907284,0.8500189160087637
/root/New_CheckLiuliang_remote/datasets/toniot/test/abnormal/test_00025090_orig92014_92015_92016.png,1,0.7735206767102647,0.8406937035366804,0.4941937471404907
/root/New_CheckLiuliang_remote/datasets/toniot/test/abnormal/test_00025096_orig92032_92033_92034.png,1,0.7431046250522507,0.7092996114003743,0.8885556420616216
/root/New_CheckLiuliang_remote/datasets/toniot/test/abnormal/test_00025103_orig92053_92054_92055.png,1,0.6230308239469369,0.749797840809954,0.20856581985378336
/root/New_CheckLiuliang_remote/datasets/toniot/test/abnormal/test_00025110_orig92074_92075_92076.png,1,0.6401236585465135,0.7363005740756802,0.3362931655110955
/root/New_CheckLiuliang_remote/datasets/toniot/test/abnormal/test_00025116_orig92092_92093_92094.png,1,0.7489737504962856,0.7399513138477635,0.791268167418903
/root/New_CheckLiuliang_remote/datasets/toniot/test/abnormal/test_00025123_orig92113_92114_92115.png,1,0.8017536883237325,0.7782047004324232,0.8659466252170374
/root/New_CheckLiuliang_remote/datasets/toniot/test/abnormal/test_00025129_orig92131_92132_92133.png,1,0.8154020758265018,0.885041584502935,0.4974780651456209
/root/New_CheckLiuliang_remote/datasets/toniot/test/abnormal/test_00025136_orig92152_92153_92154.png,1,0.5704906897899051,0.6921614455166057,0.21245390698199784
/root/New_CheckLiuliang_remote/datasets/toniot/test/abnormal/test_00025143_orig92173_92174_92175.png,1,0.7143013132866106,0.7818583267871325,0.47406364699662473
/root/New_CheckLiuliang_remote/datasets/toniot/test/abnormal/test_00025149_orig92191_92192_92193.png,1,0.6669758071101348,0.7622594804229998,0.3482973795285591
/root/New_CheckLiuliang_remote/datasets/toniot/test/abnormal/test_00025156_orig92212_92213_92214.png,1,0.5547933927489002,0.6579150292417381,0.2817216252646004
/root/New_CheckLiuliang_remote/datasets/toniot/test/abnormal/test_00025163_orig92233_92234_92235.png,1,0.7539367721951623,0.7314084725661155,0.846849947254318
/root/New_CheckLiuliang_remote/datasets/toniot/test/abnormal/test_00025169_orig92251_92252_92253.png,1,0.7239646819518673,0.6989666952657028,0.8473178269272221
/root/New_CheckLiuliang_remote/datasets/toniot/test/abnormal/test_00025176_orig92272_92273_92274.png,1,0.43862429571014067,0.5158559327604691,0.34880595204952086
/root/New_CheckLiuliang_remote/datasets/toniot/test/abnormal/test_00025182_orig92290_92291_92292.png,1,0.727467195334744,0.791856268128887,0.49086933522965526
/root/New_CheckLiuliang_remote/datasets/toniot/test/abnormal/test_00025189_orig92311_92312_92313.png,1,0.4337247952350366,0.5100108653594209,0.35104983672479156
/root/New_CheckLiuliang_remote/datasets/toniot/test/abnormal/test_00025196_orig92332_92333_92334.png,1,0.6518262706844374,0.7490310594978474,0.3358561489852895
/root/New_CheckLiuliang_remote/datasets/toniot/test/abnormal/test_00025202_orig92350_92351_92352.png,1,0.7250092427444889,0.7006371081480486,0.8451423978396361
/root/New_CheckLiuliang_remote/datasets/toniot/test/abnormal/test_00025209_orig92371_92372_92373.png,1,0.47196786642050165,0.5509435254542137,0.35229933616752857
/root/New_CheckLiuliang_remote/datasets/toniot/test/abnormal/test_00025216_orig92392_92393_92394.png,1,0.8075615511408203,0.7892618863896186,0.8467729303141848
/root/New_CheckLiuliang_remote/datasets/toniot/test/abnormal/test_00025222_orig92410_92411_92412.png,1,0.7133937828524239,0.6819840112188346,0.8696458341128392
/root/New_CheckLiuliang_remote/datasets/toniot/test/abnormal/test_00025229_orig92431_92432_92433.png,1,0.8744403905656373,0.846397590805657,0.9067446052733844
/root/New_CheckLiuliang_remote/datasets/toniot/test/abnormal/test_00025235_orig92449_92450_92451.png,1,0.8389329293641241,0.8027548232499535,0.9281369235769993
/root/New_CheckLiuliang_remote/datasets/toniot/test/abnormal/test_00025242_orig92470_92471_92472.png,1,0.8383919399665918,0.8012339878309549,0.9318864436303996
/root/New_CheckLiuliang_remote/datasets/toniot/test/abnormal/test_00025249_orig92491_92492_92493.png,1,0.7328083177111523,0.7994530975590138,0.4835235539012533
/root/New_CheckLiuliang_remote/datasets/toniot/test/abnormal/test_00025255_orig92509_92510_92511.png,1,0.8974144787280773,0.8717478218437942,0.9044536155436955
/root/New_CheckLiuliang_remote/datasets/toniot/test/abnormal/test_00025262_orig92530_92531_92532.png,1,0.8274568555436536,0.7974230427231286,0.8999564040431286
/root/New_CheckLiuliang_remote/datasets/toniot/test/abnormal/test_00025269_orig92551_92552_92553.png,1,0.7834973468163612,0.7606612321063039,0.8573628652782056
/root/New_CheckLiuliang_remote/datasets/toniot/test/abnormal/test_00025275_orig92569_92570_92571.png,1,0.7275137188274211,0.7005346344648257,0.8563565716624307
/root/New_CheckLiuliang_remote/datasets/toniot/test/abnormal/test_00025282_orig92590_92591_92592.png,1,0.5787302235282715,0.6718668015313058,0.3291777303650314
/root/New_CheckLiuliang_remote/datasets/toniot/test/abnormal/test_00025289_orig92611_92612_92613.png,1,0.18422303461509237,0.24262212442247025,0.34425726673855384
/root/New_CheckLiuliang_remote/datasets/toniot/test/abnormal/test_00025295_orig92629_92630_92631.png,1,0.8380425178191225,0.8074581160141174,0.9054825280412478
/root/New_CheckLiuliang_remote/datasets/toniot/test/abnormal/test_00025302_orig92650_92651_92652.png,1,0.43673520385098075,0.5138609105409994,0.34863652182760846
/root/New_CheckLiuliang_remote/datasets/toniot/test/abnormal/test_00025308_orig92668_92669_92670.png,1,0.7971416618342809,0.7791226337074914,0.8423786664344179
/root/New_CheckLiuliang_remote/datasets/toniot/test/abnormal/test_00025315_orig92689_92690_92691.png,1,0.777609657957537,0.7514901654785974,0.868647714298579
/root/New_CheckLiuliang_remote/datasets/toniot/test/abnormal/test_00025322_orig92710_92711_92712.png,1,0.38754068670793657,0.5063256178041268,0.16655314947494246
/root/New_CheckLiuliang_remote/datasets/toniot/test/abnormal/test_00025328_orig92728_92729_92730.png,1,0.704102678300644,0.6782137406843747,0.8446452052233692
/root/New_CheckLiuliang_remote/datasets/toniot/test/abnormal/test_00025335_orig92749_92750_92751.png,1,0.760175146856325,0.7596115656968493,0.7609498464699359
/root/New_CheckLiuliang_remote/datasets/toniot/test/abnormal/test_00025342_orig92770_92771_92772.png,1,0.6316856592517456,0.7289391323378734,0.3293375070454998
/root/New_CheckLiuliang_remote/datasets/toniot/test/abnormal/test_00025348_orig92788_92789_92790.png,1,0.9261124893768348,1.0,0.5152477687107301
/root/New_CheckLiuliang_remote/datasets/toniot/test/abnormal/test_00025355_orig92809_92810_92811.png,1,0.7478774729447298,0.7204670123305625,0.8644760455824725
/root/New_CheckLiuliang_remote/datasets/toniot/test/abnormal/test_00025361_orig92827_92828_92829.png,1,0.692512346025124,0.7582749467327099,0.47439982981581535
/root/New_CheckLiuliang_remote/datasets/toniot/test/abnormal/test_00025368_orig92848_92849_92850.png,1,0.7317278932416484,0.8004372910261788,0.4749258421288018
/root/New_CheckLiuliang_remote/datasets/toniot/test/abnormal/test_00025375_orig92869_92870_92871.png,1,0.42326970219684484,0.4976099751898223,0.35555025432853876
/root/New_CheckLiuliang_remote/datasets/toniot/test/abnormal/test_00025381_orig92887_92888_92889.png,1,0.5961957738556163,0.748334343418572,0.09865373261226311
/root/New_CheckLiuliang_remote/datasets/toniot/test/abnormal/test_00025388_orig92908_92909_92910.png,1,0.4209185883918701,0.4948052665437595,0.35662641280812146
/root/New_CheckLiuliang_remote/datasets/toniot/test/abnormal/test_00025395_orig92929_92930_92931.png,1,0.6229449464306587,0.7276708728986498,0.2967032169475601
/root/New_CheckLiuliang_remote/datasets/toniot/test/abnormal/test_00025401_orig92947_92948_92949.png,1,0.4873733141479261,0.5660079441378033,0.35850057389246925
/root/New_CheckLiuliang_remote/datasets/toniot/test/abnormal/test_00025408_orig92968_92969_92970.png,1,0.39113486516503815,0.4625870681885605,0.3570125896977828
/root/New_CheckLiuliang_remote/datasets/toniot/test/abnormal/test_00025414_orig92986_92987_92988.png,1,0.4489337606969278,0.5257174174689945,0.3538349186632762
/root/New_CheckLiuliang_remote/datasets/toniot/test/abnormal/test_00025421_orig93007_93008_93009.png,1,0.7744882405229546,0.8380435582694098,0.5089683866247576
/root/New_CheckLiuliang_remote/datasets/toniot/test/abnormal/test_00025428_orig93028_93029_93030.png,1,0.8682787184780099,0.9341271348082634,0.5292450514854369
/root/New_CheckLiuliang_remote/datasets/toniot/test/abnormal/test_00025434_orig93046_93047_93048.png,1,0.7218962057178977,0.8266528408106101,0.32764986365605825
/root/New_CheckLiuliang_remote/datasets/toniot/test/abnormal/test_00025441_orig93067_93068_93069.png,1,0.7130989042283246,0.6858841779714645,0.852773064336344
/root/New_CheckLiuliang_remote/datasets/toniot/test/abnormal/test_00025448_orig93088_93089_93090.png,1,0.9064268971798665,0.8759630197275617,0.926472286620269
/root/New_CheckLiuliang_remote/datasets/toniot/test/abnormal/test_00025454_orig93106_93107_93108.png,1,0.46310407253860686,0.5874673242126944,0.16796584309274665
/root/New_CheckLiuliang_remote/datasets/toniot/test/abnormal/test_00025461_orig93127_93128_93129.png,1,0.488433255394077,0.5157156710865057,0.5642422396272521
/root/New_CheckLiuliang_remote/datasets/toniot/test/abnormal/test_00025467_orig93145_93146_93147.png,1,0.7267887669969175,0.7066610124636077,0.8287236263662315
/root/New_CheckLiuliang_remote/datasets/toniot/test/abnormal/test_00025474_orig93166_93167_93168.png,1,0.7339007252500238,0.7206962332327271,0.8032636439244027
/root/New_CheckLiuliang_remote/datasets/toniot/test/abnormal/test_00025481_orig93187_93188_93189.png,1,0.7637548715665256,0.7419059239104693,0.8472153020892589
/root/New_CheckLiuliang_remote/datasets/toniot/test/abnormal/test_00025487_orig93205_93206_93207.png,1,0.751974514937871,0.7283111694084172,0.8507740061555772
/root/New_CheckLiuliang_remote/datasets/toniot/test/abnormal/test_00025494_orig93226_93227_93228.png,1,0.6112439924125188,0.7007666107413151,0.35384249352243846
/root/New_CheckLiuliang_remote/datasets/toniot/test/abnormal/test_00025501_orig93247_93248_93249.png,1,0.9396923698039681,0.9187579192410282,0.8987995292735893
/root/New_CheckLiuliang_remote/datasets/toniot/test/abnormal/test_00025507_orig93265_93266_93267.png,1,0.8245066079668703,0.8082660967327953,0.8438568561600481
/root/New_CheckLiuliang_remote/datasets/toniot/test/abnormal/test_00025514_orig93286_93287_93288.png,1,0.8002100831398548,0.778064569966761,0.8598480532576721
/root/New_CheckLiuliang_remote/datasets/toniot/test/abnormal/test_00025521_orig93307_93308_93309.png,1,0.8121835064301445,0.7916274408516258,0.8572497708693183
/root/New_CheckLiuliang_remote/datasets/toniot/test/abnormal/test_00025527_orig93325_93326_93327.png,1,0.47622781183601526,0.5554388530610044,0.35269537799005235
/root/New_CheckLiuliang_remote/datasets/toniot/test/abnormal/test_00025534_orig93346_93347_93348.png,1,0.7158181600318105,0.7793626136903529,0.4905901576296483
/root/New_CheckLiuliang_remote/datasets/toniot/test/abnormal/test_00025540_orig93364_93365_93366.png,1,0.6720850289290938,0.6908972535347189,0.6557874073145518
/root/New_CheckLiuliang_remote/datasets/toniot/test/abnormal/test_00025547_orig93385_93386_93387.png,1,0.7491389441702911,0.7193821820963912,0.8742573379069981
/root/New_CheckLiuliang_remote/datasets/toniot/test/abnormal/test_00025554_orig93406_93407_93408.png,1,0.6611903455559079,0.6425615586706447,0.8021306563851518
/root/New_CheckLiuliang_remote/datasets/toniot/test/abnormal/test_00025560_orig93424_93425_93426.png,1,0.5624458629535921,0.6547745585529509,0.32729617058103677
/root/New_CheckLiuliang_remote/datasets/toniot/test/abnormal/test_00025567_orig93445_93446_93447.png,1,0.7562431222747703,0.7253923095403262,0.8808641653001973
/root/New_CheckLiuliang_remote/datasets/toniot/test/abnormal/test_00025574_orig93466_93467_93468.png,1,0.7012410895352565,0.6827265189952225,0.8142492331600135
/root/New_CheckLiuliang_remote/datasets/toniot/test/abnormal/test_00025580_orig93484_93485_93486.png,1,0.8306517261782943,0.7979638833406001,0.9115756742875387
/root/New_CheckLiuliang_remote/datasets/toniot/test/abnormal/test_00025587_orig93505_93506_93507.png,1,0.6962064092086923,0.7796612437838427,0.4047907848561724
/root/New_CheckLiuliang_remote/datasets/toniot/test/abnormal/test_00025593_orig93523_93524_93525.png,1,0.4712102985769451,0.550526020639853,0.35070121704381363
/root/New_CheckLiuliang_remote/datasets/toniot/test/abnormal/test_00025600_orig93544_93545_93546.png,1,0.7414399590115023,0.71766899530786,0.8478967575586349
/root/New_CheckLiuliang_remote/datasets/toniot/test/abnormal/test_00025607_orig93565_93566_93567.png,1,0.7292003411222334,0.7054393319713037,0.8440138495201732
/root/New_CheckLiuliang_remote/datasets/toniot/test/abnormal/test_00025613_orig93583_93584_93585.png,1,0.4429771552439021,0.5182957511209453,0.3578248612232954
/root/New_CheckLiuliang_remote/datasets/toniot/test/abnormal/test_00025620_orig93604_93605_93606.png,1,0.7756716187748558,0.742027685213966,0.8981369581042643
/root/New_CheckLiuliang_remote/datasets/toniot/test/abnormal/test_00025627_orig93625_93626_93627.png,1,0.7387072121407163,0.7257539196183833,0.803768023848898
/root/New_CheckLiuliang_remote/datasets/toniot/test/abnormal/test_00025633_orig93643_93644_93645.png,1,0.4235883592849082,0.5143248630939783,0.2900653854796503
/root/New_CheckLiuliang_remote/datasets/toniot/test/abnormal/test_00025640_orig93664_93665_93666.png,1,0.4708458330047295,0.5487990569796978,0.3560367716781723
/root/New_CheckLiuliang_remote/datasets/toniot/test/abnormal/test_00025646_orig93682_93683_93684.png,1,0.5768216606441381,0.7122701673391311,0.15933075027112711
/root/New_CheckLiuliang_remote/datasets/toniot/test/abnormal/test_00025653_orig93703_93704_93705.png,1,0.6910676749660323,0.6629778327511402,0.8493559925204079
/root/New_CheckLiuliang_remote/datasets/toniot/test/abnormal/test_00025660_orig93724_93725_93726.png,1,0.7788609215071982,0.7582649749018201,0.8469464122049513
/root/New_CheckLiuliang_remote/datasets/toniot/test/abnormal/test_00025666_orig93742_93743_93744.png,1,0.5751198236666344,0.6295981785138797,0.4826770017340438
/root/New_CheckLiuliang_remote/datasets/toniot/test/abnormal/test_00025673_orig93763_93764_93765.png,1,0.8035937677326844,0.8741917076616069,0.48993667629131793
/root/New_CheckLiuliang_remote/datasets/toniot/test/abnormal/test_00025680_orig93784_93785_93786.png,1,0.753713828882053,0.8238242522537322,0.4762250537867848
/root/New_CheckLiuliang_remote/datasets/toniot/test/abnormal/test_00025686_orig93802_93803_93804.png,1,0.43635311760738577,0.5185361247287105,0.32828734971039025
/root/New_CheckLiuliang_remote/datasets/toniot/test/abnormal/test_00025693_orig93823_93824_93825.png,1,0.3734892862414258,0.44464905650078745,0.35264182549737055
/root/New_CheckLiuliang_remote/datasets/toniot/test/abnormal/test_00025699_orig93841_93842_93843.png,1,0.6222510013670983,0.7355971663730444,0.2620043725610275
/root/New_CheckLiuliang_remote/datasets/toniot/test/abnormal/test_00025706_orig93862_93863_93864.png,1,0.25475640409321415,0.3235416951771371,0.3248590741492746
/root/New_CheckLiuliang_remote/datasets/toniot/test/abnormal/test_00025713_orig93883_93884_93885.png,1,0.7170925086828801,0.6942944988689188,0.8363601413588508
/root/New_CheckLiuliang_remote/datasets/toniot/test/abnormal/test_00025719_orig93901_93902_93903.png,1,0.7956226326988454,0.7757155477507026,0.8494539372109707
/root/New_CheckLiuliang_remote/datasets/toniot/test/abnormal/test_00025726_orig93922_93923_93924.png,1,0.7318953459908148,0.7081452407665766,0.8448164322723387
/root/New_CheckLiuliang_remote/datasets/toniot/test/normal/test_00013755_orig58009_58010_58011.png,0,0.7239313840896917,0.7760430436704525,0.5388687867393881
/root/New_CheckLiuliang_remote/datasets/toniot/test/normal/test_00013756_orig58012_58013_58014.png,0,0.3353082150696216,0.3979253868250333,0.37482383167662353
/root/New_CheckLiuliang_remote/datasets/toniot/test/normal/test_00013757_orig58015_58016_58017.png,0,0.34195670772131415,0.4049622192257162,0.37535801779112454
/root/New_CheckLiuliang_remote/datasets/toniot/test/normal/test_00013758_orig58018_58019_58020.png,0,0.1854495169350359,0.2251066034645027,0.4196103802487697
/root/New_CheckLiuliang_remote/datasets/toniot/test/normal/test_00013759_orig58021_58022_58023.png,0,0.10211151907621185,0.11164212568469412,0.5139491912270024
/root/New_CheckLiuliang_remote/datasets/toniot/test/normal/test_00013760_orig58024_58025_58026.png,0,0.07170272634610021,0.0775825500307093,0.5190043351447464
/root/New_CheckLiuliang_remote/datasets/toniot/test/normal/test_00013761_orig58027_58028_58029.png,0,0.10007295696892857,0.10815067279024555,0.519120670888717
/root/New_CheckLiuliang_remote/datasets/toniot/test/normal/test_00013762_orig58030_58031_58032.png,0,0.1529173434184609,0.16570676860327058,0.5168663223382315
/root/New_CheckLiuliang_remote/datasets/toniot/test/normal/test_00013763_orig58033_58034_58035.png,0,0.28880816677287996,0.33490039781044834,0.42632314997453086
/root/New_CheckLiuliang_remote/datasets/toniot/test/normal/test_00013764_orig58036_58037_58038.png,0,0.13610195301625438,0.14694214461805197,0.5193834304218886
/root/New_CheckLiuliang_remote/datasets/toniot/test/normal/test_00013765_orig58039_58040_58041.png,0,0.11956733922157284,0.1293646933419266,0.518363114508688
/root/New_CheckLiuliang_remote/datasets/toniot/test/normal/test_00013766_orig58042_58043_58044.png,0,0.07610346323890863,0.08396320971718182,0.5124664213539719
/root/New_CheckLiuliang_remote/datasets/toniot/test/normal/test_00013767_orig58045_58046_58047.png,0,0.17143134682378766,0.18647691147205347,0.5136549343724772
/root/New_CheckLiuliang_remote/datasets/toniot/test/normal/test_00013768_orig58048_58049_58050.png,0,0.11438809507479719,0.1250126452000264,0.5134281113804473
/root/New_CheckLiuliang_remote/datasets/toniot/test/normal/test_00013769_orig58051_58052_58053.png,0,0.0726116888410212,0.07795491918946335,0.5214361115591435
/root/New_CheckLiuliang_remote/datasets/toniot/test/normal/test_00013770_orig58054_58055_58056.png,0,0.012470751737767708,0.014243054718191466,0.5168363047568072
/root/New_CheckLiuliang_remote/datasets/toniot/test/normal/test_00013771_orig58057_58058_58059.png,0,0.2558063091835372,0.31915002212828,0.3469550440212059
/root/New_CheckLiuliang_remote/datasets/toniot/test/normal/test_00013772_orig58060_58061_58062.png,0,0.10663093320155058,0.1162708921337868,0.5149308225106212
/root/New_CheckLiuliang_remote/datasets/toniot/test/normal/test_00013773_orig58063_58064_58065.png,0,0.016633840054937194,0.017471172552168093,0.5218833453368427
/root/New_CheckLiuliang_remote/datasets/toniot/test/normal/test_00013774_orig58066_58067_58068.png,0,0.10998918177596423,0.12069484242473466,0.5117224644885318
/root/New_CheckLiuliang_remote/datasets/toniot/test/normal/test_00013775_orig58069_58070_58071.png,0,0.07822383399671325,0.08506667153012103,0.517199827532788
/root/New_CheckLiuliang_remote/datasets/toniot/test/normal/test_00013776_orig58072_58073_58074.png,0,0.11753402773802475,0.126224616278043,0.5221517419745072
/root/New_CheckLiuliang_remote/datasets/toniot/test/normal/test_00013777_orig58075_58076_58077.png,0,0.13578392734879835,0.14585259088503805,0.5223696865269609
/root/New_CheckLiuliang_remote/datasets/toniot/test/normal/test_00013778_orig58078_58079_58080.png,0,0.1675288287538196,0.18182387148724216,0.5154316792448084
/root/New_CheckLiuliang_remote/datasets/toniot/test/normal/test_00013779_orig58081_58082_58083.png,0,0.05374281993221146,0.059776402685623994,0.5127501086375732
/root/New_CheckLiuliang_remote/datasets/toniot/test/normal/test_00013780_orig58084_58085_58086.png,0,0.11760524021251471,0.12724843465216482,0.5183636782191372
/root/New_CheckLiuliang_remote/datasets/toniot/test/normal/test_00013781_orig58087_58088_58089.png,0,0.18992077598329743,0.20415539314008888,0.5227041782148037
/root/New_CheckLiuliang_remote/datasets/toniot/test/normal/test_00013782_orig58090_58091_58092.png,0,0.06414579709643989,0.07031361014523578,0.5154795946329974
/root/New_CheckLiuliang_remote/datasets/toniot/test/normal/test_00013783_orig58093_58094_58095.png,0,0.1819479368550563,0.19843011891801962,0.5112105449367774
/root/New_CheckLiuliang_remote/datasets/toniot/test/normal/test_00013784_orig58096_58097_58098.png,0,0.15824832441025194,0.17167504059912858,0.5159910209381086
/root/New_CheckLiuliang_remote/datasets/toniot/test/normal/test_00013785_orig58099_58100_58101.png,0,0.17442180947696667,0.18852153042936998,0.5183772777337261
/root/New_CheckLiuliang_remote/datasets/toniot/test/normal/test_00013786_orig58102_58103_58104.png,0,0.11115679677541179,0.12150872751696556,0.5135040008996818
/root/New_CheckLiuliang_remote/datasets/toniot/test/normal/test_00013787_orig58105_58106_58107.png,0,0.13695061954547794,0.14878549004135555,0.5156711857219471
/root/New_CheckLiuliang_remote/datasets/toniot/test/normal/test_00013788_orig58108_58109_58110.png,0,0.07000098949559033,0.07618636249783342,0.5172478133847832
/root/New_CheckLiuliang_remote/datasets/toniot/test/normal/test_00013789_orig58111_58112_58113.png,0,0.15636768492318273,0.16855018369818206,0.5203773928715855
/root/New_CheckLiuliang_remote/datasets/toniot/test/normal/test_00013790_orig58114_58115_58116.png,0,0.06911802465263196,0.07640075686196454,0.5125811364304008
/root/New_CheckLiuliang_remote/datasets/toniot/test/normal/test_00013791_orig58117_58118_58119.png,0,0.17504397084495238,0.1907371138031264,0.5121989407457875
/root/New_CheckLiuliang_remote/datasets/toniot/test/normal/test_00013792_orig58120_58121_58122.png,0,0.11210398434192505,0.12232812335784611,0.5143125730753709
/root/New_CheckLiuliang_remote/datasets/toniot/test/normal/test_00013793_orig58123_58124_58125.png,0,0.1723503589381641,0.1865150930876974,0.5174668148943293
/root/New_CheckLiuliang_remote/datasets/toniot/test/normal/test_00013794_orig58126_58127_58128.png,0,0.1869056580742358,0.24277157067751637,0.35523228640324056
/root/New_CheckLiuliang_remote/datasets/toniot/test/normal/test_00013795_orig58129_58130_58131.png,0,0.10128962783370218,0.10958635402177716,0.5186266491437274
/root/New_CheckLiuliang_remote/datasets/toniot/test/normal/test_00013796_orig58132_58133_58134.png,0,0.14021433472730194,0.15235369979199548,0.5154779739654557
/root/New_CheckLiuliang_remote/datasets/toniot/test/normal/test_00013797_orig58135_58136_58137.png,0,0.07059769136389224,0.07518143811908176,0.5238416754376489
/root/New_CheckLiuliang_remote/datasets/toniot/test/normal/test_00013798_orig58138_58139_58140.png,0,0.09547081919913747,0.10327733406774993,0.5187604599116257
/root/New_CheckLiuliang_remote/datasets/toniot/test/normal/test_00013799_orig58141_58142_58143.png,0,0.17847161813739992,0.1943791938273317,0.5124174490086905
/root/New_CheckLiuliang_remote/datasets/toniot/test/normal/test_00013800_orig58144_58145_58146.png,0,0.08275074276460914,0.09044909846120217,0.5151991486844795
/root/New_CheckLiuliang_remote/datasets/toniot/test/normal/test_00013801_orig58147_58148_58149.png,0,0.04852678997646755,0.052398953535073095,0.5197580160154367
/root/New_CheckLiuliang_remote/datasets/toniot/test/normal/test_00013802_orig58150_58151_58152.png,0,0.16169699508158236,0.17572137339927513,0.514683212695774
/root/New_CheckLiuliang_remote/datasets/toniot/test/normal/test_00013803_orig58153_58154_58155.png,0,0.1574494122982626,0.17129611102531547,0.514060242185511
/root/New_CheckLiuliang_remote/datasets/toniot/test/normal/test_00013804_orig58156_58157_58158.png,0,0.13792263163887586,0.15059445888974948,0.5126285585719467
/root/New_CheckLiuliang_remote/datasets/toniot/test/normal/test_00013805_orig58159_58160_58161.png,0,0.25176465908721996,0.30187553081958346,0.39861738033466504
/root/New_CheckLiuliang_remote/datasets/toniot/test/normal/test_00013806_orig58162_58163_58164.png,0,0.3781828579933576,0.44453910394439705,0.37332964666699503
/root/New_CheckLiuliang_remote/datasets/toniot/test/normal/test_00013807_orig58165_58166_58167.png,0,0.4009693619066312,0.49097031031681687,0.2859055194510757
/root/New_CheckLiuliang_remote/datasets/toniot/test/normal/test_00013808_orig58168_58169_58170.png,0,0.4061933041396733,0.475019710767045,0.37224394034167757
/root/New_CheckLiuliang_remote/datasets/toniot/test/normal/test_00013809_orig58171_58172_58173.png,0,0.3097124844019201,0.3602760832590148,0.41500137791972946
/root/New_CheckLiuliang_remote/datasets/toniot/test/normal/test_00013810_orig58174_58175_58176.png,0,0.17253565603217308,0.18674995594681287,0.5173267328476827
/root/New_CheckLiuliang_remote/datasets/toniot/test/normal/test_00013811_orig58177_58178_58179.png,0,0.13468526283141308,0.14609926249125987,0.5166433748555403
/root/New_CheckLiuliang_remote/datasets/toniot/test/normal/test_00013812_orig58180_58181_58182.png,0,0.6206636299386137,0.6170567642537154,0.7293180801741415
/root/New_CheckLiuliang_remote/datasets/toniot/test/normal/test_00013813_orig58183_58184_58185.png,0,0.3022615856860803,0.363154662178643,0.3713439766093986
/root/New_CheckLiuliang_remote/datasets/toniot/test/normal/test_00013814_orig58186_58187_58188.png,0,0.22827207492202206,0.27061397218830124,0.4223168950433856
/root/New_CheckLiuliang_remote/datasets/toniot/test/normal/test_00013815_orig58189_58190_58191.png,0,0.11275800020671427,0.12291869192146554,0.5147717152363113
/root/New_CheckLiuliang_remote/datasets/toniot/test/normal/test_00013816_orig58192_58193_58194.png,0,0.206570772214647,0.2227637480385999,0.5200986380544154
/root/New_CheckLiuliang_remote/datasets/toniot/test/normal/test_00013817_orig58195_58196_58197.png,0,0.10985892410476406,0.11791952443813654,0.5222618064397295
/root/New_CheckLiuliang_remote/datasets/toniot/test/normal/test_00013818_orig58198_58199_58200.png,0,0.3156399786569817,0.39094300586934094,0.31790482495980216
/root/New_CheckLiuliang_remote/datasets/toniot/test/normal/test_00013819_orig58201_58202_58203.png,0,0.24897483595388759,0.2955581135342806,0.4118517867119777
/root/New_CheckLiuliang_remote/datasets/toniot/test/normal/test_00013820_orig58204_58205_58206.png,0,0.11062540944334372,0.12139457629493737,0.5116682073577884
/root/New_CheckLiuliang_remote/datasets/toniot/test/normal/test_00013821_orig58207_58208_58209.png,0,0.0804630977731234,0.0877325617935335,0.5161964229330658
/root/New_CheckLiuliang_remote/datasets/toniot/test/normal/test_00013822_orig58210_58211_58212.png,0,0.06719397339505237,0.07368369536109115,0.5151490489182995
/root/New_CheckLiuliang_remote/datasets/toniot/test/normal/test_00013823_orig58213_58214_58215.png,0,0.6415624580122476,0.7226270945929191,0.39719404668213065
/root/New_CheckLiuliang_remote/datasets/toniot/test/normal/test_00013824_orig58216_58217_58218.png,0,0.47580171143625033,0.5785909514294423,0.2582487926202974
/root/New_CheckLiuliang_remote/datasets/toniot/test/normal/test_00013825_orig58219_58220_58221.png,0,0.44483776882254006,0.556917833031926,0.21136319772644302
/root/New_CheckLiuliang_remote/datasets/toniot/test/normal/test_00013826_orig58222_58223_58224.png,0,0.1393230381083857,0.15243898518776366,0.5112917897052802
/root/New_CheckLiuliang_remote/datasets/toniot/test/normal/test_00013827_orig58225_58226_58227.png,0,0.1213852533976097,0.1316506043651165,0.5170619298641324
/root/New_CheckLiuliang_remote/datasets/toniot/test/normal/test_00013828_orig58228_58229_58230.png,0,0.036198373529422595,0.040774160466965095,0.5130725510145625
/root/New_CheckLiuliang_remote/datasets/toniot/test/normal/test_00013829_orig58231_58232_58233.png,0,0.11839919192040045,0.12955284604582135,0.5125711305699261
/root/New_CheckLiuliang_remote/datasets/toniot/test/normal/test_00013830_orig58234_58235_58236.png,0,0.13358128029009872,0.14583382809796905,0.5129425452921968
/root/New_CheckLiuliang_remote/datasets/toniot/test/normal/test_00013831_orig58237_58238_58239.png,0,0.10628105253772524,0.1167519017659194,0.5114974030916558
/root/New_CheckLiuliang_remote/datasets/toniot/test/normal/test_00013832_orig58240_58241_58242.png,0,0.1873309974504677,0.20380375489292157,0.5129384583914396
/root/New_CheckLiuliang_remote/datasets/toniot/test/normal/test_00013833_orig58243_58244_58245.png,0,0.13354911354443091,0.14475424619584493,0.5171221059545933
/root/New_CheckLiuliang_remote/datasets/toniot/test/normal/test_00013834_orig58246_58247_58248.png,0,0.1663032550473096,0.1792495646180546,0.5204417967904159
/root/New_CheckLiuliang_remote/datasets/toniot/test/normal/test_00013835_orig58249_58250_58251.png,0,0.09594391895474882,0.10350694859481814,0.5198829483437588
/root/New_CheckLiuliang_remote/datasets/toniot/test/normal/test_00013836_orig58252_58253_58254.png,0,0.1451216159572336,0.15679405112059105,0.5188865196608464
/root/New_CheckLiuliang_remote/datasets/toniot/test/normal/test_00013837_orig58255_58256_58257.png,0,0.19971585752291252,0.21620936856136264,0.5167441380983496
/root/New_CheckLiuliang_remote/datasets/toniot/test/normal/test_00013838_orig58258_58259_58260.png,0,0.12274871569099145,0.13344395942566978,0.5157704692248269
/root/New_CheckLiuliang_remote/datasets/toniot/test/normal/test_00013839_orig58261_58262_58263.png,0,0.18051091009012912,0.19507144882436706,0.5184459094809263
/root/New_CheckLiuliang_remote/datasets/toniot/test/normal/test_00013840_orig58264_58265_58266.png,0,0.0975039889328689,0.10529558015652887,0.5194585448392555
/root/New_CheckLiuliang_remote/datasets/toniot/test/normal/test_00013841_orig58267_58268_58269.png,0,0.14152928587948876,0.153941582652898,0.5147991256569077
/root/New_CheckLiuliang_remote/datasets/toniot/test/normal/test_00013842_orig58270_58271_58272.png,0,0.14567974498997166,0.1584446515494585,0.5146918797439317
/root/New_CheckLiuliang_remote/datasets/toniot/test/normal/test_00013843_orig58273_58274_58275.png,0,0.47130529728315856,0.5891247474732233,0.19671613296322923
/root/New_CheckLiuliang_remote/datasets/toniot/test/normal/test_00013844_orig58276_58277_58278.png,0,0.3251135224224123,0.3513793731890794,0.5170281072371755
/root/New_CheckLiuliang_remote/datasets/toniot/test/normal/test_00013845_orig58279_58280_58281.png,0,0.14366398966776883,0.15662636691168066,0.5132690745699435
/root/New_CheckLiuliang_remote/datasets/toniot/test/normal/test_00013846_orig58282_58283_58284.png,0,0.11012133269205948,0.11847020567819669,0.5211911089051242
/root/New_CheckLiuliang_remote/datasets/toniot/test/normal/test_00013847_orig58285_58286_58287.png,0,0.12770228956696444,0.1375351654648205,0.5207753019849725
/root/New_CheckLiuliang_remote/datasets/toniot/test/normal/test_00013848_orig58288_58289_58290.png,0,0.06144938412277338,0.06569717727645419,0.522313033626808
/root/New_CheckLiuliang_remote/datasets/toniot/test/normal/test_00013849_orig58291_58292_58293.png,0,0.14845334853850548,0.16125447731926745,0.515417868338801
/root/New_CheckLiuliang_remote/datasets/toniot/test/normal/test_00013850_orig58294_58295_58296.png,0,0.09451997248166616,0.10374640374447498,0.5127822401331822
/root/New_CheckLiuliang_remote/datasets/toniot/test/normal/test_00013851_orig58297_58298_58299.png,0,0.08371810935451593,0.09124841943200189,0.5161750723997992
/root/New_CheckLiuliang_remote/datasets/toniot/test/normal/test_00013852_orig58300_58301_58302.png,0,0.07190035396496634,0.07813086952134818,0.517663620304935
/root/New_CheckLiuliang_remote/datasets/toniot/test/normal/test_00013853_orig58303_58304_58305.png,0,0.12597155861358697,0.1375164026777515,0.5133840010377909
/root/New_CheckLiuliang_remote/datasets/toniot/test/normal/test_00013854_orig58306_58307_58308.png,0,0.1340869205779212,0.14538824470715553,0.5169062048525181
/root/New_CheckLiuliang_remote/datasets/toniot/test/normal/test_00013855_orig58309_58310_58311.png,0,0.1329842606948437,0.14496562276904884,0.5138398313998417
/root/New_CheckLiuliang_remote/datasets/toniot/test/normal/test_00013856_orig58312_58313_58314.png,0,0.08645175150017854,0.09398988567689509,0.5170021060927024
/root/New_CheckLiuliang_remote/datasets/toniot/test/normal/test_00013857_orig58315_58316_58317.png,0,0.04615935548982817,0.049696193739028525,0.5203559718745127
/root/New_CheckLiuliang_remote/datasets/toniot/test/normal/test_00013858_orig58318_58319_58320.png,0,0.2167809089898091,0.234422524056714,0.5175099387436994
/root/New_CheckLiuliang_remote/datasets/toniot/test/normal/test_00013859_orig58321_58322_58323.png,0,0.15172431554362312,0.1632236515034044,0.5216520831250248
/root/New_CheckLiuliang_remote/datasets/toniot/test/normal/test_00013860_orig58324_58325_58326.png,0,0.19200717715817597,0.20700431898365002,0.5203091839072223
/root/New_CheckLiuliang_remote/datasets/toniot/test/normal/test_00013861_orig58327_58328_58329.png,0,0.07868893404841584,0.08536923787264633,0.517995998078593
/root/New_CheckLiuliang_remote/datasets/toniot/test/normal/test_00013862_orig58330_58331_58332.png,0,0.1549060790152002,0.16676981825944578,0.5211935046745336
/root/New_CheckLiuliang_remote/datasets/toniot/test/normal/test_00013863_orig58333_58334_58335.png,0,0.08289026759524798,0.09010900654453885,0.5171614247584307
/root/New_CheckLiuliang_remote/datasets/toniot/test/normal/test_00013864_orig58336_58337_58338.png,0,0.20188404248690336,0.21770133815410125,0.5201297830567382
/root/New_CheckLiuliang_remote/datasets/toniot/test/normal/test_00013865_orig58339_58340_58341.png,0,0.39656828791770377,0.49085196042915086,0.2673927398181033
/root/New_CheckLiuliang_remote/datasets/toniot/test/normal/test_00013866_orig58342_58343_58344.png,0,0.36571795476905816,0.4376179972653566,0.34724063382757353
/root/New_CheckLiuliang_remote/datasets/toniot/test/normal/test_00013867_orig58345_58346_58347.png,0,0.13978564644959693,0.15222682136475266,0.5141361317047457
/root/New_CheckLiuliang_remote/datasets/toniot/test/normal/test_00013868_orig58348_58349_58350.png,0,0.34287134900964805,0.40631313989468437,0.3739000864097655
/root/New_CheckLiuliang_remote/datasets/toniot/test/normal/test_00013869_orig58351_58352_58353.png,0,0.18097673379682946,0.22099046784812745,0.41677939114057155
/root/New_CheckLiuliang_remote/datasets/toniot/test/normal/test_00013870_orig58354_58355_58356.png,0,0.3581011146801026,0.42253468458639665,0.37471492986420285
/root/New_CheckLiuliang_remote/datasets/toniot/test/normal/test_00013871_orig58357_58358_58359.png,0,0.5970055266312876,0.6621714265320767,0.4467986636961945
/root/New_CheckLiuliang_remote/datasets/toniot/test/normal/test_00013872_orig58360_58361_58362.png,0,0.6568518816779169,0.7160341398751343,0.4895242516338619
/root/New_CheckLiuliang_remote/datasets/toniot/test/normal/test_00013873_orig58363_58364_58365.png,0,0.10337590577576475,0.11233648001454838,0.5166263226144496
/root/New_CheckLiuliang_remote/datasets/toniot/test/normal/test_00013874_orig58366_58367_58368.png,0,0.13002657684372027,0.1407821772941673,0.5178142014586994
/root/New_CheckLiuliang_remote/datasets/toniot/test/normal/test_00013875_orig58369_58370_58371.png,0,0.12412899563546337,0.13568972070869803,0.5127419348360586
/root/New_CheckLiuliang_remote/datasets/toniot/test/normal/test_00013876_orig58372_58373_58374.png,0,0.10788112282454261,0.11857241694481734,0.511118025959289
/root/New_CheckLiuliang_remote/datasets/toniot/test/normal/test_00013877_orig58375_58376_58377.png,0,0.11172030791905169,0.12040369120441216,0.5203551263088387
/root/New_CheckLiuliang_remote/datasets/toniot/test/normal/test_00013878_orig58378_58379_58380.png,0,0.140969742845358,0.15156959898413286,0.5218731985487556
/root/New_CheckLiuliang_remote/datasets/toniot/test/normal/test_00013879_orig58381_58382_58383.png,0,0.03638196558436596,0.040637179000531265,0.5144124907525063
/root/New_CheckLiuliang_remote/datasets/toniot/test/normal/test_00013880_orig58384_58385_58386.png,0,0.12514282790899225,0.13651502092313175,0.5138143939658179
/root/New_CheckLiuliang_remote/datasets/toniot/test/normal/test_00013881_orig58387_58388_58389.png,0,0.07867226691434413,0.08624780865735988,0.5144098131278722
/root/New_CheckLiuliang_remote/datasets/toniot/test/normal/test_00013882_orig58390_58391_58392.png,0,0.14909967229205182,0.16089759074005286,0.5196336473975638
/root/New_CheckLiuliang_remote/datasets/toniot/test/normal/test_00013883_orig58393_58394_58395.png,0,0.03571672635793745,0.03842120200187129,0.5204065648873357
/root/New_CheckLiuliang_remote/datasets/toniot/test/normal/test_00013884_orig58396_58397_58398.png,0,0.06745172998576451,0.07299747594591016,0.5190058853484819
/root/New_CheckLiuliang_remote/datasets/toniot/test/normal/test_00013885_orig58399_58400_58401.png,0,0.1282858358454083,0.13759906390749604,0.523037119698911
/root/New_CheckLiuliang_remote/datasets/toniot/test/normal/test_00013886_orig58402_58403_58404.png,0,0.10944883401982639,0.11714683875247672,0.5235834255880716
/root/New_CheckLiuliang_remote/datasets/toniot/test/normal/test_00013887_orig58405_58406_58407.png,0,0.17105790607972818,0.18501748153800796,0.5178816353211948
/root/New_CheckLiuliang_remote/datasets/toniot/test/normal/test_00013888_orig58408_58409_58410.png,0,0.15969581750643783,0.17187920071576754,0.5214188479266342
/root/New_CheckLiuliang_remote/datasets/toniot/test/normal/test_00013889_orig58411_58412_58413.png,0,0.1398417965052267,0.15022405785551315,0.5223894163926858
/root/New_CheckLiuliang_remote/datasets/toniot/test/normal/test_00013890_orig58414_58415_58416.png,0,0.08654863380537098,0.09417147796573075,0.5166936860131388
/root/New_CheckLiuliang_remote/datasets/toniot/test/normal/test_00013891_orig58417_58418_58419.png,0,0.10988964063043016,0.11938787653666243,0.5165209087604339
/root/New_CheckLiuliang_remote/datasets/toniot/test/normal/test_00013892_orig58420_58421_58422.png,0,0.08410139259297818,0.09128607621444107,0.5176779244575854
/root/New_CheckLiuliang_remote/datasets/toniot/test/normal/test_00013893_orig58423_58424_58425.png,0,0.1678392446070158,0.17998380627146815,0.5241310702895492
/root/New_CheckLiuliang_remote/datasets/toniot/test/normal/test_00013894_orig58426_58427_58428.png,0,0.06488821043683671,0.06986828917102464,0.5204636405703256
/root/New_CheckLiuliang_remote/datasets/toniot/test/normal/test_00013895_orig58429_58430_58431.png,0,0.1373480821004539,0.14747235736312778,0.5226383650198501
/root/New_CheckLiuliang_remote/datasets/toniot/test/normal/test_00013896_orig58432_58433_58434.png,0,0.0760390084545189,0.08341817043407249,0.5143685213374622
/root/New_CheckLiuliang_remote/datasets/toniot/test/normal/test_00013897_orig58435_58436_58437.png,0,0.13187277890936355,0.14402840187370702,0.5127937961973925
/root/New_CheckLiuliang_remote/datasets/toniot/test/normal/test_00013898_orig58438_58439_58440.png,0,0.059058671907655624,0.0642793403738833,0.5176708780769694
/root/New_CheckLiuliang_remote/datasets/toniot/test/normal/test_00013899_orig58441_58442_58443.png,0,0.07505870676230555,0.08249944990919729,0.5138143939658179
/root/New_CheckLiuliang_remote/datasets/toniot/test/normal/test_00013900_orig58444_58445_58446.png,0,0.12172858358537027,0.13170230043578213,0.5183362677985409
/root/New_CheckLiuliang_remote/datasets/toniot/test/normal/test_00013901_orig58447_58448_58449.png,0,0.16232284131550717,0.1763325416661801,0.5149384326016865
/root/New_CheckLiuliang_remote/datasets/toniot/test/normal/test_00013902_orig58450_58451_58452.png,0,0.0797413138663957,0.08734602213825182,0.5146288146374183
/root/New_CheckLiuliang_remote/datasets/toniot/test/normal/test_00013903_orig58453_58454_58455.png,0,0.18398160258803217,0.19918312335850213,0.5169717361922472
/root/New_CheckLiuliang_remote/datasets/toniot/test/normal/test_00013904_orig58456_58457_58458.png,0,0.12093583075121227,0.1296137266975697,0.5232706367525262
/root/New_CheckLiuliang_remote/datasets/toniot/test/normal/test_00013905_orig58459_58460_58461.png,0,0.15380427968727406,0.16833132825181077,0.510194315924334
/root/New_CheckLiuliang_remote/datasets/toniot/test/normal/test_00013906_orig58462_58463_58464.png,0,0.09007348190796313,0.09727612878829528,0.5194812341848392
/root/New_CheckLiuliang_remote/datasets/toniot/test/normal/test_00013907_orig58465_58466_58467.png,0,0.1188145647558,0.13017608547643506,0.5118700861624376
/root/New_CheckLiuliang_remote/datasets/toniot/test/normal/test_00013908_orig58468_58469_58470.png,0,0.30163600531975293,0.35096488616564603,0.417404334637407
/root/New_CheckLiuliang_remote/datasets/toniot/test/normal/test_00013909_orig58471_58472_58473.png,0,0.1878442058622882,0.2038886466637862,0.5148128660991089
/root/New_CheckLiuliang_remote/datasets/toniot/test/normal/test_00013910_orig58474_58475_58476.png,0,0.08210245846650376,0.08977888645876536,0.515083306187152
/root/New_CheckLiuliang_remote/datasets/toniot/test/normal/test_00013911_orig58477_58478_58479.png,0,0.10076240088960971,0.10966442296098036,0.5160399228195839
/root/New_CheckLiuliang_remote/datasets/toniot/test/normal/test_00013912_orig58480_58481_58482.png,0,0.11248519748199995,0.12062018490136218,0.5227888757098084
/root/New_CheckLiuliang_remote/datasets/toniot/test/normal/test_00013913_orig58483_58484_58485.png,0,0.03805025810257773,0.04061828500516108,0.5216850601863077
/root/New_CheckLiuliang_remote/datasets/toniot/test/normal/test_00013914_orig58486_58487_58488.png,0,0.227049626480356,0.24430093463609182,0.522295417675268
/root/New_CheckLiuliang_remote/datasets/toniot/test/normal/test_00013915_orig58489_58490_58491.png,0,0.07291575143509985,0.07946512673606623,0.5167070036725031
/root/New_CheckLiuliang_remote/datasets/toniot/test/normal/test_00013916_orig58492_58493_58494.png,0,0.12735141692948262,0.13811694307226074,0.5169345313025946
/root/New_CheckLiuliang_remote/datasets/toniot/test/normal/test_00013917_orig58495_58496_58497.png,0,0.14908385326595494,0.16139972490867574,0.5175568676386021
/root/New_CheckLiuliang_remote/datasets/toniot/test/normal/test_00013918_orig58498_58499_58500.png,0,0.07945188377271936,0.08708150620306924,0.514438280505561
/root/New_CheckLiuliang_remote/datasets/toniot/test/normal/test_00013919_orig58501_58502_58503.png,0,0.15192062737930823,0.16527483087578,0.5142942524857693
/root/New_CheckLiuliang_remote/datasets/toniot/test/normal/test_00013920_orig58504_58505_58506.png,0,0.13366706887502655,0.14478836035415218,0.5174945071701503
/root/New_CheckLiuliang_remote/datasets/toniot/test/normal/test_00013921_orig58507_58508_58509.png,0,0.46526124377894684,0.562187552032292,0.27839094207501675
/root/New_CheckLiuliang_remote/datasets/toniot/test/normal/test_00013922_orig58510_58511_58512.png,0,0.32637511965630583,0.3884820629723745,0.3740598630902339
/root/New_CheckLiuliang_remote/datasets/toniot/test/normal/test_00013923_orig58513_58514_58515.png,0,0.731775521122439,0.785321569896827,0.535594192739508
/root/New_CheckLiuliang_remote/datasets/toniot/test/normal/test_00013924_orig58516_58517_58518.png,0,0.1291979316190423,0.14085683481753977,0.5139408060340694
/root/New_CheckLiuliang_remote/datasets/toniot/test/normal/test_00013925_orig58519_58520_58521.png,0,0.6145976604153787,0.6686394709471363,0.4968187353113792
/root/New_CheckLiuliang_remote/datasets/toniot/test/normal/test_00013926_orig58522_58523_58524.png,0,0.13457789898619524,0.14618323580401626,0.5158443152936829
/root/New_CheckLiuliang_remote/datasets/toniot/test/normal/test_00013927_orig58525_58526_58527.png,0,0.09012002297785703,0.09737663434700056,0.5192799895544453
/root/New_CheckLiuliang_remote/datasets/toniot/test/normal/test_00013928_orig58528_58529_58530.png,0,0.3503436369096987,0.41420846820999996,0.3745541314585451
/root/New_CheckLiuliang_remote/datasets/toniot/test/normal/test_00013929_orig58531_58532_58533.png,0,0.08306925693397459,0.09138671298144754,0.5128227568217244
/root/New_CheckLiuliang_remote/datasets/toniot/test/normal/test_00013930_orig58534_58535_58536.png,0,0.13699190211167575,0.14997515570817121,0.5110906155386926
/root/New_CheckLiuliang_remote/datasets/toniot/test/normal/test_00013931_orig58537_58538_58539.png,0,0.11894615647616771,0.130277771909851,0.5120310254957076
/root/New_CheckLiuliang_remote/datasets/toniot/test/normal/test_00013932_orig58540_58541_58542.png,0,0.14405558826385684,0.15686542843643397,0.514002180009235
/root/New_CheckLiuliang_remote/datasets/toniot/test/normal/test_00013933_orig58543_58544_58545.png,0,0.28914702970020006,0.3655111632678687,0.3053419386551969
/root/New_CheckLiuliang_remote/datasets/toniot/test/normal/test_00013934_orig58546_58547_58548.png,0,0.1558863252160506,0.17034878709078263,0.5111063994312726
/root/New_CheckLiuliang_remote/datasets/toniot/test/normal/test_00013935_orig58549_58550_58551.png,0,0.1665227021859876,0.18139862538311183,0.512792245993657
/root/New_CheckLiuliang_remote/datasets/toniot/test/normal/test_00013936_orig58552_58553_58554.png,0,0.23546765600752675,0.25504217100404136,0.5156457482879233
/root/New_CheckLiuliang_remote/datasets/toniot/test/normal/test_00013937_orig58555_58556_58557.png,0,0.1113929301143306,0.12236919155611602,0.5110808210696364
/root/New_CheckLiuliang_remote/datasets/toniot/test/normal/test_00013938_orig58558_58559_58560.png,0,0.13659928480178596,0.1486210860399747,0.5148131479543335
/root/New_CheckLiuliang_remote/datasets/toniot/test/normal/test_00013939_orig58561_58562_58563.png,0,0.12316967320270389,0.13148173928149548,0.5254353553415758
/root/New_CheckLiuliang_remote/datasets/toniot/test/normal/test_00013940_orig58564_58565_58566.png,0,0.17541514775789005,0.18995222574545667,0.5169397456242505
/root/New_CheckLiuliang_remote/datasets/toniot/test/normal/test_00013941_orig58567_58568_58569.png,0,0.18935367224740624,0.20550250876832274,0.5148692371440371
/root/New_CheckLiuliang_remote/datasets/toniot/test/normal/test_00013942_orig58570_58571_58572.png,0,0.1851683938730144,0.20013136575114326,0.5182985696622451
/root/New_CheckLiuliang_remote/datasets/toniot/test/normal/test_00013943_orig58573_58574_58575.png,0,0.11204120941491626,0.12008800403176868,0.5230022401148616
/root/New_CheckLiuliang_remote/datasets/toniot/test/normal/test_00013944_orig58576_58577_58578.png,0,0.11474463727929787,0.12438874972790678,0.5174618119640919
/root/New_CheckLiuliang_remote/datasets/toniot/test/normal/test_00013945_orig58579_58580_58581.png,0,0.08081918621083627,0.0883825677175883,0.5151325603876581
/root/New_CheckLiuliang_remote/datasets/toniot/test/normal/test_00013946_orig58582_58583_58584.png,0,0.13738841154988066,0.14876817054559954,0.5176290930399164
/root/New_CheckLiuliang_remote/datasets/toniot/test/normal/test_00013947_orig58585_58586_58587.png,0,0.1711017129611263,0.1848488788709893,0.5187450283380766
/root/New_CheckLiuliang_remote/datasets/toniot/test/normal/test_00013948_orig58588_58589_58590.png,0,0.2273538840344689,0.2467053267552489,0.5139904125536062
/root/New_CheckLiuliang_remote/datasets/toniot/test/normal/test_00013949_orig58591_58592_58593.png,0,0.1365510557632572,0.14848213644902314,0.5151608868377344
/root/New_CheckLiuliang_remote/datasets/toniot/test/normal/test_00013950_orig58594_58595_58596.png,0,0.15751197194321104,0.17027255506779598,0.5184243475562412
/root/New_CheckLiuliang_remote/datasets/toniot/test/normal/test_00013951_orig58597_58598_58599.png,0,0.08828674398676277,0.09538410508525325,0.519341363529611
/root/New_CheckLiuliang_remote/datasets/toniot/test/normal/test_00013952_orig58600_58601_58602.png,0,0.13927736197664395,0.15250091550592149,0.5108470221607966
/root/New_CheckLiuliang_remote/datasets/toniot/test/normal/test_00013953_orig58603_58604_58605.png,0,0.22980428182287388,0.24844751057834127,0.5175926632521316
/root/New_CheckLiuliang_remote/datasets/toniot/test/normal/test_00013954_orig58606_58607_58608.png,0,0.06718172708980578,0.07167056639605829,0.5231487343678688
/root/New_CheckLiuliang_remote/datasets/toniot/test/normal/test_00013955_orig58609_58610_58611.png,0,0.13264692255465874,0.14171611798197958,0.5253825779507617
/root/New_CheckLiuliang_remote/datasets/toniot/test/normal/test_00013956_orig58612_58613_58614.png,0,0.19908663733344678,0.21623495418009311,0.5139273474470928
/root/New_CheckLiuliang_remote/datasets/toniot/test/normal/test_00013957_orig58615_58616_58617.png,0,0.16624001183533452,0.20828163179565515,0.4040406976395964
/root/New_CheckLiuliang_remote/datasets/toniot/test/normal/test_00013958_orig58618_58619_58620.png,0,0.17936331692214988,0.19476153481697558,0.5147348626656895
/root/New_CheckLiuliang_remote/datasets/toniot/test/normal/test_00013959_orig58621_58622_58623.png,0,0.06502339628500824,0.07034142630508633,0.5191542821242554
/root/New_CheckLiuliang_remote/datasets/toniot/test/normal/test_00013960_orig58624_58625_58626.png,0,0.313599883035631,0.38200470276793097,0.3448570898884931
/root/New_CheckLiuliang_remote/datasets/toniot/test/normal/test_00013961_orig58627_58628_58629.png,0,0.07994208057322427,0.08870166630606252,0.5100723430758706
/root/New_CheckLiuliang_remote/datasets/toniot/test/normal/test_00013962_orig58630_58631_58632.png,0,0.1428210713409068,0.1558902883420506,0.5125770495296436
/root/New_CheckLiuliang_remote/datasets/toniot/test/normal/test_00013963_orig58633_58634_58635.png,0,0.13186500466641804,0.14347667096723743,0.5149671818345999
/root/New_CheckLiuliang_remote/datasets/toniot/test/normal/test_00013964_orig58636_58637_58638.png,0,0.07246624156598604,0.07832440176559138,0.5193307234948807
/root/New_CheckLiuliang_remote/datasets/toniot/test/normal/test_00013965_orig58639_58640_58641.png,0,0.10208040222154377,0.1095803184399228,0.5220621824768775
/root/New_CheckLiuliang_remote/datasets/toniot/test/normal/test_00013966_orig58642_58643_58644.png,0,0.29599200085956107,0.31972471448745643,0.5180168553652164
/root/New_CheckLiuliang_remote/datasets/toniot/test/normal/test_00013967_orig58645_58646_58647.png,0,0.11007888993802764,0.1181797104993801,0.5221699921003027
/root/New_CheckLiuliang_remote/datasets/toniot/test/normal/test_00013968_orig58648_58649_58650.png,0,0.07382792542147047,0.08086183910214684,0.5150552615923002
/root/New_CheckLiuliang_remote/datasets/toniot/test/normal/test_00013969_orig58651_58652_58653.png,0,0.06282027587605143,0.06859543744125968,0.5166340031693211
/root/New_CheckLiuliang_remote/datasets/toniot/test/normal/test_00013970_orig58654_58655_58656.png,0,0.044349558970113896,0.047135138908260335,0.5227927512191471
/root/New_CheckLiuliang_remote/datasets/toniot/test/normal/test_00013971_orig58657_58658_58659.png,0,0.12958496936786534,0.1399399512088811,0.5192780165678729
/root/New_CheckLiuliang_remote/datasets/toniot/test/normal/test_00013972_orig58660_58661_58662.png,0,0.18043517825960362,0.23496008446665598,0.35856466072417204
/root/New_CheckLiuliang_remote/datasets/toniot/test/normal/test_00013973_orig58663_58664_58665.png,0,0.17858065371473508,0.19232368458101712,0.5211098641366214
/root/New_CheckLiuliang_remote/datasets/toniot/test/normal/test_00013974_orig58666_58667_58668.png,0,0.08413814313617735,0.08978977674776345,0.5238216637166995
/root/New_CheckLiuliang_remote/datasets/toniot/test/normal/test_00013975_orig58669_58670_58671.png,0,0.10204515912228629,0.10895432363498428,0.5244141233988949
/root/New_CheckLiuliang_remote/datasets/toniot/test/normal/test_00013976_orig58672_58673_58674.png,0,0.4440509191919548,0.5481338308927058,0.24310474663223522
/root/New_CheckLiuliang_remote/datasets/toniot/test/normal/test_00013977_orig58675_58676_58677.png,0,0.1556671624679918,0.19304362452960183,0.41938158427016725
/root/New_CheckLiuliang_remote/datasets/toniot/test/normal/test_00013978_orig58678_58679_58680.png,0,0.5212616270628228,0.6016735093982538,0.3620320789296097
/root/New_CheckLiuliang_remote/datasets/toniot/test/normal/test_00013979_orig58681_58682_58683.png,0,0.1683974131932294,0.18200743190059554,0.518444500204803
/root/New_CheckLiuliang_remote/datasets/toniot/test/normal/test_00013980_orig58684_58685_58686.png,0,0.40884838500773196,0.4781840613666473,0.3710405242281694
/root/New_CheckLiuliang_remote/datasets/toniot/test/normal/test_00013981_orig58687_58688_58689.png,0,0.4938494303068936,0.5687125408500645,0.3756200726862346
/root/New_CheckLiuliang_remote/datasets/toniot/test/normal/test_00013982_orig58690_58691_58692.png,0,0.34621004033126185,0.40838308205412893,0.380023391165093
/root/New_CheckLiuliang_remote/datasets/toniot/test/normal/test_00013983_orig58693_58694_58695.png,0,0.5548240614360931,0.6352674267913443,0.3724443394063974
/root/New_CheckLiuliang_remote/datasets/toniot/test/normal/test_00013984_orig58696_58697_58698.png,0,0.3030193534550535,0.369612865971114,0.3487801622964662
/root/New_CheckLiuliang_remote/datasets/toniot/test/normal/test_00013985_orig58699_58700_58701.png,0,0.08643445359130704,0.0933825224507244,0.5193569360307724
/root/New_CheckLiuliang_remote/datasets/toniot/test/normal/test_00013986_orig58702_58703_58704.png,0,0.21536077119260716,0.23218109264762476,0.5203492073491213
/root/New_CheckLiuliang_remote/datasets/toniot/test/normal/test_00013987_orig58705_58706_58707.png,0,0.07311569385300208,0.08057593621387163,0.5131263148986628
/root/New_CheckLiuliang_remote/datasets/toniot/test/normal/test_00013988_orig58708_58709_58710.png,0,0.30195187381528626,0.326510939032882,0.5165827759822426
/root/New_CheckLiuliang_remote/datasets/toniot/test/normal/test_00013989_orig58711_58712_58713.png,0,0.07441892598755107,0.08006501108906958,0.5207921428346448
/root/New_CheckLiuliang_remote/datasets/toniot/test/normal/test_00013990_orig58714_58715_58716.png,0,0.07096312230276214,0.07620053299436107,0.5213417605226949
/root/New_CheckLiuliang_remote/datasets/toniot/test/normal/test_00013991_orig58717_58718_58719.png,0,0.17231168261733368,0.18663396780856814,0.5168244668373723
/root/New_CheckLiuliang_remote/datasets/toniot/test/normal/test_00013992_orig58720_58721_58722.png,0,0.14611023905970033,0.15851812819812033,0.5162551192835974
/root/New_CheckLiuliang_remote/datasets/toniot/test/normal/test_00013993_orig58723_58724_58725.png,0,0.11879389848960305,0.12927127303148514,0.5154001819234547
/root/New_CheckLiuliang_remote/datasets/toniot/test/normal/test_00013994_orig58726_58727_58728.png,0,0.12581856980349054,0.13532863546384563,0.5214750780439501
/root/New_CheckLiuliang_remote/datasets/toniot/test/normal/test_00013995_orig58729_58730_58731.png,0,0.09166637195633266,0.1016128255589572,0.5090061552248595
/root/New_CheckLiuliang_remote/datasets/toniot/test/normal/test_00013996_orig58732_58733_58734.png,0,0.12675230741596663,0.1307774131207514,0.5437081000188632
/root/New_CheckLiuliang_remote/datasets/toniot/test/normal/test_00013997_orig58735_58736_58737.png,0,0.08035464453621986,0.08645380569021537,0.5208435814131418
/root/New_CheckLiuliang_remote/datasets/toniot/test/normal/test_00013998_orig58738_58739_58740.png,0,0.07865461720691967,0.08400467154035528,0.5233062209746371
/root/New_CheckLiuliang_remote/datasets/toniot/test/normal/test_00013999_orig58741_58742_58743.png,0,0.08141878638548006,0.08746148544329184,0.5214035572806974
/root/New_CheckLiuliang_remote/datasets/toniot/test/normal/test_00014000_orig58744_58745_58746.png,0,0.12284908240554132,0.1334192922650476,0.5163021186423062
/root/New_CheckLiuliang_remote/datasets/toniot/test/normal/test_00014001_orig58747_58748_58749.png,0,0.15218577903545413,0.1652436033000987,0.5155630237794911
/root/New_CheckLiuliang_remote/datasets/toniot/test/normal/test_00014002_orig58750_58751_58752.png,0,0.15539823760602273,0.16835166553849396,0.5169892816799811
/root/New_CheckLiuliang_remote/datasets/toniot/test/normal/test_00014003_orig58753_58754_58755.png,0,0.06967660804774224,0.0743413113666145,0.5232286403240546
/root/New_CheckLiuliang_remote/datasets/toniot/test/normal/test_00014004_orig58756_58757_58758.png,0,0.1751887844437498,0.18943631470520972,0.5180268612256911
/root/New_CheckLiuliang_remote/datasets/toniot/test/normal/test_00014005_orig58759_58760_58761.png,0,0.12473090270633652,0.13486442049426428,0.5186397554116732
/root/New_CheckLiuliang_remote/datasets/toniot/test/normal/test_00014006_orig58762_58763_58764.png,0,0.13161233884001997,0.14298437742120318,0.5158463587440616
/root/New_CheckLiuliang_remote/datasets/toniot/test/normal/test_00014007_orig58765_58766_58767.png,0,0.09999182054905119,0.10836218057175066,0.5179246182429526
/root/New_CheckLiuliang_remote/datasets/toniot/test/normal/test_00014008_orig58768_58769_58770.png,0,0.24420995813116234,0.3289296328568679,0.25781008496314356
/root/New_CheckLiuliang_remote/datasets/toniot/test/normal/test_00014009_orig58771_58772_58773.png,0,0.08260739814120516,0.08977180121050155,0.517289950740867
/root/New_CheckLiuliang_remote/datasets/toniot/test/normal/test_00014010_orig58774_58775_58776.png,0,0.19963084597468905,0.21455863692419402,0.5229803258711458
/root/New_CheckLiuliang_remote/datasets/toniot/test/normal/test_00014011_orig58777_58778_58779.png,0,0.10021969595130857,0.10760091000829368,0.5219527521859105
/root/New_CheckLiuliang_remote/datasets/toniot/test/normal/test_00014012_orig58780_58781_58782.png,0,0.09489057197173185,0.10257182703229521,0.5190793086345009
/root/New_CheckLiuliang_remote/datasets/toniot/test/normal/test_00014013_orig58783_58784_58785.png,0,0.18741209105000214,0.20215958367081202,0.5198649800731879
/root/New_CheckLiuliang_remote/datasets/toniot/test/normal/test_00014014_orig58786_58787_58788.png,0,0.18333492261473078,0.237812552934349,0.35966424841930306
/root/New_CheckLiuliang_remote/datasets/toniot/test/normal/test_00014015_orig58789_58790_58791.png,0,0.3009613075191521,0.34938317009489905,0.4208205608876692
/root/New_CheckLiuliang_remote/datasets/toniot/test/normal/test_00014016_orig58792_58793_58794.png,0,0.19207910182544394,0.20732026857289584,0.5193556676822615
/root/New_CheckLiuliang_remote/datasets/toniot/test/normal/test_00014017_orig58795_58796_58797.png,0,0.1071230252095583,0.11651126574155192,0.5160922069637548
/root/New_CheckLiuliang_remote/datasets/toniot/test/normal/test_00014018_orig58798_58799_58800.png,0,0.14635238904822928,0.15826174717761105,0.5183252754447799
/root/New_CheckLiuliang_remote/datasets/toniot/test/normal/test_00014019_orig58801_58802_58803.png,0,0.12442621941198193,0.13577631818747804,0.513677764645673
/root/New_CheckLiuliang_remote/datasets/toniot/test/normal/test_00014020_orig58804_58805_58806.png,0,0.08281708131224343,0.08880453361418908,0.5220635917530007
/root/New_CheckLiuliang_remote/datasets/toniot/test/normal/test_00014021_orig58807_58808_58809.png,0,0.21576655251823548,0.233449089670246,0.5170277549181447
/root/New_CheckLiuliang_remote/datasets/toniot/test/normal/test_00014022_orig58810_58811_58812.png,0,0.08191510391452149,0.089030343100523,0.5172692343818559
/root/New_CheckLiuliang_remote/datasets/toniot/test/normal/test_00014023_orig58813_58814_58815.png,0,0.15368831651252635,0.1678192222522981,0.5117424762094813
/root/New_CheckLiuliang_remote/datasets/toniot/test/normal/test_00014024_orig58816_58817_58818.png,0,0.13516668100433255,0.14680371986030516,0.515902377469959
/root/New_CheckLiuliang_remote/datasets/toniot/test/normal/test_00014025_orig58819_58820_58821.png,0,0.11058426228899004,0.11904004333022938,0.5209088308976462
/root/New_CheckLiuliang_remote/datasets/toniot/test/normal/test_00014026_orig58822_58823_58824.png,0,0.12290553714602545,0.13191958138253926,0.5225445072300445
/root/New_CheckLiuliang_remote/datasets/toniot/test/normal/test_00014027_orig58825_58826_58827.png,0,0.1788403339468923,0.19291504039444365,0.5198646982179633
/root/New_CheckLiuliang_remote/datasets/toniot/test/normal/test_00014028_orig58828_58829_58830.png,0,0.14041937485071102,0.15164832396484196,0.5191840178504551
/root/New_CheckLiuliang_remote/datasets/toniot/test/normal/test_00014029_orig58831_58832_58833.png,0,0.11514460576967238,0.1253939365232608,0.5151665239422273
/root/New_CheckLiuliang_remote/datasets/toniot/test/normal/test_00014030_orig58834_58835_58836.png,0,0.11617416938453362,0.12556332644008655,0.5189304890758905
/root/New_CheckLiuliang_remote/datasets/toniot/test/normal/test_00014031_orig58837_58838_58839.png,0,0.0602459446484996,0.06483959981992973,0.5205517203280259
/root/New_CheckLiuliang_remote/datasets/toniot/test/normal/test_00014032_orig58840_58841_58842.png,0,0.14384991079818263,0.156402919174768,0.5149649269928027
/root/New_CheckLiuliang_remote/datasets/toniot/test/normal/test_00014033_orig58843_58844_58845.png,0,0.14233305625767964,0.15352302817212798,0.5199407991286163
/root/New_CheckLiuliang_remote/datasets/toniot/test/normal/test_00014034_orig58846_58847_58848.png,0,0.44791360315537915,0.5397081586240133,0.2934710069270854
/root/New_CheckLiuliang_remote/datasets/toniot/test/normal/test_00014035_orig58849_58850_58851.png,0,0.1915078614111557,0.23323653222233143,0.41322628894684305
/root/New_CheckLiuliang_remote/datasets/toniot/test/normal/test_00014036_orig58852_58853_58854.png,0,0.07893894295962448,0.08597988130634658,0.5166319597189424
/root/New_CheckLiuliang_remote/datasets/toniot/test/normal/test_00014037_orig58855_58856_58857.png,0,0.349389215671194,0.41174778772963583,0.38027949186858245
/root/New_CheckLiuliang_remote/datasets/toniot/test/normal/test_00014038_orig58858_58859_58860.png,0,0.27836954790148394,0.32648876482998224,0.4149376081751544
/root/New_CheckLiuliang_remote/datasets/toniot/test/normal/test_00014039_orig58861_58862_58863.png,0,0.12394117696456333,0.1590377130708004,0.4185397179460674
/root/New_CheckLiuliang_remote/datasets/toniot/test/normal/test_00014040_orig58864_58865_58866.png,0,0.21226195822297778,0.2540354097090731,0.41956369797718845
/root/New_CheckLiuliang_remote/datasets/toniot/test/normal/test_00014041_orig58867_58868_58869.png,0,0.7023318168299187,0.696072633766535,0.7655701582398649
/root/New_CheckLiuliang_remote/datasets/toniot/test/normal/test_00014042_orig58870_58871_58872.png,0,0.09958197391834149,0.10891745410235218,0.5139354507848012
/root/New_CheckLiuliang_remote/datasets/toniot/test/normal/test_00014043_orig58873_58874_58875.png,0,0.5702102214972565,0.6279200243417641,0.4682096549084418
/root/New_CheckLiuliang_remote/datasets/toniot/test/normal/test_00014044_orig58876_58877_58878.png,0,0.1332983006148569,0.14534888221680098,0.5136615579702563
/root/New_CheckLiuliang_remote/datasets/toniot/test/normal/test_00014045_orig58879_58880_58881.png,0,0.14880002782292265,0.1626616863494426,0.5112846023970519
/root/New_CheckLiuliang_remote/datasets/toniot/test/normal/test_00014046_orig58882_58883_58884.png,0,0.12454214427582579,0.13533440862909762,0.515945501319329
/root/New_CheckLiuliang_remote/datasets/toniot/test/normal/test_00014047_orig58885_58886_58887.png,0,0.13368421579905795,0.1459099289126545,0.5130822045560065
/root/New_CheckLiuliang_remote/datasets/toniot/test/normal/test_00014048_orig58888_58889_58890.png,0,0.054500966426602036,0.05953340491183524,0.516992734406483
/root/New_CheckLiuliang_remote/datasets/toniot/test/normal/test_00014049_orig58891_58892_58893.png,0,0.23347888769031724,0.2949684634287694,0.3473610564723014
/root/New_CheckLiuliang_remote/datasets/toniot/test/normal/test_00014050_orig58894_58895_58896.png,0,0.13312857224940502,0.143837887420391,0.5189733310700358
/root/New_CheckLiuliang_remote/datasets/toniot/test/normal/test_00014051_orig58897_58898_58899.png,0,0.1137875219984396,0.12272935834286015,0.5199703939272037
/root/New_CheckLiuliang_remote/datasets/toniot/test/normal/test_00014052_orig58900_58901_58902.png,0,0.14819545753514282,0.15984254479024976,0.5199530598308882
/root/New_CheckLiuliang_remote/datasets/toniot/test/normal/test_00014053_orig58903_58904_58905.png,0,0.16170907440891163,0.175548834483221,0.5154254784298663
/root/New_CheckLiuliang_remote/datasets/toniot/test/normal/test_00014054_orig58906_58907_58908.png,0,0.10167211753325656,0.11101914867068277,0.5145455264185368
/root/New_CheckLiuliang_remote/datasets/toniot/test/normal/test_00014055_orig58909_58910_58911.png,0,0.19906182969776517,0.21525036708802464,0.5177586759794451
/root/New_CheckLiuliang_remote/datasets/toniot/test/normal/test_00014056_orig58912_58913_58914.png,0,0.15334170079447076,0.16696138237917127,0.5136785397475409
/root/New_CheckLiuliang_remote/datasets/toniot/test/normal/test_00014057_orig58915_58916_58917.png,0,0.0,0.0,0.5200098536586535
/root/New_CheckLiuliang_remote/datasets/toniot/test/normal/test_00014058_orig58918_58919_58920.png,0,0.13873676747072944,0.1509251038087277,0.514818150884571
/root/New_CheckLiuliang_remote/datasets/toniot/test/normal/test_00014059_orig58921_58922_58923.png,0,0.1474132491113818,0.15959639801723263,0.5175632093811565
/root/New_CheckLiuliang_remote/datasets/toniot/test/normal/test_00014060_orig58924_58925_58926.png,0,0.09232681840946003,0.1001561509992365,0.5176820113583428
/root/New_CheckLiuliang_remote/datasets/toniot/test/normal/test_00014061_orig58927_58928_58929.png,0,0.103783058400045,0.11182922872217942,0.5204117792089916
/root/New_CheckLiuliang_remote/datasets/toniot/test/normal/test_00014062_orig58930_58931_58932.png,0,0.12755168266305503,0.1382480201651414,0.5172741668482871
/root/New_CheckLiuliang_remote/datasets/toniot/test/normal/test_00014063_orig58933_58934_58935.png,0,0.12736489741439264,0.13808952053731374,0.5171023760888684
/root/New_CheckLiuliang_remote/datasets/toniot/test/normal/test_00014064_orig58936_58937_58938.png,0,0.14830568792732982,0.16099245434180734,0.51582895418394
/root/New_CheckLiuliang_remote/datasets/toniot/test/normal/test_00014065_orig58939_58940_58941.png,0,0.10831309779376762,0.11851232354287605,0.5132219342836223
/root/New_CheckLiuliang_remote/datasets/toniot/test/normal/test_00014066_orig58942_58943_58944.png,0,0.11976887706242441,0.1301821210582894,0.5159628354156445
/root/New_CheckLiuliang_remote/datasets/toniot/test/normal/test_00014067_orig58945_58946_58947.png,0,0.06449728848288855,0.07138702525720435,0.5127022637131903
/root/New_CheckLiuliang_remote/datasets/toniot/test/normal/test_00014068_orig58948_58949_58950.png,0,0.054499887215619394,0.06006112469918857,0.5148771995541332
/root/New_CheckLiuliang_remote/datasets/toniot/test/normal/test_00014069_orig58951_58952_58953.png,0,0.08262653516438268,0.08832076860773166,0.5231766380351083
/root/New_CheckLiuliang_remote/datasets/toniot/test/normal/test_00014070_orig58954_58955_58956.png,0,0.1751613376745094,0.18974032433904803,0.5166924176646279
/root/New_CheckLiuliang_remote/datasets/toniot/test/normal/test_00014071_orig58957_58958_58959.png,0,0.11320712889945336,0.12201860297535816,0.5203096066900592
/root/New_CheckLiuliang_remote/datasets/toniot/test/normal/test_00014072_orig58960_58961_58962.png,0,0.1582940787159504,0.17026691311084516,0.5218209144045847
/root/New_CheckLiuliang_remote/datasets/toniot/test/normal/test_00014073_orig58963_58964_58965.png,0,0.13631468949021036,0.1483755953084635,0.5145673701984466
/root/New_CheckLiuliang_remote/datasets/toniot/test/normal/test_00014074_orig58966_58967_58968.png,0,0.09638792568246793,0.10542101529245872,0.5141421211282693
/root/New_CheckLiuliang_remote/datasets/toniot/test/normal/test_00014075_orig58969_58970_58971.png,0,0.1590378547961827,0.1724759360695425,0.516193463453207
/root/New_CheckLiuliang_remote/datasets/toniot/test/normal/test_00014076_orig58972_58973_58974.png,0,0.11385073335738186,0.12455171043797462,0.5129536785735702
/root/New_CheckLiuliang_remote/datasets/toniot/test/normal/test_00014077_orig58975_58976_58977.png,0,0.098968647498044,0.10810212571880827,0.514550881667805
/root/New_CheckLiuliang_remote/datasets/toniot/test/normal/test_00014078_orig58978_58979_58980.png,0,0.09207309291556848,0.0998550279480242,0.5177919348959528
/root/New_CheckLiuliang_remote/datasets/toniot/test/normal/test_00014079_orig58981_58982_58983.png,0,0.08194029400288032,0.08903742834878683,0.5173495631208787
/root/New_CheckLiuliang_remote/datasets/toniot/test/normal/test_00014080_orig58984_58985_58986.png,0,0.2375554204771827,0.25621727254942583,0.5199519324099897
/root/New_CheckLiuliang_remote/datasets/toniot/test/normal/test_00014081_orig58987_58988_58989.png,0,0.09544494887566005,0.10362188706665343,0.5172706436579791
/root/New_CheckLiuliang_remote/datasets/toniot/test/normal/test_00014082_orig58990_58991_58992.png,0,0.14152450000475153,0.1520761942349959,0.522240033123626
/root/New_CheckLiuliang_remote/datasets/toniot/test/normal/test_00014083_orig58993_58994_58995.png,0,0.13338730948326855,0.1431071883911094,0.5230123164391426
/root/New_CheckLiuliang_remote/datasets/toniot/test/normal/test_00014084_orig58996_58997_58998.png,0,0.3487148126202743,0.4326534687735396,0.293747401206749
/root/New_CheckLiuliang_remote/datasets/toniot/test/normal/test_00014085_orig58999_59000_59001.png,0,0.13982230599282378,0.15148523204647293,0.5172606377975043
/root/New_CheckLiuliang_remote/datasets/toniot/test/normal/test_00014086_orig59002_59003_59004.png,0,0.13535358138664202,0.14483546413427648,0.5245816863299441
/root/New_CheckLiuliang_remote/datasets/toniot/test/normal/test_00014087_orig59005_59006_59007.png,0,0.14602122526687975,0.15678250479008707,0.5228136085057706
/root/New_CheckLiuliang_remote/datasets/toniot/test/normal/test_00014088_orig59008_59009_59010.png,0,0.10439963144992287,0.11203771871275735,0.5222377078180227
/root/New_CheckLiuliang_remote/datasets/toniot/test/normal/test_00014089_orig59011_59012_59013.png,0,0.13277074947867626,0.14378435443350882,0.5176438199754039
/root/New_CheckLiuliang_remote/datasets/toniot/test/normal/test_00014090_orig59014_59015_59016.png,0,0.13374802622627896,0.14502440408797831,0.5168995812547391
/root/New_CheckLiuliang_remote/datasets/toniot/test/normal/test_00014091_orig59017_59018_59019.png,0,0.484300543316111,0.5915883145362134,0.2429231966356633
/root/New_CheckLiuliang_remote/datasets/toniot/test/normal/test_00014092_orig59020_59021_59022.png,0,0.0796840424887778,0.08687380346229841,0.5162706213209526
/root/New_CheckLiuliang_remote/datasets/toniot/test/normal/test_00014093_orig59023_59024_59025.png,0,0.5646199642604732,0.6523031189918899,0.34656097518525464
/root/New_CheckLiuliang_remote/datasets/toniot/test/normal/test_00014094_orig59026_59027_59028.png,0,0.19952538800312924,0.23954542096805748,0.4225782453004341
/root/New_CheckLiuliang_remote/datasets/toniot/test/normal/test_00014095_orig59029_59030_59031.png,0,0.09691168793547085,0.10554487592877436,0.5159061825154917
/root/New_CheckLiuliang_remote/datasets/toniot/test/normal/test_00014096_orig59032_59033_59034.png,0,0.16934479488273896,0.18251009090242315,0.5205208571809278
/root/New_CheckLiuliang_remote/datasets/toniot/test/normal/test_00014097_orig59035_59036_59037.png,0,0.05608305172233062,0.06021030853763231,0.5211102164556523
/root/New_CheckLiuliang_remote/datasets/toniot/test/normal/test_00014098_orig59038_59039_59040.png,0,0.6046539661089956,0.6811374552596094,0.4039298228406032
/root/New_CheckLiuliang_remote/datasets/toniot/test/normal/test_00014099_orig59041_59042_59043.png,0,0.5737181697924097,0.6232819421032875,0.5018952297623896
/root/New_CheckLiuliang_remote/datasets/toniot/test/normal/test_00014100_orig59044_59045_59046.png,0,0.12312141244670695,0.13486547016067374,0.511692235515689
/root/New_CheckLiuliang_remote/datasets/toniot/test/normal/test_00014101_orig59047_59048_59049.png,0,0.1060512622567754,0.116448548173587,0.511719505008673
/root/New_CheckLiuliang_remote/datasets/toniot/test/normal/test_00014102_orig59050_59051_59052.png,0,0.08525178692060527,0.09335614958218684,0.5143604179997538
/root/New_CheckLiuliang_remote/datasets/toniot/test/normal/test_00014103_orig59053_59054_59055.png,0,0.11931110064829191,0.1299648401115323,0.5148571173693776
/root/New_CheckLiuliang_remote/datasets/toniot/test/normal/test_00014104_orig59056_59057_59058.png,0,0.10365214262396467,0.11263707823255595,0.5166156121159132
/root/New_CheckLiuliang_remote/datasets/toniot/test/normal/test_00014105_orig59059_59060_59061.png,0,0.06200622307907556,0.06709664501685961,0.5191173590898275
/root/New_CheckLiuliang_remote/datasets/toniot/test/normal/test_00014106_orig59062_59063_59064.png,0,0.12345631907428908,0.1323599164413055,0.5231592334749867
/root/New_CheckLiuliang_remote/datasets/toniot/test/normal/test_00014107_orig59065_59066_59067.png,0,0.059674337466586735,0.0645906976725878,0.5190814225486857
/root/New_CheckLiuliang_remote/datasets/toniot/test/normal/test_00014108_orig59068_59069_59070.png,0,0.11711367465952689,0.12570765557138658,0.5224061867785519
/root/New_CheckLiuliang_remote/datasets/toniot/test/normal/test_00014109_orig59071_59072_59073.png,0,0.12141165407348951,0.1300443523420485,0.5236008301481931
/root/New_CheckLiuliang_remote/datasets/toniot/test/normal/test_00014110_orig59074_59075_59076.png,0,0.11576509547745137,0.12470259998433372,0.5206086550834035
/root/New_CheckLiuliang_remote/datasets/toniot/test/normal/test_00014111_orig59077_59078_59079.png,0,0.2212512012828503,0.23896981015077276,0.5186055804656854
/root/New_CheckLiuliang_remote/datasets/toniot/test/normal/test_00014112_orig59080_59081_59082.png,0,0.0396748914051747,0.04309234873224571,0.5187974534098598
/root/New_CheckLiuliang_remote/datasets/toniot/test/normal/test_00014113_orig59083_59084_59085.png,0,0.34606643524178266,0.4173141686989739,0.3436795339918458
/root/New_CheckLiuliang_remote/datasets/toniot/test/normal/test_00014114_orig59086_59087_59088.png,0,0.1520667608194382,0.16429916594819188,0.5188273300636718
/root/New_CheckLiuliang_remote/datasets/toniot/test/normal/test_00014115_orig59089_59090_59091.png,0,0.10860706567904976,0.11749270383439203,0.5185685869674513
/root/New_CheckLiuliang_remote/datasets/toniot/test/normal/test_00014116_orig59092_59093_59094.png,0,0.09751287018457483,0.10514915169240996,0.5200825723066108
/root/New_CheckLiuliang_remote/datasets/toniot/test/normal/test_00014117_orig59095_59096_59097.png,0,0.04491376670551668,0.04758570821451875,0.5234244592413739
/root/New_CheckLiuliang_remote/datasets/toniot/test/normal/test_00014118_orig59098_59099_59100.png,0,0.0660302177597043,0.07087308234147512,0.5213710734660576
/root/New_CheckLiuliang_remote/datasets/toniot/test/normal/test_00014119_orig59101_59102_59103.png,0,0.19483587301807379,0.21021131228113635,0.5196841699465807
/root/New_CheckLiuliang_remote/datasets/toniot/test/normal/test_00014120_orig59104_59105_59106.png,0,0.10301803533838187,0.11114143480738424,0.5198626547675846
/root/New_CheckLiuliang_remote/datasets/toniot/test/normal/test_00014121_orig59107_59108_59109.png,0,0.086921290464216,0.09375790940040561,0.51995559652791
/root/New_CheckLiuliang_remote/datasets/toniot/test/normal/test_00014122_orig59110_59111_59112.png,0,0.08295851474775259,0.0895959820869179,0.5195079399673739
/root/New_CheckLiuliang_remote/datasets/toniot/test/normal/test_00014123_orig59113_59114_59115.png,0,0.15672671455750425,0.17017519850831905,0.5154261830679279
/root/New_CheckLiuliang_remote/datasets/toniot/test/normal/test_00014124_orig59116_59117_59118.png,0,0.10665715842589235,0.11539061564115789,0.5185650637771433
/root/New_CheckLiuliang_remote/datasets/toniot/test/normal/test_00014125_orig59119_59120_59121.png,0,0.08992774628187214,0.09714255873769218,0.5193868126845843
/root/New_CheckLiuliang_remote/datasets/toniot/test/normal/test_00014126_orig59122_59123_59124.png,0,0.2039224817230132,0.22126639890551283,0.5146633419024368
/root/New_CheckLiuliang_remote/datasets/toniot/test/normal/test_00014127_orig59125_59126_59127.png,0,0.11333078220942674,0.12324133313407167,0.5159521249171082
/root/New_CheckLiuliang_remote/datasets/toniot/test/normal/test_00014128_orig59128_59129_59130.png,0,0.18168372125926022,0.1965647305001175,0.5175322757702522
/root/New_CheckLiuliang_remote/datasets/toniot/test/normal/test_00014129_orig59131_59132_59133.png,0,0.11163647816137787,0.12057308112123791,0.5193159260955871
/root/New_CheckLiuliang_remote/datasets/toniot/test/normal/test_00014130_orig59134_59135_59136.png,0,0.12054954446389803,0.13043928932860582,0.5183019519249408
/root/New_CheckLiuliang_remote/datasets/toniot/test/normal/test_00014131_orig59137_59138_59139.png,0,0.10145361197107274,0.11044471872810871,0.515900615874805
/root/New_CheckLiuliang_remote/datasets/toniot/test/normal/test_00014132_orig59140_59141_59142.png,0,0.07729290681841276,0.08440958035780241,0.5158121837980738
/root/New_CheckLiuliang_remote/datasets/toniot/test/normal/test_00014133_orig59143_59144_59145.png,0,0.14728034610777377,0.1595575603600828,0.5171452180830138
/root/New_CheckLiuliang_remote/datasets/toniot/test/normal/test_00014134_orig59146_59147_59148.png,0,0.1781621738544874,0.19333687508274325,0.5152517851476812
/root/New_CheckLiuliang_remote/datasets/toniot/test/normal/test_00014135_orig59149_59150_59151.png,0,0.14845595904867145,0.1598790206979783,0.5209309565327805
/root/New_CheckLiuliang_remote/datasets/toniot/test/normal/test_00014136_orig59152_59153_59154.png,0,0.12141032170164688,0.1312834835384097,0.5186385575269684
/root/New_CheckLiuliang_remote/datasets/toniot/test/normal/test_00014137_orig59155_59156_59157.png,0,0.11906811619903176,0.1280783271571399,0.5213549372544468
/root/New_CheckLiuliang_remote/datasets/toniot/test/normal/test_00014138_orig59158_59159_59160.png,0,0.08605147530909656,0.09361581081022569,0.516771618982752
/root/New_CheckLiuliang_remote/datasets/toniot/test/normal/test_00014139_orig59161_59162_59163.png,0,0.13827921492483097,0.14807342259084175,0.524250999687634
/root/New_CheckLiuliang_remote/datasets/toniot/test/normal/test_00014140_orig59164_59165_59166.png,0,0.0892018267818407,0.09558983970150636,0.5224660810137881
/root/New_CheckLiuliang_remote/datasets/toniot/test/normal/test_00014141_orig59167_59168_59169.png,0,0.07724098422875217,0.08463237205320917,0.5146970236017814
/root/New_CheckLiuliang_remote/datasets/toniot/test/normal/test_00014142_orig59170_59171_59172.png,0,0.11039983676667342,0.12003814487731958,0.5161208152690558
/root/New_CheckLiuliang_remote/datasets/toniot/test/normal/test_00014143_orig59173_59174_59175.png,0,0.16345293608688918,0.1774598833899344,0.5153042806832706
/root/New_CheckLiuliang_remote/datasets/toniot/test/normal/test_00014144_orig59176_59177_59178.png,0,0.13418547698211014,0.14494594152387158,0.5191005887039614
/root/New_CheckLiuliang_remote/datasets/toniot/test/normal/test_00014145_orig59179_59180_59181.png,0,0.16564261030625513,0.1792863029423855,0.5174448301868073
/root/New_CheckLiuliang_remote/datasets/toniot/test/normal/test_00014146_orig59182_59183_59184.png,0,0.5287816852328726,0.6301918960767274,0.2803999708843553
/root/New_CheckLiuliang_remote/datasets/toniot/test/normal/test_00014147_orig59185_59186_59187.png,0,0.4851788531471301,0.5642958070156816,0.3558822445512629
/root/New_CheckLiuliang_remote/datasets/toniot/test/normal/test_00014148_orig59188_59189_59190.png,0,0.3898108862686925,0.4734728961044124,0.3077576493217894
/root/New_CheckLiuliang_remote/datasets/toniot/test/normal/test_00014149_orig59191_59192_59193.png,0,0.09715655695200714,0.10407245637291183,0.5228522226715464
/root/New_CheckLiuliang_remote/datasets/toniot/test/normal/test_00014150_orig59194_59195_59196.png,0,0.5600710090452017,0.611312596036276,0.4908989300282426
/root/New_CheckLiuliang_remote/datasets/toniot/test/normal/test_00014151_orig59197_59198_59199.png,0,0.3230179438228555,0.4073681858444875,0.28403255625143264
/root/New_CheckLiuliang_remote/datasets/toniot/test/normal/test_00014152_orig59200_59201_59202.png,0,0.12208956123825201,0.13254295202145414,0.5165309146209086
/root/New_CheckLiuliang_remote/datasets/toniot/test/normal/test_00014153_orig59203_59204_59205.png,0,0.7029897783221013,0.7979145490193558,0.36104093503215934
/root/New_CheckLiuliang_remote/datasets/toniot/test/normal/test_00014154_orig59206_59207_59208.png,0,0.06354223345339985,0.06929740185258249,0.5169406616537305
/root/New_CheckLiuliang_remote/datasets/toniot/test/normal/test_00014155_orig59209_59210_59211.png,0,0.1826885054798069,0.1980898957930551,0.5157662413964573
/root/New_CheckLiuliang_remote/datasets/toniot/test/normal/test_00014156_orig59212_59213_59214.png,0,0.07838480084379038,0.08548050251204853,0.5162389126081804
/root/New_CheckLiuliang_remote/datasets/toniot/test/normal/test_00014157_orig59215_59216_59217.png,0,0.11860836992012104,0.1299879327725403,0.5117331749870682
/root/New_CheckLiuliang_remote/datasets/toniot/test/normal/test_00014158_orig59218_59219_59220.png,0,0.2386174077434213,0.2564422947859527,0.5236332434990268
/root/New_CheckLiuliang_remote/datasets/toniot/test/normal/test_00014159_orig59221_59222_59223.png,0,0.10187563121527862,0.10845205825806023,0.5256918435959992
/root/New_CheckLiuliang_remote/datasets/toniot/test/normal/test_00014160_orig59224_59225_59226.png,0,0.10374100033720678,0.11057356527986928,0.525252995011233
/root/New_CheckLiuliang_remote/datasets/toniot/test/normal/test_00014161_orig59227_59228_59229.png,0,0.1142932188911097,0.12252480460131768,0.5229701790830588
/root/New_CheckLiuliang_remote/datasets/toniot/test/normal/test_00014162_orig59230_59231_59232.png,0,0.19070086090707844,0.20641912996037903,0.5170145077225865
/root/New_CheckLiuliang_remote/datasets/toniot/test/normal/test_00014163_orig59233_59234_59235.png,0,0.1935035266228576,0.20792592609115118,0.5230779887064839
/root/New_CheckLiuliang_remote/datasets/toniot/test/normal/test_00014164_orig59236_59237_59238.png,0,0.10832511550153316,0.11708884468335436,0.5189676939655431
/root/New_CheckLiuliang_remote/datasets/toniot/test/normal/test_00014165_orig59239_59240_59241.png,0,0.1096779493015684,0.11814087284223028,0.5205956897430699
/root/New_CheckLiuliang_remote/datasets/toniot/test/normal/test_00014166_orig59242_59243_59244.png,0,0.14282158422690508,0.15463383764993335,0.5176050648820157
/root/New_CheckLiuliang_remote/datasets/toniot/test/normal/test_00014167_orig59245_59246_59247.png,0,0.08692041196846514,0.09459305023742798,0.5166112433599314
/root/New_CheckLiuliang_remote/datasets/toniot/test/normal/test_00014168_orig59248_59249_59250.png,0,0.15923756247114443,0.1715523608375236,0.5207493008404993
/root/New_CheckLiuliang_remote/datasets/toniot/test/normal/test_00014169_orig59251_59252_59253.png,0,0.18068227744320364,0.19419497737247243,0.5226910719468579
/root/New_CheckLiuliang_remote/datasets/toniot/test/normal/test_00014170_orig59254_59255_59256.png,0,0.07319563534613692,0.07869978871527261,0.5209757715134984
/root/New_CheckLiuliang_remote/datasets/toniot/test/normal/test_00014171_orig59257_59258_59259.png,0,0.1171846453043243,0.12594094393088787,0.5217791998313378
/root/New_CheckLiuliang_remote/datasets/toniot/test/normal/test_00014172_orig59260_59261_59262.png,0,0.11805289419690843,0.12889418037388856,0.5137118691278547
/root/New_CheckLiuliang_remote/datasets/toniot/test/normal/test_00014173_orig59263_59264_59265.png,0,0.11553873484926588,0.12477975046542865,0.5193235361866524
/root/New_CheckLiuliang_remote/datasets/toniot/test/normal/test_00014174_orig59266_59267_59268.png,0,0.14721526677154143,0.15846656333575587,0.5212284547223892
/root/New_CheckLiuliang_remote/datasets/toniot/test/normal/test_00014175_orig59269_59270_59271.png,0,0.15106778699794235,0.16415693614971077,0.5150866884498477
/root/New_CheckLiuliang_remote/datasets/toniot/test/normal/test_00014176_orig59272_59273_59274.png,0,0.15244853311447404,0.16511672487285586,0.5172040553611577
/root/New_CheckLiuliang_remote/datasets/toniot/test/normal/test_00014177_orig59275_59276_59277.png,0,0.1485259406116897,0.16111172268758162,0.5163020481785
/root/New_CheckLiuliang_remote/datasets/toniot/test/normal/test_00014178_orig59278_59279_59280.png,0,0.06639777049008523,0.07133572281144225,0.5211061295548949
/root/New_CheckLiuliang_remote/datasets/toniot/test/normal/test_00014179_orig59281_59282_59283.png,0,0.07358885095394238,0.07944990657312914,0.5196716273890841
/root/New_CheckLiuliang_remote/datasets/toniot/test/normal/test_00014180_orig59284_59285_59286.png,0,0.06970280535989097,0.07421102152354093,0.523862814579497
/root/New_CheckLiuliang_remote/datasets/toniot/test/normal/test_00014181_orig59287_59288_59289.png,0,0.21014319739700943,0.22674263977193898,0.5195944695213387
/root/New_CheckLiuliang_remote/datasets/toniot/test/normal/test_00014182_orig59290_59291_59292.png,0,0.07800935485536833,0.08413207480080284,0.5200129540661245
/root/New_CheckLiuliang_remote/datasets/toniot/test/normal/test_00014183_orig59293_59294_59295.png,0,0.07065869167859998,0.07633895775210789,0.5194747515146724
/root/New_CheckLiuliang_remote/datasets/toniot/test/normal/test_00014184_orig59296_59297_59298.png,0,0.04697601525804309,0.05043765184900706,0.5209131996536281
/root/New_CheckLiuliang_remote/datasets/toniot/test/normal/test_00014185_orig59299_59300_59301.png,0,0.11916691778431414,0.12941389645486978,0.5164388888900633
/root/New_CheckLiuliang_remote/datasets/toniot/test/normal/test_00014186_orig59302_59303_59304.png,0,0.1438595495494153,0.15629992065834028,0.5154185025130564
/root/New_CheckLiuliang_remote/datasets/toniot/test/normal/test_00014187_orig59305_59306_59307.png,0,0.10662160953454532,0.11713529242197272,0.5114329991728254
/root/New_CheckLiuliang_remote/datasets/toniot/test/normal/test_00014188_orig59308_59309_59310.png,0,0.16461113162457533,0.1777314845733808,0.519214317287104
/root/New_CheckLiuliang_remote/datasets/toniot/test/normal/test_00014189_orig59311_59312_59313.png,0,0.0933693925688139,0.10143503831085582,0.5170641142421234
/root/New_CheckLiuliang_remote/datasets/toniot/test/normal/test_00014190_orig59314_59315_59316.png,0,0.11422910014030191,0.12457414705747671,0.5144962017542246
/root/New_CheckLiuliang_remote/datasets/toniot/test/normal/test_00014191_orig59317_59318_59319.png,0,0.11667806748547399,0.12520565261106487,0.5225349946162129
/root/New_CheckLiuliang_remote/datasets/toniot/test/normal/test_00014192_orig59320_59321_59322.png,0,0.12271214455966313,0.1327540661780557,0.5183722748034888
/root/New_CheckLiuliang_remote/datasets/toniot/test/normal/test_00014193_orig59323_59324_59325.png,0,0.13724186897350465,0.14897547966146685,0.5161676737001524
/root/New_CheckLiuliang_remote/datasets/toniot/test/normal/test_00014194_orig59326_59327_59328.png,0,0.1282394669340904,0.13766204389206332,0.522585164846199
/root/New_CheckLiuliang_remote/datasets/toniot/test/normal/test_00014195_orig59329_59330_59331.png,0,0.14671108908103547,0.15805351960363548,0.52070561328068
/root/New_CheckLiuliang_remote/datasets/toniot/test/normal/test_00014196_orig59332_59333_59334.png,0,0.1738348637415593,0.1892276935063306,0.5130205487256163
/root/New_CheckLiuliang_remote/datasets/toniot/test/normal/test_00014197_orig59335_59336_59337.png,0,0.08852055643776258,0.09655422071519283,0.5156695650544054
/root/New_CheckLiuliang_remote/datasets/toniot/test/normal/test_00014198_orig59338_59339_59340.png,0,0.1832883225680824,0.19855542284564826,0.5164917367446835
/root/New_CheckLiuliang_remote/datasets/toniot/test/normal/test_00014199_orig59341_59342_59343.png,0,0.07123945130067426,0.0771716056314078,0.5186495498807294
/root/New_CheckLiuliang_remote/datasets/toniot/test/normal/test_00014200_orig59344_59345_59346.png,0,0.22352564332673885,0.24038607255372949,0.5227524459220235
/root/New_CheckLiuliang_remote/datasets/toniot/test/normal/test_00014201_orig59347_59348_59349.png,0,0.09203534627129958,0.09871994493450016,0.5221694283898534
/root/New_CheckLiuliang_remote/datasets/toniot/test/normal/test_00014202_orig59350_59351_59352.png,0,0.485091400171203,0.5933080617398037,0.23945595458974106
/root/New_CheckLiuliang_remote/datasets/toniot/test/normal/test_00014203_orig59353_59354_59355.png,0,0.2896172520578303,0.35018393435701173,0.36867938777944803
/root/New_CheckLiuliang_remote/datasets/toniot/test/normal/test_00014204_orig59356_59357_59358.png,0,0.4964140772597186,0.5724871412584635,0.371585526536916
/root/New_CheckLiuliang_remote/datasets/toniot/test/normal/test_00014205_orig59359_59360_59361.png,0,0.4578158659429248,0.5303362120871974,0.37367703323136514
/root/New_CheckLiuliang_remote/datasets/toniot/test/normal/test_00014206_orig59362_59363_59364.png,0,0.3896381714579708,0.45669843963151985,0.3741103856392508
/root/New_CheckLiuliang_remote/datasets/toniot/test/normal/test_00014207_orig59365_59366_59367.png,0,0.623230201685292,0.6856705708571406,0.4659350127817821
/root/New_CheckLiuliang_remote/datasets/toniot/test/normal/test_00014208_orig59368_59369_59370.png,0,0.3326167126589765,0.39595516297448696,0.3710936187061112
/root/New_CheckLiuliang_remote/datasets/toniot/test/normal/test_00014209_orig59371_59372_59373.png,0,0.09433710973382303,0.10154459724234265,0.520800598491384
/root/New_CheckLiuliang_remote/datasets/toniot/test/normal/test_00014210_orig59374_59375_59376.png,0,0.14022416933921916,0.15141123056460637,0.5192902772701448
/root/New_CheckLiuliang_remote/datasets/toniot/test/normal/test_00014211_orig59377_59378_59379.png,0,0.2007417334624624,0.24085789760477935,0.42257563813960614
/root/New_CheckLiuliang_remote/datasets/toniot/test/normal/test_00014212_orig59380_59381_59382.png,0,0.05427771006161255,0.06081767176380302,0.5108925417795761
/root/New_CheckLiuliang_remote/datasets/toniot/test/normal/test_00014213_orig59383_59384_59385.png,0,0.1446629328771073,0.1583825900229995,0.5105536108719452
/root/New_CheckLiuliang_remote/datasets/toniot/test/normal/test_00014214_orig59386_59387_59388.png,0,0.15833915582390481,0.17287480930513527,0.5115837917180084
/root/New_CheckLiuliang_remote/datasets/toniot/test/normal/test_00014215_orig59389_59390_59391.png,0,0.2985692544596672,0.37884927433280907,0.2926368563897601
/root/New_CheckLiuliang_remote/datasets/toniot/test/normal/test_00014216_orig59392_59393_59394.png,0,0.12853706756122169,0.13963541674183808,0.5159755189007533
/root/New_CheckLiuliang_remote/datasets/toniot/test/normal/test_00014217_orig59395_59396_59397.png,0,0.11694032270066691,0.12734880900256892,0.5150937348304637
/root/New_CheckLiuliang_remote/datasets/toniot/test/normal/test_00014218_orig59398_59399_59400.png,0,0.39602981728135844,0.4700831296433798,0.3481451072434467
/root/New_CheckLiuliang_remote/datasets/toniot/test/normal/test_00014219_orig59401_59402_59403.png,0,0.06138110504694016,0.06605537593868059,0.5205856838825952
/root/New_CheckLiuliang_remote/datasets/toniot/test/normal/test_00014220_orig59404_59405_59406.png,0,0.09532034364885843,0.10436924955018514,0.513743648304433
/root/New_CheckLiuliang_remote/datasets/toniot/test/normal/test_00014221_orig59407_59408_59409.png,0,0.1582662692708017,0.17004897612258213,0.5225726927525086
/root/New_CheckLiuliang_remote/datasets/toniot/test/normal/test_00014222_orig59410_59411_59412.png,0,0.15252088063894245,0.1645820510455399,0.519654857003218
/root/New_CheckLiuliang_remote/datasets/toniot/test/normal/test_00014223_orig59413_59414_59415.png,0,0.1161916672497589,0.12616373562629463,0.5166043379069276
/root/New_CheckLiuliang_remote/datasets/toniot/test/normal/test_00014224_orig59416_59417_59418.png,0,0.13423724699287712,0.14611894373643716,0.5146319150448894
/root/New_CheckLiuliang_remote/datasets/toniot/test/normal/test_00014225_orig59419_59420_59421.png,0,0.0593190460685288,0.06436856201868695,0.5184372424327686
/root/New_CheckLiuliang_remote/datasets/toniot/test/normal/test_00014226_orig59422_59423_59424.png,0,0.12080437319181878,0.13086204247501368,0.517710267344613
/root/New_CheckLiuliang_remote/datasets/toniot/test/normal/test_00014227_orig59425_59426_59427.png,0,0.11220092487968733,0.12280375344963025,0.5128282529986049
/root/New_CheckLiuliang_remote/datasets/toniot/test/normal/test_00014228_orig59428_59429_59430.png,0,0.11498354577820075,0.12419692319157895,0.5192597664420774
/root/New_CheckLiuliang_remote/datasets/toniot/test/normal/test_00014229_orig59431_59432_59433.png,0,0.10258846847281859,0.10903829694774066,0.5264220600192381
/root/New_CheckLiuliang_remote/datasets/toniot/test/normal/test_00014230_orig59434_59435_59436.png,0,0.10498105613321777,0.11441691883808751,0.5152291662659038
/root/New_CheckLiuliang_remote/datasets/toniot/test/normal/test_00014231_orig59437_59438_59439.png,0,0.14256706330647115,0.15348865159721833,0.5210878089652933
/root/New_CheckLiuliang_remote/datasets/toniot/test/normal/test_00014232_orig59440_59441_59442.png,0,0.06519725089949863,0.07041280362092925,0.519618779534464
/root/New_CheckLiuliang_remote/datasets/toniot/test/normal/test_00014233_orig59443_59444_59445.png,0,0.13544876886972737,0.14505956791269506,0.5240959088502752
/root/New_CheckLiuliang_remote/datasets/toniot/test/normal/test_00014234_orig59446_59447_59448.png,0,0.1834907566850531,0.19922734055600042,0.5146773641998627
/root/New_CheckLiuliang_remote/datasets/toniot/test/normal/test_00014235_orig59449_59450_59451.png,0,0.1577509774953138,0.1718562392630607,0.51312067779417
/root/New_CheckLiuliang_remote/datasets/toniot/test/normal/test_00014236_orig59452_59453_59454.png,0,0.1515632843909653,0.16433774118873934,0.5165010379670967
/root/New_CheckLiuliang_remote/datasets/toniot/test/normal/test_00014237_orig59455_59456_59457.png,0,0.10153200386789374,0.11061371502003091,0.5155628123880727
/root/New_CheckLiuliang_remote/datasets/toniot/test/normal/test_00014238_orig59458_59459_59460.png,0,0.13374666002375207,0.1448497658391053,0.5175922404692946
/root/New_CheckLiuliang_remote/datasets/toniot/test/normal/test_00014239_orig59461_59462_59463.png,0,0.08185827048406843,0.08780787535841188,0.5219139266287163
/root/New_CheckLiuliang_remote/datasets/toniot/test/normal/test_00014240_orig59464_59465_59466.png,0,0.05611415472010768,0.05967209208618444,0.5233972602121961
/root/New_CheckLiuliang_remote/datasets/toniot/test/normal/test_00014241_orig59467_59468_59469.png,0,0.18814812113954088,0.20181266892248725,0.5244278638410962
/root/New_CheckLiuliang_remote/datasets/toniot/test/normal/test_00014242_orig59470_59471_59472.png,0,0.11685865506086744,0.1261920766193499,0.5193683511673703
/root/New_CheckLiuliang_remote/datasets/toniot/test/normal/test_00014243_orig59473_59474_59475.png,0,0.047171239064740945,0.05044237534784961,0.5217364987648047
/root/New_CheckLiuliang_remote/datasets/toniot/test/normal/test_00014244_orig59476_59477_59478.png,0,0.06888386795440397,0.07436217348650241,0.5197253208093783
/root/New_CheckLiuliang_remote/datasets/toniot/test/normal/test_00014245_orig59479_59480_59481.png,0,0.12604633429553264,0.1369356747367207,0.5160294941762721
/root/New_CheckLiuliang_remote/datasets/toniot/test/normal/test_00014246_orig59482_59483_59484.png,0,0.15926734256976893,0.1728224571929637,0.5157973863987801
/root/New_CheckLiuliang_remote/datasets/toniot/test/normal/test_00014247_orig59485_59486_59487.png,0,0.14727175097431872,0.16067151883711658,0.5126523048746227
/root/New_CheckLiuliang_remote/datasets/toniot/test/normal/test_00014248_orig59488_59489_59490.png,0,0.1449598392596959,0.15775633280145862,0.5143394902493242
/root/New_CheckLiuliang_remote/datasets/toniot/test/normal/test_00014249_orig59491_59492_59493.png,0,0.1257701309443937,0.13496230188694594,0.5227314477077877
/root/New_CheckLiuliang_remote/datasets/toniot/test/normal/test_00014250_orig59494_59495_59496.png,0,0.08428980919268045,0.09317967441709728,0.5109163585460583
/root/New_CheckLiuliang_remote/datasets/toniot/test/normal/test_00014251_orig59497_59498_59499.png,0,0.02229058774355133,0.026029365205054302,0.5120537148412913
/root/New_CheckLiuliang_remote/datasets/toniot/test/normal/test_00014252_orig59500_59501_59502.png,0,0.16830567124355716,0.18110629328807873,0.5216532810097294
/root/New_CheckLiuliang_remote/datasets/toniot/test/normal/test_00014253_orig59503_59504_59505.png,0,0.08671685029187728,0.09340889531926194,0.5204697004576554
/root/New_CheckLiuliang_remote/datasets/toniot/test/normal/test_00014254_orig59506_59507_59508.png,0,0.11932956293157389,0.12946441165082478,0.5169384772757396
/root/New_CheckLiuliang_remote/datasets/toniot/test/normal/test_00014255_orig59509_59510_59511.png,0,0.09066811169097548,0.09863334745572015,0.5166175851024857
/root/New_CheckLiuliang_remote/datasets/toniot/test/normal/test_00014256_orig59512_59513_59514.png,0,0.07123577168146868,0.07814241585185218,0.5147504351668509
/root/New_CheckLiuliang_remote/datasets/toniot/test/normal/test_00014257_orig59515_59516_59517.png,0,0.06685106956908833,0.07267430990009931,0.5177073078647543
/root/New_CheckLiuliang_remote/datasets/toniot/test/normal/test_00014258_orig59518_59519_59520.png,0,0.11774499126485717,0.12900492018008602,0.511940620432404
/root/New_CheckLiuliang_remote/datasets/toniot/test/normal/test_00014259_orig59521_59522_59523.png,0,0.15359870806112258,0.16694694946604124,0.514844997594718
/root/New_CheckLiuliang_remote/datasets/toniot/test/normal/test_00014260_orig59524_59525_59526.png,0,0.4233793884556427,0.5000059699777037,0.3464394603515312
/root/New_CheckLiuliang_remote/datasets/toniot/test/normal/test_00014261_orig59527_59528_59529.png,0,0.19497540761297558,0.25354364099624366,0.34695680561635994
/root/New_CheckLiuliang_remote/datasets/toniot/test/normal/test_00014262_orig59530_59531_59532.png,0,0.27828921122401945,0.32987446383367824,0.401048240719582
/root/New_CheckLiuliang_remote/datasets/toniot/test/normal/test_00014263_orig59533_59534_59535.png,0,0.5675710462688723,0.6197839287937797,0.48936866754986
/root/New_CheckLiuliang_remote/datasets/toniot/test/normal/test_00014264_orig59536_59537_59538.png,0,0.6676628265882036,0.7351123517001775,0.45984968801797504
/root/New_CheckLiuliang_remote/datasets/toniot/test/normal/test_00014265_orig59539_59540_59541.png,0,0.5546048668440047,0.6141461705085988,0.455983761756798
/root/New_CheckLiuliang_remote/datasets/toniot/test/normal/test_00014266_orig59542_59543_59544.png,0,0.11202208708699217,0.12245867561752202,0.5134370602838296
/root/New_CheckLiuliang_remote/datasets/toniot/test/normal/test_00014267_orig59545_59546_59547.png,0,0.14424938135273757,0.15647600219852628,0.5163959059683055
/root/New_CheckLiuliang_remote/datasets/toniot/test/normal/test_00014268_orig59548_59549_59550.png,0,0.233901332578684,0.2955220312514556,0.34696920724624414
/root/New_CheckLiuliang_remote/datasets/toniot/test/normal/test_00014269_orig59551_59552_59553.png,0,0.2285503656279117,0.2733030863210229,0.4127609812028637
/root/New_CheckLiuliang_remote/datasets/toniot/test/normal/test_00014270_orig59554_59555_59556.png,0,0.10235080172197611,0.11275923316095623,0.510513023719597
/root/New_CheckLiuliang_remote/datasets/toniot/test/normal/test_00014271_orig59557_59558_59559.png,0,0.10826539354568109,0.11656978464387902,0.5207862943387335
/root/New_CheckLiuliang_remote/datasets/toniot/test/normal/test_00014272_orig59560_59561_59562.png,0,0.08129303818304752,0.08739338833497846,0.5211334695116852
/root/New_CheckLiuliang_remote/datasets/toniot/test/normal/test_00014273_orig59563_59564_59565.png,0,0.12104758704710286,0.13164010770102194,0.5156472280278527
/root/New_CheckLiuliang_remote/datasets/toniot/test/normal/test_00014274_orig59566_59567_59568.png,0,0.166763639433675,0.18122529921725064,0.514524950987138
/root/New_CheckLiuliang_remote/datasets/toniot/test/normal/test_00014275_orig59569_59570_59571.png,0,0.0739556450871219,0.08128957816399962,0.5138952864152898
/root/New_CheckLiuliang_remote/datasets/toniot/test/normal/test_00014276_orig59572_59573_59574.png,0,0.2071123674525215,0.22445554787403846,0.5156678739230576
/root/New_CheckLiuliang_remote/datasets/toniot/test/normal/test_00014277_orig59575_59576_59577.png,0,0.12637336921499964,0.13823555537652912,0.5122407962466468
/root/New_CheckLiuliang_remote/datasets/toniot/test/normal/test_00014278_orig59578_59579_59580.png,0,0.1672370476234394,0.1816416231569006,0.5149019323500955
/root/New_CheckLiuliang_remote/datasets/toniot/test/normal/test_00014279_orig59581_59582_59583.png,0,0.13155708580543987,0.14324115206661603,0.5145808992492293
/root/New_CheckLiuliang_remote/datasets/toniot/test/normal/test_00014280_orig59584_59585_59586.png,0,0.1486767900317213,0.16108403773603225,0.5170635505316741
/root/New_CheckLiuliang_remote/datasets/toniot/test/normal/test_00014281_orig59587_59588_59589.png,0,0.2036313649833583,0.2203139578472339,0.5172172320929096
/root/New_CheckLiuliang_remote/datasets/toniot/test/normal/test_00014282_orig59590_59591_59592.png,0,0.17506360666900675,0.1885149700143109,0.5211722246050733
/root/New_CheckLiuliang_remote/datasets/toniot/test/normal/test_00014283_orig59593_59594_59595.png,0,0.16282051767311614,0.17523026072795153,0.5214945260544503
/root/New_CheckLiuliang_remote/datasets/toniot/test/normal/test_00014284_orig59596_59597_59598.png,0,0.1199133878367072,0.1287140313763659,0.5224586118503352
/root/New_CheckLiuliang_remote/datasets/toniot/test/normal/test_00014285_orig59599_59600_59601.png,0,0.13855007770797031,0.15002895111165576,0.5175973843271443
/root/New_CheckLiuliang_remote/datasets/toniot/test/normal/test_00014286_orig59602_59603_59604.png,0,0.12589886292797353,0.13763973848086242,0.5125770495296436
/root/New_CheckLiuliang_remote/datasets/toniot/test/normal/test_00014287_orig59605_59606_59607.png,0,0.08032408791446628,0.08647729197612691,0.5206178153782043
/root/New_CheckLiuliang_remote/datasets/toniot/test/normal/test_00014288_orig59608_59609_59610.png,0,0.24616933966806748,0.2659024133011628,0.5183717110930395
/root/New_CheckLiuliang_remote/datasets/toniot/test/normal/test_00014289_orig59611_59612_59613.png,0,0.1293638761834319,0.14043434408773428,0.5163466517677995
/root/New_CheckLiuliang_remote/datasets/toniot/test/normal/test_00014290_orig59614_59615_59616.png,0,0.14290402965398874,0.1553426248929176,0.5151255844708482
/root/New_CheckLiuliang_remote/datasets/toniot/test/normal/test_00014291_orig59617_59618_59619.png,0,0.1860097908348313,0.20140802252164247,0.516821718748932
/root/New_CheckLiuliang_remote/datasets/toniot/test/normal/test_00014292_orig59620_59621_59622.png,0,0.09813565189943006,0.10620826509954971,0.5185327913539218
/root/New_CheckLiuliang_remote/datasets/toniot/test/normal/test_00014293_orig59623_59624_59625.png,0,0.08079145126153174,0.0870738961216007,0.5202475985406382
/root/New_CheckLiuliang_remote/datasets/toniot/test/normal/test_00014294_orig59626_59627_59628.png,0,0.16166274758196655,0.17526542455266825,0.5163592647891022
/root/New_CheckLiuliang_remote/datasets/toniot/test/normal/test_00014295_orig59629_59630_59631.png,0,0.07274713083091283,0.07853918975462604,0.5196833243809068
/root/New_CheckLiuliang_remote/datasets/toniot/test/normal/test_00014296_orig59632_59633_59634.png,0,0.1903499716237584,0.2053409913495679,0.5198133301032725
/root/New_CheckLiuliang_remote/datasets/toniot/test/normal/test_00014297_orig59635_59636_59637.png,0,0.09713905067737359,0.10536538297275762,0.5176049944182096
/root/New_CheckLiuliang_remote/datasets/toniot/test/normal/test_00014298_orig59638_59639_59640.png,0,0.1022606252740366,0.10969761866117936,0.5223704616288286
/root/New_CheckLiuliang_remote/datasets/toniot/test/normal/test_00014299_orig59641_59642_59643.png,0,0.11666049321638661,0.12588268744516312,0.5197510400986268
/root/New_CheckLiuliang_remote/datasets/toniot/test/normal/test_00014300_orig59644_59645_59646.png,0,0.13038762173921367,0.13950985039760708,0.5244610522937977
/root/New_CheckLiuliang_remote/datasets/toniot/test/normal/test_00014301_orig59647_59648_59649.png,0,0.21181492445634503,0.2903609527244682,0.272333027731806
/root/New_CheckLiuliang_remote/datasets/toniot/test/normal/test_00014302_orig59650_59651_59652.png,0,0.22607961055387943,0.2462907085235143,0.510151685321607
/root/New_CheckLiuliang_remote/datasets/toniot/test/normal/test_00014303_orig59653_59654_59655.png,0,0.05644880240866213,0.06330131369687392,0.510324039791475
/root/New_CheckLiuliang_remote/datasets/toniot/test/normal/test_00014304_orig59656_59657_59658.png,0,0.05209243406405115,0.058092737764858716,0.5123650239369073
/root/New_CheckLiuliang_remote/datasets/toniot/test/normal/test_00014305_orig59659_59660_59661.png,0,0.2546788653352262,0.2758228105369188,0.5154001114596486
/root/New_CheckLiuliang_remote/datasets/toniot/test/normal/test_00014306_orig59662_59663_59664.png,0,0.3367562280960747,0.35568484238406006,0.5500327198683905
/root/New_CheckLiuliang_remote/datasets/toniot/test/normal/test_00014307_orig59665_59666_59667.png,0,0.4982625778537147,0.6003266561866223,0.2682018757042417
/root/New_CheckLiuliang_remote/datasets/toniot/test/normal/test_00014308_orig59668_59669_59670.png,0,0.38651958937602754,0.4415879668342153,0.42109875199438995
/root/New_CheckLiuliang_remote/datasets/toniot/test/normal/test_00014309_orig59671_59672_59673.png,0,0.06249323411519713,0.06688448119384859,0.5220669740156964
/root/New_CheckLiuliang_remote/datasets/toniot/test/normal/test_00014310_orig59674_59675_59676.png,0,0.22849443145745973,0.24674350837089282,0.5187579936784101
/root/New_CheckLiuliang_remote/datasets/toniot/test/normal/test_00014311_orig59677_59678_59679.png,0,0.089132507245131,0.0965724586690571,0.518236561512824
/root/New_CheckLiuliang_remote/datasets/toniot/test/normal/test_00014312_orig59680_59681_59682.png,0,0.1444244315899604,0.15665339582172413,0.5164414960508912
/root/New_CheckLiuliang_remote/datasets/toniot/test/normal/test_00014313_orig59683_59684_59685.png,0,0.1465476685680226,0.1602335455277716,0.5112805154962946
/root/New_CheckLiuliang_remote/datasets/toniot/test/normal/test_00014314_orig59686_59687_59688.png,0,0.11621553390001943,0.126513274540643,0.5153091426858957
/root/New_CheckLiuliang_remote/datasets/toniot/test/normal/test_00014315_orig59689_59690_59691.png,0,0.11865422436034735,0.12868345984219054,0.5171488822009341
/root/New_CheckLiuliang_remote/datasets/toniot/test/normal/test_00014316_orig59692_59693_59694.png,0,0.15419243087247506,0.1674812296684537,0.5152691897078028
/root/New_CheckLiuliang_remote/datasets/toniot/test/normal/test_00014317_orig59695_59696_59697.png,0,0.18079579409089505,0.19553080908680465,0.5178374545147323
/root/New_CheckLiuliang_remote/datasets/toniot/test/normal/test_00014318_orig59698_59699_59700.png,0,0.19678633025796793,0.21304593641986866,0.5167599219909295
/root/New_CheckLiuliang_remote/datasets/toniot/test/normal/test_00014319_orig59701_59702_59703.png,0,0.10756624111679275,0.11749559041701803,0.5140669362470963
/root/New_CheckLiuliang_remote/datasets/toniot/test/normal/test_00014320_orig59704_59705_59706.png,0,0.33258342987507455,0.4177468936762716,0.28378311437762527
/root/New_CheckLiuliang_remote/datasets/toniot/test/normal/test_00014321_orig59707_59708_59709.png,0,0.47313671076325525,0.5444599984596146,0.3832758242979356
/root/New_CheckLiuliang_remote/datasets/toniot/test/normal/test_00014322_orig59710_59711_59712.png,0,0.48744218743084833,0.5601147232902214,0.3823705757801946
/root/New_CheckLiuliang_remote/datasets/toniot/test/normal/test_00014323_orig59713_59714_59715.png,0,0.27319823212995886,0.31851904140789655,0.42450750908119916
/root/New_CheckLiuliang_remote/datasets/toniot/test/normal/test_00014324_orig59716_59717_59718.png,0,0.15195815017512632,0.16469213481023146,0.5167869096286889
/root/New_CheckLiuliang_remote/datasets/toniot/test/normal/test_00014325_orig59719_59720_59721.png,0,0.16972222636232487,0.18233663352826077,0.5228429214491332
/root/New_CheckLiuliang_remote/datasets/toniot/test/normal/test_00014326_orig59722_59723_59724.png,0,0.10865426698104963,0.11748942362686249,0.5187853336352003
/root/New_CheckLiuliang_remote/datasets/toniot/test/normal/test_00014327_orig59725_59726_59727.png,0,0.6181003867754159,0.6766868696835217,0.47973985890186527
/root/New_CheckLiuliang_remote/datasets/toniot/test/normal/test_00014328_orig59728_59729_59730.png,0,0.5527949956626281,0.6089640986534224,0.4689042871095697
/root/New_CheckLiuliang_remote/datasets/toniot/test/normal/test_00014329_orig59731_59732_59733.png,0,0.15545914710635972,0.16962346760184946,0.512164836263606
/root/New_CheckLiuliang_remote/datasets/toniot/test/normal/test_00014330_orig59734_59735_59736.png,0,0.04711667340217222,0.05291433974211533,0.5116132455889834
/root/New_CheckLiuliang_remote/datasets/toniot/test/normal/test_00014331_orig59737_59738_59739.png,0,0.06727712284642146,0.07392682434318108,0.5145352387028375
/root/New_CheckLiuliang_remote/datasets/toniot/test/normal/test_00014332_orig59740_59741_59742.png,0,0.09994506021764321,0.10936474320108105,0.5137126442297224
/root/New_CheckLiuliang_remote/datasets/toniot/test/normal/test_00014333_orig59743_59744_59745.png,0,0.11792298602790609,0.1277917682273588,0.5175610954669717
/root/New_CheckLiuliang_remote/datasets/toniot/test/normal/test_00014334_orig59746_59747_59748.png,0,0.07037254810863867,0.07651267754287264,0.5175454525020041
/root/New_CheckLiuliang_remote/datasets/toniot/test/normal/test_00014335_orig59749_59750_59751.png,0,0.08073589812079804,0.08821042242643774,0.515461837753845
/root/New_CheckLiuliang_remote/datasets/toniot/test/normal/test_00014336_orig59752_59753_59754.png,0,0.15119905826403554,0.1647179828455643,0.5134088042975593
/root/New_CheckLiuliang_remote/datasets/toniot/test/normal/test_00014337_orig59755_59756_59757.png,0,0.19021210663918955,0.20616773485531464,0.515911608228566
/root/New_CheckLiuliang_remote/datasets/toniot/test/normal/test_00014338_orig59758_59759_59760.png,0,0.11160186210541809,0.12173414337839596,0.5145223438263101
/root/New_CheckLiuliang_remote/datasets/toniot/test/normal/test_00014339_orig59761_59762_59763.png,0,0.12837335813025014,0.13938874513561625,0.5162559648492713
/root/New_CheckLiuliang_remote/datasets/toniot/test/normal/test_00014340_orig59764_59765_59766.png,0,0.143022117692015,0.15507968345734924,0.5166867805601351
/root/New_CheckLiuliang_remote/datasets/toniot/test/normal/test_00014341_orig59767_59768_59769.png,0,0.12286197268605517,0.1323726436465201,0.520544321628379
/root/New_CheckLiuliang_remote/datasets/toniot/test/normal/test_00014342_orig59770_59771_59772.png,0,0.13204592158726347,0.14218007053495854,0.5209340569402515
/root/New_CheckLiuliang_remote/datasets/toniot/test/normal/test_00014343_orig59773_59774_59775.png,0,0.10966733484692746,0.11791729389701644,0.5214442148968519
/root/New_CheckLiuliang_remote/datasets/toniot/test/normal/test_00014344_orig59776_59777_59778.png,0,0.08015022345608291,0.08711758848589425,0.5173065801991209
/root/New_CheckLiuliang_remote/datasets/toniot/test/normal/test_00014345_orig59779_59780_59781.png,0,0.1116047640987707,0.12155491283898157,0.5152517851476812
/root/New_CheckLiuliang_remote/datasets/toniot/test/normal/test_00014346_orig59782_59783_59784.png,0,0.1789823474340517,0.1932930515101485,0.5189652981961336
/root/New_CheckLiuliang_remote/datasets/toniot/test/normal/test_00014347_orig59785_59786_59787.png,0,0.16307002591613454,0.17531882633124926,0.5222166391399808
/root/New_CheckLiuliang_remote/datasets/toniot/test/normal/test_00014348_orig59788_59789_59790.png,0,0.13450727425831502,0.14587214092191414,0.5167840206126363
/root/New_CheckLiuliang_remote/datasets/toniot/test/normal/test_00014349_orig59791_59792_59793.png,0,0.1377032428598681,0.1495941268015392,0.515683446424219
/root/New_CheckLiuliang_remote/datasets/toniot/test/normal/test_00014350_orig59794_59795_59796.png,0,0.0786317380780532,0.08447190430086378,0.5213385896514177
/root/New_CheckLiuliang_remote/datasets/toniot/test/normal/test_00014351_orig59797_59798_59799.png,0,0.030488653213988852,0.03210089813394242,0.5231339369685751
/root/New_CheckLiuliang_remote/datasets/toniot/test/normal/test_00014352_orig59800_59801_59802.png,0,0.08420852015332926,0.08952303027146079,0.5251922552103229
/root/New_CheckLiuliang_remote/datasets/toniot/test/normal/test_00014353_orig59803_59804_59805.png,0,0.05632957746994042,0.05996180001519392,0.5231677595955321
/root/New_CheckLiuliang_remote/datasets/toniot/test/normal/test_00014354_orig59806_59807_59808.png,0,0.2463317594262125,0.26507107750487474,0.5223977311218126
/root/New_CheckLiuliang_remote/datasets/toniot/test/normal/test_00014355_orig59809_59810_59811.png,0,0.07226008528405112,0.07647410230232518,0.525842565677376
/root/New_CheckLiuliang_remote/datasets/toniot/test/normal/test_00014356_orig59812_59813_59814.png,0,0.1866364036043573,0.2010784272690737,0.5208432995579171
/root/New_CheckLiuliang_remote/datasets/toniot/test/normal/test_00014357_orig59815_59816_59817.png,0,0.12370332238735185,0.1326421454971476,0.5230958865132487
/root/New_CheckLiuliang_remote/datasets/toniot/test/normal/test_00014358_orig59818_59819_59820.png,0,0.13057732150596513,0.14081996528490767,0.5200389552105976
/root/New_CheckLiuliang_remote/datasets/toniot/test/normal/test_00014359_orig59821_59822_59823.png,0,0.04939136016829301,0.054574124752065516,0.5147870763460543
/root/New_CheckLiuliang_remote/datasets/toniot/test/normal/test_00014360_orig59824_59825_59826.png,0,0.1119442655288778,0.12151253255769984,0.5168859112763441
/root/New_CheckLiuliang_remote/datasets/toniot/test/normal/test_00014361_orig59827_59828_59829.png,0,0.1504211575324531,0.16344408144938988,0.5151485556716564
/root/New_CheckLiuliang_remote/datasets/toniot/test/normal/test_00014362_orig59830_59831_59832.png,0,0.07322773735976909,0.08022692213272796,0.5150057255365695
/root/New_CheckLiuliang_remote/datasets/toniot/test/normal/test_00014363_orig59833_59834_59835.png,0,0.15053930519118008,0.16228800510767674,0.5202825485884937
/root/New_CheckLiuliang_remote/datasets/toniot/test/normal/test_00014364_orig59836_59837_59838.png,0,0.1080789734161038,0.11677053334468722,0.5191790853840239
/root/New_CheckLiuliang_remote/datasets/toniot/test/normal/test_00014365_orig59839_59840_59841.png,0,0.14363562700394694,0.15603146847412225,0.5155263121364816
/root/New_CheckLiuliang_remote/datasets/toniot/test/normal/test_00014366_orig59842_59843_59844.png,0,0.10660047607052439,0.11405845775925874,0.523649168319219
/root/New_CheckLiuliang_remote/datasets/toniot/test/normal/test_00014367_orig59845_59846_59847.png,0,0.17034925625796182,0.1841310382552235,0.5183703018169162
/root/New_CheckLiuliang_remote/datasets/toniot/test/normal/test_00014368_orig59848_59849_59850.png,0,0.08225768260518017,0.08920380047468539,0.5180532851530012
/root/New_CheckLiuliang_remote/datasets/toniot/test/normal/test_00014369_orig59851_59852_59853.png,0,0.07927257554515248,0.08636943875255544,0.5165130168141439
/root/New_CheckLiuliang_remote/datasets/toniot/test/normal/test_00014370_orig59854_59855_59856.png,0,0.0993497379595206,0.10678479437494268,0.5214642266178015
/root/New_CheckLiuliang_remote/datasets/toniot/test/normal/test_00014371_orig59857_59858_59859.png,0,0.13552208517228317,0.14643896078301966,0.5188946229985548
/root/New_CheckLiuliang_remote/datasets/toniot/test/normal/test_00014372_orig59860_59861_59862.png,0,0.1738769514333577,0.18633835550600547,0.5247594665128864
/root/New_CheckLiuliang_remote/datasets/toniot/test/normal/test_00014373_orig59863_59864_59865.png,0,0.3857860552964192,0.4741772222651565,0.2875772732522281
/root/New_CheckLiuliang_remote/datasets/toniot/test/normal/test_00014374_orig59866_59867_59868.png,0,0.3761707685221211,0.43979671110648094,0.3836190887296454
/root/New_CheckLiuliang_remote/datasets/toniot/test/normal/test_00014375_orig59869_59870_59871.png,0,0.4526214284348416,0.5246353426091479,0.374071771473475
/root/New_CheckLiuliang_remote/datasets/toniot/test/normal/test_00014376_orig59872_59873_59874.png,0,0.3632541422690014,0.42782146066591625,0.3757979233329831
/root/New_CheckLiuliang_remote/datasets/toniot/test/normal/test_00014377_orig59875_59876_59877.png,0,0.08062556757628664,0.0869720784798836,0.5199392489248809
/root/New_CheckLiuliang_remote/datasets/toniot/test/normal/test_00014378_orig59878_59879_59880.png,0,0.1249750759217321,0.1340504041937322,0.5229491808688229
/root/New_CheckLiuliang_remote/datasets/toniot/test/normal/test_00014379_orig59881_59882_59883.png,0,0.3245595498141089,0.38751112154362893,0.37011128278443084
/root/New_CheckLiuliang_remote/datasets/toniot/test/normal/test_00014380_orig59884_59885_59886.png,0,0.696457156097793,0.6811630408783399,0.7998653154809052
/root/New_CheckLiuliang_remote/datasets/toniot/test/normal/test_00014381_orig59887_59888_59889.png,0,0.4543740141119054,0.5267350690529607,0.3732334988034893
/root/New_CheckLiuliang_remote/datasets/toniot/test/normal/test_00014382_orig59890_59891_59892.png,0,0.12781038004661294,0.13787984967202516,0.5198628661590031
/root/New_CheckLiuliang_remote/datasets/toniot/test/normal/test_00014383_orig59893_59894_59895.png,0,0.12478459393256831,0.13553620699631527,0.5161842326946001
/root/New_CheckLiuliang_remote/datasets/toniot/test/normal/test_00014384_orig59896_59897_59898.png,0,0.10330604611334569,0.11330532211047503,0.5124495805042996
/root/New_CheckLiuliang_remote/datasets/toniot/test/normal/test_00014385_orig59899_59900_59901.png,0,0.07093069675863886,0.07535515790984651,0.5245833774612919
/root/New_CheckLiuliang_remote/datasets/toniot/test/normal/test_00014386_orig59902_59903_59904.png,0,0.12577934414357295,0.13512447534720667,0.5221224994949507
/root/New_CheckLiuliang_remote/datasets/toniot/test/normal/test_00014387_orig59905_59906_59907.png,0,0.023927927446719028,0.026238773653740506,0.5182795444345819
/root/New_CheckLiuliang_remote/datasets/toniot/test/normal/test_00014388_orig59908_59909_59910.png,0,0.07038889301834127,0.07616222017041596,0.519017793731723
/root/New_CheckLiuliang_remote/datasets/toniot/test/normal/test_00014389_orig59911_59912_59913.png,0,0.1924111888957798,0.2067463634635265,0.5230839076662014
/root/New_CheckLiuliang_remote/datasets/toniot/test/normal/test_00014390_orig59914_59915_59916.png,0,0.11490393846600631,0.12447154216595252,0.5178178655766198
/root/New_CheckLiuliang_remote/datasets/toniot/test/normal/test_00014391_orig59917_59918_59919.png,0,0.11920958327457448,0.12900150876425528,0.5182724980539658
/root/New_CheckLiuliang_remote/datasets/toniot/test/normal/test_00014392_orig59920_59921_59922.png,0,0.12020029332917606,0.13009972224514724,0.5181535551491673
/root/New_CheckLiuliang_remote/datasets/toniot/test/normal/test_00014393_orig59923_59924_59925.png,0,0.12489492113650162,0.1348145613398152,0.5195467655245681
/root/New_CheckLiuliang_remote/datasets/toniot/test/normal/test_00014394_orig59926_59927_59928.png,0,0.17170324142968887,0.1841166053420935,0.5242691088858171
/root/New_CheckLiuliang_remote/datasets/toniot/test/normal/test_00014395_orig59929_59930_59931.png,0,0.1132086245463305,0.12227839541169819,0.5192768891469743
/root/New_CheckLiuliang_remote/datasets/toniot/test/normal/test_00014396_orig59932_59933_59934.png,0,0.1885564186766893,0.2028725695794341,0.5219496517784395
/root/New_CheckLiuliang_remote/datasets/toniot/test/normal/test_00014397_orig59935_59936_59937.png,0,0.07146792397243423,0.07813100072964936,0.5157975977901986
/root/New_CheckLiuliang_remote/datasets/toniot/test/normal/test_00014398_orig59938_59939_59940.png,0,0.19175509963260529,0.2077141558930437,0.5163823769175228
/root/New_CheckLiuliang_remote/datasets/toniot/test/normal/test_00014399_orig59941_59942_59943.png,0,0.23054515104059653,0.24921967143079635,0.5177001205565259
/root/New_CheckLiuliang_remote/datasets/toniot/test/normal/test_00014400_orig59944_59945_59946.png,0,0.13753280699986561,0.14814479990668467,0.5207454957949667
/root/New_CheckLiuliang_remote/datasets/toniot/test/normal/test_00014401_orig59947_59948_59949.png,0,0.06865404647022358,0.07473323056224462,0.5172496454437433
/root/New_CheckLiuliang_remote/datasets/toniot/test/normal/test_00014402_orig59950_59951_59952.png,0,0.08524321492235593,0.09154350690135983,0.5215740092277992
/root/New_CheckLiuliang_remote/datasets/toniot/test/normal/test_00014403_orig59953_59954_59955.png,0,0.349189982056965,0.42005301077784346,0.3461991083087186
/root/New_CheckLiuliang_remote/datasets/toniot/test/normal/test_00014404_orig59956_59957_59958.png,0,0.1302428548975838,0.1403215049487179,0.5205899117109648
/root/New_CheckLiuliang_remote/datasets/toniot/test/normal/test_00014405_orig59959_59960_59961.png,0,0.12600920176880237,0.13467298758284,0.5249200535271257
/root/New_CheckLiuliang_remote/datasets/toniot/test/normal/test_00014406_orig59962_59963_59964.png,0,0.19616975832223688,0.21429307132260197,0.5091114986150691
/root/New_CheckLiuliang_remote/datasets/toniot/test/normal/test_00014407_orig59965_59966_59967.png,0,0.1649848790029358,0.1732097840980525,0.5389134607924937
/root/New_CheckLiuliang_remote/datasets/toniot/test/normal/test_00014408_orig59968_59969_59970.png,0,0.14100991053125694,0.14622023654494953,0.5434439312095684
/root/New_CheckLiuliang_remote/datasets/toniot/test/normal/test_00014409_orig59971_59972_59973.png,0,0.08268346403817214,0.08787859663274888,0.5251909163980057
/root/New_CheckLiuliang_remote/datasets/toniot/test/normal/test_00014410_orig59974_59975_59976.png,0,0.06015510408117012,0.06568799269537146,0.5167662637334839
/root/New_CheckLiuliang_remote/datasets/toniot/test/normal/test_00014411_orig59977_59978_59979.png,0,0.15698551791465903,0.1706972763387216,0.5144543462533654
/root/New_CheckLiuliang_remote/datasets/toniot/test/normal/test_00014412_orig59980_59981_59982.png,0,0.28995367612776674,0.34085869797541657,0.40743166261535013
/root/New_CheckLiuliang_remote/datasets/toniot/test/normal/test_00014413_orig59983_59984_59985.png,0,0.16538623282230755,0.17826327181807078,0.5204309453642673
/root/New_CheckLiuliang_remote/datasets/toniot/test/normal/test_00014414_orig59986_59987_59988.png,0,0.07086297303700274,0.07763582060098913,0.515168567392606
/root/New_CheckLiuliang_remote/datasets/toniot/test/normal/test_00014415_orig59989_59990_59991.png,0,0.07905960625971985,0.08654840687536747,0.5148783974388379
/root/New_CheckLiuliang_remote/datasets/toniot/test/normal/test_00014416_orig59992_59993_59994.png,0,0.13505965560479155,0.1459740897719324,0.5187591915631148
/root/New_CheckLiuliang_remote/datasets/toniot/test/normal/test_00014417_orig59995_59996_59997.png,0,0.06373564582669165,0.06743647451692056,0.5252187496014391
/root/New_CheckLiuliang_remote/datasets/toniot/test/normal/test_00014418_orig59998_59999_60000.png,0,0.09779303426097863,0.10707056605491672,0.5136055392443588
/root/New_CheckLiuliang_remote/datasets/toniot/test/normal/test_00014419_orig60001_60002_60003.png,0,0.07248626570841928,0.07926044178622257,0.5156729473171011
/root/New_CheckLiuliang_remote/datasets/toniot/test/normal/test_00014420_orig60004_60005_60006.png,0,0.12183630336425241,0.13212610324859944,0.517105758351564
/root/New_CheckLiuliang_remote/datasets/toniot/test/normal/test_00014421_orig60007_60008_60009.png,0,0.09582751283272976,0.10320438225229284,0.5205910391318633
/root/New_CheckLiuliang_remote/datasets/toniot/test/normal/test_00014422_orig60010_60011_60012.png,0,0.1466346457575924,0.15951583612030698,0.5145265716546797
/root/New_CheckLiuliang_remote/datasets/toniot/test/normal/test_00014423_orig60013_60014_60015.png,0,0.14921688785899775,0.1616159561890234,0.5172658521191602
/root/New_CheckLiuliang_remote/datasets/toniot/test/normal/test_00014424_orig60016_60017_60018.png,0,0.12154763298703572,0.1304907229826691,0.5224019589501823
/root/New_CheckLiuliang_remote/datasets/toniot/test/normal/test_00014425_orig60019_60020_60021.png,0,0.14208056739931343,0.15245289326768893,0.523132104909615
/root/New_CheckLiuliang_remote/datasets/toniot/test/normal/test_00014426_orig60022_60023_60024.png,0,0.06661200213359822,0.07295548928953198,0.5155512563238623
/root/New_CheckLiuliang_remote/datasets/toniot/test/normal/test_00014427_orig60025_60026_60027.png,0,0.0872378195479514,0.09442549723681878,0.5186507477654342
/root/New_CheckLiuliang_remote/datasets/toniot/test/normal/test_00014428_orig60028_60029_60030.png,0,0.09295685769072136,0.09952149644641997,0.5229386112978989
/root/New_CheckLiuliang_remote/datasets/toniot/test/normal/test_00014429_orig60031_60032_60033.png,0,0.11101869372127185,0.12025595065728142,0.5179193334574905
/root/New_CheckLiuliang_remote/datasets/toniot/test/normal/test_00014430_orig60034_60035_60036.png,0,0.4369523021352463,0.5320486116259214,0.27682227682227684
/root/New_CheckLiuliang_remote/datasets/toniot/test/normal/test_00014431_orig60037_60038_60039.png,0,0.20017212115090938,0.24310811997004778,0.4111174481560785
/root/New_CheckLiuliang_remote/datasets/toniot/test/normal/test_00014432_orig60040_60041_60042.png,0,0.12361791705335928,0.13443589418260443,0.5155524542085671
/root/New_CheckLiuliang_remote/datasets/toniot/test/normal/test_00014433_orig60043_60044_60045.png,0,0.17057613109985106,0.1840704200200775,0.51959151004148
/root/New_CheckLiuliang_remote/datasets/toniot/test/normal/test_00014434_orig60046_60047_60048.png,0,0.6042113952425455,0.6617312226816117,0.47964550786541665
/root/New_CheckLiuliang_remote/datasets/toniot/test/normal/test_00014435_orig60049_60050_60051.png,0,0.5557661612723771,0.6125124959505838,0.467528269902872
/root/New_CheckLiuliang_remote/datasets/toniot/test/normal/test_00014436_orig60052_60053_60054.png,0,0.6043685335837699,0.6560552827807867,0.5030271603445483
/root/New_CheckLiuliang_remote/datasets/toniot/test/normal/test_00014437_orig60055_60056_60057.png,0,0.12224849179093122,0.13264778745409841,0.5167971973443882
/root/New_CheckLiuliang_remote/datasets/toniot/test/normal/test_00014438_orig60058_60059_60060.png,0,0.14493933437216566,0.18164857719686323,0.41868205483451115
/root/New_CheckLiuliang_remote/datasets/toniot/test/normal/test_00014439_orig60061_60062_60063.png,0,0.1164430708706096,0.12520853919369088,0.5215096757727748
/root/New_CheckLiuliang_remote/datasets/toniot/test/normal/test_00014440_orig60064_60065_60066.png,0,0.14246514362641005,0.15458634024490553,0.5162573741253944
/root/New_CheckLiuliang_remote/datasets/toniot/test/normal/test_00014441_orig60067_60068_60069.png,0,0.2102469023868369,0.2267309622331338,0.5200885617301345
/root/New_CheckLiuliang_remote/datasets/toniot/test/normal/test_00014442_orig60070_60071_60072.png,0,0.17604862463350243,0.18964992181953375,0.5208817727960806
/root/New_CheckLiuliang_remote/datasets/toniot/test/normal/test_00014443_orig60073_60074_60075.png,0,0.06741994024390455,0.07271026097462313,0.520017604677331
/root/New_CheckLiuliang_remote/datasets/toniot/test/normal/test_00014444_orig60076_60077_60078.png,0,0.09169219780631246,0.10028604721740651,0.5144246809909719
/root/New_CheckLiuliang_remote/datasets/toniot/test/normal/test_00014445_orig60079_60080_60081.png,0,0.06747811169648092,0.07460504005198998,0.5126894393004692
/root/New_CheckLiuliang_remote/datasets/toniot/test/normal/test_00014446_orig60082_60083_60084.png,0,0.1290329972631518,0.14003442118573203,0.5165189357738613
/root/New_CheckLiuliang_remote/datasets/toniot/test/normal/test_00014447_orig60085_60086_60087.png,0,0.09738521506661989,0.10539490484052352,0.5185488571017264
/root/New_CheckLiuliang_remote/datasets/toniot/test/normal/test_00014448_orig60088_60089_60090.png,0,0.1389531392505622,0.1502685374696138,0.5183778414441754
/root/New_CheckLiuliang_remote/datasets/toniot/test/normal/test_00014449_orig60091_60092_60093.png,0,0.055445842265846756,0.059571717735780336,0.5209156658868437
/root/New_CheckLiuliang_remote/datasets/toniot/test/normal/test_00014450_orig60094_60095_60096.png,0,0.12098993540897039,0.12978888977964748,0.5228033912538773
/root/New_CheckLiuliang_remote/datasets/toniot/test/normal/test_00014451_orig60097_60098_60099.png,0,0.14250564056546713,0.15425831949195096,0.5177441604353761
/root/New_CheckLiuliang_remote/datasets/toniot/test/normal/test_00014452_orig60100_60101_60102.png,0,0.11013781463621705,0.11845734726468087,0.5213136454640369
/root/New_CheckLiuliang_remote/datasets/toniot/test/normal/test_00014453_orig60103_60104_60105.png,0,0.0980453630711975,0.1043637388015355,0.5255213916488974
/root/New_CheckLiuliang_remote/datasets/toniot/test/normal/test_00014454_orig60106_60107_60108.png,0,0.15891289026651922,0.17174340012404432,0.5185845117876435
/root/New_CheckLiuliang_remote/datasets/toniot/test/normal/test_00014455_orig60109_60110_60111.png,0,0.10066128910749995,0.10961075876579698,0.515818384613016
/root/New_CheckLiuliang_remote/datasets/toniot/test/normal/test_00014456_orig60112_60113_60114.png,0,0.06244134636425053,0.06862233514300196,0.5148917150982022
/root/New_CheckLiuliang_remote/datasets/toniot/test/normal/test_00014457_orig60115_60116_60117.png,0,0.1021709187855113,0.10933640220802578,0.5234283347507128
/root/New_CheckLiuliang_remote/datasets/toniot/test/normal/test_00014458_orig60118_60119_60120.png,0,0.13619174152272942,0.14604153083873989,0.5233732320542954
/root/New_CheckLiuliang_remote/datasets/toniot/test/normal/test_00014459_orig60121_60122_60123.png,0,0.1204462475908639,0.13016440793762987,0.5189558560461082
/root/New_CheckLiuliang_remote/datasets/toniot/test/normal/test_00014460_orig60124_60125_60126.png,0,0.14822861169482535,0.15990395027520285,0.5198504645291189
/root/New_CheckLiuliang_remote/datasets/toniot/test/normal/test_00014461_orig60127_60128_60129.png,0,0.10996101846918702,0.1177153643214976,0.5235188807416288
/root/New_CheckLiuliang_remote/datasets/toniot/test/normal/test_00014462_orig60130_60131_60132.png,0,0.22137131302825008,0.2377382890358801,0.5240498255210464
/root/New_CheckLiuliang_remote/datasets/toniot/test/normal/test_00014463_orig60133_60134_60135.png,0,0.416781964922419,0.4341257571211009,0.5814991076111269
/root/New_CheckLiuliang_remote/datasets/toniot/test/normal/test_00014464_orig60136_60137_60138.png,0,0.32587539369647356,0.35634062147336687,0.5004698174275736
/root/New_CheckLiuliang_remote/datasets/toniot/test/normal/test_00014465_orig60139_60140_60141.png,0,0.6875940576398747,0.7831024438989387,0.3538724054081535
/root/New_CheckLiuliang_remote/datasets/toniot/test/normal/test_00014466_orig60142_60143_60144.png,0,0.3914392608792176,0.4482295998317385,0.415755622500869
/root/New_CheckLiuliang_remote/datasets/toniot/test/normal/test_00014467_orig60145_60146_60147.png,0,0.3487422089676657,0.39406523860426385,0.44821850939032387
/root/New_CheckLiuliang_remote/datasets/toniot/test/normal/test_00014468_orig60148_60149_60150.png,0,0.5740498036525952,0.7000954802807701,0.19607174145589357
/root/New_CheckLiuliang_remote/datasets/toniot/test/normal/test_00014469_orig60151_60152_60153.png,0,0.10574208704266634,0.11554071793770991,0.5140170478723348
/root/New_CheckLiuliang_remote/datasets/toniot/test/normal/test_00014470_orig60154_60155_60156.png,0,0.040409985073983426,0.04495025827698046,0.5145370002979914
/root/New_CheckLiuliang_remote/datasets/toniot/test/normal/test_00014471_orig60157_60158_60159.png,0,0.10002460455454917,0.10948033771442224,0.5135934194696993
/root/New_CheckLiuliang_remote/datasets/toniot/test/normal/test_00014472_orig60160_60161_60162.png,0,0.13431375818553581,0.14682471318849424,0.512138905582939
/root/New_CheckLiuliang_remote/datasets/toniot/test/normal/test_00014473_orig60163_60164_60165.png,0,0.2941954287620442,0.358142505073497,0.3565953030377017
/root/New_CheckLiuliang_remote/datasets/toniot/test/normal/test_00014474_orig60166_60167_60168.png,0,0.07900466760580328,0.08624151065890316,0.515868977625839
/root/New_CheckLiuliang_remote/datasets/toniot/test/normal/test_00014475_orig60169_60170_60171.png,0,0.1704201132926417,0.18422472098226733,0.5183012472868792
/root/New_CheckLiuliang_remote/datasets/toniot/test/normal/test_00014476_orig60172_60173_60174.png,0,0.08814011251864359,0.09598818810389441,0.5162924651008622
/root/New_CheckLiuliang_remote/datasets/toniot/test/normal/test_00014477_orig60175_60176_60177.png,0,0.11368289331349198,0.12465982607814845,0.5117971561230616
/root/New_CheckLiuliang_remote/datasets/toniot/test/normal/test_00014478_orig60178_60179_60180.png,0,0.21050401180341383,0.22846842255738362,0.5142478873013159
/root/New_CheckLiuliang_remote/datasets/toniot/test/normal/test_00014479_orig60181_60182_60183.png,0,0.07771109533207264,0.08497351363628193,0.5153605108005865
/root/New_CheckLiuliang_remote/datasets/toniot/test/normal/test_00014480_orig60184_60185_60186.png,0,0.1760254619846193,0.1902994029103838,0.5181839250496224
/root/New_CheckLiuliang_remote/datasets/toniot/test/normal/test_00014481_orig60187_60188_60189.png,0,0.12786675581674467,0.13840743825107732,0.5179957162233683
/root/New_CheckLiuliang_remote/datasets/toniot/test/normal/test_00014482_orig60190_60191_60192.png,0,0.09127392979736416,0.09882648607505981,0.5184585225022289
/root/New_CheckLiuliang_remote/datasets/toniot/test/normal/test_00014483_orig60193_60194_60195.png,0,0.12255781537066268,0.13239127522528793,0.5191576643869511
/root/New_CheckLiuliang_remote/datasets/toniot/test/normal/test_00014484_orig60196_60197_60198.png,0,0.09742877658384776,0.10505008942501767,0.520116042614537
/root/New_CheckLiuliang_remote/datasets/toniot/test/normal/test_00014485_orig60199_60200_60201.png,0,0.06500911232837674,0.06917983921472357,0.5237390096720734
/root/New_CheckLiuliang_remote/datasets/toniot/test/normal/test_00014486_orig60202_60203_60204.png,0,0.06439696227206743,0.0685635538240725,0.5235633434033159
/root/New_CheckLiuliang_remote/datasets/toniot/test/normal/test_00014487_orig60205_60206_60207.png,0,0.452722964203922,0.5397315137016236,0.3141251111654622
/root/New_CheckLiuliang_remote/datasets/toniot/test/normal/test_00014488_orig60208_60209_60210.png,0,0.08861862718171665,0.09672374184031976,0.5154145565399114
/root/New_CheckLiuliang_remote/datasets/toniot/test/normal/test_00014489_orig60211_60212_60213.png,0,0.14381958521269989,0.156332197900431,0.5151169878864966
/root/New_CheckLiuliang_remote/datasets/toniot/test/normal/test_00014490_orig60214_60215_60216.png,0,0.49154287722316836,0.6002227392120862,0.23962883753815528
/root/New_CheckLiuliang_remote/datasets/toniot/test/normal/test_00014491_orig60217_60218_60219.png,0,0.11375176171285423,0.1227023294328167,0.5199242401341687
/root/New_CheckLiuliang_remote/datasets/toniot/test/normal/test_00014492_orig60220_60221_60222.png,0,0.4507138819449992,0.5293609407845128,0.3469402466219123
/root/New_CheckLiuliang_remote/datasets/toniot/test/normal/test_00014493_orig60223_60224_60225.png,0,0.11141607201785722,0.12115735168640061,0.5160280144363427
/root/New_CheckLiuliang_remote/datasets/toniot/test/normal/test_00014494_orig60226_60227_60228.png,0,0.40873408941473865,0.49394165350538066,0.3075170858875582
/root/New_CheckLiuliang_remote/datasets/toniot/test/normal/test_00014495_orig60229_60230_60231.png,0,0.17938490924908373,0.1946145815196519,0.5154158248884223
/root/New_CheckLiuliang_remote/datasets/toniot/test/normal/test_00014496_orig60232_60233_60234.png,0,0.39467815343813933,0.4626673676688838,0.37197709390774863
/root/New_CheckLiuliang_remote/datasets/toniot/test/normal/test_00014497_orig60235_60236_60237.png,0,0.685663109194182,0.6785930638830913,0.7635798375710618
/root/New_CheckLiuliang_remote/datasets/toniot/test/normal/test_00014498_orig60238_60239_60240.png,0,0.2818571823458098,0.3061581697701585,0.5113056006112876
/root/New_CheckLiuliang_remote/datasets/toniot/test/normal/test_00014499_orig60241_60242_60243.png,0,0.06258306624153535,0.06962292964781461,0.5115007148905454
/root/New_CheckLiuliang_remote/datasets/toniot/test/normal/test_00014500_orig60244_60245_60246.png,0,0.15398283058311918,0.16837475819950196,0.5107908625072869
/root/New_CheckLiuliang_remote/datasets/toniot/test/normal/test_00014501_orig60247_60248_60249.png,0,0.12069990184435557,0.13166228190392168,0.5140586215179693
/root/New_CheckLiuliang_remote/datasets/toniot/test/normal/test_00014502_orig60250_60251_60252.png,0,0.0743371357708212,0.080657022944002,0.5180712534235721
/root/New_CheckLiuliang_remote/datasets/toniot/test/normal/test_00014503_orig60253_60254_60255.png,0,0.1504967580810509,0.1640591859653303,0.513014277446868
/root/New_CheckLiuliang_remote/datasets/toniot/test/normal/test_00014504_orig60256_60257_60258.png,0,0.13302417237429698,0.1451697828856878,0.5131953694286999
/root/New_CheckLiuliang_remote/datasets/toniot/test/normal/test_00014505_orig60259_60260_60261.png,0,0.18975420740282406,0.20598220631744352,0.5146783506931489
/root/New_CheckLiuliang_remote/datasets/toniot/test/normal/test_00014506_orig60262_60263_60264.png,0,0.19264465924927043,0.24880295386624285,0.35586473429543203
/root/New_CheckLiuliang_remote/datasets/toniot/test/normal/test_00014507_orig60265_60266_60267.png,0,0.14382812996618907,0.1549521489886005,0.5206740454955202
/root/New_CheckLiuliang_remote/datasets/toniot/test/normal/test_00014508_orig60268_60269_60270.png,0,0.09481014654847668,0.1016533689240224,0.5224061867785519
/root/New_CheckLiuliang_remote/datasets/toniot/test/normal/test_00014509_orig60271_60272_60273.png,0,0.15087778383147515,0.1626897649258955,0.5201357020164556
/root/New_CheckLiuliang_remote/datasets/toniot/test/normal/test_00014510_orig60274_60275_60276.png,0,0.16929075136914915,0.18254735405995878,0.5201386614963144
/root/New_CheckLiuliang_remote/datasets/toniot/test/normal/test_00014511_orig60277_60278_60279.png,0,0.0955108252128295,0.10228369360289992,0.5229076072231884
/root/New_CheckLiuliang_remote/datasets/toniot/test/normal/test_00014512_orig60280_60281_60282.png,0,0.11214582899572782,0.12209011149950226,0.515445137831785
/root/New_CheckLiuliang_remote/datasets/toniot/test/normal/test_00014513_orig60283_60284_60285.png,0,0.14338746783266126,0.15487237434148193,0.5190921330472221
/root/New_CheckLiuliang_remote/datasets/toniot/test/normal/test_00014514_orig60286_60287_60288.png,0,0.22597174876452247,0.2830219476061636,0.36276141455527156
/root/New_CheckLiuliang_remote/datasets/toniot/test/normal/test_00014515_orig60289_60290_60291.png,0,0.09994387562034986,0.10849994928799159,0.5171667095438928
/root/New_CheckLiuliang_remote/datasets/toniot/test/normal/test_00014516_orig60292_60293_60294.png,0,0.128836369806756,0.14008913504732487,0.5154518318933702
/root/New_CheckLiuliang_remote/datasets/toniot/test/normal/test_00014517_orig60295_60296_60297.png,0,0.1127467032549304,0.12257282683955022,0.5161064406525991
/root/New_CheckLiuliang_remote/datasets/toniot/test/normal/test_00014518_orig60298_60299_60300.png,0,0.21994039596939916,0.28036392984082203,0.34737430366785954
/root/New_CheckLiuliang_remote/datasets/toniot/test/normal/test_00014519_orig60301_60302_60303.png,0,0.15112261511609562,0.16169494358633488,0.5251711865322809
/root/New_CheckLiuliang_remote/datasets/toniot/test/normal/test_00014520_orig60304_60305_60306.png,0,0.14203807016705974,0.1534744811006907,0.5188624210391396
/root/New_CheckLiuliang_remote/datasets/toniot/test/normal/test_00014521_orig60307_60308_60309.png,0,0.1059743543115592,0.11353572388735032,0.5230390222216773
/root/New_CheckLiuliang_remote/datasets/toniot/test/normal/test_00014522_orig60310_60311_60312.png,0,0.11839456084713909,0.12872610254007463,0.5158581261996903
/root/New_CheckLiuliang_remote/datasets/toniot/test/normal/test_00014523_orig60313_60314_60315.png,0,0.09085124910716212,0.09714413323730635,0.5233644945423316
/root/New_CheckLiuliang_remote/datasets/toniot/test/normal/test_00014524_orig60316_60317_60318.png,0,0.07462957760239135,0.07937091917581768,0.5244772589692146
/root/New_CheckLiuliang_remote/datasets/toniot/test/normal/test_00014525_orig60319_60320_60321.png,0,0.14600355767098314,0.15683236394453615,0.5225379540960716
/root/New_CheckLiuliang_remote/datasets/toniot/test/normal/test_00014526_orig60322_60323_60324.png,0,0.16941942992390346,0.18371261498275462,0.5160327355113555
/root/New_CheckLiuliang_remote/datasets/toniot/test/normal/test_00014527_orig60325_60326_60327.png,0,0.11419656983334736,0.12372982163937163,0.5177331680816152
/root/New_CheckLiuliang_remote/datasets/toniot/test/normal/test_00014528_orig60328_60329_60330.png,0,0.05936216273936569,0.06441238559128168,0.5184479529313049
/root/New_CheckLiuliang_remote/datasets/toniot/test/normal/test_00014529_orig60331_60332_60333.png,0,0.12908848311173324,0.13912645974155377,0.5203901468205004
/root/New_CheckLiuliang_remote/datasets/toniot/test/normal/test_00014530_orig60334_60335_60336.png,0,0.12482311845502872,0.1351822069997267,0.5177664269981228
/root/New_CheckLiuliang_remote/datasets/toniot/test/normal/test_00014531_orig60337_60338_60339.png,0,0.07267084872580253,0.07940582058393204,0.5158877209982776
/root/New_CheckLiuliang_remote/datasets/toniot/test/normal/test_00014532_orig60340_60341_60342.png,0,0.08283582912967696,0.08928947949535714,0.5202046860826866
/root/New_CheckLiuliang_remote/datasets/toniot/test/normal/test_00014533_orig60343_60344_60345.png,0,0.10220502737187366,0.110579863278326,0.5186016344925405
/root/New_CheckLiuliang_remote/datasets/toniot/test/normal/test_00014534_orig60346_60347_60348.png,0,0.15452323751576838,0.16659255584454913,0.5202509808033339
/root/New_CheckLiuliang_remote/datasets/toniot/test/normal/test_00014535_orig60349_60350_60351.png,0,0.11552220681849823,0.12422657626764604,0.521464931255863
/root/New_CheckLiuliang_remote/datasets/toniot/test/normal/test_00014536_orig60352_60353_60354.png,0,0.08968165555076986,0.09625703391301599,0.5218672795890382
/root/New_CheckLiuliang_remote/datasets/toniot/test/normal/test_00014537_orig60355_60356_60357.png,0,0.20479979875233895,0.2217577739934388,0.5164825764498826
/root/New_CheckLiuliang_remote/datasets/toniot/test/normal/test_00014538_orig60358_60359_60360.png,0,0.16320549600886988,0.1764351465577043,0.5183357745518977
/root/New_CheckLiuliang_remote/datasets/toniot/test/normal/test_00014539_orig60361_60362_60363.png,0,0.09377699225509356,0.10201615987679016,0.5164980080234317
/root/New_CheckLiuliang_remote/datasets/toniot/test/normal/test_00014540_orig60364_60365_60366.png,0,0.2263574144381025,0.24456374486335902,0.5182579825098969
/root/New_CheckLiuliang_remote/datasets/toniot/test/normal/test_00014541_orig60367_60368_60369.png,0,0.06886711832193793,0.07354159677091122,0.5229353699628155
/root/New_CheckLiuliang_remote/datasets/toniot/test/normal/test_00014542_orig60370_60371_60372.png,0,0.08178134635944913,0.08765318077131849,0.5222008552474009
/root/New_CheckLiuliang_remote/datasets/toniot/test/normal/test_00014543_orig60373_60374_60375.png,0,0.10659085191347735,0.11564922720278728,0.5172445720496999
/root/New_CheckLiuliang_remote/datasets/toniot/test/normal/test_00014544_orig60376_60377_60378.png,0,0.06174087209516657,0.06707893189620007,0.518043490683945
/root/New_CheckLiuliang_remote/datasets/toniot/test/normal/test_00014545_orig60379_60380_60381.png,0,0.09909898764485489,0.1072974252076601,0.5183319695063651
/root/New_CheckLiuliang_remote/datasets/toniot/test/normal/test_00014546_orig60382_60383_60384.png,0,0.5139806842269334,0.6241542148895443,0.24069935891324518
/root/New_CheckLiuliang_remote/datasets/toniot/test/normal/test_00014547_orig60385_60386_60387.png,0,0.5783779251520957,0.6730947800220666,0.32274600553014043
/root/New_CheckLiuliang_remote/datasets/toniot/test/normal/test_00014548_orig60388_60389_60390.png,0,0.15751722277984265,0.17188694200553725,0.511989451850073
/root/New_CheckLiuliang_remote/datasets/toniot/test/normal/test_00014549_orig60391_60392_60393.png,0,0.28003444061677535,0.33813310793496637,0.37554256249945833
/root/New_CheckLiuliang_remote/datasets/toniot/test/normal/test_00014550_orig60394_60395_60396.png,0,0.06862414965345874,0.07501821499241157,0.5159807332224092
/root/New_CheckLiuliang_remote/datasets/toniot/test/normal/test_00014551_orig60397_60398_60399.png,0,0.22244308333957463,0.2840125702800864,0.343576304515821
/root/New_CheckLiuliang_remote/datasets/toniot/test/normal/test_00014552_orig60400_60401_60402.png,0,0.63319319264207,0.6850107243104971,0.511554619702258
/root/New_CheckLiuliang_remote/datasets/toniot/test/normal/test_00014553_orig60403_60404_60405.png,0,0.5617536831675254,0.6308227455888097,0.4201173673340928
/root/New_CheckLiuliang_remote/datasets/toniot/test/normal/test_00014554_orig60406_60407_60408.png,0,0.08534935310788487,0.09295727634659408,0.5163768102768361
/root/New_CheckLiuliang_remote/datasets/toniot/test/normal/test_00014555_orig60409_60410_60411.png,0,0.13302461339960292,0.1432320986938345,0.5209480087738713
/root/New_CheckLiuliang_remote/datasets/toniot/test/normal/test_00014556_orig60412_60413_60414.png,0,0.18616059650465017,0.20074292764295176,0.5201326720727908
/root/New_CheckLiuliang_remote/datasets/toniot/test/normal/test_00014557_orig60415_60416_60417.png,0,0.10417191349126699,0.1130230930546329,0.5173138379711554
/root/New_CheckLiuliang_remote/datasets/toniot/test/normal/test_00014558_orig60418_60419_60420.png,0,0.08894081418481466,0.0971950420581649,0.514919266446411
/root/New_CheckLiuliang_remote/datasets/toniot/test/normal/test_00014559_orig60421_60422_60423.png,0,0.0841075113150157,0.08957892500776425,0.5245329253760812
/root/New_CheckLiuliang_remote/datasets/toniot/test/normal/test_00014560_orig60424_60425_60426.png,0,0.06054724259452019,0.06467401494383826,0.5225138554743648
/root/New_CheckLiuliang_remote/datasets/toniot/test/normal/test_00014561_orig60427_60428_60429.png,0,0.09768571205588197,0.10574300046355893,0.5184528149339299
/root/New_CheckLiuliang_remote/datasets/toniot/test/normal/test_00014562_orig60430_60431_60432.png,0,0.0726931982808657,0.07953440471909025,0.5154698001639411
/root/New_CheckLiuliang_remote/datasets/toniot/test/normal/test_00014563_orig60433_60434_60435.png,0,0.10582863635587039,0.11466752669334482,0.5178831855249303
/root/New_CheckLiuliang_remote/datasets/toniot/test/normal/test_00014564_orig60436_60437_60438.png,0,0.11873108066655384,0.12903509808935784,0.5160738863741531
/root/New_CheckLiuliang_remote/datasets/toniot/test/normal/test_00014565_orig60439_60440_60441.png,0,0.10973390172130763,0.11849579129692714,0.5194173939764579
/root/New_CheckLiuliang_remote/datasets/toniot/test/normal/test_00014566_orig60442_60443_60444.png,0,0.15193215782966063,0.16245726381620132,0.5256142629454167
/root/New_CheckLiuliang_remote/datasets/toniot/test/normal/test_00014567_orig60445_60446_60447.png,0,0.09160693701878181,0.09840137117923067,0.5215955711524841
/root/New_CheckLiuliang_remote/datasets/toniot/test/normal/test_00014568_orig60448_60449_60450.png,0,0.19579775444019165,0.21134495200334738,0.519299155709721
/root/New_CheckLiuliang_remote/datasets/toniot/test/normal/test_00014569_orig60451_60452_60453.png,0,0.09853773735346325,0.10548727548455554,0.5231513415286968
/root/New_CheckLiuliang_remote/datasets/toniot/test/normal/test_00014570_orig60454_60455_60456.png,0,0.04508562685319422,0.04770300843577531,0.5236966609245711
/root/New_CheckLiuliang_remote/datasets/toniot/test/normal/test_00014571_orig60457_60458_60459.png,0,0.07069590573008777,0.0763165211326058,0.5197250389541537
/root/New_CheckLiuliang_remote/datasets/toniot/test/normal/test_00014572_orig60460_60461_60462.png,0,0.14147036332319704,0.15424060637129142,0.513348839598517
/root/New_CheckLiuliang_remote/datasets/toniot/test/normal/test_00014573_orig60463_60464_60465.png,0,0.16290139803959391,0.17627717176308136,0.5176557988224512
/root/New_CheckLiuliang_remote/datasets/toniot/test/normal/test_00014574_orig60466_60467_60468.png,0,0.13626740077358104,0.14751237589498822,0.5178162449090781
/root/New_CheckLiuliang_remote/datasets/toniot/test/normal/test_00014575_orig60469_60470_60471.png,0,0.16866270427235508,0.18171614947197187,0.5207540923793182
/root/New_CheckLiuliang_remote/datasets/toniot/test/normal/test_00014576_orig60472_60473_60474.png,0,0.07641358202657468,0.08281093841620296,0.5184133552024802
/root/New_CheckLiuliang_remote/datasets/toniot/test/normal/test_00014577_orig60475_60476_60477.png,0,0.1056801756307478,0.11323499446104157,0.5229728567076928
/root/New_CheckLiuliang_remote/datasets/toniot/test/normal/test_00014578_orig60478_60479_60480.png,0,0.10369534245173045,0.11044498114471107,0.5255703639941789
/root/New_CheckLiuliang_remote/datasets/toniot/test/normal/test_00014579_orig60481_60482_60483.png,0,0.24769720414211535,0.2684486415938975,0.5147779865150596
/root/New_CheckLiuliang_remote/datasets/toniot/test/normal/test_00014580_orig60484_60485_60486.png,0,0.18485142823276976,0.1999880862862527,0.5175043016392066
/root/New_CheckLiuliang_remote/datasets/toniot/test/normal/test_00014581_orig60487_60488_60489.png,0,0.2084593150636249,0.2248769889374345,0.5197928251356798
/root/New_CheckLiuliang_remote/datasets/toniot/test/normal/test_00014582_orig60490_60491_60492.png,0,0.060211517769481415,0.06365190227763177,0.5251539933635778
/root/New_CheckLiuliang_remote/datasets/toniot/test/normal/test_00014583_orig60493_60494_60495.png,0,0.10473554206418494,0.11457174463348208,0.5135507184031661
/root/New_CheckLiuliang_remote/datasets/toniot/test/normal/test_00014584_orig60496_60497_60498.png,0,0.1758795943120947,0.19086097443944205,0.5153083675840279
/root/New_CheckLiuliang_remote/datasets/toniot/test/normal/test_00014585_orig60499_60500_60501.png,0,0.039197394949363924,0.04245992472054928,0.5192672356055303
/root/New_CheckLiuliang_remote/datasets/toniot/test/normal/test_00014586_orig60502_60503_60504.png,0,0.1716327707221608,0.18454880548618646,0.5222362985418995
/root/New_CheckLiuliang_remote/datasets/toniot/test/normal/test_00014587_orig60505_60506_60507.png,0,0.14604246194423184,0.15732990582261766,0.5207156191411547
/root/New_CheckLiuliang_remote/datasets/toniot/test/normal/test_00014588_orig60508_60509_60510.png,0,0.21708621503410552,0.2355976256020985,0.5141266190909141
/root/New_CheckLiuliang_remote/datasets/toniot/test/normal/test_00014589_orig60511_60512_60513.png,0,0.11547920122117027,0.12456496247639398,0.5199258608017104
/root/New_CheckLiuliang_remote/datasets/toniot/test/normal/test_00014590_orig60514_60515_60516.png,0,0.07755305824245733,0.08327541580238665,0.5214711320708051
/root/New_CheckLiuliang_remote/datasets/toniot/test/normal/test_00014591_orig60517_60518_60519.png,0,0.20152525304230112,0.24355842685970383,0.41515361497293873
/root/New_CheckLiuliang_remote/datasets/toniot/test/normal/test_00014592_orig60520_60521_60522.png,0,0.13590159571322016,0.1480528228875562,0.5140763783971217
/root/New_CheckLiuliang_remote/datasets/toniot/test/normal/test_00014593_orig60523_60524_60525.png,0,0.10630500962550433,0.11441928058750879,0.5209312383880051
/root/New_CheckLiuliang_remote/datasets/toniot/test/normal/test_00014594_orig60526_60527_60528.png,0,0.12972764768176553,0.13917487560468986,0.5229538314800295
/root/New_CheckLiuliang_remote/datasets/toniot/test/normal/test_00014595_orig60529_60530_60531.png,0,0.15362244441093603,0.16553501693702355,0.5205951260326207
/root/New_CheckLiuliang_remote/datasets/toniot/test/normal/test_00014596_orig60532_60533_60534.png,0,0.28313979299525005,0.30738837880203934,0.5119179310868204
/root/New_CheckLiuliang_remote/datasets/toniot/test/normal/test_00014597_orig60535_60536_60537.png,0,0.13143433875273977,0.14248893487594058,0.5170602387327845
/root/New_CheckLiuliang_remote/datasets/toniot/test/normal/test_00014598_orig60538_60539_60540.png,0,0.07973547473717273,0.08596754772603549,0.5201175223544664
/root/New_CheckLiuliang_remote/datasets/toniot/test/normal/test_00014599_orig60541_60542_60543.png,0,0.1308584962961452,0.14202773769728644,0.5164208501556863
/root/New_CheckLiuliang_remote/datasets/toniot/test/normal/test_00014600_orig60544_60545_60546.png,0,0.1393105437739974,0.1491569407420013,0.5243660670830936
/root/New_CheckLiuliang_remote/datasets/toniot/test/normal/test_00014601_orig60547_60548_60549.png,0,0.05667094495531017,0.06083184226033065,0.521160245758026
/root/New_CheckLiuliang_remote/datasets/toniot/test/normal/test_00014602_orig60550_60551_60552.png,0,0.18931976835423886,0.22934358192626644,0.4193586835331652
/root/New_CheckLiuliang_remote/datasets/toniot/test/normal/test_00014603_orig60553_60554_60555.png,0,0.4568177680094257,0.5619358945106252,0.24297252129997549
/root/New_CheckLiuliang_remote/datasets/toniot/test/normal/test_00014604_orig60556_60557_60558.png,0,0.09200494156738055,0.10032147345872561,0.5156321487733344
/root/New_CheckLiuliang_remote/datasets/toniot/test/normal/test_00014605_orig60559_60560_60561.png,0,0.3603469500856612,0.42512237470230474,0.3740526757820056
/root/New_CheckLiuliang_remote/datasets/toniot/test/normal/test_00014606_orig60562_60563_60564.png,0,0.10912099865266495,0.11833374904496757,0.5174215066669683
/root/New_CheckLiuliang_remote/datasets/toniot/test/normal/test_00014607_orig60565_60566_60567.png,0,0.4911039135151155,0.5688395504856085,0.36326790839395157
/root/New_CheckLiuliang_remote/datasets/toniot/test/normal/test_00014608_orig60568_60569_60570.png,0,0.24820400234637238,0.30974973459840877,0.35175993573137165
/root/New_CheckLiuliang_remote/datasets/toniot/test/normal/test_00014609_orig60571_60572_60573.png,0,0.10027812959697034,0.10973015831987246,0.513687840969954
/root/New_CheckLiuliang_remote/datasets/toniot/test/normal/test_00014610_orig60574_60575_60576.png,0,0.4562574769585781,0.5282891001721585,0.3751426099356926
/root/New_CheckLiuliang_remote/datasets/toniot/test/normal/test_00014611_orig60577_60578_60579.png,0,0.3918720587719809,0.42260711156864905,0.5201126603518413
/root/New_CheckLiuliang_remote/datasets/toniot/test/normal/test_00014612_orig60580_60581_60582.png,0,0.6004260611199985,0.6578635955876747,0.478786131285486
/root/New_CheckLiuliang_remote/datasets/toniot/test/normal/test_00014613_orig60583_60584_60585.png,0,0.34336684727689554,0.4074322154954642,0.37156135745140306
/root/New_CheckLiuliang_remote/datasets/toniot/test/normal/test_00014614_orig60586_60587_60588.png,0,0.12394920022545645,0.13496453242806603,0.5148670527660462
/root/New_CheckLiuliang_remote/datasets/toniot/test/normal/test_00014615_orig60589_60590_60591.png,0,0.11861659453077526,0.12880089127174826,0.5165168218596765
/root/New_CheckLiuliang_remote/datasets/toniot/test/normal/test_00014616_orig60592_60593_60594.png,0,0.13439967200472938,0.14561143002746582,0.5173626693888245
/root/New_CheckLiuliang_remote/datasets/toniot/test/normal/test_00014617_orig60595_60596_60597.png,0,0.2418273342746513,0.29111763099738386,0.39877948232073673
/root/New_CheckLiuliang_remote/datasets/toniot/test/normal/test_00014618_orig60598_60599_60600.png,0,0.1423226379382454,0.15511537211527068,0.5135264788538471
/root/New_CheckLiuliang_remote/datasets/toniot/test/normal/test_00014619_orig60601_60602_60603.png,0,0.14227294852185757,0.15538198738327216,0.5122456582492718
/root/New_CheckLiuliang_remote/datasets/toniot/test/normal/test_00014620_orig60604_60605_60606.png,0,0.12979875889928258,0.14057329367868582,0.5176669321038244
/root/New_CheckLiuliang_remote/datasets/toniot/test/normal/test_00014621_orig60607_60608_60609.png,0,0.19285459509217817,0.20780259028804027,0.5207718492584706
/root/New_CheckLiuliang_remote/datasets/toniot/test/normal/test_00014622_orig60610_60611_60612.png,0,0.11281498662730625,0.12143026495285883,0.5209712618299042
/root/New_CheckLiuliang_remote/datasets/toniot/test/normal/test_00014623_orig60613_60614_60615.png,0,0.14638055604779085,0.15808304147140137,0.5191616103600961
/root/New_CheckLiuliang_remote/datasets/toniot/test/normal/test_00014624_orig60616_60617_60618.png,0,0.16464564958936168,0.17857279220055872,0.5159979968549184
/root/New_CheckLiuliang_remote/datasets/toniot/test/normal/test_00014625_orig60619_60620_60621.png,0,0.2316115605910662,0.2506069367991919,0.5167515367979965
/root/New_CheckLiuliang_remote/datasets/toniot/test/normal/test_00014626_orig60622_60623_60624.png,0,0.11912027782625097,0.13007059400228485,0.513610894493627
/root/New_CheckLiuliang_remote/datasets/toniot/test/normal/test_00014627_orig60625_60626_60627.png,0,0.21905397367604437,0.23797892506024756,0.5130903078937149
/root/New_CheckLiuliang_remote/datasets/toniot/test/normal/test_00014628_orig60628_60629_60630.png,0,0.10709249374983056,0.11621001148203844,0.517165511659188
/root/New_CheckLiuliang_remote/datasets/toniot/test/normal/test_00014629_orig60631_60632_60633.png,0,0.235299476301483,0.2546957810889213,0.5163057827602265
/root/New_CheckLiuliang_remote/datasets/toniot/test/normal/test_00014630_orig60634_60635_60636.png,0,0.06648902273471846,0.07100927655810185,0.5228055756318684
/root/New_CheckLiuliang_remote/datasets/toniot/test/normal/test_00014631_orig60637_60638_60639.png,0,0.0825729826638783,0.08846693465524821,0.5223609490149971
/root/New_CheckLiuliang_remote/datasets/toniot/test/normal/test_00014632_orig60640_60641_60642.png,0,0.11794963779134764,0.1272472537774542,0.5198541286470393
/root/New_CheckLiuliang_remote/datasets/toniot/test/normal/test_00014633_orig60643_60644_60645.png,0,0.41065346523947727,0.5212455761481153,0.20658155907231016
/root/New_CheckLiuliang_remote/datasets/toniot/test/normal/test_00014634_orig60646_60647_60648.png,0,0.08470313258732866,0.09317639420956773,0.5127125514288897
/root/New_CheckLiuliang_remote/datasets/toniot/test/normal/test_00014635_orig60649_60650_60651.png,0,0.03415465025007637,0.03750077576908074,0.5173494926570724
/root/New_CheckLiuliang_remote/datasets/toniot/test/normal/test_00014636_orig60652_60653_60654.png,0,0.06876070496723753,0.07528378059400359,0.515507568764043
/root/New_CheckLiuliang_remote/datasets/toniot/test/normal/test_00014637_orig60655_60656_60657.png,0,0.15699977895607928,0.17026205840370143,0.516256739951139
/root/New_CheckLiuliang_remote/datasets/toniot/test/normal/test_00014638_orig60658_60659_60660.png,0,0.12832422701020174,0.13954330851440844,0.5154257602850909
/root/New_CheckLiuliang_remote/datasets/toniot/test/normal/test_00014639_orig60661_60662_60663.png,0,0.11928567278208059,0.12859213886456797,0.5202382268544189
/root/New_CheckLiuliang_remote/datasets/toniot/test/normal/test_00014640_orig60664_60665_60666.png,0,0.19249928857234966,0.20895236863129668,0.5146399479187916
/root/New_CheckLiuliang_remote/datasets/toniot/test/normal/test_00014641_orig60667_60668_60669.png,0,0.0940832965068265,0.10305782257987273,0.5136527499944862
/root/New_CheckLiuliang_remote/datasets/toniot/test/normal/test_00014642_orig60670_60671_60672.png,0,0.13953827841468464,0.15172731136215342,0.515067029047929
/root/New_CheckLiuliang_remote/datasets/toniot/test/normal/test_00014643_orig60673_60674_60675.png,0,0.17300574333105487,0.18818156972100786,0.5136282285899424
/root/New_CheckLiuliang_remote/datasets/toniot/test/normal/test_00014644_orig60676_60677_60678.png,0,0.1526322002366136,0.16580884866159004,0.5152278979173929
/root/New_CheckLiuliang_remote/datasets/toniot/test/normal/test_00014645_orig60679_60680_60681.png,0,0.22852139478526062,0.24804391384390595,0.5136726912516295
/root/New_CheckLiuliang_remote/datasets/toniot/test/normal/test_00014646_orig60682_60683_60684.png,0,0.12964715420296877,0.1415463344402503,0.5131207482579762
/root/New_CheckLiuliang_remote/datasets/toniot/test/normal/test_00014647_orig60685_60686_60687.png,0,0.14289585338691968,0.15564715935996065,0.5138721742868693
/root/New_CheckLiuliang_remote/datasets/toniot/test/normal/test_00014648_orig60688_60689_60690.png,0,0.12579561035876963,0.13656540491078556,0.5164289534933947
/root/New_CheckLiuliang_remote/datasets/toniot/test/normal/test_00014649_orig60691_60692_60693.png,0,0.13804522342678965,0.14877748633498344,0.5204253082597744
/root/New_CheckLiuliang_remote/datasets/toniot/test/normal/test_00014650_orig60694_60695_60696.png,0,0.08925254720799837,0.09555625037640382,0.5228192456102634
/root/New_CheckLiuliang_remote/datasets/toniot/test/normal/test_00014651_orig60697_60698_60699.png,0,0.23549635239402777,0.2544274601130045,0.5182283877113095
/root/New_CheckLiuliang_remote/datasets/toniot/test/normal/test_00014652_orig60700_60701_60702.png,0,0.08399109292943484,0.09061232158787236,0.519897111568797
/root/New_CheckLiuliang_remote/datasets/toniot/test/normal/test_00014653_orig60703_60704_60705.png,0,0.23970821064826092,0.26003753344663605,0.5139579992027725
/root/New_CheckLiuliang_remote/datasets/toniot/test/normal/test_00014654_orig60706_60707_60708.png,0,0.11679568103041478,0.12611964963709751,0.5193863899017473
/root/New_CheckLiuliang_remote/datasets/toniot/test/normal/test_00014655_orig60709_60710_60711.png,0,0.10618087436707718,0.11448750890412333,0.5201228071399283
/root/New_CheckLiuliang_remote/datasets/toniot/test/normal/test_00014656_orig60712_60713_60714.png,0,0.44501976269298565,0.5370371512368547,0.2916710442306244
/root/New_CheckLiuliang_remote/datasets/toniot/test/normal/test_00014657_orig60715_60716_60717.png,0,0.3905283156475005,0.46243775314181557,0.35499320270893875
/root/New_CheckLiuliang_remote/datasets/toniot/test/normal/test_00014658_orig60718_60719_60720.png,0,0.1973759056122151,0.21485319956034724,0.51207429027269
/root/New_CheckLiuliang_remote/datasets/toniot/test/normal/test_00014659_orig60721_60722_60723.png,0,0.39420171159313916,0.4618331452899697,0.3732586191503855
/root/New_CheckLiuliang_remote/datasets/toniot/test/normal/test_00014660_orig60724_60725_60726.png,0,0.09486514527239479,0.1040547432522523,0.5130379532857379
/root/New_CheckLiuliang_remote/datasets/toniot/test/normal/test_00014661_orig60727_60728_60729.png,0,0.646875678069145,0.699608435066783,0.5121898509147929
/root/New_CheckLiuliang_remote/datasets/toniot/test/normal/test_00014662_orig60730_60731_60732.png,0,0.3573309810535796,0.4214141656943038,0.37587465841789164
/root/New_CheckLiuliang_remote/datasets/toniot/test/normal/test_00014663_orig60733_60734_60735.png,0,0.5272447577810353,0.5816202886871285,0.4680561142748186
/root/New_CheckLiuliang_remote/datasets/toniot/test/normal/test_00014664_orig60736_60737_60738.png,0,0.2024398384723114,0.24282562849760328,0.4220303187437318
/root/New_CheckLiuliang_remote/datasets/toniot/test/normal/test_00014665_orig60739_60740_60741.png,0,0.07139335619480267,0.07768777908825714,0.5172487998780694
/root/New_CheckLiuliang_remote/datasets/toniot/test/normal/test_00014666_orig60742_60743_60744.png,0,0.13710746676629604,0.1493101920377817,0.5142490147222144
/root/New_CheckLiuliang_remote/datasets/toniot/test/normal/test_00014667_orig60745_60746_60747.png,0,0.1376716931922158,0.1506353958797182,0.5113822652323899
/root/New_CheckLiuliang_remote/datasets/toniot/test/normal/test_00014668_orig60748_60749_60750.png,0,0.4586802871567608,0.5500953949953743,0.2983694041080258
/root/New_CheckLiuliang_remote/datasets/toniot/test/normal/test_00014669_orig60751_60752_60753.png,0,0.1381047118300835,0.15057936993511356,0.5134744061010945
/root/New_CheckLiuliang_remote/datasets/toniot/test/normal/test_00014670_orig60754_60755_60756.png,0,0.05770309803808882,0.06317089264549919,0.516256739951139
/root/New_CheckLiuliang_remote/datasets/toniot/test/normal/test_00014671_orig60757_60758_60759.png,0,0.17289498325257383,0.18724198707624476,0.5169087415495399
/root/New_CheckLiuliang_remote/datasets/toniot/test/normal/test_00014672_orig60760_60761_60762.png,0,0.14783031108109027,0.15926116080771305,0.5207033584388828
/root/New_CheckLiuliang_remote/datasets/toniot/test/normal/test_00014673_orig60763_60764_60765.png,0,0.18148698321809842,0.19726433316201902,0.5138851396272027
/root/New_CheckLiuliang_remote/datasets/toniot/test/normal/test_00014674_orig60766_60767_60768.png,0,0.08499199945766979,0.09198633491784851,0.5187189567297973
/root/New_CheckLiuliang_remote/datasets/toniot/test/normal/test_00014675_orig60769_60770_60771.png,0,0.13670201564792803,0.14791229879699044,0.5180914765359401
/root/New_CheckLiuliang_remote/datasets/toniot/test/normal/test_00014676_orig60772_60773_60774.png,0,0.25120832814726296,0.272796622278461,0.5125330096507934
/root/New_CheckLiuliang_remote/datasets/toniot/test/normal/test_00014677_orig60775_60776_60777.png,0,0.09978615240924561,0.1085944192648425,0.5161084136391716
/root/New_CheckLiuliang_remote/datasets/toniot/test/normal/test_00014678_orig60778_60779_60780.png,0,0.1616174843802608,0.17574131706105475,0.5142604298588124
/root/New_CheckLiuliang_remote/datasets/toniot/test/normal/test_00014679_orig60781_60782_60783.png,0,0.19827980289510966,0.21526388154304635,0.5143309641287788
/root/New_CheckLiuliang_remote/datasets/toniot/test/normal/test_00014680_orig60784_60785_60786.png,0,0.15093984105142405,0.1645733912976619,0.5128689106147594
/root/New_CheckLiuliang_remote/datasets/toniot/test/normal/test_00014681_orig60787_60788_60789.png,0,0.09585765476896238,0.10330488781099811,0.5203190488400847
/root/New_CheckLiuliang_remote/datasets/toniot/test/normal/test_00014682_orig60790_60791_60792.png,0,0.09277715564437905,0.09987365952679202,0.5207547265535737
/root/New_CheckLiuliang_remote/datasets/toniot/test/normal/test_00014683_orig60793_60794_60795.png,0,0.1697298292602243,0.18347420949950724,0.5183254163723922
/root/New_CheckLiuliang_remote/datasets/toniot/test/normal/test_00014684_orig60796_60797_60798.png,0,0.1354547906280856,0.1467989963614626,0.517164172846871
/root/New_CheckLiuliang_remote/datasets/toniot/test/normal/test_00014685_orig60799_60800_60801.png,0,0.10866802451512969,0.11703347478025562,0.5206684788548335
/root/New_CheckLiuliang_remote/datasets/toniot/test/normal/test_00014686_orig60802_60803_60804.png,0,0.0920770963219907,0.10087307315689403,0.5137370247066539
/root/New_CheckLiuliang_remote/datasets/toniot/test/normal/test_00014687_orig60805_60806_60807.png,0,0.12786917098485062,0.13839129963003197,0.5180706897131229
/root/New_CheckLiuliang_remote/datasets/toniot/test/normal/test_00014688_orig60808_60809_60810.png,0,0.1536572466082011,0.16751153878602668,0.5128391748885597
/root/New_CheckLiuliang_remote/datasets/toniot/test/normal/test_00014689_orig60811_60812_60813.png,0,0.06062740789792599,0.06695677696779978,0.5137286395137208
/root/New_CheckLiuliang_remote/datasets/toniot/test/normal/test_00014690_orig60814_60815_60816.png,0,0.13701118171094728,0.14845760049670215,0.5172440083392505
/root/New_CheckLiuliang_remote/datasets/toniot/test/normal/test_00014691_orig60817_60818_60819.png,0,0.3576657044144966,0.3863375944978586,0.517624935675353
/root/New_CheckLiuliang_remote/datasets/toniot/test/normal/test_00014692_orig60820_60821_60822.png,0,0.12960361162354736,0.14014581703343543,0.5185349757319129
/root/New_CheckLiuliang_remote/datasets/toniot/test/normal/test_00014693_orig60823_60824_60825.png,0,0.1661417033842801,0.17850679442506426,0.5227159456704324
/root/New_CheckLiuliang_remote/datasets/toniot/test/normal/test_00014694_orig60826_60827_60828.png,0,0.10236764322836991,0.1111142746890396,0.517165511659188
/root/New_CheckLiuliang_remote/datasets/toniot/test/normal/test_00014695_orig60829_60830_60831.png,0,0.13694108205885416,0.14802566276921156,0.5186693502102605
/root/New_CheckLiuliang_remote/datasets/toniot/test/normal/test_00014696_orig60832_60833_60834.png,0,0.10763488827417453,0.116408136016823,0.5187128968424676
/root/New_CheckLiuliang_remote/datasets/toniot/test/normal/test_00014697_orig60835_60836_60837.png,0,0.19157529366305648,0.20686759993381854,0.5189929200081485
/root/New_CheckLiuliang_remote/datasets/toniot/test/normal/test_00014698_orig60838_60839_60840.png,0,0.21853771627750782,0.2371006166921364,0.5143764132837522
/root/New_CheckLiuliang_remote/datasets/toniot/test/normal/test_00014699_orig60841_60842_60843.png,0,0.08081749579902472,0.08850682197880749,0.514628250926969
/root/New_CheckLiuliang_remote/datasets/toniot/test/normal/test_00014700_orig60844_60845_60846.png,0,0.17628525344852988,0.19210102409391155,0.5120981775029784
/root/New_CheckLiuliang_remote/datasets/toniot/test/normal/test_00014701_orig60847_60848_60849.png,0,0.21281968858272426,0.25488052237698533,0.4185892892337012
/root/New_CheckLiuliang_remote/datasets/toniot/test/normal/test_00014702_orig60850_60851_60852.png,0,0.17681911177880136,0.19117587436227845,0.5181018347154457
/root/New_CheckLiuliang_remote/datasets/toniot/test/normal/test_00014703_orig60853_60854_60855.png,0,0.08318304078700516,0.08963377007765826,0.5203253905826392
/root/New_CheckLiuliang_remote/datasets/toniot/test/normal/test_00014704_orig60856_60857_60858.png,0,0.09176450929651114,0.09974048310109246,0.516918888337627
/root/New_CheckLiuliang_remote/datasets/toniot/test/normal/test_00014705_orig60859_60860_60861.png,0,0.12983084594055247,0.1409360846314536,0.5163541913950587
/root/New_CheckLiuliang_remote/datasets/toniot/test/normal/test_00014706_orig60862_60863_60864.png,0,0.4423198353785641,0.5141500936368041,0.37157182132661787
/root/New_CheckLiuliang_remote/datasets/toniot/test/normal/test_00014707_orig60865_60866_60867.png,0,0.12184446517499704,0.13358776372376507,0.511294326402302
/root/New_CheckLiuliang_remote/datasets/toniot/test/normal/test_00014708_orig60868_60869_60870.png,0,0.09489745914556236,0.10454716800658771,0.5112076559207248
/root/New_CheckLiuliang_remote/datasets/toniot/test/normal/test_00014709_orig60871_60872_60873.png,0,0.2537030514633112,0.27444945324844855,0.5166838915440826
/root/New_CheckLiuliang_remote/datasets/toniot/test/normal/test_00014710_orig60874_60875_60876.png,0,0.08911902627334048,0.09797966769923226,0.512549568645241
/root/New_CheckLiuliang_remote/datasets/toniot/test/normal/test_00014711_orig60877_60878_60879.png,0,0.08189230991408987,0.0908742133570313,0.5097954203176607
/root/New_CheckLiuliang_remote/datasets/toniot/test/normal/test_00014712_orig60880_60881_60882.png,0,0.44874683330965615,0.5317541801980694,0.32888146529203055
/root/New_CheckLiuliang_remote/datasets/toniot/test/normal/test_00014713_orig60883_60884_60885.png,0,0.19377438958532764,0.23911151511604914,0.39950413210328894
/root/New_CheckLiuliang_remote/datasets/toniot/test/normal/test_00014714_orig60886_60887_60888.png,0,0.4150505417341837,0.48446106649518617,0.3726885317266458
/root/New_CheckLiuliang_remote/datasets/toniot/test/normal/test_00014715_orig60889_60890_60891.png,0,0.31046759410257024,0.3598908556867449,0.41979982219163153
/root/New_CheckLiuliang_remote/datasets/toniot/test/normal/test_00014716_orig60892_60893_60894.png,0,0.46754949563850523,0.5480593045776345,0.3447754223371534
/root/New_CheckLiuliang_remote/datasets/toniot/test/normal/test_00014717_orig60895_60896_60897.png,0,0.14025390995555437,0.1522474210680382,0.516073815910347
/root/New_CheckLiuliang_remote/datasets/toniot/test/normal/test_00014718_orig60898_60899_60900.png,0,0.622218901894318,0.6760203315135179,0.5001732352674451
/root/New_CheckLiuliang_remote/datasets/toniot/test/normal/test_00014719_orig60901_60902_60903.png,0,0.2620235009315355,0.30877288879611003,0.41528446626097837
/root/New_CheckLiuliang_remote/datasets/toniot/test/normal/test_00014720_orig60904_60905_60906.png,0,0.36446830763273635,0.43018006108796086,0.37160141612520514
/root/New_CheckLiuliang_remote/datasets/toniot/test/normal/test_00014721_orig60907_60908_60909.png,0,0.20479285432899025,0.26440873800050885,0.3458487622644897
/root/New_CheckLiuliang_remote/datasets/toniot/test/normal/test_00014722_orig60910_60911_60912.png,0,0.3845916618435691,0.45123584442841663,0.3741901858997273
/root/New_CheckLiuliang_remote/datasets/toniot/test/normal/test_00014723_orig60913_60914_60915.png,0,0.12824701331353833,0.14089317951696714,0.5096931773349221
/root/New_CheckLiuliang_remote/datasets/toniot/test/normal/test_00014724_orig60916_60917_60918.png,0,0.17896487574838033,0.1943878535752097,0.5145107172982937
/root/New_CheckLiuliang_remote/datasets/toniot/test/normal/test_00014725_orig60919_60920_60921.png,0,0.13505976488277333,0.14692849895472906,0.5149420262558007
/root/New_CheckLiuliang_remote/datasets/toniot/test/normal/test_00014726_orig60922_60923_60924.png,0,0.025833496277556007,0.02886084034455825,0.516011878224732
/root/New_CheckLiuliang_remote/datasets/toniot/test/normal/test_00014727_orig60925_60926_60927.png,0,0.14225863440116926,0.1549694684843565,0.5138339829039305
/root/New_CheckLiuliang_remote/datasets/toniot/test/normal/test_00014728_orig60928_60929_60930.png,0,0.41596153042553174,0.5291831535364114,0.1977301775976817
/root/New_CheckLiuliang_remote/datasets/toniot/test/normal/test_00014729_orig60931_60932_60933.png,0,0.3522348632814276,0.38646316084208965,0.4936940882910082
/root/New_CheckLiuliang_remote/datasets/toniot/test/normal/test_00014730_orig60934_60935_60936.png,0,0.5172486954346966,0.6347452177526406,0.21243350771011443
/root/New_CheckLiuliang_remote/datasets/toniot/test/normal/test_00014731_orig60937_60938_60939.png,0,0.701506629794027,0.8161498787176068,0.28170133168842626
/root/New_CheckLiuliang_remote/datasets/toniot/test/normal/test_00014732_orig60940_60941_60942.png,0,0.4175891823372089,0.5172455598782859,0.2525022226046058
/root/New_CheckLiuliang_remote/datasets/toniot/test/normal/test_00014733_orig60943_60944_60945.png,0,0.08022960474798503,0.08842770337319485,0.5124085705691143
/root/New_CheckLiuliang_remote/datasets/toniot/test/normal/test_00014734_orig60946_60947_60948.png,0,0.09541839936958516,0.10438132071389387,0.5141183748255933
/root/New_CheckLiuliang_remote/datasets/toniot/test/normal/test_00014735_orig60949_60950_60951.png,0,0.11559017605677556,0.12584529307932632,0.5152832824690349
/root/New_CheckLiuliang_remote/datasets/toniot/test/normal/test_00014736_orig60952_60953_60954.png,0,0.07029599984632343,0.07716320830013217,0.5146131012086446
/root/New_CheckLiuliang_remote/datasets/toniot/test/normal/test_00014737_orig60955_60956_60957.png,0,0.05544939939962933,0.06123478295326006,0.5142787504484141
/root/New_CheckLiuliang_remote/datasets/toniot/test/normal/test_00014738_orig60958_60959_60960.png,0,0.1580012320808701,0.17189612658661999,0.5140407237112047
/root/New_CheckLiuliang_remote/datasets/toniot/test/normal/test_00014739_orig60961_60962_60963.png,0,0.042016467029791296,0.04500798992950047,0.5212364171324853
/root/New_CheckLiuliang_remote/datasets/toniot/test/normal/test_00014740_orig60964_60965_60966.png,0,0.12800545434299773,0.13954619509703445,0.5140390325798568
/root/New_CheckLiuliang_remote/datasets/toniot/test/normal/test_00014741_orig60967_60968_60969.png,0,0.1866295072094509,0.20265397654966516,0.5145113514725491
/root/New_CheckLiuliang_remote/datasets/toniot/test/normal/test_00014742_orig60970_60971_60972.png,0,0.15698134828979768,0.16973420740804693,0.5182886342655766
/root/New_CheckLiuliang_remote/datasets/toniot/test/normal/test_00014743_orig60973_60974_60975.png,0,0.06703697495743906,0.07194479174552833,0.5214273740471796
/root/New_CheckLiuliang_remote/datasets/toniot/test/normal/test_00014744_orig60976_60977_60978.png,0,0.143456305365603,0.1561914113932629,0.5141129491125189
/root/New_CheckLiuliang_remote/datasets/toniot/test/normal/test_00014745_orig60979_60980_60981.png,0,0.14585466752750634,0.15897158408700474,0.513338763274236
/root/New_CheckLiuliang_remote/datasets/toniot/test/normal/test_00014746_orig60982_60983_60984.png,0,0.11461276091965535,0.12446314483467688,0.5165953185397391
/root/New_CheckLiuliang_remote/datasets/toniot/test/normal/test_00014747_orig60985_60986_60987.png,0,0.1848196429882637,0.20067155032710884,0.5146333243210125
/root/New_CheckLiuliang_remote/datasets/toniot/test/normal/test_00014748_orig60988_60989_60990.png,0,0.15718893309300006,0.17096704060595141,0.5142528197677471
/root/New_CheckLiuliang_remote/datasets/toniot/test/normal/test_00014749_orig60991_60992_60993.png,0,0.11962897624045656,0.12982733381189374,0.5167784539719497
/root/New_CheckLiuliang_remote/datasets/toniot/test/normal/test_00014750_orig60994_60995_60996.png,0,0.06980754662269399,0.07667485100313338,0.5144593491836028
/root/New_CheckLiuliang_remote/datasets/toniot/test/normal/test_00014751_orig60997_60998_60999.png,0,0.07201507595596982,0.07944820086521379,0.5128892041909335
/root/New_CheckLiuliang_remote/datasets/toniot/test/normal/test_00014752_orig61000_61001_61002.png,0,0.10215716054780519,0.11183920055306923,0.5133577885018993
/root/New_CheckLiuliang_remote/datasets/toniot/test/normal/test_00014753_orig61003_61004_61005.png,0,0.12942963747467465,0.14066618915592258,0.5157029648985254
/root/New_CheckLiuliang_remote/datasets/toniot/test/normal/test_00014754_orig61006_61007_61008.png,0,0.17012522149808074,0.1854195037728291,0.5122499565414476
/root/New_CheckLiuliang_remote/datasets/toniot/test/normal/test_00014755_orig61009_61010_61011.png,0,0.11107892834890137,0.12114685502230607,0.5146155674418601
/root/New_CheckLiuliang_remote/datasets/toniot/test/normal/test_00014756_orig61012_61013_61014.png,0,0.09941341607269746,0.10826836663640566,0.5158046441708147
/root/New_CheckLiuliang_remote/datasets/toniot/test/normal/test_00014757_orig61015_61016_61017.png,0,0.15666530103498938,0.16980466626578158,0.5166433748555403
/root/New_CheckLiuliang_remote/datasets/toniot/test/normal/test_00014758_orig61018_61019_61020.png,0,0.08366167619522613,0.09066887236568173,0.5182498087083822
/root/New_CheckLiuliang_remote/datasets/toniot/test/normal/test_00014759_orig61021_61022_61023.png,0,0.1891825174358475,0.2052427163319827,0.5151700471325353
/root/New_CheckLiuliang_remote/datasets/toniot/test/normal/test_00014760_orig61024_61025_61026.png,0,0.2595588333329976,0.3202638493970126,0.3586880780806618
/root/New_CheckLiuliang_remote/datasets/toniot/test/normal/test_00014761_orig61027_61028_61029.png,0,0.22780098214351632,0.2449475291443159,0.5229503787535277
/root/New_CheckLiuliang_remote/datasets/toniot/test/normal/test_00014762_orig61030_61031_61032.png,0,0.11240050698543563,0.12185275568266432,0.5174932388216394
/root/New_CheckLiuliang_remote/datasets/toniot/test/normal/test_00014763_orig61033_61034_61035.png,0,0.2094113568125476,0.2693356097098866,0.3460654384684325
/root/New_CheckLiuliang_remote/datasets/toniot/test/normal/test_00014764_orig61036_61037_61038.png,0,0.12987733577750837,0.1419816835835716,0.5123723521727479
/root/New_CheckLiuliang_remote/datasets/toniot/test/normal/test_00014765_orig61039_61040_61041.png,0,0.07284580094117572,0.07911781836283792,0.5177944715929745
/root/New_CheckLiuliang_remote/datasets/toniot/test/normal/test_00014766_orig61042_61043_61044.png,0,0.22143221371815622,0.23931961148172354,0.517987260566629
/root/New_CheckLiuliang_remote/datasets/toniot/test/normal/test_00014767_orig61045_61046_61047.png,0,0.4524849427010438,0.5556624320062182,0.24937461610437606
/root/New_CheckLiuliang_remote/datasets/toniot/test/normal/test_00014768_orig61048_61049_61050.png,0,0.15428930702842122,0.16762319705033243,0.5151192427282938
/root/New_CheckLiuliang_remote/datasets/toniot/test/normal/test_00014769_orig61051_61052_61053.png,0,0.17960065655204707,0.19479302480925922,0.5156327829475897
/root/New_CheckLiuliang_remote/datasets/toniot/test/normal/test_00014770_orig61054_61055_61056.png,0,0.7068800640180881,0.7508269075161232,0.5661741458007482
/root/New_CheckLiuliang_remote/datasets/toniot/test/normal/test_00014771_orig61057_61058_61059.png,0,0.27304809906823635,0.32150179971866316,0.4119288036521109
/root/New_CheckLiuliang_remote/datasets/toniot/test/normal/test_00014772_orig61060_61061_61062.png,0,0.3392895594802417,0.4025848560166026,0.3733614258435733
/root/New_CheckLiuliang_remote/datasets/toniot/test/normal/test_00014773_orig61063_61064_61065.png,0,0.2831412773491182,0.34235447260888946,0.3720599593437931
/root/New_CheckLiuliang_remote/datasets/toniot/test/normal/test_00014774_orig61066_61067_61068.png,0,0.6185044836044749,0.684099220242187,0.4518337254291827
/root/New_CheckLiuliang_remote/datasets/toniot/test/normal/test_00014775_orig61069_61070_61071.png,0,0.13488803221930082,0.1476093388295616,0.5114778141535433
/root/New_CheckLiuliang_remote/datasets/toniot/test/normal/test_00014776_orig61072_61073_61074.png,0,0.12612481667875056,0.1377525776198788,0.513100454681802
/root/New_CheckLiuliang_remote/datasets/toniot/test/normal/test_00014777_orig61075_61076_61077.png,0,0.08661457930897988,0.09485533563149047,0.5142427434434661
/root/New_CheckLiuliang_remote/datasets/toniot/test/normal/test_00014778_orig61078_61079_61080.png,0,0.05042630518850564,0.054999764481099375,0.5175492575475368
/root/New_CheckLiuliang_remote/datasets/toniot/test/normal/test_00014779_orig61081_61082_61083.png,0,0.14449463338945404,0.15787599477213646,0.5118539499508268
/root/New_CheckLiuliang_remote/datasets/toniot/test/normal/test_00014780_orig61084_61085_61086.png,0,0.0971625723609079,0.10594348674776477,0.5153940515723188
/root/New_CheckLiuliang_remote/datasets/toniot/test/normal/test_00014781_orig61087_61088_61089.png,0,0.10089878515198551,0.11026470093888724,0.5142271709423047
/root/New_CheckLiuliang_remote/datasets/toniot/test/normal/test_00014782_orig61090_61091_61092.png,0,0.19233150117682374,0.20883165699420939,0.5143989617017235
/root/New_CheckLiuliang_remote/datasets/toniot/test/normal/test_00014783_orig61093_61094_61095.png,0,0.10011475146137326,0.10938639257077605,0.5143580926941506
/root/New_CheckLiuliang_remote/datasets/toniot/test/normal/test_00014784_orig61096_61097_61098.png,0,0.15030031832003382,0.1630322185919801,0.5162747082217098
/root/New_CheckLiuliang_remote/datasets/toniot/test/normal/test_00014785_orig61099_61100_61101.png,0,0.1016634882291204,0.10860163572140752,0.5241783515034827
/root/New_CheckLiuliang_remote/datasets/toniot/test/normal/test_00014786_orig61102_61103_61104.png,0,0.42678198102526255,0.5323808310445138,0.23161875867717732
/root/New_CheckLiuliang_remote/datasets/toniot/test/normal/test_00014787_orig61105_61106_61107.png,0,0.42567984341073345,0.456203521919462,0.5315733870323908
/root/New_CheckLiuliang_remote/datasets/toniot/test/normal/test_00014788_orig61108_61109_61110.png,0,0.38195564996787584,0.4185790167223668,0.4934457738380994
/root/New_CheckLiuliang_remote/datasets/toniot/test/normal/test_00014789_orig61111_61112_61113.png,0,0.417171423164488,0.5235325368377146,0.22555210682200272
/root/New_CheckLiuliang_remote/datasets/toniot/test/normal/test_00014790_orig61114_61115_61116.png,0,0.4868845510352543,0.6022226161386998,0.21153336781832008
/root/New_CheckLiuliang_remote/datasets/toniot/test/normal/test_00014791_orig61117_61118_61119.png,0,0.3794299820822765,0.44622985411342614,0.37194672400729356
/root/New_CheckLiuliang_remote/datasets/toniot/test/normal/test_00014792_orig61120_61121_61122.png,0,0.08060863377973279,0.08710328678106544,0.519341363529611
/root/New_CheckLiuliang_remote/datasets/toniot/test/normal/test_00014793_orig61123_61124_61125.png,0,0.14266771032244863,0.15362589548025452,0.5209730234250581
/root/New_CheckLiuliang_remote/datasets/toniot/test/normal/test_00014794_orig61126_61127_61128.png,0,0.08948648605382668,0.09701108801990797,0.5180091043465388
/root/New_CheckLiuliang_remote/datasets/toniot/test/normal/test_00014795_orig61129_61130_61131.png,0,0.07513766309395173,0.08019674422345613,0.5233658333546486
/root/New_CheckLiuliang_remote/datasets/toniot/test/normal/test_00014796_orig61132_61133_61134.png,0,0.1369917868757606,0.14881750486684392,0.5157207217776778
/root/New_CheckLiuliang_remote/datasets/toniot/test/normal/test_00014797_orig61135_61136_61137.png,0,0.1246699552147714,0.13381029300256944,0.5225933386477136
/root/New_CheckLiuliang_remote/datasets/toniot/test/normal/test_00014798_orig61138_61139_61140.png,0,0.24085753000352558,0.30091784142925726,0.35539491686785846
/root/New_CheckLiuliang_remote/datasets/toniot/test/normal/test_00014799_orig61141_61142_61143.png,0,0.04339859746290356,0.046546669677459816,0.5210441918692801
/root/New_CheckLiuliang_remote/datasets/toniot/test/normal/test_00014800_orig61144_61145_61146.png,0,0.12855091738678626,0.13780191194112315,0.5233692860811505
/root/New_CheckLiuliang_remote/datasets/toniot/test/normal/test_00014801_orig61147_61148_61149.png,0,0.14218088663214848,0.15209193923113773,0.5250086969952753
/root/New_CheckLiuliang_remote/datasets/toniot/test/normal/test_00014802_orig61150_61151_61152.png,0,0.10988881663069772,0.11889571419892937,0.5184860033866314
/root/New_CheckLiuliang_remote/datasets/toniot/test/normal/test_00014803_orig61153_61154_61155.png,0,0.1529797366193264,0.16541286200862326,0.5183111122197417
/root/New_CheckLiuliang_remote/datasets/toniot/test/normal/test_00014804_orig61156_61157_61158.png,0,0.06549027303373303,0.0709070652914812,0.5189058267437343
/root/New_CheckLiuliang_remote/datasets/toniot/test/normal/test_00014805_orig61159_61160_61161.png,0,0.08840021951554432,0.09624063287536826,0.5164047844078817
/root/New_CheckLiuliang_remote/datasets/toniot/test/normal/test_00014806_orig61162_61163_61164.png,0,0.06331140175440882,0.06851028325379267,0.5190933309319268
/root/New_CheckLiuliang_remote/datasets/toniot/test/normal/test_00014807_orig61165_61166_61167.png,0,0.13089635407627312,0.14011983778980142,0.5242157677845538
/root/New_CheckLiuliang_remote/datasets/toniot/test/normal/test_00014808_orig61168_61169_61170.png,0,0.10750338607414071,0.11585378094432976,0.5203630182551288
/root/New_CheckLiuliang_remote/datasets/toniot/test/normal/test_00014809_orig61171_61172_61173.png,0,0.1470532647313048,0.15754390656184522,0.5242202070043419
/root/New_CheckLiuliang_remote/datasets/toniot/test/normal/test_00014810_orig61174_61175_61176.png,0,0.09059049320739827,0.09645856986363127,0.5249818502851282
/root/New_CheckLiuliang_remote/datasets/toniot/test/normal/test_00014811_orig61177_61178_61179.png,0,0.15364074447994072,0.16503695022573733,0.5226663391508957
/root/New_CheckLiuliang_remote/datasets/toniot/test/normal/test_00014812_orig61180_61181_61182.png,0,0.21052342419464956,0.22658151597808768,0.5218792584360854
/root/New_CheckLiuliang_remote/datasets/toniot/test/normal/test_00014813_orig61183_61184_61185.png,0,0.1082313832646509,0.11506758080364822,0.5266483897646248
/root/New_CheckLiuliang_remote/datasets/toniot/test/normal/test_00014814_orig61186_61187_61188.png,0,0.15659287952891435,0.1685818048987669,0.5212223948350594
/root/New_CheckLiuliang_remote/datasets/toniot/test/normal/test_00014815_orig61189_61190_61191.png,0,0.10759952617124438,0.11640170681006509,0.518586061991379
/root/New_CheckLiuliang_remote/datasets/toniot/test/normal/test_00014816_orig61192_61193_61194.png,0,0.09795500585373804,0.10609450750242505,0.5182085169179723
/root/New_CheckLiuliang_remote/datasets/toniot/test/normal/test_00014817_orig61195_61196_61197.png,0,0.16390879429317398,0.1756061725108375,0.5246856909078367
/root/New_CheckLiuliang_remote/datasets/toniot/test/normal/test_00014818_orig61198_61199_61200.png,0,0.17037921994487304,0.18253331477173232,0.5248904587285383
/root/New_CheckLiuliang_remote/datasets/toniot/test/normal/test_00014819_orig61201_61202_61203.png,0,0.07281074895669729,0.07882102518556462,0.5188304304711429
/root/New_CheckLiuliang_remote/datasets/toniot/test/normal/test_00014820_orig61204_61205_61206.png,0,0.11948205189404595,0.1294649364840295,0.5175942134558671
/root/New_CheckLiuliang_remote/datasets/toniot/test/normal/test_00014821_orig61207_61208_61209.png,0,0.05241021154604558,0.05612028337319223,0.5216257296615208
/root/New_CheckLiuliang_remote/datasets/toniot/test/normal/test_00014822_orig61210_61211_61212.png,0,0.09077373430395129,0.09878423700207926,0.5164696815733554
/root/New_CheckLiuliang_remote/datasets/toniot/test/normal/test_00014823_orig61213_61214_61215.png,0,0.21204636851457592,0.2708113094732787,0.3515300475637738
/root/New_CheckLiuliang_remote/datasets/toniot/test/normal/test_00014824_orig61216_61217_61218.png,0,0.11747118135513289,0.12632892687748254,0.5214633810521275
/root/New_CheckLiuliang_remote/datasets/toniot/test/normal/test_00014825_orig61219_61220_61221.png,0,0.05457719975277383,0.05847652204581558,0.5215491355042245
/root/New_CheckLiuliang_remote/datasets/toniot/test/normal/test_00014826_orig61222_61223_61224.png,0,0.09151378840926995,0.09917064544905975,0.5181166321147394
/root/New_CheckLiuliang_remote/datasets/toniot/test/normal/test_00014827_orig61225_61226_61227.png,0,0.13996253723627278,0.15008182805703205,0.5234792096187605
/root/New_CheckLiuliang_remote/datasets/toniot/test/normal/test_00014828_orig61228_61229_61230.png,0,0.09085139315525843,0.09726379520798419,0.5228864680813403
/root/New_CheckLiuliang_remote/datasets/toniot/test/normal/test_00014829_orig61231_61232_61233.png,0,0.07666453527021828,0.08167585540267894,0.5240362964702636
/root/New_CheckLiuliang_remote/datasets/toniot/test/normal/test_00014830_orig61234_61235_61236.png,0,0.45136463801429855,0.5567508048645216,0.2401881439995524
/root/New_CheckLiuliang_remote/datasets/toniot/test/normal/test_00014831_orig61237_61238_61239.png,0,0.6339182011502211,0.6949590689144048,0.4748889190943738
/root/New_CheckLiuliang_remote/datasets/toniot/test/normal/test_00014832_orig61240_61241_61242.png,0,0.1605958176859083,0.19741023679293324,0.4231772933485056
/root/New_CheckLiuliang_remote/datasets/toniot/test/normal/test_00014833_orig61243_61244_61245.png,0,0.18002170271903606,0.19408135098364895,0.520295866247858
/root/New_CheckLiuliang_remote/datasets/toniot/test/normal/test_00014834_orig61246_61247_61248.png,0,0.10994366665729478,0.11840984985965304,0.5206660830854241
/root/New_CheckLiuliang_remote/datasets/toniot/test/normal/test_00014835_orig61249_61250_61251.png,0,0.13825081314348683,0.1501045270931365,0.5160040567422483
/root/New_CheckLiuliang_remote/datasets/toniot/test/normal/test_00014836_orig61252_61253_61254.png,0,0.7045676701882629,0.6925052112657022,0.7894852921954358
/root/New_CheckLiuliang_remote/datasets/toniot/test/normal/test_00014837_orig61255_61256_61257.png,0,0.4065838269896636,0.47499084494078503,0.3740441144295571
/root/New_CheckLiuliang_remote/datasets/toniot/test/normal/test_00014838_orig61258_61259_61260.png,0,0.1218796916163312,0.13304587343988408,0.5136138539734857
/root/New_CheckLiuliang_remote/datasets/toniot/test/normal/test_00014839_orig61261_61262_61263.png,0,0.13987530372316825,0.15277067977315134,0.5123474784491734
/root/New_CheckLiuliang_remote/datasets/toniot/test/normal/test_00014840_orig61264_61265_61266.png,0,0.10870220907883707,0.11929104481039023,0.5117856705226576
/root/New_CheckLiuliang_remote/datasets/toniot/test/normal/test_00014841_orig61267_61268_61269.png,0,0.08524696533446077,0.09216713995687709,0.5190956562375301
/root/New_CheckLiuliang_remote/datasets/toniot/test/normal/test_00014842_orig61270_61271_61272.png,0,0.19085098235348888,0.20710810474988484,0.5149062306422713
/root/New_CheckLiuliang_remote/datasets/toniot/test/normal/test_00014843_orig61273_61274_61275.png,0,0.055530476599890556,0.06012830334939367,0.5190544349109264
/root/New_CheckLiuliang_remote/datasets/toniot/test/normal/test_00014844_orig61276_61277_61278.png,0,0.16605500874036572,0.17987555942299313,0.5168668860486808
/root/New_CheckLiuliang_remote/datasets/toniot/test/normal/test_00014845_orig61279_61280_61281.png,0,0.16368591869590077,0.17783566396451916,0.5148062425013298
/root/New_CheckLiuliang_remote/datasets/toniot/test/normal/test_00014846_orig61282_61283_61284.png,0,0.20008509854100395,0.21595587412347936,0.5193510170710549
/root/New_CheckLiuliang_remote/datasets/toniot/test/normal/test_00014847_orig61285_61286_61287.png,0,0.15203259505236494,0.16427056253853423,0.5187943530023887
/root/New_CheckLiuliang_remote/datasets/toniot/test/normal/test_00014848_orig61288_61289_61290.png,0,0.09030419604035302,0.09745378482809548,0.5197659079617266
/root/New_CheckLiuliang_remote/datasets/toniot/test/normal/test_00014849_orig61291_61292_61293.png,0,0.15238248448020517,0.1644831199864488,0.5194535419090182
/root/New_CheckLiuliang_remote/datasets/toniot/test/normal/test_00014850_orig61294_61295_61296.png,0,0.1416772449163685,0.15187085324364633,0.523720336763441
/root/New_CheckLiuliang_remote/datasets/toniot/test/normal/test_00014851_orig61297_61298_61299.png,0,0.13633824872390807,0.14718645447485254,0.5194255677779724
/root/New_CheckLiuliang_remote/datasets/toniot/test/normal/test_00014852_orig61300_61301_61302.png,0,0.17890651327379462,0.19352962007717936,0.5176918762912052
/root/New_CheckLiuliang_remote/datasets/toniot/test/normal/test_00014853_orig61303_61304_61305.png,0,0.005920504077113342,0.00816154995841353,0.5129046357644826
/root/New_CheckLiuliang_remote/datasets/toniot/test/normal/test_00014854_orig61306_61307_61308.png,0,0.19001807585127847,0.20464243835407583,0.5211757477953812
/root/New_CheckLiuliang_remote/datasets/toniot/test/normal/test_00014855_orig61309_61310_61311.png,0,0.11001709013152791,0.12013655110320595,0.514076026078091
/root/New_CheckLiuliang_remote/datasets/toniot/test/normal/test_00014856_orig61312_61313_61314.png,0,0.078117989891343,0.0855182905027889,0.5149367414703386
/root/New_CheckLiuliang_remote/datasets/toniot/test/normal/test_00014857_orig61315_61316_61317.png,0,0.12927106026379917,0.1389505094096689,0.5218815837416887
/root/New_CheckLiuliang_remote/datasets/toniot/test/normal/test_00014858_orig61318_61319_61320.png,0,0.12005925625728703,0.12943948207360026,0.5201860836378603
/root/New_CheckLiuliang_remote/datasets/toniot/test/normal/test_00014859_orig61321_61322_61323.png,0,0.1708129886186009,0.18456861793966492,0.5186205187925914
/root/New_CheckLiuliang_remote/datasets/toniot/test/normal/test_00014860_orig61324_61325_61326.png,0,0.054140769426849276,0.05772063102270704,0.5226899445259593
/root/New_CheckLiuliang_remote/datasets/toniot/test/normal/test_00014861_orig61327_61328_61329.png,0,0.15095313104383423,0.16175779236260096,0.5241886392191821
/root/New_CheckLiuliang_remote/datasets/toniot/test/normal/test_00014862_orig61330_61331_61332.png,0,0.10433010547140309,0.11231181285392619,0.5208413970351508
/root/New_CheckLiuliang_remote/datasets/toniot/test/normal/test_00014863_orig61333_61334_61335.png,0,0.10153084000008487,0.10936146299355151,0.5205667995825443
/root/New_CheckLiuliang_remote/datasets/toniot/test/normal/test_00014864_orig61336_61337_61338.png,0,0.06082977359909928,0.0644829756573175,0.5244968479073271
/root/New_CheckLiuliang_remote/datasets/toniot/test/normal/test_00014865_orig61339_61340_61341.png,0,0.11179985023797365,0.12128173715592099,0.5171860870905868
/root/New_CheckLiuliang_remote/datasets/toniot/test/normal/test_00014866_orig61342_61343_61344.png,0,0.026886869482755902,0.029046237674128176,0.5198145279879772
/root/New_CheckLiuliang_remote/datasets/toniot/test/normal/test_00014867_orig61345_61346_61347.png,0,0.11370760196955913,0.12214456294449272,0.5219648014967639
/root/New_CheckLiuliang_remote/datasets/toniot/test/normal/test_00014868_orig61348_61349_61350.png,0,0.17267177675596151,0.18585800191537877,0.5214817721055354
/root/New_CheckLiuliang_remote/datasets/toniot/test/normal/test_00014869_orig61351_61352_61353.png,0,0.09682240331769959,0.10565837110929664,0.515067029047929
/root/New_CheckLiuliang_remote/datasets/toniot/test/normal/test_00014870_orig61354_61355_61356.png,0,0.12924556827442182,0.13894972215986184,0.5217747606115497
/root/New_CheckLiuliang_remote/datasets/toniot/test/normal/test_00014871_orig61357_61358_61359.png,0,0.04594387660290744,0.050692195953299816,0.5154423897433448
/root/New_CheckLiuliang_remote/datasets/toniot/test/normal/test_00014872_orig61360_61361_61362.png,0,0.06552523599173188,0.07123416758632752,0.5177482473361334
/root/New_CheckLiuliang_remote/datasets/toniot/test/normal/test_00014873_orig61363_61364_61365.png,0,0.10204490271932934,0.10954830361443443,0.5220370973618844
/root/New_CheckLiuliang_remote/datasets/toniot/test/normal/test_00014874_orig61366_61367_61368.png,0,0.05873396220884342,0.06378127366259706,0.5182623512658787
/root/New_CheckLiuliang_remote/datasets/toniot/test/normal/test_00014875_orig61369_61370_61371.png,0,0.155916427169828,0.16803466628283864,0.5204927421222698
/root/New_CheckLiuliang_remote/datasets/toniot/test/normal/test_00014876_orig61372_61373_61374.png,0,0.05885601763429406,0.06354903496950522,0.5197178516459253
/root/New_CheckLiuliang_remote/datasets/toniot/test/normal/test_00014877_orig61375_61376_61377.png,0,0.19139401491230104,0.20547364294206275,0.5237867136688439
/root/New_CheckLiuliang_remote/datasets/toniot/test/normal/test_00014878_orig61378_61379_61380.png,0,0.10160649319704655,0.10974774023223081,0.5193480575911962
/root/New_CheckLiuliang_remote/datasets/toniot/test/normal/test_00014879_orig61381_61382_61383.png,0,0.1680330976642301,0.18033072101979292,0.523579691006345
/root/New_CheckLiuliang_remote/datasets/toniot/test/normal/test_00014880_orig61384_61385_61386.png,0,0.2039610975022335,0.21945638039070944,0.5220700039593613
/root/New_CheckLiuliang_remote/datasets/toniot/test/normal/test_00014881_orig61387_61388_61389.png,0,0.30735934101633805,0.33191186633442976,0.5183068139275658
/root/New_CheckLiuliang_remote/datasets/toniot/test/normal/test_00014882_orig61390_61391_61392.png,0,0.03247473394905372,0.03586132804581374,0.5166601452414066
/root/New_CheckLiuliang_remote/datasets/toniot/test/normal/test_00014883_orig61393_61394_61395.png,0,0.14518013450196174,0.15616083985908752,0.5216718129907496
/root/New_CheckLiuliang_remote/datasets/toniot/test/normal/test_00014884_orig61396_61397_61398.png,0,0.07853255854382121,0.08411567376315511,0.5223356525085855
/root/New_CheckLiuliang_remote/datasets/toniot/test/normal/test_00014885_orig61399_61400_61401.png,0,0.3781499941062613,0.47031235054554443,0.27009488585673735
/root/New_CheckLiuliang_remote/datasets/toniot/test/normal/test_00014886_orig61402_61403_61404.png,0,0.5285087886413478,0.6313407559618756,0.27462725879657823
/root/New_CheckLiuliang_remote/datasets/toniot/test/normal/test_00014887_orig61405_61406_61407.png,0,0.3428900904563718,0.404780233311977,0.38011256311178876
/root/New_CheckLiuliang_remote/datasets/toniot/test/normal/test_00014888_orig61408_61409_61410.png,0,0.12522592215320522,0.13387668440296746,0.5247262075963788
/root/New_CheckLiuliang_remote/datasets/toniot/test/normal/test_00014889_orig61411_61412_61413.png,0,0.13323102470658651,0.14277667468043234,0.52366016067298
/root/New_CheckLiuliang_remote/datasets/toniot/test/normal/test_00014890_orig61414_61415_61416.png,0,0.20915024236658622,0.24966368032199568,0.4236267115041958
/root/New_CheckLiuliang_remote/datasets/toniot/test/normal/test_00014891_orig61417_61418_61419.png,0,0.5792613556230782,0.635932521670035,0.4752061471497073
/root/New_CheckLiuliang_remote/datasets/toniot/test/normal/test_00014892_orig61420_61421_61422.png,0,0.6034389272607702,0.6784592314158858,0.4094010555337235
/root/New_CheckLiuliang_remote/datasets/toniot/test/normal/test_00014893_orig61423_61424_61425.png,0,0.3681558200463073,0.43356431680034385,0.3739722765791767
/root/New_CheckLiuliang_remote/datasets/toniot/test/normal/test_00014894_orig61426_61427_61428.png,0,0.07339589367201917,0.07842241436657421,0.5229491808688229
/root/New_CheckLiuliang_remote/datasets/toniot/test/normal/test_00014895_orig61429_61430_61431.png,0,0.19527784908476853,0.23445519492370828,0.4246153187046244
/root/New_CheckLiuliang_remote/datasets/toniot/test/normal/test_00014896_orig61432_61433_61434.png,0,0.23321731404891693,0.2503846699369898,0.5245678049601306
/root/New_CheckLiuliang_remote/datasets/toniot/test/normal/test_00014897_orig61435_61436_61437.png,0,0.1426133370166306,0.15391980207490183,0.5195628312723727
/root/New_CheckLiuliang_remote/datasets/toniot/test/normal/test_00014898_orig61438_61439_61440.png,0,0.20973644791929766,0.22591537143298754,0.521148830621428
/root/New_CheckLiuliang_remote/datasets/toniot/test/normal/test_00014899_orig61441_61442_61443.png,0,0.03540382153173191,0.03788705300776005,0.5211932932831151
/root/New_CheckLiuliang_remote/datasets/toniot/test/normal/test_00014900_orig61444_61445_61446.png,0,0.11078015031860826,0.11889978165626601,0.5223149361495744
/root/New_CheckLiuliang_remote/datasets/toniot/test/normal/test_00014901_orig61447_61448_61449.png,0,0.25074768683679144,0.2699337883549746,0.5219971443837915
/root/New_CheckLiuliang_remote/datasets/toniot/test/normal/test_00014902_orig61450_61451_61452.png,0,0.10178507081716488,0.11005712940641758,0.5188808825563536
/root/New_CheckLiuliang_remote/datasets/toniot/test/normal/test_00014903_orig61453_61454_61455.png,0,0.13955307418002302,0.15062699854844255,0.5195321090528868
/root/New_CheckLiuliang_remote/datasets/toniot/test/normal/test_00014904_orig61456_61457_61458.png,0,0.09535346606828919,0.10267416950721704,0.5206668581872919
/root/New_CheckLiuliang_remote/datasets/toniot/test/normal/test_00014905_orig61459_61460_61461.png,0,0.10002629827140787,0.10797459125005954,0.5196237120008952
/root/New_CheckLiuliang_remote/datasets/toniot/test/normal/test_00014906_orig61462_61463_61464.png,0,0.06164278941628682,0.06603753160971985,0.5217859643567292
/root/New_CheckLiuliang_remote/datasets/toniot/test/normal/test_00014907_orig61465_61466_61467.png,0,0.12022226758697574,0.12893984086269983,0.5228878773574636
/root/New_CheckLiuliang_remote/datasets/toniot/test/normal/test_00014908_orig61468_61469_61470.png,0,0.21269376219654904,0.22969587621493967,0.5187846289971387
/root/New_CheckLiuliang_remote/datasets/toniot/test/normal/test_00014909_orig61471_61472_61473.png,0,0.08380352572855743,0.08916509402583675,0.5248768592139494
/root/New_CheckLiuliang_remote/datasets/toniot/test/normal/test_00014910_orig61474_61475_61476.png,0,0.1341345073840446,0.14324285777453138,0.5256930414807038
/root/New_CheckLiuliang_remote/datasets/toniot/test/normal/test_00014911_orig61477_61478_61479.png,0,0.09448964332298788,0.10143293897803692,0.5219052595805586
/root/New_CheckLiuliang_remote/datasets/toniot/test/normal/test_00014912_orig61480_61481_61482.png,0,0.1290912730438684,0.13940973846380533,0.5192690676644905
/root/New_CheckLiuliang_remote/datasets/toniot/test/normal/test_00014913_orig61483_61484_61485.png,0,0.11010397740671507,0.11924512190497659,0.5180165735099918
/root/New_CheckLiuliang_remote/datasets/toniot/test/normal/test_00014914_orig61486_61487_61488.png,0,0.14515655932725188,0.1574957531153115,0.5162304569514412
/root/New_CheckLiuliang_remote/datasets/toniot/test/normal/test_00014915_orig61489_61490_61491.png,0,0.12546272225736443,0.13482637008692155,0.5219490176041841
/root/New_CheckLiuliang_remote/datasets/toniot/test/normal/test_00014916_orig61492_61493_61494.png,0,0.11052999241444887,0.11998999143078586,0.5168749189225831
/root/New_CheckLiuliang_remote/datasets/toniot/test/normal/test_00014917_orig61495_61496_61497.png,0,0.14309933533055236,0.15373046849629646,0.5224167563494759
/root/New_CheckLiuliang_remote/datasets/toniot/test/normal/test_00014918_orig61498_61499_61500.png,0,0.08076729416912064,0.08800967372562954,0.5164002747242875
/root/New_CheckLiuliang_remote/datasets/toniot/test/normal/test_00014919_orig61501_61502_61503.png,0,0.1399386287310701,0.15084585399481387,0.5203199648695648
/root/New_CheckLiuliang_remote/datasets/toniot/test/normal/test_00014920_orig61504_61505_61506.png,0,0.1565973381938478,0.16753187607270986,0.5254413447650994
/root/New_CheckLiuliang_remote/datasets/toniot/test/normal/test_00014921_orig61507_61508_61509.png,0,0.09367455963763116,0.10007900051814159,0.523804752403221
/root/New_CheckLiuliang_remote/datasets/toniot/test/normal/test_00014922_orig61510_61511_61512.png,0,0.1037418747315148,0.11180101893742532,0.5203469525073242
/root/New_CheckLiuliang_remote/datasets/toniot/test/normal/test_00014923_orig61513_61514_61515.png,0,0.16285600474143924,0.17626221401674663,0.5175198036765618
/root/New_CheckLiuliang_remote/datasets/toniot/test/normal/test_00014924_orig61516_61517_61518.png,0,0.16649059622669463,0.17842898790246342,0.5245322912018258
/root/New_CheckLiuliang_remote/datasets/toniot/test/normal/test_00014925_orig61519_61520_61521.png,0,0.10775464704007526,0.11551421386087118,0.5228052233128375
/root/New_CheckLiuliang_remote/datasets/toniot/test/normal/test_00014926_orig61522_61523_61524.png,0,0.1670616035420707,0.17965998418415138,0.5220716246269029
/root/New_CheckLiuliang_remote/datasets/toniot/test/normal/test_00014927_orig61525_61526_61527.png,0,0.07106964799320209,0.07665123350892065,0.5199985089858616
/root/New_CheckLiuliang_remote/datasets/toniot/test/normal/test_00014928_orig61528_61529_61530.png,0,0.12270185823838417,0.13224747092719263,0.5203542807431648
/root/New_CheckLiuliang_remote/datasets/toniot/test/normal/test_00014929_orig61531_61532_61533.png,0,0.087287716875627,0.0940923593601181,0.5201985557315506
/root/New_CheckLiuliang_remote/datasets/toniot/test/normal/test_00014930_orig61534_61535_61536.png,0,0.09136785918139405,0.0974629694091782,0.5243177993758739
/root/New_CheckLiuliang_remote/datasets/toniot/test/normal/test_00014931_orig61537_61538_61539.png,0,0.15042822921554183,0.16176395915275651,0.5218995520122596
/root/New_CheckLiuliang_remote/datasets/toniot/test/normal/test_00014932_orig61540_61541_61542.png,0,0.07433937033986099,0.07902544771880592,0.5246071942277741
/root/New_CheckLiuliang_remote/datasets/toniot/test/normal/test_00014933_orig61543_61544_61545.png,0,0.11388860139577271,0.12350453698624242,0.517305734633447
/root/New_CheckLiuliang_remote/datasets/toniot/test/normal/test_00014934_orig61546_61547_61548.png,0,0.09238557567718239,0.0991168500455752,0.5220926933049449
/root/New_CheckLiuliang_remote/datasets/toniot/test/normal/test_00014935_orig61549_61550_61551.png,0,0.20842578017434382,0.2248011505393514,0.5199515096271528
/root/New_CheckLiuliang_remote/datasets/toniot/test/normal/test_00014936_orig61552_61553_61554.png,0,0.16413994791273046,0.17564330446007193,0.5255343569892309
/root/New_CheckLiuliang_remote/datasets/toniot/test/normal/test_00014937_orig61555_61556_61557.png,0,0.10952220296311022,0.11878563043423782,0.5173447715820597
/root/New_CheckLiuliang_remote/datasets/toniot/test/normal/test_00014938_orig61558_61559_61560.png,0,0.16642160589300234,0.18062226586501892,0.5154615558986203
/root/New_CheckLiuliang_remote/datasets/toniot/test/normal/test_00014939_orig61561_61562_61563.png,0,0.23839699689848645,0.2581571872823992,0.5158228238328041
/root/New_CheckLiuliang_remote/datasets/toniot/test/normal/test_00014940_orig61564_61565_61566.png,0,0.08292519972885519,0.08934143798262513,0.5203823958018228
/root/New_CheckLiuliang_remote/datasets/toniot/test/normal/test_00014941_orig61567_61568_61569.png,0,0.052802917135622046,0.05663763770475219,0.5212504394299111
/root/New_CheckLiuliang_remote/datasets/toniot/test/normal/test_00014942_orig61570_61571_61572.png,0,0.12684066664662094,0.13691992974057887,0.5195192141763595
/root/New_CheckLiuliang_remote/datasets/toniot/test/normal/test_00014943_orig61573_61574_61575.png,0,0.515094551436275,0.6252244810022844,0.24122350393536834
/root/New_CheckLiuliang_remote/datasets/toniot/test/normal/test_00014944_orig61576_61577_61578.png,0,0.2792150532204115,0.3264541258384702,0.41872366371204883
/root/New_CheckLiuliang_remote/datasets/toniot/test/normal/test_00014945_orig61579_61580_61581.png,0,0.3627268736142637,0.42792629609856053,0.3731039510958637
/root/New_CheckLiuliang_remote/datasets/toniot/test/normal/test_00014946_orig61582_61583_61584.png,0,0.10509624898561012,0.113809686820218,0.5181550348890966
/root/New_CheckLiuliang_remote/datasets/toniot/test/normal/test_00014947_orig61585_61586_61587.png,0,0.36378894178869214,0.4288019803006481,0.3741829633595959
/root/New_CheckLiuliang_remote/datasets/toniot/test/normal/test_00014948_orig61588_61589_61590.png,0,0.24116482758662638,0.2958806235385855,0.37686946643326236
/root/New_CheckLiuliang_remote/datasets/toniot/test/normal/test_00014949_orig61591_61592_61593.png,0,0.13164891515645624,0.14164828329026857,0.5213485250480863
/root/New_CheckLiuliang_remote/datasets/toniot/test/normal/test_00014950_orig61594_61595_61596.png,0,0.3017909808760836,0.36259978227294504,0.3715333128565513
/root/New_CheckLiuliang_remote/datasets/toniot/test/normal/test_00014951_orig61597_61598_61599.png,0,0.5878812065805653,0.638097327431234,0.5037328553632434
/root/New_CheckLiuliang_remote/datasets/toniot/test/normal/test_00014952_orig61600_61601_61602.png,0,0.34757539585606695,0.41193174176789277,0.37171887929007436
/root/New_CheckLiuliang_remote/datasets/toniot/test/normal/test_00014953_orig61603_61604_61605.png,0,0.15015729047784107,0.1640734876701591,0.511492611552837
/root/New_CheckLiuliang_remote/datasets/toniot/test/normal/test_00014954_orig61606_61607_61608.png,0,0.08609195018837701,0.09481295535020873,0.5121576489553776
/root/New_CheckLiuliang_remote/datasets/toniot/test/normal/test_00014955_orig61609_61610_61611.png,0,0.06792339224253487,0.07333363161353802,0.5196960078660157
/root/New_CheckLiuliang_remote/datasets/toniot/test/normal/test_00014956_orig61612_61613_61614.png,0,0.0443666784167055,0.048153184117130175,0.518794423466195
/root/New_CheckLiuliang_remote/datasets/toniot/test/normal/test_00014957_orig61615_61616_61617.png,0,0.1034406771024367,0.11191425170134524,0.5185946585757306
/root/New_CheckLiuliang_remote/datasets/toniot/test/normal/test_00014958_orig61618_61619_61620.png,0,0.17000822566173293,0.18223350380353184,0.5244892378162618
/root/New_CheckLiuliang_remote/datasets/toniot/test/normal/test_00014959_orig61621_61622_61623.png,0,0.13563246434638693,0.14703189109606035,0.5169990761490374
/root/New_CheckLiuliang_remote/datasets/toniot/test/normal/test_00014960_orig61624_61625_61626.png,0,0.1026164176097577,0.11117476171588443,0.5179967731804607
/root/New_CheckLiuliang_remote/datasets/toniot/test/normal/test_00014961_orig61627_61628_61629.png,0,0.08506642563104398,0.09070154323267601,0.5241791970691566
/root/New_CheckLiuliang_remote/datasets/toniot/test/normal/test_00014962_orig61630_61631_61632.png,0,0.10030714134420755,0.10819528361264738,0.519952496120439
/root/New_CheckLiuliang_remote/datasets/toniot/test/normal/test_00014963_orig61633_61634_61635.png,0,0.20300608393483838,0.21947934184341628,0.5178582413375497
/root/New_CheckLiuliang_remote/datasets/toniot/test/normal/test_00014964_orig61636_61637_61638.png,0,0.18079196609211964,0.19575110782448896,0.5169397456242505
/root/New_CheckLiuliang_remote/datasets/toniot/test/normal/test_00014965_orig61639_61640_61641.png,0,0.13552507662494412,0.14634094818203683,0.5192995784925579
/root/New_CheckLiuliang_remote/datasets/toniot/test/normal/test_00014966_orig61642_61643_61644.png,0,0.20941406105580235,0.2263323514141434,0.518090137723623
/root/New_CheckLiuliang_remote/datasets/toniot/test/normal/test_00014967_orig61645_61646_61647.png,0,0.1797093566842866,0.19349340658605316,0.5213001868770604
/root/New_CheckLiuliang_remote/datasets/toniot/test/normal/test_00014968_orig61648_61649_61650.png,0,0.10104114888946011,0.11023071798888115,0.5149772581588808
/root/New_CheckLiuliang_remote/datasets/toniot/test/normal/test_00014969_orig61651_61652_61653.png,0,0.16891983240361927,0.18334418207303604,0.5153512095781734
/root/New_CheckLiuliang_remote/datasets/toniot/test/normal/test_00014970_orig61654_61655_61656.png,0,0.07853599819553626,0.08509698064769404,0.5184252635857213
/root/New_CheckLiuliang_remote/datasets/toniot/test/normal/test_00014971_orig61657_61658_61659.png,0,0.1791376340369658,0.19469160079244566,0.5140410055664293
/root/New_CheckLiuliang_remote/datasets/toniot/test/normal/test_00014972_orig61660_61661_61662.png,0,0.1390442249932737,0.1507212061086911,0.5169601096642308
/root/New_CheckLiuliang_remote/datasets/toniot/test/normal/test_00014973_orig61663_61664_61665.png,0,0.14308527908163649,0.15339457524527095,0.523699690868236
/root/New_CheckLiuliang_remote/datasets/toniot/test/normal/test_00014974_orig61666_61667_61668.png,0,0.15992529125845287,0.17313840678220957,0.5173719706112376
/root/New_CheckLiuliang_remote/datasets/toniot/test/normal/test_00014975_orig61669_61670_61671.png,0,0.1433331324488097,0.15404444996102457,0.5221694283898534
/root/New_CheckLiuliang_remote/datasets/toniot/test/normal/test_00014976_orig61672_61673_61674.png,0,0.061165596158056085,0.06669842782277274,0.5170837736440421
/root/New_CheckLiuliang_remote/datasets/toniot/test/normal/test_00014977_orig61675_61676_61677.png,0,0.14243125341537535,0.1968320018096249,0.3471285259119725
/root/New_CheckLiuliang_remote/datasets/toniot/test/normal/test_00014978_orig61678_61679_61680.png,0,0.03731361195255155,0.04086430056987701,0.5175231154754514
/root/New_CheckLiuliang_remote/datasets/toniot/test/normal/test_00014979_orig61681_61682_61683.png,0,0.09295272281366669,0.10111462763936979,0.516548248717224
/root/New_CheckLiuliang_remote/datasets/toniot/test/normal/test_00014980_orig61684_61685_61686.png,0,0.0898678292674426,0.09725867808423809,0.51866385403338
/root/New_CheckLiuliang_remote/datasets/toniot/test/normal/test_00014981_orig61687_61688_61689.png,0,0.10954261576975491,0.11873052294774145,0.5176532621254294
/root/New_CheckLiuliang_remote/datasets/toniot/test/normal/test_00014982_orig61690_61691_61692.png,0,0.0729587988663866,0.0785128168860885,0.5207019491627596
/root/New_CheckLiuliang_remote/datasets/toniot/test/normal/test_00014983_orig61693_61694_61695.png,0,0.10165294418986427,0.10885027545214708,0.5231383057245571
/root/New_CheckLiuliang_remote/datasets/toniot/test/normal/test_00014984_orig61696_61697_61698.png,0,0.3055435957366127,0.330209832251499,0.5172818474031586
/root/New_CheckLiuliang_remote/datasets/toniot/test/normal/test_00014985_orig61699_61700_61701.png,0,0.07408950201345715,0.07908790287016847,0.5232794447282961
/root/New_CheckLiuliang_remote/datasets/toniot/test/normal/test_00014986_orig61702_61703_61704.png,0,0.11832062756186196,0.12755283791090669,0.5202322374308953
/root/New_CheckLiuliang_remote/datasets/toniot/test/normal/test_00014987_orig61705_61706_61707.png,0,0.09621844370508818,0.1051373429453036,0.5145456673461491
/root/New_CheckLiuliang_remote/datasets/toniot/test/normal/test_00014988_orig61708_61709_61710.png,0,0.07482448121027795,0.08202500069212379,0.5147017446767942
/root/New_CheckLiuliang_remote/datasets/toniot/test/normal/test_00014989_orig61711_61712_61713.png,0,0.12117098803776555,0.13140944350754427,0.5171022351612561
/root/New_CheckLiuliang_remote/datasets/toniot/test/normal/test_00014990_orig61714_61715_61716.png,0,0.10706489817197848,0.11709383059879926,0.5135111882079102
/root/New_CheckLiuliang_remote/datasets/toniot/test/normal/test_00014991_orig61717_61718_61719.png,0,0.07767787036740569,0.08380969600479908,0.5198724492366409
/root/New_CheckLiuliang_remote/datasets/toniot/test/normal/test_00014992_orig61720_61721_61722.png,0,0.1941024980137829,0.25054054539879383,0.355203466706521
/root/New_CheckLiuliang_remote/datasets/toniot/test/normal/test_00014993_orig61723_61724_61725.png,0,0.08172282979644972,0.08900003398295,0.516561002666139
/root/New_CheckLiuliang_remote/datasets/toniot/test/normal/test_00014994_orig61726_61727_61728.png,0,0.17689944268991434,0.19007241254933924,0.5228622285320211
/root/New_CheckLiuliang_remote/datasets/toniot/test/normal/test_00014995_orig61729_61730_61731.png,0,0.15105696294591464,0.1586981459873418,0.5368751542716956
/root/New_CheckLiuliang_remote/datasets/toniot/test/normal/test_00014996_orig61732_61733_61734.png,0,0.09539784110001831,0.10552676918321127,0.5094478928256783
/root/New_CheckLiuliang_remote/datasets/toniot/test/normal/test_00014997_orig61735_61736_61737.png,0,0.11331343155112347,0.1234309291292794,0.515118890409263
/root/New_CheckLiuliang_remote/datasets/toniot/test/normal/test_00014998_orig61738_61739_61740.png,0,0.11747976318200337,0.1284063479100945,0.5131907188174933
/root/New_CheckLiuliang_remote/datasets/toniot/test/normal/test_00014999_orig61741_61742_61743.png,0,0.361947476398,0.44950796231015305,0.2834149762223409
/root/New_CheckLiuliang_remote/datasets/toniot/test/normal/test_00015000_orig61744_61745_61746.png,0,0.41808714373782613,0.5083964784216796,0.2900467478029209
/root/New_CheckLiuliang_remote/datasets/toniot/test/normal/test_00015001_orig61747_61748_61749.png,0,0.2924607603978975,0.3522055918616214,0.3728596178480029
/root/New_CheckLiuliang_remote/datasets/toniot/test/normal/test_00015002_orig61750_61751_61752.png,0,0.43282389574902486,0.517563871216953,0.31695134396674446
/root/New_CheckLiuliang_remote/datasets/toniot/test/normal/test_00015003_orig61753_61754_61755.png,0,0.18957355240263146,0.2294225693235779,0.4201375552145577
/root/New_CheckLiuliang_remote/datasets/toniot/test/normal/test_00015004_orig61756_61757_61758.png,0,0.15244285714015884,0.16533991019316618,0.5162868279963694
/root/New_CheckLiuliang_remote/datasets/toniot/test/normal/test_00015005_orig61759_61760_61761.png,0,0.4288955171475937,0.4995822983731876,0.371930658259489
/root/New_CheckLiuliang_remote/datasets/toniot/test/normal/test_00015006_orig61762_61763_61764.png,0,0.40819566747718516,0.47680348762161207,0.3737470037908823
/root/New_CheckLiuliang_remote/datasets/toniot/test/normal/test_00015007_orig61765_61766_61767.png,0,0.6090595883645168,0.6640285488270044,0.49137124892093487
/root/New_CheckLiuliang_remote/datasets/toniot/test/normal/test_00015008_orig61768_61769_61770.png,0,0.2982133508125433,0.3526269017167163,0.3959909828876533
/root/New_CheckLiuliang_remote/datasets/toniot/test/normal/test_00015009_orig61771_61772_61773.png,0,0.13699088971744988,0.1492357969310116,0.5140436831910634
/root/New_CheckLiuliang_remote/datasets/toniot/test/normal/test_00015010_orig61774_61775_61776.png,0,0.16429084957619228,0.17910497307015222,0.5123386704734033
/root/New_CheckLiuliang_remote/datasets/toniot/test/normal/test_00015011_orig61777_61778_61779.png,0,0.19458301715820214,0.2339949162031624,0.4234589371817282
/root/New_CheckLiuliang_remote/datasets/toniot/test/normal/test_00015012_orig61780_61781_61782.png,0,0.08185094440332161,0.08788528825610915,0.521572670415482
/root/New_CheckLiuliang_remote/datasets/toniot/test/normal/test_00015013_orig61783_61784_61785.png,0,0.10324416843363035,0.11057080990554445,0.5231206897730171
/root/New_CheckLiuliang_remote/datasets/toniot/test/normal/test_00015014_orig61786_61787_61788.png,0,0.13782032324764945,0.14838819130537695,0.5210122717650895
/root/New_CheckLiuliang_remote/datasets/toniot/test/normal/test_00015015_orig61789_61790_61791.png,0,0.07593344626182633,0.08120862264217042,0.5227513185011249
/root/New_CheckLiuliang_remote/datasets/toniot/test/normal/test_00015016_orig61792_61793_61794.png,0,0.14621114771647006,0.15743539729676786,0.5210213615960841
/root/New_CheckLiuliang_remote/datasets/toniot/test/normal/test_00015017_orig61795_61796_61797.png,0,0.19063078926247265,0.20756418480479288,0.5121320001299352
/root/New_CheckLiuliang_remote/datasets/toniot/test/normal/test_00015018_orig61798_61799_61800.png,0,0.27713949414369743,0.3418095645340813,0.34834797254138217
/root/New_CheckLiuliang_remote/datasets/toniot/test/normal/test_00015019_orig61801_61802_61803.png,0,0.21828764982334584,0.23560615414167532,0.5192754798708511
/root/New_CheckLiuliang_remote/datasets/toniot/test/normal/test_00015020_orig61804_61805_61806.png,0,0.15052096859723818,0.16271312000350588,0.5185029851639161
/root/New_CheckLiuliang_remote/datasets/toniot/test/normal/test_00015021_orig61807_61808_61809.png,0,0.021105117747796005,0.02320458168891063,0.5182387458908151
/root/New_CheckLiuliang_remote/datasets/toniot/test/normal/test_00015022_orig61810_61811_61812.png,0,0.107890881803623,0.11535781356586243,0.5240185395911112
/root/New_CheckLiuliang_remote/datasets/toniot/test/normal/test_00015023_orig61813_61814_61815.png,0,0.13437623624795006,0.1447638244018312,0.520651990324192
/root/New_CheckLiuliang_remote/datasets/toniot/test/normal/test_00015024_orig61816_61817_61818.png,0,0.08781645005157115,0.09389200428421345,0.5232809244682255
/root/New_CheckLiuliang_remote/datasets/toniot/test/normal/test_00015025_orig61819_61820_61821.png,0,0.23521536639483098,0.294071917106794,0.35843838958353286
/root/New_CheckLiuliang_remote/datasets/toniot/test/normal/test_00015026_orig61822_61823_61824.png,0,0.05877395083429136,0.06368942785176979,0.5188022449486788
/root/New_CheckLiuliang_remote/datasets/toniot/test/normal/test_00015027_orig61825_61826_61827.png,0,0.16626849077447348,0.18048436594047684,0.5153526188542965
/root/New_CheckLiuliang_remote/datasets/toniot/test/normal/test_00015028_orig61828_61829_61830.png,0,0.1622557553131127,0.17560512284442803,0.5175586996975623
/root/New_CheckLiuliang_remote/datasets/toniot/test/normal/test_00015029_orig61831_61832_61833.png,0,0.1181200559154732,0.12796889943395426,0.5177027277173539
/root/New_CheckLiuliang_remote/datasets/toniot/test/normal/test_00015030_orig61834_61835_61836.png,0,0.11539411076680688,0.12392322267531364,0.522125740830034
/root/New_CheckLiuliang_remote/datasets/toniot/test/normal/test_00015031_orig61837_61838_61839.png,0,0.14752869667227184,0.1583992534772496,0.522849826902137
/root/New_CheckLiuliang_remote/datasets/toniot/test/normal/test_00015032_orig61840_61841_61842.png,0,0.14265003473283813,0.15425018457727768,0.518399614760279
/root/New_CheckLiuliang_remote/datasets/toniot/test/normal/test_00015033_orig61843_61844_61845.png,0,0.13177238414031042,0.1415528948553094,0.5222627224692096
/root/New_CheckLiuliang_remote/datasets/toniot/test/normal/test_00015034_orig61846_61847_61848.png,0,0.28583375116605036,0.3078638776855223,0.5216376380447618
/root/New_CheckLiuliang_remote/datasets/toniot/test/normal/test_00015035_orig61849_61850_61851.png,0,0.032336773546643126,0.03447734288494777,0.5216009264017524
/root/New_CheckLiuliang_remote/datasets/toniot/test/normal/test_00015036_orig61852_61853_61854.png,0,0.0975852695521133,0.10507436296073631,0.5206940572164697
/root/New_CheckLiuliang_remote/datasets/toniot/test/normal/test_00015037_orig61855_61856_61857.png,0,0.0878797109769493,0.09523111620607523,0.518197383636599
/root/New_CheckLiuliang_remote/datasets/toniot/test/normal/test_00015038_orig61858_61859_61860.png,0,0.11627315321698767,0.1261414302150937,0.5170450890144601
/root/New_CheckLiuliang_remote/datasets/toniot/test/normal/test_00015039_orig61861_61862_61863.png,0,0.09806500277411348,0.10701309681899907,0.5150086850164283
/root/New_CheckLiuliang_remote/datasets/toniot/test/normal/test_00015040_orig61864_61865_61866.png,0,0.14499146466955104,0.15648518677960901,0.5195605059667694
/root/New_CheckLiuliang_remote/datasets/toniot/test/normal/test_00015041_orig61867_61868_61869.png,0,0.17539693175403842,0.18936441255616207,0.5192124147643377
/root/New_CheckLiuliang_remote/datasets/toniot/test/normal/test_00015042_orig61870_61871_61872.png,0,0.17606363811265507,0.19069696406296477,0.516758371787194
/root/New_CheckLiuliang_remote/datasets/toniot/test/normal/test_00015043_orig61873_61874_61875.png,0,0.13654883602938087,0.14657843520717595,0.5227661159004185
/root/New_CheckLiuliang_remote/datasets/toniot/test/normal/test_00015044_orig61876_61877_61878.png,0,0.1325056322742315,0.14228976067474655,0.5224784826436724
/root/New_CheckLiuliang_remote/datasets/toniot/test/normal/test_00015045_orig61879_61880_61881.png,0,0.18262917345794938,0.23691954923650546,0.3601916700084127
/root/New_CheckLiuliang_remote/datasets/toniot/test/normal/test_00015046_orig61882_61883_61884.png,0,0.09116924506184883,0.0976334089924134,0.5227792221683644
/root/New_CheckLiuliang_remote/datasets/toniot/test/normal/test_00015047_orig61885_61886_61887.png,0,0.17239875419513206,0.18659906640045376,0.5173396981880162
/root/New_CheckLiuliang_remote/datasets/toniot/test/normal/test_00015048_orig61888_61889_61890.png,0,0.08944457876671899,0.09542005615977707,0.5241924442647148
/root/New_CheckLiuliang_remote/datasets/toniot/test/normal/test_00015049_orig61891_61892_61893.png,0,0.13113956810633587,0.14123012243440208,0.5208238515474168
/root/New_CheckLiuliang_remote/datasets/toniot/test/normal/test_00015050_orig61894_61895_61896.png,0,0.18302090286243197,0.19802324197605475,0.5174668148943293
/root/New_CheckLiuliang_remote/datasets/toniot/test/normal/test_00015051_orig61897_61898_61899.png,0,0.14005369132299542,0.1518148272990417,0.5169404502623121
/root/New_CheckLiuliang_remote/datasets/toniot/test/normal/test_00015052_orig61900_61901_61902.png,0,0.07356540958878705,0.07906349812614864,0.5211161354153697
/root/New_CheckLiuliang_remote/datasets/toniot/test/normal/test_00015053_orig61903_61904_61905.png,0,0.14117919701524378,0.15136452040938564,0.5235970955664666
/root/New_CheckLiuliang_remote/datasets/toniot/test/normal/test_00015054_orig61906_61907_61908.png,0,0.12296892947397453,0.13359589863843835,0.5161127119313474
/root/New_CheckLiuliang_remote/datasets/toniot/test/normal/test_00015055_orig61909_61910_61911.png,0,0.07315667059795304,0.07982594956431628,0.5163030346717863
/root/New_CheckLiuliang_remote/datasets/toniot/test/normal/test_00015056_orig61912_61913_61914.png,0,0.1437728941698447,0.15491711637218494,0.5205758894135389
/root/New_CheckLiuliang_remote/datasets/toniot/test/normal/test_00015057_orig61915_61916_61917.png,0,0.5137005144064238,0.6244960125141229,0.23812351924715341
/root/New_CheckLiuliang_remote/datasets/toniot/test/normal/test_00015058_orig61918_61919_61920.png,0,0.21640500144763508,0.2593120827494017,0.4163300434486875
/root/New_CheckLiuliang_remote/datasets/toniot/test/normal/test_00015059_orig61921_61922_61923.png,0,0.5813279397922264,0.6620444168965327,0.37967378499082877
/root/New_CheckLiuliang_remote/datasets/toniot/test/normal/test_00015060_orig61924_61925_61926.png,0,0.10967444009880144,0.11980170751858991,0.5139372123799553
/root/New_CheckLiuliang_remote/datasets/toniot/test/normal/test_00015061_orig61927_61928_61929.png,0,0.4484002208153009,0.5291027228477869,0.3379920126457165
/root/New_CheckLiuliang_remote/datasets/toniot/test/normal/test_00015062_orig61930_61931_61932.png,0,0.4778779069119297,0.5524452044612397,0.3717884622986576
/root/New_CheckLiuliang_remote/datasets/toniot/test/normal/test_00015063_orig61933_61934_61935.png,0,0.3725777165764412,0.43894202023258244,0.3715374702211147
/root/New_CheckLiuliang_remote/datasets/toniot/test/normal/test_00015064_orig61936_61937_61938.png,0,0.15842419679702813,0.17248184044309567,0.513522532880702
/root/New_CheckLiuliang_remote/datasets/toniot/test/normal/test_00015065_orig61939_61940_61941.png,0,0.40454464241997684,0.4727791978160641,0.3740936857171908
/root/New_CheckLiuliang_remote/datasets/toniot/test/normal/test_00015066_orig61942_61943_61944.png,0,0.09476576218378097,0.10389243858369036,0.5132584345352134
/root/New_CheckLiuliang_remote/datasets/toniot/test/normal/test_00015067_orig61945_61946_61947.png,0,0.10440103700631424,0.11468287806458309,0.5116631339637449
/root/New_CheckLiuliang_remote/datasets/toniot/test/normal/test_00015068_orig61948_61949_61950.png,0,0.12826793875131823,0.13931789265297806,0.5160845968726895
/root/New_CheckLiuliang_remote/datasets/toniot/test/normal/test_00015069_orig61951_61952_61953.png,0,0.14487686911972986,0.15782141211884482,0.513721240814074
/root/New_CheckLiuliang_remote/datasets/toniot/test/normal/test_00015070_orig61954_61955_61956.png,0,0.10484657170153683,0.11378160824376508,0.5171902444551503
/root/New_CheckLiuliang_remote/datasets/toniot/test/normal/test_00015071_orig61957_61958_61959.png,0,0.15921295534344754,0.1734609167865145,0.5130089221975999
/root/New_CheckLiuliang_remote/datasets/toniot/test/normal/test_00015072_orig61960_61961_61962.png,0,0.12969770601392644,0.1407273322242733,0.5166148370140454
/root/New_CheckLiuliang_remote/datasets/toniot/test/normal/test_00015073_orig61963_61964_61965.png,0,0.10937865025363973,0.11784263637364398,0.5204974631972825
/root/New_CheckLiuliang_remote/datasets/toniot/test/normal/test_00015074_orig61966_61967_61968.png,0,0.18528203737890692,0.19991054218025422,0.5196721206357273
/root/New_CheckLiuliang_remote/datasets/toniot/test/normal/test_00015075_orig61969_61970_61971.png,0,0.21472024111218896,0.2323294892362614,0.5169923820874522
/root/New_CheckLiuliang_remote/datasets/toniot/test/normal/test_00015076_orig61972_61973_61974.png,0,0.10380757172036371,0.11307636362491273,0.5155289897611157
/root/New_CheckLiuliang_remote/datasets/toniot/test/normal/test_00015077_orig61975_61976_61977.png,0,0.15770557144299205,0.16974326078082846,0.5213767105705504
/root/New_CheckLiuliang_remote/datasets/toniot/test/normal/test_00015078_orig61978_61979_61980.png,0,0.2144763007623221,0.23003977317233726,0.5250988906671604
/root/New_CheckLiuliang_remote/datasets/toniot/test/normal/test_00015079_orig61981_61982_61983.png,0,0.1647886156225401,0.17885108500736538,0.5155015793405193
/root/New_CheckLiuliang_remote/datasets/toniot/test/normal/test_00015080_orig61984_61985_61986.png,0,0.09127045929834958,0.09821518659985365,0.5208887487128905
/root/New_CheckLiuliang_remote/datasets/toniot/test/normal/test_00015081_orig61987_61988_61989.png,0,0.16514037555856764,0.17761287226911243,0.5219719183411862
/root/New_CheckLiuliang_remote/datasets/toniot/test/normal/test_00015082_orig61990_61991_61992.png,0,0.08992338155646651,0.0978139516148396,0.5166824118041532
/root/New_CheckLiuliang_remote/datasets/toniot/test/normal/test_00015083_orig61993_61994_61995.png,0,0.0964754751905486,0.10560483812241446,0.5137845173120059
/root/New_CheckLiuliang_remote/datasets/toniot/test/normal/test_00015084_orig61996_61997_61998.png,0,0.1316471960411674,0.1417541683893223,0.52091756840961
/root/New_CheckLiuliang_remote/datasets/toniot/test/normal/test_00015085_orig61999_62000_62001.png,0,0.15480204042600704,0.16740394797905758,0.5182081645989415
/root/New_CheckLiuliang_remote/datasets/toniot/test/normal/test_00015086_orig62002_62003_62004.png,0,0.4154467258784669,0.4500393559299395,0.5120845075245832
/root/New_CheckLiuliang_remote/datasets/toniot/test/normal/test_00015087_orig62005_62006_62007.png,0,0.08249638446584866,0.0899165239667051,0.516232148082789
/root/New_CheckLiuliang_remote/datasets/toniot/test/normal/test_00015088_orig62008_62009_62010.png,0,0.09880793651239128,0.10803914573424099,0.5141094963860171
/root/New_CheckLiuliang_remote/datasets/toniot/test/normal/test_00015089_orig62011_62012_62013.png,0,0.07288292341177874,0.07938351517273114,0.5168918302360616
/root/New_CheckLiuliang_remote/datasets/toniot/test/normal/test_00015090_orig62014_62015_62016.png,0,0.052538003986325015,0.05885610766113462,0.5112337275290041
/root/New_CheckLiuliang_remote/datasets/toniot/test/normal/test_00015091_orig62017_62018_62019.png,0,0.25216544763568116,0.27374775125372813,0.5128574954781614
/root/New_CheckLiuliang_remote/datasets/toniot/test/normal/test_00015092_orig62020_62021_62022.png,0,0.031346860623203826,0.03469213087398243,0.516471302240897
/root/New_CheckLiuliang_remote/datasets/toniot/test/normal/test_00015093_orig62023_62024_62025.png,0,0.4315621943365429,0.5416196011556302,0.2152854598006452
/root/New_CheckLiuliang_remote/datasets/toniot/test/normal/test_00015094_orig62026_62027_62028.png,0,0.5339039825156148,0.6588016037328237,0.1880586678831538
/root/New_CheckLiuliang_remote/datasets/toniot/test/normal/test_00015095_orig62029_62030_62031.png,0,0.3407273509120916,0.3743273114408784,0.4925942187406525
/root/New_CheckLiuliang_remote/datasets/toniot/test/normal/test_00015096_orig62032_62033_62034.png,0,0.707260626435146,0.8094910574326288,0.33315928773211745
/root/New_CheckLiuliang_remote/datasets/toniot/test/normal/test_00015097_orig62035_62036_62037.png,0,0.3771011730194288,0.4618887776096708,0.2992645763014859
/root/New_CheckLiuliang_remote/datasets/toniot/test/normal/test_00015098_orig62038_62039_62040.png,0,0.08189274529987581,0.08942436162897205,0.5155967054788357
/root/New_CheckLiuliang_remote/datasets/toniot/test/normal/test_00015099_orig62041_62042_62043.png,0,0.11022961748090578,0.11978399439793037,0.5164030932765339
/root/New_CheckLiuliang_remote/datasets/toniot/test/normal/test_00015100_orig62044_62045_62046.png,0,0.38423740896714315,0.43783777116983613,0.42625423637210613
/root/New_CheckLiuliang_remote/datasets/toniot/test/normal/test_00015101_orig62047_62048_62049.png,0,0.11620887172311734,0.1272002812056311,0.512532375476538
/root/New_CheckLiuliang_remote/datasets/toniot/test/normal/test_00015102_orig62050_62051_62052.png,0,0.15272973134745033,0.1650616173863595,0.5186375710336822
/root/New_CheckLiuliang_remote/datasets/toniot/test/normal/test_00015103_orig62053_62054_62055.png,0,0.0753790962359667,0.08125638246380061,0.520168820005351
/root/New_CheckLiuliang_remote/datasets/toniot/test/normal/test_00015104_orig62056_62057_62058.png,0,0.19843214475617668,0.21390246420998366,0.5204338343803198
/root/New_CheckLiuliang_remote/datasets/toniot/test/normal/test_00015105_orig62059_62060_62061.png,0,0.08398394634503027,0.09180316812939868,0.5151028951252645
/root/New_CheckLiuliang_remote/datasets/toniot/test/normal/test_00015106_orig62062_62063_62064.png,0,0.1597303138398271,0.1743610057326219,0.5116404446181612
/root/New_CheckLiuliang_remote/datasets/toniot/test/normal/test_00015107_orig62065_62066_62067.png,0,0.10879142121177435,0.11854840582570106,0.5151410865082034
/root/New_CheckLiuliang_remote/datasets/toniot/test/normal/test_00015108_orig62068_62069_62070.png,0,0.07958487763074039,0.08697181606328123,0.5154507749362778
/root/New_CheckLiuliang_remote/datasets/toniot/test/normal/test_00015109_orig62071_62072_62073.png,0,0.16301612842473379,0.17667761949828834,0.5165489533552856
/root/New_CheckLiuliang_remote/datasets/toniot/test/normal/test_00015110_orig62074_62075_62076.png,0,0.21901653380387542,0.23748859963873106,0.5148900944306606
/root/New_CheckLiuliang_remote/datasets/toniot/test/normal/test_00015111_orig62077_62078_62079.png,0,0.049153588089040814,0.05348115960322085,0.518133191109187
/root/New_CheckLiuliang_remote/datasets/toniot/test/normal/test_00015112_orig62080_62081_62082.png,0,0.14432988625035995,0.1554178072494948,0.5209759829049169
/root/New_CheckLiuliang_remote/datasets/toniot/test/normal/test_00015113_orig62083_62084_62085.png,0,0.4924388647189789,0.5890764628183884,0.28807922217541077
/root/New_CheckLiuliang_remote/datasets/toniot/test/normal/test_00015114_orig62086_62087_62088.png,0,0.3427791337544791,0.40629582039892836,0.3735715489135432
/root/New_CheckLiuliang_remote/datasets/toniot/test/normal/test_00015115_orig62089_62090_62091.png,0,0.13528180067908774,0.1466415464000444,0.517047696175288
/root/New_CheckLiuliang_remote/datasets/toniot/test/normal/test_00015116_orig62092_62093_62094.png,0,0.1415907685907509,0.15294321868920546,0.5190578171736221
/root/New_CheckLiuliang_remote/datasets/toniot/test/normal/test_00015117_orig62095_62096_62097.png,0,0.1646868651284931,0.17735583520709722,0.5210436281588308
/root/New_CheckLiuliang_remote/datasets/toniot/test/normal/test_00015118_orig62098_62099_62100.png,0,0.5869180848758913,0.6413334489715827,0.4866334739861368
/root/New_CheckLiuliang_remote/datasets/toniot/test/normal/test_00015119_orig62101_62102_62103.png,0,0.6598271621927084,0.6570354087906151,0.7383544996037468
/root/New_CheckLiuliang_remote/datasets/toniot/test/normal/test_00015120_orig62104_62105_62106.png,0,0.02861559632431426,0.03254267648402165,0.5132864791300651
/root/New_CheckLiuliang_remote/datasets/toniot/test/normal/test_00015121_orig62107_62108_62109.png,0,0.2503568196443815,0.29566885334047804,0.4173706881699655
/root/New_CheckLiuliang_remote/datasets/toniot/test/normal/test_00015122_orig62110_62111_62112.png,0,0.13531090399572468,0.14723683846250638,0.5147920792762916
/root/New_CheckLiuliang_remote/datasets/toniot/test/normal/test_00015123_orig62113_62114_62115.png,0,0.09771964591146665,0.10709602046534598,0.5131871251633792
/root/New_CheckLiuliang_remote/datasets/toniot/test/normal/test_00015124_orig62116_62117_62118.png,0,0.12401683917705122,0.1353359831287118,0.5136730435706603
/root/New_CheckLiuliang_remote/datasets/toniot/test/normal/test_00015125_orig62119_62120_62121.png,0,0.08639976408889942,0.09281006063266806,0.5214971332152782
/root/New_CheckLiuliang_remote/datasets/toniot/test/normal/test_00015126_orig62122_62123_62124.png,0,0.13379932877227363,0.14425368652683623,0.5202037700532065
/root/New_CheckLiuliang_remote/datasets/toniot/test/normal/test_00015127_orig62125_62126_62127.png,0,0.14707711501024928,0.1588889228572602,0.518943031633387
/root/New_CheckLiuliang_remote/datasets/toniot/test/normal/test_00015128_orig62128_62129_62130.png,0,0.11353472321545922,0.12274720267182088,0.5188084457636208
/root/New_CheckLiuliang_remote/datasets/toniot/test/normal/test_00015129_orig62131_62132_62133.png,0,0.17092728623783465,0.18562340147286566,0.5148944631866424
/root/New_CheckLiuliang_remote/datasets/toniot/test/normal/test_00015130_orig62134_62135_62136.png,0,0.2650865322069705,0.2876189616463703,0.5131140541963909
/root/New_CheckLiuliang_remote/datasets/toniot/test/normal/test_00015131_orig62137_62138_62139.png,0,0.2445708141496494,0.26423895445877954,0.5181295269912667
/root/New_CheckLiuliang_remote/datasets/toniot/test/normal/test_00015132_orig62140_62141_62142.png,0,0.09384329985880961,0.1013059293424929,0.5196249803494061
/root/New_CheckLiuliang_remote/datasets/toniot/test/normal/test_00015133_orig62143_62144_62145.png,0,0.18438214158810518,0.19830153478286142,0.5222260108262001
/root/New_CheckLiuliang_remote/datasets/toniot/test/normal/test_00015134_orig62146_62147_62148.png,0,0.09452501341644513,0.10134935929018409,0.522392164481126
/root/New_CheckLiuliang_remote/datasets/toniot/test/normal/test_00015135_orig62149_62150_62151.png,0,0.07214456319809742,0.07782357967998033,0.5199462953054969
/root/New_CheckLiuliang_remote/datasets/toniot/test/normal/test_00015136_orig62152_62153_62154.png,0,0.15524894126970465,0.1681686299583453,0.5170773614376815
/root/New_CheckLiuliang_remote/datasets/toniot/test/normal/test_00015137_orig62155_62156_62157.png,0,0.10155404015139104,0.1108391308814613,0.514756213198956
/root/New_CheckLiuliang_remote/datasets/toniot/test/normal/test_00015138_orig62158_62159_62160.png,0,0.21635791494855675,0.23483176274810014,0.5140481928746576
/root/New_CheckLiuliang_remote/datasets/toniot/test/normal/test_00015139_orig62161_62162_62163.png,0,0.15775461128529703,0.1715443571311515,0.5143838824472051
/root/New_CheckLiuliang_remote/datasets/toniot/test/normal/test_00015140_orig62164_62165_62166.png,0,0.13705838204874654,0.14976063013573893,0.5122355114611847
/root/New_CheckLiuliang_remote/datasets/toniot/test/normal/test_00015141_orig62167_62168_62169.png,0,0.039405400234589424,0.04342837319157239,0.5162907739695144
/root/New_CheckLiuliang_remote/datasets/toniot/test/normal/test_00015142_orig62170_62171_62172.png,0,0.21990214236288022,0.23881026085653567,0.5134239540158838
/root/New_CheckLiuliang_remote/datasets/toniot/test/normal/test_00015143_orig62173_62174_62175.png,0,0.01998574263561319,0.022403686218496723,0.5166133572741162
/root/New_CheckLiuliang_remote/datasets/toniot/test/normal/test_00015144_orig62176_62177_62178.png,0,0.14962413707821676,0.16327613482387712,0.5123820057141919
/root/New_CheckLiuliang_remote/datasets/toniot/test/normal/test_00015145_orig62179_62180_62181.png,0,0.0817815910199935,0.08987624301824228,0.5133096617222919
/root/New_CheckLiuliang_remote/datasets/toniot/test/normal/test_00015146_orig62182_62183_62184.png,0,0.09542155405663827,0.10389020804257026,0.5160964347921244
/root/New_CheckLiuliang_remote/datasets/toniot/test/normal/test_00015147_orig62185_62186_62187.png,0,0.12955669075897383,0.14115808907705327,0.5142834715234268
/root/New_CheckLiuliang_remote/datasets/toniot/test/normal/test_00015148_orig62188_62189_62190.png,0,0.09728122981793166,0.10617165798351998,0.5149932534428792
/root/New_CheckLiuliang_remote/datasets/toniot/test/normal/test_00015149_orig62191_62192_62193.png,0,0.06788681778962512,0.0745210667392336,0.5147884856221775
/root/New_CheckLiuliang_remote/datasets/toniot/test/normal/test_00015150_orig62194_62195_62196.png,0,0.06375599783680094,0.06879841668318798,0.5198587792582459
/root/New_CheckLiuliang_remote/datasets/toniot/test/normal/test_00015151_orig62197_62198_62199.png,0,0.26503374483109055,0.2861042930175272,0.5189450046199594
/root/New_CheckLiuliang_remote/datasets/toniot/test/normal/test_00015152_orig62200_62201_62202.png,0,0.33756215593167777,0.39188547509673005,0.4087069518111418
/root/New_CheckLiuliang_remote/datasets/toniot/test/normal/test_00015153_orig62203_62204_62205.png,0,0.12403229736088457,0.13467049462511754,0.5164016840004106
/root/New_CheckLiuliang_remote/datasets/toniot/test/normal/test_00015154_orig62206_62207_62208.png,0,0.08762539285514384,0.09646513027869037,0.5121642020893505
/root/New_CheckLiuliang_remote/datasets/toniot/test/normal/test_00015155_orig62209_62210_62211.png,0,0.0426860513453666,0.045523376136542705,0.5220634508253884
/root/New_CheckLiuliang_remote/datasets/toniot/test/normal/test_00015156_orig62212_62213_62214.png,0,0.0980677767881445,0.10597746969777086,0.5191631605638316
/root/New_CheckLiuliang_remote/datasets/toniot/test/normal/test_00015157_orig62215_62216_62217.png,0,0.18487366480125697,0.19799870602373373,0.5255577509728762
/root/New_CheckLiuliang_remote/datasets/toniot/test/normal/test_00015158_orig62218_62219_62220.png,0,0.12907178125714971,0.13935226922788768,0.5194148572794361
/root/New_CheckLiuliang_remote/datasets/toniot/test/normal/test_00015159_orig62221_62222_62223.png,0,0.08944677010218399,0.09800787748398636,0.5138506123621842
/root/New_CheckLiuliang_remote/datasets/toniot/test/normal/test_00015160_orig62224_62225_62226.png,0,0.12445058919777961,0.13550117437989972,0.5148834708328814
/root/New_CheckLiuliang_remote/datasets/toniot/test/normal/test_00015161_orig62227_62228_62229.png,0,0.12805820013094588,0.13857420400187942,0.5181545416424536
/root/New_CheckLiuliang_remote/datasets/toniot/test/normal/test_00015162_orig62230_62231_62232.png,0,0.2065765945861411,0.22402308531334314,0.515086406594623
/root/New_CheckLiuliang_remote/datasets/toniot/test/normal/test_00015163_orig62233_62234_62235.png,0,0.1280425927253933,0.13872771771426218,0.5174731566368838
/root/New_CheckLiuliang_remote/datasets/toniot/test/normal/test_00015164_orig62236_62237_62238.png,0,0.094947717422943,0.10284041042481443,0.5182514998397301
/root/New_CheckLiuliang_remote/datasets/toniot/test/normal/test_00015165_orig62239_62240_62241.png,0,0.11726905091432449,0.12750442204777057,0.5158894121296255
/root/New_CheckLiuliang_remote/datasets/toniot/test/normal/test_00015166_orig62242_62243_62244.png,0,0.4269101728689166,0.5304805412184974,0.23977293602175304
/root/New_CheckLiuliang_remote/datasets/toniot/test/normal/test_00015167_orig62245_62246_62247.png,0,0.34536082803362217,0.40749821327095864,0.37989937486625086
/root/New_CheckLiuliang_remote/datasets/toniot/test/normal/test_00015168_orig62248_62249_62250.png,0,0.3136225834535213,0.37469456347588637,0.37419557638089856
/root/New_CheckLiuliang_remote/datasets/toniot/test/normal/test_00015169_orig62251_62252_62253.png,0,0.16530153429769842,0.1805813288750502,0.5107933287405024
/root/New_CheckLiuliang_remote/datasets/toniot/test/normal/test_00015170_orig62254_62255_62256.png,0,0.47550269645117477,0.5581375453997123,0.33877246976274766
/root/New_CheckLiuliang_remote/datasets/toniot/test/normal/test_00015171_orig62257_62258_62259.png,0,0.11373412737370318,0.12465680828722127,0.5120302503938399
/root/New_CheckLiuliang_remote/datasets/toniot/test/normal/test_00015172_orig62260_62261_62262.png,0,0.38298318441484314,0.4501577058176055,0.3715637884527156
/root/New_CheckLiuliang_remote/datasets/toniot/test/normal/test_00015173_orig62263_62264_62265.png,0,0.7329487066283985,0.8264969653488061,0.3759537188084035
/root/New_CheckLiuliang_remote/datasets/toniot/test/normal/test_00015174_orig62266_62267_62268.png,0,0.3282628746688053,0.35773011738288246,0.5052113974079043
/root/New_CheckLiuliang_remote/datasets/toniot/test/normal/test_00015175_orig62269_62270_62271.png,0,0.3303788894087669,0.3539847764256471,0.5293212228598961
/root/New_CheckLiuliang_remote/datasets/toniot/test/normal/test_00015176_orig62272_62273_62274.png,0,0.6698743508524807,0.7360365829737023,0.46569325146284624
/root/New_CheckLiuliang_remote/datasets/toniot/test/normal/test_00015177_orig62275_62276_62277.png,0,0.45522076239526643,0.5544782770880522,0.2659135283672838
/root/New_CheckLiuliang_remote/datasets/toniot/test/normal/test_00015178_orig62278_62279_62280.png,0,0.14070755693320328,0.15422184358422242,0.5101331533405868
/root/New_CheckLiuliang_remote/datasets/toniot/test/normal/test_00015179_orig62281_62282_62283.png,0,0.23599019814252048,0.2885332210890053,0.3839357883064327
/root/New_CheckLiuliang_remote/datasets/toniot/test/normal/test_00015180_orig62284_62285_62286.png,0,0.17675243474418567,0.19328767196980004,0.5093670003762063
/root/New_CheckLiuliang_remote/datasets/toniot/test/normal/test_00015181_orig62287_62288_62289.png,0,0.05605273992255266,0.06280049161126287,0.5106187194288373
/root/New_CheckLiuliang_remote/datasets/toniot/test/normal/test_00015182_orig62290_62291_62292.png,0,0.07887640344990048,0.08616081755367633,0.5156384200520826
/root/New_CheckLiuliang_remote/datasets/toniot/test/normal/test_00015183_orig62293_62294_62295.png,0,0.13217618276053517,0.14388709053333418,0.5146679220498372
/root/New_CheckLiuliang_remote/datasets/toniot/test/normal/test_00015184_orig62296_62297_62298.png,0,0.09941546862080933,0.10864585291890579,0.5143035537081825
/root/New_CheckLiuliang_remote/datasets/toniot/test/normal/test_00015185_orig62299_62300_62301.png,0,0.08122418929284367,0.08952539202088207,0.5123084415005605
/root/New_CheckLiuliang_remote/datasets/toniot/test/normal/test_00015186_orig62302_62303_62304.png,0,0.26574465664209784,0.28743841902394407,0.5166753654235372
/root/New_CheckLiuliang_remote/datasets/toniot/test/normal/test_00015187_orig62305_62306_62307.png,0,0.16642897650256097,0.18051638076596518,0.515916893014028
/root/New_CheckLiuliang_remote/datasets/toniot/test/normal/test_00015188_orig62308_62309_62310.png,0,0.12295326198122399,0.13359642347164308,0.5160430232270549
/root/New_CheckLiuliang_remote/datasets/toniot/test/normal/test_00015189_orig62311_62312_62313.png,0,0.1698371658300759,0.18552237108095565,0.5105958186918352
/root/New_CheckLiuliang_remote/datasets/toniot/test/normal/test_00015190_orig62314_62315_62316.png,0,0.08992577270597502,0.09714465807051108,0.5193699013711058
/root/New_CheckLiuliang_remote/datasets/toniot/test/normal/test_00015191_orig62317_62318_62319.png,0,0.16157346069645945,0.17442818438282698,0.5193230429400093
/root/New_CheckLiuliang_remote/datasets/toniot/test/normal/test_00015192_orig62320_62321_62322.png,0,0.08056732674743701,0.08805166038200772,0.5153696710953873
/root/New_CheckLiuliang_remote/datasets/toniot/test/normal/test_00015193_orig62323_62324_62325.png,0,0.13432706190773655,0.14575444707575402,0.5164773621282268
/root/New_CheckLiuliang_remote/datasets/toniot/test/normal/test_00015194_orig62326_62327_62328.png,0,0.11479111775034302,0.12477384609187546,0.5161219426899544
/root/New_CheckLiuliang_remote/datasets/toniot/test/normal/test_00015195_orig62329_62330_62331.png,0,0.16319294566190728,0.17770419324673498,0.5132054457529808
/root/New_CheckLiuliang_remote/datasets/toniot/test/normal/test_00015196_orig62332_62333_62334.png,0,0.11579081583427905,0.12544655105203473,0.5177438081163453
/root/New_CheckLiuliang_remote/datasets/toniot/test/normal/test_00015197_orig62335_62336_62337.png,0,0.07070615401186024,0.0756369933407851,0.5224873610832486
/root/New_CheckLiuliang_remote/datasets/toniot/test/normal/test_00015198_orig62338_62339_62340.png,0,0.09529622495002234,0.10377986186127634,0.5159971512892445
/root/New_CheckLiuliang_remote/datasets/toniot/test/normal/test_00015199_orig62341_62342_62343.png,0,0.12360732580312352,0.13556179261504572,0.5110031699552477
/root/New_CheckLiuliang_remote/datasets/toniot/test/normal/test_00015200_orig62344_62345_62346.png,0,0.18064591104966554,0.19567093955246687,0.5166303390514008
/root/New_CheckLiuliang_remote/datasets/toniot/test/normal/test_00015201_orig62347_62348_62349.png,0,0.1337813956223303,0.14453499712457007,0.5190011642734692
/root/New_CheckLiuliang_remote/datasets/toniot/test/normal/test_00015202_orig62350_62351_62352.png,0,0.10584292817592861,0.11488441401519839,0.5170772909738753
/root/New_CheckLiuliang_remote/datasets/toniot/test/normal/test_00015203_orig62353_62354_62355.png,0,0.1038968376692014,0.11351486176746241,0.5141600893988402
/root/New_CheckLiuliang_remote/datasets/toniot/test/normal/test_00015204_orig62356_62357_62358.png,0,0.17152252411371535,0.18570684995241732,0.5171285181609538
/root/New_CheckLiuliang_remote/datasets/toniot/test/normal/test_00015205_orig62359_62360_62361.png,0,0.10688385729761891,0.11553612564716854,0.5189609999039578
/root/New_CheckLiuliang_remote/datasets/toniot/test/normal/test_00015206_orig62362_62363_62364.png,0,0.1378128226979618,0.14979631879366037,0.5153474045326407
/root/New_CheckLiuliang_remote/datasets/toniot/test/normal/test_00015207_orig62365_62366_62367.png,0,0.07347240196324001,0.0796828013077269,0.5182376889337227
/root/New_CheckLiuliang_remote/datasets/toniot/test/normal/test_00015208_orig62368_62369_62370.png,0,0.14583471297231823,0.1572892312492513,0.5199820909190263
/root/New_CheckLiuliang_remote/datasets/toniot/test/normal/test_00015209_orig62371_62372_62373.png,0,0.23384597315034325,0.2800744843284149,0.40852057504384787
/root/New_CheckLiuliang_remote/datasets/toniot/test/normal/test_00015210_orig62374_62375_62376.png,0,0.13250278796680479,0.14515731809707552,0.5109959826470194
/root/New_CheckLiuliang_remote/datasets/toniot/test/normal/test_00015211_orig62377_62378_62379.png,0,0.13854700690810476,0.14958638551176945,0.5193543993337506
/root/New_CheckLiuliang_remote/datasets/toniot/test/normal/test_00015212_orig62380_62381_62382.png,0,0.08088307235927675,0.08776680716014196,0.5178712066778831
/root/New_CheckLiuliang_remote/datasets/toniot/test/normal/test_00015213_orig62383_62384_62385.png,0,0.2383476889661261,0.25875641559389667,0.5132131967716584
/root/New_CheckLiuliang_remote/datasets/toniot/test/normal/test_00015214_orig62386_62387_62388.png,0,0.19415694261028726,0.21047123592577757,0.5157155779198281
/root/New_CheckLiuliang_remote/datasets/toniot/test/normal/test_00015215_orig62389_62390_62391.png,0,0.21978554508848092,0.2781913827898532,0.355396467071594
/root/New_CheckLiuliang_remote/datasets/toniot/test/normal/test_00015216_orig62392_62393_62394.png,0,0.08934585021982608,0.09664869069204375,0.5188519923958279
/root/New_CheckLiuliang_remote/datasets/toniot/test/normal/test_00015217_orig62395_62396_62397.png,0,0.11759227596752855,0.127967980975846,0.5154295653306236
/root/New_CheckLiuliang_remote/datasets/toniot/test/normal/test_00015218_orig62398_62399_62400.png,0,0.1936949542847848,0.2107735398517005,0.5125133502488747
/root/New_CheckLiuliang_remote/datasets/toniot/test/normal/test_00015219_orig62401_62402_62403.png,0,0.12441021433608718,0.13402599944971239,0.5206099938957205
/root/New_CheckLiuliang_remote/datasets/toniot/test/normal/test_00015220_orig62404_62405_62406.png,0,0.20505491900733766,0.22141243374472822,0.5189645230942659
/root/New_CheckLiuliang_remote/datasets/toniot/test/normal/test_00015221_orig62407_62408_62409.png,0,0.5933581393769147,0.7035362867709624,0.2656044388815618
/root/New_CheckLiuliang_remote/datasets/toniot/test/normal/test_00015222_orig62410_62411_62412.png,0,0.4155616123663418,0.43928657323148596,0.5555912572173434
/root/New_CheckLiuliang_remote/datasets/toniot/test/normal/test_00015223_orig62413_62414_62415.png,0,0.4979792400480103,0.6118100067060562,0.22104615780947193
/root/New_CheckLiuliang_remote/datasets/toniot/test/normal/test_00015224_orig62416_62417_62418.png,0,0.2189828300310177,0.26262758531196545,0.4141887540751861
/root/New_CheckLiuliang_remote/datasets/toniot/test/normal/test_00015225_orig62419_62420_62421.png,0,0.31397665530461244,0.37528106458216914,0.3733770335766378
/root/New_CheckLiuliang_remote/datasets/toniot/test/normal/test_00015226_orig62422_62423_62424.png,0,0.24369317549371103,0.2991690971911058,0.3746228336695514
/root/New_CheckLiuliang_remote/datasets/toniot/test/normal/test_00015227_orig62425_62426_62427.png,0,0.3115071607743018,0.37233202680480626,0.37451981558494507
/root/New_CheckLiuliang_remote/datasets/toniot/test/normal/test_00015228_orig62428_62429_62430.png,0,0.49821028328595135,0.573541793583363,0.37511572799364246
/root/New_CheckLiuliang_remote/datasets/toniot/test/normal/test_00015229_orig62431_62432_62433.png,0,0.5983546463059709,0.6713061484603559,0.41607986170491545
/root/New_CheckLiuliang_remote/datasets/toniot/test/normal/test_00015230_orig62434_62435_62436.png,0,0.3180627513459957,0.3800402520826366,0.3719676517577232
/root/New_CheckLiuliang_remote/datasets/toniot/test/normal/test_00015231_orig62437_62438_62439.png,0,0.15654877273327558,0.17139281154328648,0.5097880920818201
/root/New_CheckLiuliang_remote/datasets/toniot/test/normal/test_00015232_orig62440_62441_62442.png,0,0.11788292765504407,0.12876690832174217,0.5134877237604588
/root/New_CheckLiuliang_remote/datasets/toniot/test/normal/test_00015233_orig62443_62444_62445.png,0,0.1818679111652809,0.19716933835196337,0.5159084373572888
/root/New_CheckLiuliang_remote/datasets/toniot/test/normal/test_00015234_orig62446_62447_62448.png,0,0.09875185845862611,0.10674884330041885,0.519028786085484
/root/New_CheckLiuliang_remote/datasets/toniot/test/normal/test_00015235_orig62449_62450_62451.png,0,0.1627434840442091,0.1762414831051599,0.5171173144157744
/root/New_CheckLiuliang_remote/datasets/toniot/test/normal/test_00015236_orig62452_62453_62454.png,0,0.10535458446356064,0.11418756672762168,0.5177579713413836
/root/New_CheckLiuliang_remote/datasets/toniot/test/normal/test_00015237_orig62455_62456_62457.png,0,0.12318479865595361,0.13454925815482555,0.5132305308679739
/root/New_CheckLiuliang_remote/datasets/toniot/test/normal/test_00015238_orig62458_62459_62460.png,0,0.1945510388938589,0.21189366511888982,0.5117259876788398
/root/New_CheckLiuliang_remote/datasets/toniot/test/normal/test_00015239_orig62461_62462_62463.png,0,0.2317265068144707,0.25042350759413967,0.5179811302154931
/root/New_CheckLiuliang_remote/datasets/toniot/test/normal/test_00015240_orig62464_62465_62466.png,0,0.1801068495112988,0.19519242287805671,0.5162189008872309
/root/New_CheckLiuliang_remote/datasets/toniot/test/normal/test_00015241_orig62467_62468_62469.png,0,0.11730712762221902,0.12815075413939228,0.5134683462137648
/root/New_CheckLiuliang_remote/datasets/toniot/test/normal/test_00015242_orig62470_62471_62472.png,0,0.12211527905275966,0.13305269627154556,0.5146028839567512
/root/New_CheckLiuliang_remote/datasets/toniot/test/normal/test_00015243_orig62473_62474_62475.png,0,0.09795522520994632,0.10539214946619871,0.5210188953628685
/root/New_CheckLiuliang_remote/datasets/toniot/test/normal/test_00015244_orig62476_62477_62478.png,0,0.17122145283749896,0.18710408715170265,0.5102407515725936
/root/New_CheckLiuliang_remote/datasets/toniot/test/normal/test_00015245_orig62479_62480_62481.png,0,0.15542286340385333,0.16974365440573203,0.5115275616006925
/root/New_CheckLiuliang_remote/datasets/toniot/test/normal/test_00015246_orig62482_62483_62484.png,0,0.1125590526880146,0.12354035685246506,0.5114267983578833
/root/New_CheckLiuliang_remote/datasets/toniot/test/normal/test_00015247_orig62485_62486_62487.png,0,0.1777698857698607,0.19317443920588012,0.5142092026717339
/root/New_CheckLiuliang_remote/datasets/toniot/test/normal/test_00015248_orig62488_62489_62490.png,0,0.19184996411146005,0.20865163920498792,0.5130416878674643
/root/New_CheckLiuliang_remote/datasets/toniot/test/normal/test_00015249_orig62491_62492_62493.png,0,0.08671806219754326,0.09452180412988624,0.51602329336133
/root/New_CheckLiuliang_remote/datasets/toniot/test/normal/test_00015250_orig62494_62495_62496.png,0,0.11106511588537415,0.12089231091801331,0.5155741570608644
/root/New_CheckLiuliang_remote/datasets/toniot/test/normal/test_00015251_orig62497_62498_62499.png,0,0.1142914525489692,0.12255813150981786,0.5228292514707382
/root/New_CheckLiuliang_remote/datasets/toniot/test/normal/test_00015252_orig62500_62501_62502.png,0,0.12205303532276503,0.13364549537628506,0.5119631688503753
/root/New_CheckLiuliang_remote/datasets/toniot/test/normal/test_00015253_orig62503_62504_62505.png,0,0.11815423800492209,0.12704388091062235,0.5215502629251231
/root/New_CheckLiuliang_remote/datasets/toniot/test/normal/test_00015254_orig62506_62507_62508.png,0,0.1494477269428331,0.16090428236341314,0.521108384396692
/root/New_CheckLiuliang_remote/datasets/toniot/test/normal/test_00015255_orig62509_62510_62511.png,0,0.12539697407369518,0.13542691048143082,0.5192632191685792
/root/New_CheckLiuliang_remote/datasets/toniot/test/normal/test_00015256_orig62512_62513_62514.png,0,0.09883000830137323,0.10728259866962656,0.5172309020713047
/root/New_CheckLiuliang_remote/datasets/toniot/test/normal/test_00015257_orig62515_62516_62517.png,0,0.05185963388588822,0.057284101004675084,0.5145952738656859
/root/New_CheckLiuliang_remote/datasets/toniot/test/normal/test_00015258_orig62518_62519_62520.png,0,0.12804648862326612,0.1401682536529375,0.5117278197377999
/root/New_CheckLiuliang_remote/datasets/toniot/test/normal/test_00015259_orig62521_62522_62523.png,0,0.3734202547220867,0.44642010615013983,0.34525982577260217
/root/New_CheckLiuliang_remote/datasets/toniot/test/normal/test_00015260_orig62524_62525_62526.png,0,0.22455101447854836,0.28344994908461874,0.3549203783652721
/root/New_CheckLiuliang_remote/datasets/toniot/test/normal/test_00015261_orig62527_62528_62529.png,0,0.2025807014415173,0.21873263540139046,0.5190099722492392
/root/New_CheckLiuliang_remote/datasets/toniot/test/normal/test_00015262_orig62530_62531_62532.png,0,0.22089288678783617,0.23797052772897193,0.5210569458181951
/root/New_CheckLiuliang_remote/datasets/toniot/test/normal/test_00015263_orig62533_62534_62535.png,0,0.13712199084932467,0.14790206454949825,0.519944181391312
/root/New_CheckLiuliang_remote/datasets/toniot/test/normal/test_00015264_orig62536_62537_62538.png,0,0.15742383976618698,0.16888699540731583,0.5235863850679303
/root/New_CheckLiuliang_remote/datasets/toniot/test/normal/test_00015265_orig62539_62540_62541.png,0,0.08661960543787699,0.09356004728222342,0.519445579498922
/root/New_CheckLiuliang_remote/datasets/toniot/test/normal/test_00015266_orig62542_62543_62544.png,0,0.14225887730821535,0.1533935255788615,0.5201388024239267
/root/New_CheckLiuliang_remote/datasets/toniot/test/normal/test_00015267_orig62545_62546_62547.png,0,0.1363529301551819,0.1470473736755998,0.5200452264893459
/root/New_CheckLiuliang_remote/datasets/toniot/test/normal/test_00015268_orig62548_62549_62550.png,0,0.25214790907539275,0.31180458780321746,0.3605544881463319
/root/New_CheckLiuliang_remote/datasets/toniot/test/normal/test_00015269_orig62551_62552_62553.png,0,0.08556075997928635,0.09229808584145655,0.5199255789464857
/root/New_CheckLiuliang_remote/datasets/toniot/test/normal/test_00015270_orig62554_62555_62556.png,0,0.16368297360257178,0.1753762955671669,0.5246310109942562
/root/New_CheckLiuliang_remote/datasets/toniot/test/normal/test_00015271_orig62557_62558_62559.png,0,0.11884808726464156,0.1278342797169417,0.5213819248922062
/root/New_CheckLiuliang_remote/datasets/toniot/test/normal/test_00015272_orig62560_62561_62562.png,0,0.06671221268589825,0.07161086661902055,0.521362054098869
/root/New_CheckLiuliang_remote/datasets/toniot/test/normal/test_00015273_orig62563_62564_62565.png,0,0.12247919713068685,0.13311974371344948,0.5159046323117561
/root/New_CheckLiuliang_remote/datasets/toniot/test/normal/test_00015274_orig62566_62567_62568.png,0,0.08937738508857022,0.0976666046926124,0.5149163774303583
/root/New_CheckLiuliang_remote/datasets/toniot/test/normal/test_00015275_orig62569_62570_62571.png,0,0.08224575489699311,0.08928305028859922,0.5176848299105892
/root/New_CheckLiuliang_remote/datasets/toniot/test/normal/test_00015276_orig62572_62573_62574.png,0,0.5149152359783212,0.6253974135432421,0.23975820908626552
/root/New_CheckLiuliang_remote/datasets/toniot/test/normal/test_00015277_orig62575_62576_62577.png,0,0.6684321819352439,0.7334890425979559,0.46966191395340495
/root/New_CheckLiuliang_remote/datasets/toniot/test/normal/test_00015278_orig62578_62579_62580.png,0,0.2568095772122073,0.2772924747184565,0.5187133196253045
/root/New_CheckLiuliang_remote/datasets/toniot/test/normal/test_00015279_orig62581_62582_62583.png,0,0.20191024200851407,0.2421747041154402,0.4223493436261224
/root/New_CheckLiuliang_remote/datasets/toniot/test/normal/test_00015280_orig62584_62585_62586.png,0,0.10745917360937093,0.11655075944020765,0.5173843722411218
/root/New_CheckLiuliang_remote/datasets/toniot/test/normal/test_00015281_orig62587_62588_62589.png,0,0.17424316957177632,0.18993884249873613,0.5119373790973206
/root/New_CheckLiuliang_remote/datasets/toniot/test/normal/test_00015282_orig62590_62591_62592.png,0,0.5465139001072303,0.6357820257485794,0.33453600957687685
/root/New_CheckLiuliang_remote/datasets/toniot/test/normal/test_00015283_orig62593_62594_62595.png,0,0.7059138487740481,0.7017770458687164,0.7582053516837995
/root/New_CheckLiuliang_remote/datasets/toniot/test/normal/test_00015284_orig62596_62597_62598.png,0,0.15626382275537756,0.17100076113935517,0.5101270229894509
/root/New_CheckLiuliang_remote/datasets/toniot/test/normal/test_00015285_orig62599_62600_62601.png,0,0.07659940964962708,0.08452320674662588,0.5123659399663874
/root/New_CheckLiuliang_remote/datasets/toniot/test/normal/test_00015286_orig62602_62603_62604.png,0,0.18333186107215577,0.20006943543298542,0.5106235109676562
/root/New_CheckLiuliang_remote/datasets/toniot/test/normal/test_00015287_orig62605_62606_62607.png,0,0.14588188713687514,0.15930012967316406,0.51214200599041
/root/New_CheckLiuliang_remote/datasets/toniot/test/normal/test_00015288_orig62608_62609_62610.png,0,0.23762975611062467,0.2967195694163422,0.3582634279528369
/root/New_CheckLiuliang_remote/datasets/toniot/test/normal/test_00015289_orig62611_62612_62613.png,0,0.21440417195079936,0.23283070494677602,0.5136240007615728
/root/New_CheckLiuliang_remote/datasets/toniot/test/normal/test_00015290_orig62614_62615_62616.png,0,0.1666126360447564,0.18142906570898604,0.5130584582533305
/root/New_CheckLiuliang_remote/datasets/toniot/test/normal/test_00015291_orig62617_62618_62619.png,0,0.16757120863429306,0.18049079514723473,0.5209468108891666
/root/New_CheckLiuliang_remote/datasets/toniot/test/normal/test_00015292_orig62620_62621_62622.png,0,0.09801197602440294,0.1059794378222886,0.5189145642556983
/root/New_CheckLiuliang_remote/datasets/toniot/test/normal/test_00015293_orig62623_62624_62625.png,0,0.06246689193949755,0.06711081551338725,0.5210479969148127
/root/New_CheckLiuliang_remote/datasets/toniot/test/normal/test_00015294_orig62626_62627_62628.png,0,0.13389797002845075,0.1434976642954265,0.5236533961475887
/root/New_CheckLiuliang_remote/datasets/toniot/test/normal/test_00015295_orig62629_62630_62631.png,0,0.11503786396452104,0.12383675640483481,0.5209347615783132
/root/New_CheckLiuliang_remote/datasets/toniot/test/normal/test_00015296_orig62632_62633_62634.png,0,0.13409787248481903,0.14506612832775415,0.5182419167620923
/root/New_CheckLiuliang_remote/datasets/toniot/test/normal/test_00015297_orig62635_62636_62637.png,0,0.08789213277636294,0.09407333415644674,0.5228820993253583
/root/New_CheckLiuliang_remote/datasets/toniot/test/normal/test_00015298_orig62638_62639_62640.png,0,0.071379685124561,0.07693320014816041,0.5202081388091885
/root/New_CheckLiuliang_remote/datasets/toniot/test/normal/test_00015299_orig62641_62642_62643.png,0,0.1296622553059225,0.1399091172581034,0.5197347629594038
/root/New_CheckLiuliang_remote/datasets/toniot/test/normal/test_00015300_orig62644_62645_62646.png,0,0.10730149169959123,0.11696852667117061,0.5150330654933597
/root/New_CheckLiuliang_remote/datasets/toniot/test/normal/test_00015301_orig62647_62648_62649.png,0,0.13540922670245834,0.14723788812891583,0.5152120435610068
/root/New_CheckLiuliang_remote/datasets/toniot/test/normal/test_00015302_orig62650_62651_62652.png,0,0.2348660685494409,0.2542009945851646,0.5164152130511934
/root/New_CheckLiuliang_remote/datasets/toniot/test/normal/test_00015303_orig62653_62654_62655.png,0,0.09826375938143217,0.1054065823793287,0.5222921763401847
/root/New_CheckLiuliang_remote/datasets/toniot/test/normal/test_00015304_orig62656_62657_62658.png,0,0.1793396008919001,0.19420980391050596,0.5168394756280844
/root/New_CheckLiuliang_remote/datasets/toniot/test/normal/test_00015305_orig62659_62660_62661.png,0,0.08445699764077871,0.09108795167965651,0.5200044984093852
/root/New_CheckLiuliang_remote/datasets/toniot/test/normal/test_00015306_orig62662_62663_62664.png,0,0.15075736901752038,0.16251761963474495,0.5203048151512404
/root/New_CheckLiuliang_remote/datasets/toniot/test/normal/test_00015307_orig62665_62666_62667.png,0,0.15529001531893175,0.16801603470407084,0.5178649353991348
/root/New_CheckLiuliang_remote/datasets/toniot/test/normal/test_00015308_orig62668_62669_62670.png,0,0.2329535366654745,0.2740354910582199,0.42882658807979296
/root/New_CheckLiuliang_remote/datasets/toniot/test/normal/test_00015309_orig62671_62672_62673.png,0,0.06491000534505359,0.07084132993258911,0.5166655004906747
/root/New_CheckLiuliang_remote/datasets/toniot/test/normal/test_00015310_orig62674_62675_62676.png,0,0.06375742443477858,0.06934411200780322,0.517682152285955
/root/New_CheckLiuliang_remote/datasets/toniot/test/normal/test_00015311_orig62677_62678_62679.png,0,0.0573950010250081,0.06259908686894876,0.5172148363235002
/root/New_CheckLiuliang_remote/datasets/toniot/test/normal/test_00015312_orig62680_62681_62682.png,0,0.10403895023902973,0.11248763197750984,0.5188820804410583
/root/New_CheckLiuliang_remote/datasets/toniot/test/normal/test_00015313_orig62683_62684_62685.png,0,0.10920266185042465,0.11750910487203976,0.5210723773917442
/root/New_CheckLiuliang_remote/datasets/toniot/test/normal/test_00015314_orig62686_62687_62688.png,0,0.18512139204241235,0.20054244135874594,0.516451501911366
/root/New_CheckLiuliang_remote/datasets/toniot/test/normal/test_00015315_orig62689_62690_62691.png,0,0.11856622626048824,0.1239026229720281,0.5358926069585968
/root/New_CheckLiuliang_remote/datasets/toniot/test/normal/test_00015316_orig62692_62693_62694.png,0,0.09700535077077159,0.10430010277546231,0.5212893354509116
/root/New_CheckLiuliang_remote/datasets/toniot/test/normal/test_00015317_orig62695_62696_62697.png,0,0.13403054006314624,0.14650994447395901,0.5121761809363977
/root/New_CheckLiuliang_remote/datasets/toniot/test/normal/test_00015318_orig62698_62699_62700.png,0,0.11416924259277782,0.12296527086838509,0.5206734817850709
/root/New_CheckLiuliang_remote/datasets/toniot/test/normal/test_00015319_orig62701_62702_62703.png,0,0.18907567340507356,0.20537025080073146,0.5141989854198407
/root/New_CheckLiuliang_remote/datasets/toniot/test/normal/test_00015320_orig62704_62705_62706.png,0,0.20754235569630913,0.22456445076401937,0.5170872263705439
/root/New_CheckLiuliang_remote/datasets/toniot/test/normal/test_00015321_orig62707_62708_62709.png,0,0.1333162462412584,0.14499461980361003,0.5151560248351094
/root/New_CheckLiuliang_remote/datasets/toniot/test/normal/test_00015322_orig62710_62711_62712.png,0,0.1732033998765174,0.1871123532746771,0.5187577822869917
/root/New_CheckLiuliang_remote/datasets/toniot/test/normal/test_00015323_orig62713_62714_62715.png,0,0.17666032690578973,0.1893136349436047,0.5248657963963823
/root/New_CheckLiuliang_remote/datasets/toniot/test/normal/test_00015324_orig62716_62717_62718.png,0,0.06914134485129579,0.07395778950226,0.5224536089200977
/root/New_CheckLiuliang_remote/datasets/toniot/test/normal/test_00015325_orig62719_62720_62721.png,0,0.1709816608987152,0.18513399450945742,0.5170866626600946
/root/New_CheckLiuliang_remote/datasets/toniot/test/normal/test_00015326_orig62722_62723_62724.png,0,0.19235068848845976,0.2067615836264636,0.5227620289996613
/root/New_CheckLiuliang_remote/datasets/toniot/test/normal/test_00015327_orig62725_62726_62727.png,0,0.15581106886832727,0.16823331565082794,0.5192436302304667
/root/New_CheckLiuliang_remote/datasets/toniot/test/normal/test_00015328_orig62728_62729_62730.png,0,0.16855032273560555,0.18165986111076488,0.5204944332536177
/root/New_CheckLiuliang_remote/datasets/toniot/test/normal/test_00015329_orig62731_62732_62733.png,0,0.08049863947665047,0.08779987165203978,0.5160805099719321
/root/New_CheckLiuliang_remote/datasets/toniot/test/normal/test_00015330_orig62734_62735_62736.png,0,0.4750374216934851,0.5750235289286094,0.2692213460517685
/root/New_CheckLiuliang_remote/datasets/toniot/test/normal/test_00015331_orig62737_62738_62739.png,0,0.2432331418630623,0.29056878667354025,0.4070394963021651
/root/New_CheckLiuliang_remote/datasets/toniot/test/normal/test_00015332_orig62740_62741_62742.png,0,0.35431268425022483,0.41860381509129013,0.3740951654571202
/root/New_CheckLiuliang_remote/datasets/toniot/test/normal/test_00015333_orig62743_62744_62745.png,0,0.39677966872854015,0.4811703623015458,0.3070310265526647
/root/New_CheckLiuliang_remote/datasets/toniot/test/normal/test_00015334_orig62746_62747_62748.png,0,0.01867700406550732,0.020724876004875176,0.5176827159964044
/root/New_CheckLiuliang_remote/datasets/toniot/test/normal/test_00015335_orig62749_62750_62751.png,0,0.43083843411910644,0.5016665422374611,0.3719754027764008
/root/New_CheckLiuliang_remote/datasets/toniot/test/normal/test_00015336_orig62752_62753_62754.png,0,0.2030884203294701,0.2431085135949513,0.4236967525275191
/root/New_CheckLiuliang_remote/datasets/toniot/test/normal/test_00015337_orig62755_62756_62757.png,0,0.6337064984292907,0.6890040489569662,0.49779571598379135
/root/New_CheckLiuliang_remote/datasets/toniot/test/normal/test_00015338_orig62758_62759_62760.png,0,0.3364478160166864,0.39937484492818903,0.37394222376584935
/root/New_CheckLiuliang_remote/datasets/toniot/test/normal/test_00015339_orig62761_62762_62763.png,0,0.1458042295001826,0.15978179534680256,0.5098803292040839
/root/New_CheckLiuliang_remote/datasets/toniot/test/normal/test_00015340_orig62764_62765_62766.png,0,0.11344968383380274,0.12466927307583354,0.5107533052986034
/root/New_CheckLiuliang_remote/datasets/toniot/test/normal/test_00015341_orig62767_62768_62769.png,0,0.11863374782332309,0.13025625374845715,0.510769371046408
/root/New_CheckLiuliang_remote/datasets/toniot/test/normal/test_00015342_orig62770_62771_62772.png,0,0.11569078352751345,0.12704755474305543,0.5109082552083498
/root/New_CheckLiuliang_remote/datasets/toniot/test/normal/test_00015343_orig62773_62774_62775.png,0,0.15813283483172624,0.17316149944321757,0.5095469649371396
/root/New_CheckLiuliang_remote/datasets/toniot/test/normal/test_00015344_orig62776_62777_62778.png,0,0.14437557659173697,0.15813591841677765,0.5103006458078299
/root/New_CheckLiuliang_remote/datasets/toniot/test/normal/test_00015345_orig62779_62780_62781.png,0,0.11569898338035126,0.12728464814329102,0.5099952556719313
/root/New_CheckLiuliang_remote/datasets/toniot/test/normal/test_00015346_orig62782_62783_62784.png,0,0.15063742061262989,0.16471037276409575,0.5110163466869997
/root/New_CheckLiuliang_remote/datasets/toniot/test/normal/test_00015347_orig62785_62786_62787.png,0,0.06809424432932239,0.07574930764659674,0.5107703575396942
/root/New_CheckLiuliang_remote/datasets/toniot/test/normal/test_00015348_orig62788_62789_62790.png,0,0.06798358268772312,0.07540186806506724,0.5116827229018573
/root/New_CheckLiuliang_remote/datasets/toniot/test/normal/test_00015349_orig62791_62792_62793.png,0,0.15412888710521166,0.16815288496220349,0.5123084415005605
/root/New_CheckLiuliang_remote/datasets/toniot/test/normal/test_00015350_orig62794_62795_62796.png,0,0.1498146900928973,0.16366752918630253,0.5116384716315887
/root/New_CheckLiuliang_remote/datasets/toniot/test/normal/test_00015351_orig62797_62798_62799.png,0,0.047370262750774106,0.05356250874995359,0.5101145508957605
/root/New_CheckLiuliang_remote/datasets/toniot/test/normal/test_00015352_orig62800_62801_62802.png,0,0.07560567821284978,0.08358979089201832,0.5118126581604169
/root/New_CheckLiuliang_remote/datasets/toniot/test/normal/test_00015353_orig62803_62804_62805.png,0,0.22114278623287478,0.24067787981555785,0.5113056006112876
/root/New_CheckLiuliang_remote/datasets/toniot/test/normal/test_00015354_orig62806_62807_62808.png,0,0.08370877495571458,0.0926204646374603,0.5106466230960768
/root/New_CheckLiuliang_remote/datasets/toniot/test/normal/test_00015355_orig62809_62810_62811.png,0,0.12431293700640295,0.1359398037307506,0.5125351235649782
/root/New_CheckLiuliang_remote/datasets/toniot/test/normal/test_00015356_orig62812_62813_62814.png,0,0.13109495095944498,0.14264809054527414,0.5149595012797284
/root/New_CheckLiuliang_remote/datasets/toniot/test/normal/test_00015357_orig62815_62816_62817.png,0,0.10264580717367056,0.11262723760996732,0.5123136558222164
/root/New_CheckLiuliang_remote/datasets/toniot/test/normal/test_00015358_orig62818_62819_62820.png,0,0.09450698010395465,0.10444115169923279,0.50994719935613
/root/New_CheckLiuliang_remote/datasets/toniot/test/normal/test_00015359_orig62821_62822_62823.png,0,0.10875228333257776,0.1193793479970856,0.5116484774920634
/root/New_CheckLiuliang_remote/datasets/toniot/test/normal/test_00015360_orig62824_62825_62826.png,0,0.13792334206029697,0.14947472724746372,0.517110549890383
/root/New_CheckLiuliang_remote/datasets/toniot/test/normal/test_00015361_orig62827_62828_62829.png,0,0.10953262431420752,0.12038086096000652,0.5110088070597405
/root/New_CheckLiuliang_remote/datasets/toniot/test/normal/test_00015362_orig62830_62831_62832.png,0,0.20668327971970787,0.22539631139351218,0.5100537406310443
/root/New_CheckLiuliang_remote/datasets/toniot/test/normal/test_00015363_orig62833_62834_62835.png,0,0.1324351830334203,0.14459417206840308,0.5129569199086536
/root/New_CheckLiuliang_remote/datasets/toniot/test/normal/test_00015364_orig62836_62837_62838.png,0,0.08549549700137765,0.0941205691448722,0.5123541020469524
/root/New_CheckLiuliang_remote/datasets/toniot/test/normal/test_00015365_orig62839_62840_62841.png,0,0.10563477822477667,0.11625147330521189,0.5107110974787135
/root/New_CheckLiuliang_remote/datasets/toniot/test/normal/test_00015366_orig62842_62843_62844.png,0,0.09272986348982853,0.10243235260813893,0.5103159364537666
/root/New_CheckLiuliang_remote/datasets/toniot/test/normal/test_00015367_orig62845_62846_62847.png,0,0.17793304935870535,0.19347923608952552,0.5136939008572838
/root/New_CheckLiuliang_remote/datasets/toniot/test/normal/test_00015368_orig62848_62849_62850.png,0,0.09619216767877471,0.10466735481047026,0.5163122654303933
/root/New_CheckLiuliang_remote/datasets/toniot/test/normal/test_00015369_orig62851_62852_62853.png,0,0.1882828798498414,0.20487060958983105,0.5127774485943634
/root/New_CheckLiuliang_remote/datasets/toniot/test/normal/test_00015370_orig62854_62855_62856.png,0,0.04176365016005217,0.046525020307764814,0.5140776467456326
/root/New_CheckLiuliang_remote/datasets/toniot/test/normal/test_00015371_orig62857_62858_62859.png,0,0.1079189274344952,0.11685791807327432,0.5181391100689045
/root/New_CheckLiuliang_remote/datasets/toniot/test/normal/test_00015372_orig62860_62861_62862.png,0,0.09688272539050242,0.10546287074053572,0.5161092592048455
/root/New_CheckLiuliang_remote/datasets/toniot/test/normal/test_00015373_orig62863_62864_62865.png,0,0.09802389676404007,0.10800634365894554,0.5108583668335884
/root/New_CheckLiuliang_remote/datasets/toniot/test/normal/test_00015374_orig62866_62867_62868.png,0,0.06727127673530112,0.07466592070373834,0.5115536332089717
/root/New_CheckLiuliang_remote/datasets/toniot/test/normal/test_00015375_orig62869_62870_62871.png,0,0.11264345663536175,0.12363561407912306,0.5114098870444048
/root/New_CheckLiuliang_remote/datasets/toniot/test/normal/test_00015376_orig62872_62873_62874.png,0,0.0813093863952105,0.08807212887699209,0.5184890333302964
/root/New_CheckLiuliang_remote/datasets/toniot/test/normal/test_00015377_orig62875_62876_62877.png,0,0.10062963581028421,0.10920217611591676,0.5173161632767587
/root/New_CheckLiuliang_remote/datasets/toniot/test/normal/test_00015378_orig62878_62879_62880.png,0,0.11316024952054353,0.12223312854779046,0.5192492673349595
/root/New_CheckLiuliang_remote/datasets/toniot/test/normal/test_00015379_orig62881_62882_62883.png,0,0.0736923434632797,0.08004060634504975,0.5177552937167494
/root/New_CheckLiuliang_remote/datasets/toniot/test/normal/test_00015380_orig62884_62885_62886.png,0,0.41075919665626087,0.4895194089223482,0.3339423520099766
/root/New_CheckLiuliang_remote/datasets/toniot/test/normal/test_00015381_orig62887_62888_62889.png,0,0.5361123253360562,0.6305953616028616,0.3104104002323051
/root/New_CheckLiuliang_remote/datasets/toniot/test/normal/test_00015382_orig62890_62891_62892.png,0,0.03622558853910732,0.04021954297786949,0.5154084261887755
/root/New_CheckLiuliang_remote/datasets/toniot/test/normal/test_00015383_orig62893_62894_62895.png,0,0.4167405995171045,0.48571909168691757,0.37494731949691945
/root/New_CheckLiuliang_remote/datasets/toniot/test/normal/test_00015384_orig62896_62897_62898.png,0,0.1601403914044775,0.1737990405786601,0.5156573748159398
/root/New_CheckLiuliang_remote/datasets/toniot/test/normal/test_00015385_orig62899_62900_62901.png,0,0.4289273109048519,0.510886287144906,0.3268518610512932
/root/New_CheckLiuliang_remote/datasets/toniot/test/normal/test_00015386_orig62902_62903_62904.png,0,0.3634298916543168,0.4283315985409112,0.3745155525246724
/root/New_CheckLiuliang_remote/datasets/toniot/test/normal/test_00015387_orig62905_62906_62907.png,0,0.6113489415971851,0.6638966844843166,0.5017749480452741
/root/New_CheckLiuliang_remote/datasets/toniot/test/normal/test_00015388_orig62908_62909_62910.png,0,0.17611555394161293,0.1919208750963889,0.5120866919025742
/root/New_CheckLiuliang_remote/datasets/toniot/test/normal/test_00015389_orig62911_62912_62913.png,0,0.10379675785913753,0.11335295072380404,0.5143759905009152
/root/New_CheckLiuliang_remote/datasets/toniot/test/normal/test_00015390_orig62914_62915_62916.png,0,0.10048037755032799,0.11065543925980674,0.5108592123992624
/root/New_CheckLiuliang_remote/datasets/toniot/test/normal/test_00015391_orig62917_62918_62919.png,0,0.10785869071643309,0.11630972979093662,0.5200720027356868
/root/New_CheckLiuliang_remote/datasets/toniot/test/normal/test_00015392_orig62920_62921_62922.png,0,0.12000852926366411,0.12979112032076756,0.5185606950211613
/root/New_CheckLiuliang_remote/datasets/toniot/test/normal/test_00015393_orig62923_62924_62925.png,0,0.11273229028232817,0.12144141765845928,0.5205698999900152
/root/New_CheckLiuliang_remote/datasets/toniot/test/normal/test_00015394_orig62926_62927_62928.png,0,0.2977420798960069,0.3217951814801057,0.5172848068830174
/root/New_CheckLiuliang_remote/datasets/toniot/test/normal/test_00015395_orig62929_62930_62931.png,0,0.09796528311862128,0.10663928436893202,0.5160737454465407
/root/New_CheckLiuliang_remote/datasets/toniot/test/normal/test_00015396_orig62932_62933_62934.png,0,0.18159945390145427,0.19718757630582764,0.5146773641998627
/root/New_CheckLiuliang_remote/datasets/toniot/test/normal/test_00015397_orig62935_62936_62937.png,0,0.23640070079839776,0.2548632028812293,0.5203867645578047
/root/New_CheckLiuliang_remote/datasets/toniot/test/normal/test_00015398_orig62938_62939_62940.png,0,0.11147966521170875,0.12108544953735297,0.5165899632904709
/root/New_CheckLiuliang_remote/datasets/toniot/test/normal/test_00015399_orig62941_62942_62943.png,0,0.13533758399169718,0.14566837443017874,0.5211810325808433
/root/New_CheckLiuliang_remote/datasets/toniot/test/normal/test_00015400_orig62944_62945_62946.png,0,0.13835861984825554,0.15036773094530725,0.5154163181350655
/root/New_CheckLiuliang_remote/datasets/toniot/test/normal/test_00015401_orig62947_62948_62949.png,0,0.11995376203487804,0.12882988830630945,0.5221693579260472
/root/New_CheckLiuliang_remote/datasets/toniot/test/normal/test_00015402_orig62950_62951_62952.png,0,0.08178155625883932,0.08733145801682064,0.523488651768786
/root/New_CheckLiuliang_remote/datasets/toniot/test/normal/test_00015403_orig62953_62954_62955.png,0,0.261132060596946,0.30797251815890087,0.41464028614506115
/root/New_CheckLiuliang_remote/datasets/toniot/test/normal/test_00015404_orig62956_62957_62958.png,0,0.10060094046488138,0.10892650747513373,0.5182950464719371
/root/New_CheckLiuliang_remote/datasets/toniot/test/normal/test_00015405_orig62959_62960_62961.png,0,0.06685171106173672,0.07173774504626339,0.5214563346715114
/root/New_CheckLiuliang_remote/datasets/toniot/test/normal/test_00015406_orig62962_62963_62964.png,0,0.10302121354320434,0.1107684096071243,0.5213684663052296
/root/New_CheckLiuliang_remote/datasets/toniot/test/normal/test_00015407_orig62965_62966_62967.png,0,0.1578908928645134,0.16940369369736988,0.5235344532427901
/root/New_CheckLiuliang_remote/datasets/toniot/test/normal/test_00015408_orig62968_62969_62970.png,0,0.06629313024905092,0.07062522986054263,0.5234966846426883
/root/New_CheckLiuliang_remote/datasets/toniot/test/normal/test_00015409_orig62971_62972_62973.png,0,0.04163896801275053,0.04369302033505614,0.5248677693829548
/root/New_CheckLiuliang_remote/datasets/toniot/test/normal/test_00015410_orig62974_62975_62976.png,0,0.07812792244123852,0.08366785983122152,0.5223813130549774
/root/New_CheckLiuliang_remote/datasets/toniot/test/normal/test_00015411_orig62977_62978_62979.png,0,0.09964291014746296,0.10707948821939707,0.521550192461317
/root/New_CheckLiuliang_remote/datasets/toniot/test/normal/test_00015412_orig62980_62981_62982.png,0,0.0675113152052538,0.07292399929724834,0.5195568418488491
/root/New_CheckLiuliang_remote/datasets/toniot/test/normal/test_00015413_orig62983_62984_62985.png,0,0.12722024204098262,0.13846412023718788,0.5149799357835149
/root/New_CheckLiuliang_remote/datasets/toniot/test/normal/test_00015414_orig62986_62987_62988.png,0,0.0901744732321944,0.09774795383934515,0.5180296093141313
/root/New_CheckLiuliang_remote/datasets/toniot/test/normal/test_00015415_orig62989_62990_62991.png,0,0.12992243622725327,0.140522909691032,0.5184020105296884
/root/New_CheckLiuliang_remote/datasets/toniot/test/normal/test_00015416_orig62992_62993_62994.png,0,0.10282967665722291,0.11221891737668946,0.5147401474511515
/root/New_CheckLiuliang_remote/datasets/toniot/test/normal/test_00015417_orig62995_62996_62997.png,0,0.1544707952661214,0.1661579939510349,0.521762993155921
/root/New_CheckLiuliang_remote/datasets/toniot/test/normal/test_00015418_orig62998_62999_63000.png,0,0.09830545256291422,0.10513629327889414,0.5235531966152288
/root/New_CheckLiuliang_remote/datasets/toniot/test/normal/test_00015419_orig63001_63002_63003.png,0,0.08325951719115267,0.08926323783512076,0.5221374378218566
/root/New_CheckLiuliang_remote/datasets/toniot/test/normal/test_00015420_orig63004_63005_63006.png,0,0.16214067847655908,0.17381281745028418,0.5242314812133275
/root/New_CheckLiuliang_remote/datasets/toniot/test/normal/test_00015421_orig63007_63008_63009.png,0,0.027610755753183124,0.029113941157538,0.5226665505423141
/root/New_CheckLiuliang_remote/datasets/toniot/test/normal/test_00015422_orig63010_63011_63012.png,0,0.09183811954773825,0.09876245642408307,0.5211485487662034
/root/New_CheckLiuliang_remote/datasets/toniot/test/normal/test_00015423_orig63013_63014_63015.png,0,0.18596884395776941,0.20069884165375468,0.5194817978952884
/root/New_CheckLiuliang_remote/datasets/toniot/test/normal/test_00015424_orig63016_63017_63018.png,0,0.05689517173566984,0.06006138711579093,0.5252093779152198
/root/New_CheckLiuliang_remote/datasets/toniot/test/normal/test_00015425_orig63019_63020_63021.png,0,0.020021188351808866,0.02074731262437727,0.5233917640353156
/root/New_CheckLiuliang_remote/datasets/toniot/test/normal/test_00015426_orig63022_63023_63024.png,0,0.16002941480003985,0.1730680791327761,0.5181024688897011
/root/New_CheckLiuliang_remote/datasets/toniot/test/normal/test_00015427_orig63025_63026_63027.png,0,0.156113492390974,0.1673857100251933,0.5239387040987317
/root/New_CheckLiuliang_remote/datasets/toniot/test/normal/test_00015428_orig63028_63029_63030.png,0,0.12166220568260919,0.13039572817261344,0.5232762033932128
/root/New_CheckLiuliang_remote/datasets/toniot/test/normal/test_00015429_orig63031_63032_63033.png,0,0.08941095580367388,0.096486517231783,0.5197815509266942
/root/New_CheckLiuliang_remote/datasets/toniot/test/normal/test_00015430_orig63034_63035_63036.png,0,0.11157435521152417,0.11950871938205089,0.5233053754089632
/root/New_CheckLiuliang_remote/datasets/toniot/test/normal/test_00015431_orig63037_63038_63039.png,0,0.0729670051239961,0.07760761081623503,0.5243581751368037
/root/New_CheckLiuliang_remote/datasets/toniot/test/normal/test_00015432_orig63040_63041_63042.png,0,0.03429130063791317,0.036417520034523525,0.5222720236916227
/root/New_CheckLiuliang_remote/datasets/toniot/test/normal/test_00015433_orig63043_63044_63045.png,0,0.16141571068352212,0.17528641788085736,0.5152095773277913
/root/New_CheckLiuliang_remote/datasets/toniot/test/normal/test_00015434_orig63046_63047_63048.png,0,0.13485108042896,0.14491786294741868,0.5220843081120118
/root/New_CheckLiuliang_remote/datasets/toniot/test/normal/test_00015435_orig63049_63050_63051.png,0,0.1565068595181161,0.16909128673225596,0.518813378230052
/root/New_CheckLiuliang_remote/datasets/toniot/test/normal/test_00015436_orig63052_63053_63054.png,0,0.48320582795973005,0.5843321018559545,0.2672254587422788
/root/New_CheckLiuliang_remote/datasets/toniot/test/normal/test_00015437_orig63055_63056_63057.png,0,0.4322203481430777,0.5105393723965813,0.3424456422821733
/root/New_CheckLiuliang_remote/datasets/toniot/test/normal/test_00015438_orig63058_63059_63060.png,0,0.4062789441562429,0.47434858030649996,0.37529791216446984
/root/New_CheckLiuliang_remote/datasets/toniot/test/normal/test_00015439_orig63061_63062_63063.png,0,0.11379174333163455,0.12378584758397626,0.5157626477423431
/root/New_CheckLiuliang_remote/datasets/toniot/test/normal/test_00015440_orig63064_63065_63066.png,0,0.5495773478267754,0.600716869674337,0.488012309745081
/root/New_CheckLiuliang_remote/datasets/toniot/test/normal/test_00015441_orig63067_63068_63069.png,0,0.12449602237864611,0.1356075843121582,0.5146538292886051
/root/New_CheckLiuliang_remote/datasets/toniot/test/normal/test_00015442_orig63070_63071_63072.png,0,0.5608106373505776,0.6126578747482933,0.4887085626137506
/root/New_CheckLiuliang_remote/datasets/toniot/test/normal/test_00015443_orig63073_63074_63075.png,0,0.19501660006302793,0.23546431796809775,0.419451801453006
/root/New_CheckLiuliang_remote/datasets/toniot/test/normal/test_00015444_orig63076_63077_63078.png,0,0.05588766597082827,0.060940876358612756,0.5173450534372843
/root/New_CheckLiuliang_remote/datasets/toniot/test/normal/test_00015445_orig63079_63080_63081.png,0,0.12154290993054268,0.13125960362759462,0.5193060611627247
/root/New_CheckLiuliang_remote/datasets/toniot/test/normal/test_00015446_orig63082_63083_63084.png,0,0.14441956418986554,0.15514686210755432,0.5224466330032879
/root/New_CheckLiuliang_remote/datasets/toniot/test/normal/test_00015447_orig63085_63086_63087.png,0,0.16046573082370594,0.1733129138227814,0.5190053921018388
/root/New_CheckLiuliang_remote/datasets/toniot/test/normal/test_00015448_orig63088_63089_63090.png,0,0.2078140458179588,0.22319332401666922,0.5237438012108924
/root/New_CheckLiuliang_remote/datasets/toniot/test/normal/test_00015449_orig63091_63092_63093.png,0,0.18210196477614018,0.19536758596013445,0.5241251513298317
/root/New_CheckLiuliang_remote/datasets/toniot/test/normal/test_00015450_orig63094_63095_63096.png,0,0.024887956366061597,0.026911872238803307,0.519728703072074
/root/New_CheckLiuliang_remote/datasets/toniot/test/normal/test_00015451_orig63097_63098_63099.png,0,0.10047168263767597,0.10943507085051452,0.5157031762899439
/root/New_CheckLiuliang_remote/datasets/toniot/test/normal/test_00015452_orig63100_63101_63102.png,0,0.03743825146384949,0.04114259337668368,0.5169476375705404
/root/New_CheckLiuliang_remote/datasets/toniot/test/normal/test_00015453_orig63103_63104_63105.png,0,0.02812261761971897,0.029553751383099503,0.5231154754513612
/root/New_CheckLiuliang_remote/datasets/toniot/test/normal/test_00015454_orig63106_63107_63108.png,0,0.30856266557629697,0.3318184460239883,0.5238716225552671
/root/New_CheckLiuliang_remote/datasets/toniot/test/normal/test_00015455_orig63109_63110_63111.png,0,0.12691501048044532,0.1366903152135107,0.520758390671494
/root/New_CheckLiuliang_remote/datasets/toniot/test/normal/test_00015456_orig63112_63113_63114.png,0,0.2898178589934962,0.3547511641128502,0.3512758846149537
/root/New_CheckLiuliang_remote/datasets/toniot/test/normal/test_00015457_orig63115_63116_63117.png,0,0.18830862094511389,0.20184757033060163,0.5249806524004236
/root/New_CheckLiuliang_remote/datasets/toniot/test/normal/test_00015458_orig63118_63119_63120.png,0,0.1504952223169821,0.16101830237714015,0.5251711865322809
/root/New_CheckLiuliang_remote/datasets/toniot/test/normal/test_00015459_orig63121_63122_63123.png,0,0.06347479492531836,0.0685194678348754,0.5197614687419385
/root/New_CheckLiuliang_remote/datasets/toniot/test/normal/test_00015460_orig63124_63125_63126.png,0,0.11560502251863085,0.1232952597458574,0.5255474632571767
/root/New_CheckLiuliang_remote/datasets/toniot/test/normal/test_00015461_orig63127_63128_63129.png,0,0.1818076761391535,0.19565585059783094,0.5217025352102355
/root/New_CheckLiuliang_remote/datasets/toniot/test/normal/test_00015462_orig63130_63131_63132.png,0,0.05430828427500825,0.059236742942863116,0.5173481538447554
/root/New_CheckLiuliang_remote/datasets/toniot/test/normal/test_00015463_orig63133_63134_63135.png,0,0.11183506500243222,0.11964727534809891,0.5238758503836367
/root/New_CheckLiuliang_remote/datasets/toniot/test/normal/test_00015464_orig63136_63137_63138.png,0,0.14762172121252984,0.15824652701467395,0.5238620394776292
/root/New_CheckLiuliang_remote/datasets/toniot/test/normal/test_00015465_orig63139_63140_63141.png,0,0.23653651398483447,0.2539809582640827,0.524501639446146
/root/New_CheckLiuliang_remote/datasets/toniot/test/normal/test_00015466_orig63142_63143_63144.png,0,0.1414103223253717,0.15200967162629672,0.5220135624506269
/root/New_CheckLiuliang_remote/datasets/toniot/test/normal/test_00015467_orig63145_63146_63147.png,0,0.1743623542598944,0.18723949411852228,0.5232489339002288
/root/New_CheckLiuliang_remote/datasets/toniot/test/normal/test_00015468_orig63148_63149_63150.png,0,0.11252107052984205,0.12054854516891692,0.5232301905277901
/root/New_CheckLiuliang_remote/datasets/toniot/test/normal/test_00015469_orig63151_63152_63153.png,0,0.06669553521474146,0.07217781768842725,0.5190223034153173
/root/New_CheckLiuliang_remote/datasets/toniot/test/normal/test_00015470_orig63154_63155_63156.png,0,0.27588533039515517,0.34018218797452304,0.349447031757967
/root/New_CheckLiuliang_remote/datasets/toniot/test/normal/test_00015471_orig63157_63158_63159.png,0,0.15254842776895453,0.16563329195460874,0.5155687313477901
/root/New_CheckLiuliang_remote/datasets/toniot/test/normal/test_00015472_orig63160_63161_63162.png,0,0.12609091098066158,0.13736656279780185,0.5144982452046033
/root/New_CheckLiuliang_remote/datasets/toniot/test/normal/test_00015473_orig63163_63164_63165.png,0,0.09673078190532812,0.10571623397011784,0.5144403239559395
/root/New_CheckLiuliang_remote/datasets/toniot/test/normal/test_00015474_orig63166_63167_63168.png,0,0.10233733161425561,0.10969210791252973,0.5227234148338854
/root/New_CheckLiuliang_remote/datasets/toniot/test/normal/test_00015475_orig63169_63170_63171.png,0,0.1982414118758754,0.2127134545846739,0.5243670535763799
/root/New_CheckLiuliang_remote/datasets/toniot/test/normal/test_00015476_orig63172_63173_63174.png,0,0.05851625534013144,0.0617386228297983,0.5254937698368827
/root/New_CheckLiuliang_remote/datasets/toniot/test/normal/test_00015477_orig63175_63176_63177.png,0,0.1136905214224199,0.12205888392382098,0.5222338323086839
/root/New_CheckLiuliang_remote/datasets/toniot/test/normal/test_00015478_orig63178_63179_63180.png,0,0.10364889808229226,0.11193996852837688,0.5193900540196678
/root/New_CheckLiuliang_remote/datasets/toniot/test/normal/test_00015479_orig63181_63182_63183.png,0,0.060323855630991345,0.06445174808163623,0.522439234303641
/root/New_CheckLiuliang_remote/datasets/toniot/test/normal/test_00015480_orig63184_63185_63186.png,0,0.11857373798105007,0.12787337979069388,0.5200419851542626
/root/New_CheckLiuliang_remote/datasets/toniot/test/normal/test_00015481_orig63187_63188_63189.png,0,0.0890989482247618,0.09545797535881863,0.5225497215517004
/root/New_CheckLiuliang_remote/datasets/toniot/test/normal/test_00015482_orig63190_63191_63192.png,0,0.11834941318521439,0.127209596995015,0.5217293819203825
/root/New_CheckLiuliang_remote/datasets/toniot/test/normal/test_00015483_orig63193_63194_63195.png,0,0.12127745894557994,0.13102408472697324,0.5191029844733708
/root/New_CheckLiuliang_remote/datasets/toniot/test/normal/test_00015484_orig63196_63197_63198.png,0,0.13728638354521552,0.1485777873005847,0.5179504784598133
/root/New_CheckLiuliang_remote/datasets/toniot/test/normal/test_00015485_orig63199_63200_63201.png,0,0.12457260740044064,0.13434772220421023,0.5200236645646609
/root/New_CheckLiuliang_remote/datasets/toniot/test/normal/test_00015486_orig63202_63203_63204.png,0,0.10695059301795416,0.114775904750121,0.5222897805707751
/root/New_CheckLiuliang_remote/datasets/toniot/test/normal/test_00015487_orig63205_63206_63207.png,0,0.0744181134778305,0.08082523198611712,0.5177477540894903
/root/New_CheckLiuliang_remote/datasets/toniot/test/normal/test_00015488_orig63208_63209_63210.png,0,0.12839995488608458,0.13723719141283655,0.524976917818697
/root/New_CheckLiuliang_remote/datasets/toniot/test/normal/test_00015489_orig63211_63212_63213.png,0,0.09585571345452833,0.10317262984340683,0.5208397059038029
/root/New_CheckLiuliang_remote/datasets/toniot/test/normal/test_00015490_orig63214_63215_63216.png,0,0.09289433158413851,0.09931864841279286,0.5234802665758529
/root/New_CheckLiuliang_remote/datasets/toniot/test/normal/test_00015491_orig63217_63218_63219.png,0,0.13715435657001143,0.14885056935874175,0.5162897874762281
/root/New_CheckLiuliang_remote/datasets/toniot/test/normal/test_00015492_orig63220_63221_63222.png,0,0.4288846660189001,0.5090914887930398,0.33384708494404786
/root/New_CheckLiuliang_remote/datasets/toniot/test/normal/test_00015493_orig63223_63224_63225.png,0,0.10292629987795283,0.1123976230828991,0.5144421560148997
/root/New_CheckLiuliang_remote/datasets/toniot/test/normal/test_00015494_orig63226_63227_63228.png,0,0.2374897459365506,0.2824679861585739,0.4146657588109881
/root/New_CheckLiuliang_remote/datasets/toniot/test/normal/test_00015495_orig63229_63230_63231.png,0,0.4061236014340373,0.4742205210045465,0.3751400027748647
/root/New_CheckLiuliang_remote/datasets/toniot/test/normal/test_00015496_orig63232_63233_63234.png,0,0.6500688922946448,0.6466269166744626,0.7378914114696615
/root/New_CheckLiuliang_remote/datasets/toniot/test/normal/test_00015497_orig63235_63236_63237.png,0,0.10534280289582697,0.113078725374334,0.5221425112159002
/root/New_CheckLiuliang_remote/datasets/toniot/test/normal/test_00015498_orig63238_63239_63240.png,0,0.14839725690193634,0.18362299971304744,0.4257018001318096
/root/New_CheckLiuliang_remote/datasets/toniot/test/normal/test_00015499_orig63241_63242_63243.png,0,0.6341527759408095,0.6901064611034959,0.49531130310619254
/root/New_CheckLiuliang_remote/datasets/toniot/test/normal/test_00015500_orig63244_63245_63246.png,0,0.0695767986526461,0.07412599854437511,0.5236593151073061
/root/New_CheckLiuliang_remote/datasets/toniot/test/normal/test_00015501_orig63247_63248_63249.png,0,0.08496581177838013,0.09254882490501504,0.5163560234540188
/root/New_CheckLiuliang_remote/datasets/toniot/test/normal/test_00015502_orig63250_63251_63252.png,0,0.12707969669656569,0.1382652084525962,0.5151692720306675
/root/New_CheckLiuliang_remote/datasets/toniot/test/normal/test_00015503_orig63253_63254_63255.png,0,0.2662007663783528,0.3532237682787924,0.25550162020952694
/root/New_CheckLiuliang_remote/datasets/toniot/test/normal/test_00015504_orig63256_63257_63258.png,0,0.4201908755539031,0.4999958669385128,0.3327246669757209
/root/New_CheckLiuliang_remote/datasets/toniot/test/normal/test_00015505_orig63259_63260_63261.png,0,0.11558412817537768,0.1252524939745868,0.5176283884018548
/root/New_CheckLiuliang_remote/datasets/toniot/test/normal/test_00015506_orig63262_63263_63264.png,0,0.18824021204468344,0.24579841497748006,0.3488821586558832
/root/New_CheckLiuliang_remote/datasets/toniot/test/normal/test_00015507_orig63265_63266_63267.png,0,0.09794957225064793,0.10616339186054552,0.5179095389884343
/root/New_CheckLiuliang_remote/datasets/toniot/test/normal/test_00015508_orig63268_63269_63270.png,0,0.0769135621419085,0.08208010817862016,0.5234935842352172
/root/New_CheckLiuliang_remote/datasets/toniot/test/normal/test_00015509_orig63271_63272_63273.png,0,0.09181489465388755,0.09773247125980569,0.5251682975162283
/root/New_CheckLiuliang_remote/datasets/toniot/test/normal/test_00015510_orig63274_63275_63276.png,0,0.1839108419100243,0.19712538357106746,0.5248974346453482
/root/New_CheckLiuliang_remote/datasets/toniot/test/normal/test_00015511_orig63277_63278_63279.png,0,0.13002564623290191,0.13946327145068751,0.5230858101889677
/root/New_CheckLiuliang_remote/datasets/toniot/test/normal/test_00015512_orig63280_63281_63282.png,0,0.057830877782702156,0.06231357760557709,0.5202372403611326
/root/New_CheckLiuliang_remote/datasets/toniot/test/normal/test_00015513_orig63283_63284_63285.png,0,0.09292146825843525,0.09976659355302764,0.5218055532948418
/root/New_CheckLiuliang_remote/datasets/toniot/test/normal/test_00015514_orig63286_63287_63288.png,0,0.0714151404958614,0.07569000149446255,0.525333887460705
/root/New_CheckLiuliang_remote/datasets/toniot/test/normal/test_00015515_orig63289_63290_63291.png,0,0.12043433539975845,0.12997874819145758,0.5196471059845403
/root/New_CheckLiuliang_remote/datasets/toniot/test/normal/test_00015516_orig63292_63293_63294.png,0,0.11194589388066095,0.12051403738570608,0.5208869166539304
/root/New_CheckLiuliang_remote/datasets/toniot/test/normal/test_00015517_orig63295_63296_63297.png,0,0.049452964693758386,0.053442715570974575,0.5195784742373403
/root/New_CheckLiuliang_remote/datasets/toniot/test/normal/test_00015518_orig63298_63299_63300.png,0,0.11261704565486519,0.12201230497690144,0.5177891868075125
/root/New_CheckLiuliang_remote/datasets/toniot/test/normal/test_00015519_orig63301_63302_63303.png,0,0.1117763912335601,0.11960332056720299,0.5237985515882788
/root/New_CheckLiuliang_remote/datasets/toniot/test/normal/test_00015520_orig63304_63305_63306.png,0,0.17133307823555782,0.1840263340308804,0.5230333146533783
/root/New_CheckLiuliang_remote/datasets/toniot/test/normal/test_00015521_orig63307_63308_63309.png,0,0.15297267240056642,0.16359943207798916,0.5255343569892309
/root/New_CheckLiuliang_remote/datasets/toniot/test/normal/test_00015522_orig63310_63311_63312.png,0,0.11097697012724349,0.12004273716786094,0.518592192342515
/root/New_CheckLiuliang_remote/datasets/toniot/test/normal/test_00015523_orig63313_63314_63315.png,0,0.0702957865841094,0.07554396665524717,0.5210891477776103
/root/New_CheckLiuliang_remote/datasets/toniot/test/normal/test_00015524_orig63316_63317_63318.png,0,0.14088499338277838,0.15169031062122013,0.5210247438587798
/root/New_CheckLiuliang_remote/datasets/toniot/test/normal/test_00015525_orig63319_63320_63321.png,0,0.17005987403944897,0.18290292855616155,0.5220343492734442
/root/New_CheckLiuliang_remote/datasets/toniot/test/normal/test_00015526_orig63322_63323_63324.png,0,0.11034868790993232,0.11942684540211343,0.5183453576295356
/root/New_CheckLiuliang_remote/datasets/toniot/test/normal/test_00015527_orig63325_63326_63327.png,0,0.012795005645496517,0.01437439422767448,0.5177097740979699
/root/New_CheckLiuliang_remote/datasets/toniot/test/normal/test_00015528_orig63328_63329_63330.png,0,0.15770303539307723,0.17005842312026723,0.5201051207245821
/root/New_CheckLiuliang_remote/datasets/toniot/test/normal/test_00015529_orig63331_63332_63333.png,0,0.083270289667783,0.08921626526329766,0.5223718004411457
/root/New_CheckLiuliang_remote/datasets/toniot/test/normal/test_00015530_orig63334_63335_63336.png,0,0.09247018948640212,0.09988586189880193,0.5193816688267346
/root/New_CheckLiuliang_remote/datasets/toniot/test/normal/test_00015531_orig63337_63338_63339.png,0,0.1337204572329145,0.14388525361711765,0.5213372508391007
/root/New_CheckLiuliang_remote/datasets/toniot/test/normal/test_00015532_orig63340_63341_63342.png,0,0.20765765963303318,0.2233667813908316,0.5223753236314537
/root/New_CheckLiuliang_remote/datasets/toniot/test/normal/test_00015533_orig63343_63344_63345.png,0,0.24263364076320296,0.30406054265916455,0.35048623197121864
/root/New_CheckLiuliang_remote/datasets/toniot/test/normal/test_00015534_orig63346_63347_63348.png,0,0.09240326399745204,0.10012899088089186,0.518120437160272
/root/New_CheckLiuliang_remote/datasets/toniot/test/normal/test_00015535_orig63349_63350_63351.png,0,0.16167183214906314,0.1756111584262824,0.5150155200056258
/root/New_CheckLiuliang_remote/datasets/toniot/test/normal/test_00015536_orig63352_63353_63354.png,0,0.07340683425538552,0.07911401332210365,0.5202299825890981
/root/New_CheckLiuliang_remote/datasets/toniot/test/normal/test_00015537_orig63355_63356_63357.png,0,0.09153771911595945,0.09820534597726502,0.5220810667769284
/root/New_CheckLiuliang_remote/datasets/toniot/test/normal/test_00015538_orig63358_63359_63360.png,0,0.14748045878194557,0.1614953757602373,0.5102572401032351
/root/New_CheckLiuliang_remote/datasets/toniot/test/normal/test_00015539_orig63361_63362_63363.png,0,0.11706915735033394,0.12796483197661762,0.5131854340320313
/root/New_CheckLiuliang_remote/datasets/toniot/test/normal/test_00015540_orig63364_63365_63366.png,0,0.07608863545620957,0.08306233352126735,0.5160059592650146
/root/New_CheckLiuliang_remote/datasets/toniot/test/normal/test_00015541_orig63367_63368_63369.png,0,0.1737149553116123,0.18757945482688443,0.5190962199479794
/root/New_CheckLiuliang_remote/datasets/toniot/test/normal/test_00015542_orig63370_63371_63372.png,0,0.15322313459991843,0.16575400359169604,0.5179965617890422
/root/New_CheckLiuliang_remote/datasets/toniot/test/normal/test_00015543_orig63373_63374_63375.png,0,0.1261285903321782,0.13680394160233414,0.5169112782465617
/root/New_CheckLiuliang_remote/datasets/toniot/test/normal/test_00015544_orig63376_63377_63378.png,0,0.12092211018824554,0.13024273929343544,0.5206953960287867
/root/New_CheckLiuliang_remote/datasets/toniot/test/normal/test_00015545_orig63379_63380_63381.png,0,0.050946784267932144,0.05519211585063195,0.5190251924313698
/root/New_CheckLiuliang_remote/datasets/toniot/test/normal/test_00015546_orig63382_63383_63384.png,0,0.18035660766033276,0.19638982983464212,0.5125067266510955
/root/New_CheckLiuliang_remote/datasets/toniot/test/normal/test_00015547_orig63385_63386_63387.png,0,0.12787702299495682,0.13890812912838718,0.5160372451949498
/root/New_CheckLiuliang_remote/datasets/toniot/test/normal/test_00015548_orig63388_63389_63390.png,0,0.18010221060515463,0.19335747478602877,0.5235386810711598
/root/New_CheckLiuliang_remote/datasets/toniot/test/normal/test_00015549_orig63391_63392_63393.png,0,0.10108539628890034,0.11193012790578824,0.5083705012294877
/root/New_CheckLiuliang_remote/datasets/toniot/test/normal/test_00015550_orig63394_63395_63396.png,0,0.511123612863975,0.6130284069908307,0.2728772197067818
/root/New_CheckLiuliang_remote/datasets/toniot/test/normal/test_00015551_orig63397_63398_63399.png,0,0.3781840715665191,0.44302167994122915,0.3794045780193935
/root/New_CheckLiuliang_remote/datasets/toniot/test/normal/test_00015552_orig63400_63401_63402.png,0,0.2498942287238207,0.2954332032315555,0.4163176770507064
/root/New_CheckLiuliang_remote/datasets/toniot/test/normal/test_00015553_orig63403_63404_63405.png,0,0.5525300196755307,0.6350582807592604,0.3633844555293407
/root/New_CheckLiuliang_remote/datasets/toniot/test/normal/test_00015554_orig63406_63407_63408.png,0,0.3361819365531309,0.3997397352137757,0.37133566188027173
/root/New_CheckLiuliang_remote/datasets/toniot/test/normal/test_00015555_orig63409_63410_63411.png,0,0.6380814861642023,0.7134919790397363,0.4187176390566221
/root/New_CheckLiuliang_remote/datasets/toniot/test/normal/test_00015556_orig63412_63413_63414.png,0,0.2757830589608256,0.3335850345911005,0.37539444757890944
/root/New_CheckLiuliang_remote/datasets/toniot/test/normal/test_00015557_orig63415_63416_63417.png,0,0.1370757013767188,0.14939075393470733,0.5137897316336618
/root/New_CheckLiuliang_remote/datasets/toniot/test/normal/test_00015558_orig63418_63419_63420.png,0,0.42040444356740986,0.5407525767014207,0.1706191577137116
/root/New_CheckLiuliang_remote/datasets/toniot/test/normal/test_00015559_orig63421_63422_63423.png,0,0.5556089902780402,0.6771837555200972,0.20816519788385915
/root/New_CheckLiuliang_remote/datasets/toniot/test/normal/test_00015560_orig63424_63425_63426.png,0,0.36022654766820456,0.4182019240647702,0.40121506378066646
/root/New_CheckLiuliang_remote/datasets/toniot/test/normal/test_00015561_orig63427_63428_63429.png,0,0.5616297475884867,0.691814530768281,0.17561557004902095
/root/New_CheckLiuliang_remote/datasets/toniot/test/normal/test_00015562_orig63430_63431_63432.png,0,0.08154337520471026,0.0891856937291223,0.5150441987747331
/root/New_CheckLiuliang_remote/datasets/toniot/test/normal/test_00015563_orig63433_63434_63435.png,0,0.18561666809876065,0.20119257849110192,0.5159875682116067
/root/New_CheckLiuliang_remote/datasets/toniot/test/normal/test_00015564_orig63436_63437_63438.png,0,0.09723056133272501,0.10658142150811084,0.5131356161210759
/root/New_CheckLiuliang_remote/datasets/toniot/test/normal/test_00015565_orig63439_63440_63441.png,0,0.06478240695970888,0.07073715054145073,0.5165317601865825
/root/New_CheckLiuliang_remote/datasets/toniot/test/normal/test_00015566_orig63442_63443_63444.png,0,0.0546161220243986,0.059477247758929416,0.5177141428539519
/root/New_CheckLiuliang_remote/datasets/toniot/test/normal/test_00015567_orig63445_63446_63447.png,0,0.17432250184009954,0.18789606045763618,0.5204507456937982
/root/New_CheckLiuliang_remote/datasets/toniot/test/normal/test_00015568_orig63448_63449_63450.png,0,0.06611146742486985,0.07111319353263787,0.5207611387599342
/root/New_CheckLiuliang_remote/datasets/toniot/test/normal/test_00015569_orig63451_63452_63453.png,0,0.1668134100627185,0.18038556608968692,0.5180985933803622
/root/New_CheckLiuliang_remote/datasets/toniot/test/normal/test_00015570_orig63454_63455_63456.png,0,0.10740149179762114,0.11690187285417024,0.5157310799571834
/root/New_CheckLiuliang_remote/datasets/toniot/test/normal/test_00015571_orig63457_63458_63459.png,0,0.16448914730857497,0.17784235558787945,0.5182445943867263
/root/New_CheckLiuliang_remote/datasets/toniot/test/normal/test_00015572_orig63460_63461_63462.png,0,0.11070758339981386,0.1192060218312244,0.5207769226525142
/root/New_CheckLiuliang_remote/datasets/toniot/test/normal/test_00015573_orig63463_63464_63465.png,0,0.1091087181810621,0.11952918787703526,0.5125867735348937
/root/New_CheckLiuliang_remote/datasets/toniot/test/normal/test_00015574_orig63466_63467_63468.png,0,0.13641851210129094,0.1494083358470657,0.5108842975142553
/root/New_CheckLiuliang_remote/datasets/toniot/test/normal/test_00015575_orig63469_63470_63471.png,0,0.1345769530966242,0.14588880437616422,0.5170179604490884
/root/New_CheckLiuliang_remote/datasets/toniot/test/normal/test_00015576_orig63472_63473_63474.png,0,0.06073733985052363,0.06515266282654958,0.5214193411732774
/root/New_CheckLiuliang_remote/datasets/toniot/test/normal/test_00015577_orig63475_63476_63477.png,0,0.12914359916013668,0.13993588375154448,0.5173902207370331
/root/New_CheckLiuliang_remote/datasets/toniot/test/normal/test_00015578_orig63478_63479_63480.png,0,0.15401124087235274,0.16629287608464982,0.5192409526058326
/root/New_CheckLiuliang_remote/datasets/toniot/test/normal/test_00015579_orig63481_63482_63483.png,0,0.18036680612717987,0.19496097143477195,0.5182661563114114
/root/New_CheckLiuliang_remote/datasets/toniot/test/normal/test_00015580_orig63484_63485_63486.png,0,0.08326803682518287,0.08913491611656493,0.5226874782927438
/root/New_CheckLiuliang_remote/datasets/toniot/test/normal/test_00015581_orig63487_63488_63489.png,0,0.2666935646777001,0.2874758133897809,0.5206193655819398
/root/New_CheckLiuliang_remote/datasets/toniot/test/normal/test_00015582_orig63490_63491_63492.png,0,0.12227269883552883,0.133789037257778,0.5123366270230247
/root/New_CheckLiuliang_remote/datasets/toniot/test/normal/test_00015583_orig63493_63494_63495.png,0,0.16722865917842147,0.18228979216473884,0.5122730686698681
/root/New_CheckLiuliang_remote/datasets/toniot/test/normal/test_00015584_orig63496_63497_63498.png,0,0.07928551234191825,0.08648477084929428,0.5161074976096915
/root/New_CheckLiuliang_remote/datasets/toniot/test/normal/test_00015585_orig63499_63500_63501.png,0,0.12460259404320544,0.13623882744914398,0.5125886055938538
/root/New_CheckLiuliang_remote/datasets/toniot/test/normal/test_00015586_orig63502_63503_63504.png,0,0.14835124066734892,0.16144932164652248,0.5141979989265544
/root/New_CheckLiuliang_remote/datasets/toniot/test/normal/test_00015587_orig63505_63506_63507.png,0,0.1675016709216589,0.1816480523636585,0.5160177971844495
/root/New_CheckLiuliang_remote/datasets/toniot/test/normal/test_00015588_orig63508_63509_63510.png,0,0.10408327582829871,0.11379066161654662,0.5138611819331083
/root/New_CheckLiuliang_remote/datasets/toniot/test/normal/test_00015589_orig63511_63512_63513.png,0,0.12351458061728901,0.13524125073525853,0.511885235880762
/root/New_CheckLiuliang_remote/datasets/toniot/test/normal/test_00015590_orig63514_63515_63516.png,0,0.11770074356858701,0.12804106399960427,0.515605161135575
/root/New_CheckLiuliang_remote/datasets/toniot/test/normal/test_00015591_orig63517_63518_63519.png,0,0.19289632095712922,0.20848211807986097,0.5182337429605777
/root/New_CheckLiuliang_remote/datasets/toniot/test/normal/test_00015592_orig63520_63521_63522.png,0,0.060827949851866514,0.06688644931836632,0.5148750856399484
/root/New_CheckLiuliang_remote/datasets/toniot/test/normal/test_00015593_orig63523_63524_63525.png,0,0.16525281397342448,0.18008496787167932,0.5125685938729043
/root/New_CheckLiuliang_remote/datasets/toniot/test/normal/test_00015594_orig63526_63527_63528.png,0,0.12420133788079189,0.1353346710457,0.5144742170467026
/root/New_CheckLiuliang_remote/datasets/toniot/test/normal/test_00015595_orig63529_63530_63531.png,0,0.07247770534255421,0.0785784210366794,0.5183641010019742
/root/New_CheckLiuliang_remote/datasets/toniot/test/normal/test_00015596_orig63532_63533_63534.png,0,0.10707511182919564,0.1166428676676373,0.5153591015244633
/root/New_CheckLiuliang_remote/datasets/toniot/test/normal/test_00015597_orig63535_63536_63537.png,0,0.171473637793459,0.18507521319052797,0.5194441702227988
/root/New_CheckLiuliang_remote/datasets/toniot/test/normal/test_00015598_orig63538_63539_63540.png,0,0.12972329021596612,0.1398996702604183,0.5200358548031266
/root/New_CheckLiuliang_remote/datasets/toniot/test/normal/test_00015599_orig63541_63542_63543.png,0,0.0928868124958046,0.10164903905008339,0.5141262667718832
/root/New_CheckLiuliang_remote/datasets/toniot/test/normal/test_00015600_orig63544_63545_63546.png,0,0.10885456842662933,0.11887039099680127,0.5141255621338217
/root/New_CheckLiuliang_remote/datasets/toniot/test/normal/test_00015601_orig63547_63548_63549.png,0,0.06412007700084899,0.06886454566698362,0.5211648963692326
/root/New_CheckLiuliang_remote/datasets/toniot/test/normal/test_00015602_orig63550_63551_63552.png,0,0.15882678280868537,0.17093240161443943,0.5214570393095731
/root/New_CheckLiuliang_remote/datasets/toniot/test/normal/test_00015603_orig63553_63554_63555.png,0,0.45910025654632103,0.5545739279396137,0.2822670151242809
/root/New_CheckLiuliang_remote/datasets/toniot/test/normal/test_00015604_orig63556_63557_63558.png,0,0.21558612283152231,0.25783598936110613,0.41870178470023606
/root/New_CheckLiuliang_remote/datasets/toniot/test/normal/test_00015605_orig63559_63560_63561.png,0,0.48375958075244635,0.5582069545910375,0.37411493055474815
/root/New_CheckLiuliang_remote/datasets/toniot/test/normal/test_00015606_orig63562_63563_63564.png,0,0.34027395141439437,0.41070035186130127,0.3451460971894595
/root/New_CheckLiuliang_remote/datasets/toniot/test/normal/test_00015607_orig63565_63566_63567.png,0,0.2089949018909681,0.22545627358715228,0.5197862015379008
/root/New_CheckLiuliang_remote/datasets/toniot/test/normal/test_00015608_orig63568_63569_63570.png,0,0.5366090354458963,0.5892878393915923,0.47778329039621303
/root/New_CheckLiuliang_remote/datasets/toniot/test/normal/test_00015609_orig63571_63572_63573.png,0,0.6347942895917681,0.6262346537130834,0.7535660146862074
/root/New_CheckLiuliang_remote/datasets/toniot/test/normal/test_00015610_orig63574_63575_63576.png,0,0.10281177340631269,0.11101442517184024,0.5194808818658083
/root/New_CheckLiuliang_remote/datasets/toniot/test/normal/test_00015611_orig63577_63578_63579.png,0,0.16602370616886067,0.18009349641125616,0.5158600991862629
/root/New_CheckLiuliang_remote/datasets/toniot/test/normal/test_00015612_orig63580_63581_63582.png,0,0.22007203492044725,0.2624713162252579,0.41951264694962537
/root/New_CheckLiuliang_remote/datasets/toniot/test/normal/test_00015613_orig63583_63584_63585.png,0,0.15685320233864725,0.16875381898161626,0.5216573679104868
/root/New_CheckLiuliang_remote/datasets/toniot/test/normal/test_00015614_orig63586_63587_63588.png,0,0.1562942187245011,0.169644067305135,0.5156849261641484
/root/New_CheckLiuliang_remote/datasets/toniot/test/normal/test_00015615_orig63589_63590_63591.png,0,0.18668061426782642,0.20384875934022692,0.5099526955330105
/root/New_CheckLiuliang_remote/datasets/toniot/test/normal/test_00015616_orig63592_63593_63594.png,0,0.259139732069987,0.2811881803888463,0.5131827564073972
/root/New_CheckLiuliang_remote/datasets/toniot/test/normal/test_00015617_orig63595_63596_63597.png,0,0.13246110169410927,0.14433595413167724,0.5141016044397271
/root/New_CheckLiuliang_remote/datasets/toniot/test/normal/test_00015618_orig63598_63599_63600.png,0,0.34918425639521916,0.3645045331812017,0.5683683182607728
/root/New_CheckLiuliang_remote/datasets/toniot/test/normal/test_00015619_orig63601_63602_63603.png,0,0.320622562677406,0.3681359853330113,0.4306277134290556
/root/New_CheckLiuliang_remote/datasets/toniot/test/normal/test_00015620_orig63604_63605_63606.png,0,0.6975361235287298,0.8212738252953597,0.24407683007011924
/root/New_CheckLiuliang_remote/datasets/toniot/test/normal/test_00015621_orig63607_63608_63609.png,0,0.16107571700858056,0.1748282384931304,0.5155755663369876
/root/New_CheckLiuliang_remote/datasets/toniot/test/normal/test_00015622_orig63610_63611_63612.png,0,0.18913116362643304,0.20553950950925604,0.5137613347197791
/root/New_CheckLiuliang_remote/datasets/toniot/test/normal/test_00015623_orig63613_63614_63615.png,0,0.2884891594921323,0.3643092952290431,0.30731136680547333
/root/New_CheckLiuliang_remote/datasets/toniot/test/normal/test_00015624_orig63616_63617_63618.png,0,0.1485333842476148,0.1606901504158844,0.5180204490193305
/root/New_CheckLiuliang_remote/datasets/toniot/test/normal/test_00015625_orig63619_63620_63621.png,0,0.13942861820674682,0.15041404747562445,0.519847011802617
/root/New_CheckLiuliang_remote/datasets/toniot/test/normal/test_00015626_orig63622_63623_63624.png,0,0.10431398138419976,0.11166928580303875,0.5233419461243604
/root/New_CheckLiuliang_remote/datasets/toniot/test/normal/test_00015627_orig63625_63626_63627.png,0,0.12126159536590099,0.13061248428616584,0.5206809509485238
/root/New_CheckLiuliang_remote/datasets/toniot/test/normal/test_00015628_orig63628_63629_63630.png,0,0.10798998680256859,0.11876529314755463,0.5108161590136984
/root/New_CheckLiuliang_remote/datasets/toniot/test/normal/test_00015629_orig63631_63632_63633.png,0,0.1484130118644033,0.1613204750947619,0.5149798653197087
/root/New_CheckLiuliang_remote/datasets/toniot/test/normal/test_00015630_orig63634_63635_63636.png,0,0.11583705604106584,0.12514739612534015,0.5191399075077987
/root/New_CheckLiuliang_remote/datasets/toniot/test/normal/test_00015631_orig63637_63638_63639.png,0,0.14765344557849144,0.16001364041499086,0.5169304444018373
/root/New_CheckLiuliang_remote/datasets/toniot/test/normal/test_00015632_orig63640_63641_63642.png,0,0.14458474154490963,0.1572047331032902,0.5149277221031502
/root/New_CheckLiuliang_remote/datasets/toniot/test/normal/test_00015633_orig63643_63644_63645.png,0,0.06487371003174638,0.07125752266393788,0.5148441520290441
/root/New_CheckLiuliang_remote/datasets/toniot/test/normal/test_00015634_orig63646_63647_63648.png,0,0.10530202117830952,0.11322016792300801,0.5214008091922572
/root/New_CheckLiuliang_remote/datasets/toniot/test/normal/test_00015635_orig63649_63650_63651.png,0,0.09929522441719282,0.10658942521448293,0.522010532506962
/root/New_CheckLiuliang_remote/datasets/toniot/test/normal/test_00015636_orig63652_63653_63654.png,0,0.1449105521146588,0.15791863747002055,0.513477647436178
/root/New_CheckLiuliang_remote/datasets/toniot/test/normal/test_00015637_orig63655_63656_63657.png,0,0.053440380717104295,0.05863042938310187,0.5160292827848536
/root/New_CheckLiuliang_remote/datasets/toniot/test/normal/test_00015638_orig63658_63659_63660.png,0,0.06893676753008685,0.07385072352849562,0.5219993287617826
/root/New_CheckLiuliang_remote/datasets/toniot/test/normal/test_00015639_orig63661_63662_63663.png,0,0.19291821080510158,0.23591869231509044,0.4085818785552073
/root/New_CheckLiuliang_remote/datasets/toniot/test/normal/test_00015640_orig63664_63665_63666.png,0,0.05563110736467861,0.061158288513671055,0.5153686141382949
/root/New_CheckLiuliang_remote/datasets/toniot/test/normal/test_00015641_orig63667_63668_63669.png,0,0.16010033060942214,0.17443723775560854,0.5129317643298543
/root/New_CheckLiuliang_remote/datasets/toniot/test/normal/test_00015642_orig63670_63671_63672.png,0,0.1175330141997082,0.127908806032013,0.5154106105667665
/root/New_CheckLiuliang_remote/datasets/toniot/test/normal/test_00015643_orig63673_63674_63675.png,0,0.28227643958259263,0.33081903239388627,0.4144708206912457
/root/New_CheckLiuliang_remote/datasets/toniot/test/normal/test_00015644_orig63676_63677_63678.png,0,0.1421082754826345,0.1521717138782563,0.5243763547987931
/root/New_CheckLiuliang_remote/datasets/toniot/test/normal/test_00015645_orig63679_63680_63681.png,0,0.1664303304638339,0.17863603460172836,0.5234441186432927
/root/New_CheckLiuliang_remote/datasets/toniot/test/normal/test_00015646_orig63682_63683_63684.png,0,0.14615863476158206,0.1582215974374494,0.517650020790346
/root/New_CheckLiuliang_remote/datasets/toniot/test/normal/test_00015647_orig63685_63686_63687.png,0,0.11722958745683336,0.12691490315056062,0.5180772428470958
/root/New_CheckLiuliang_remote/datasets/toniot/test/normal/test_00015648_orig63688_63689_63690.png,0,0.1592096497821827,0.1724448397021624,0.5170589703842736
/root/New_CheckLiuliang_remote/datasets/toniot/test/normal/test_00015649_orig63691_63692_63693.png,0,0.12834295594135628,0.1393210416522064,0.5163956241130809
/root/New_CheckLiuliang_remote/datasets/toniot/test/normal/test_00015650_orig63694_63695_63696.png,0,0.15960366560247835,0.17283610285628662,0.5171936971816521
/root/New_CheckLiuliang_remote/datasets/toniot/test/normal/test_00015651_orig63697_63698_63699.png,0,0.3156573923826819,0.3413923221363231,0.5161826824908645
/root/New_CheckLiuliang_remote/datasets/toniot/test/normal/test_00015652_orig63700_63701_63702.png,0,0.09947406363102529,0.10812758012923755,0.5166294230219206
/root/New_CheckLiuliang_remote/datasets/toniot/test/normal/test_00015653_orig63703_63704_63705.png,0,0.23052900393326506,0.2494785454090281,0.5165949662207083
/root/New_CheckLiuliang_remote/datasets/toniot/test/normal/test_00015654_orig63706_63707_63708.png,0,0.1793624994936696,0.1953931715788649,0.5122047892416988
/root/New_CheckLiuliang_remote/datasets/toniot/test/normal/test_00015655_orig63709_63710_63711.png,0,0.11707913618957536,0.12747043909776448,0.5152060541374832
/root/New_CheckLiuliang_remote/datasets/toniot/test/normal/test_00015656_orig63712_63713_63714.png,0,0.2463342438662748,0.266505053028491,0.5166725468712907
/root/New_CheckLiuliang_remote/datasets/toniot/test/normal/test_00015657_orig63715_63716_63717.png,0,0.4736209682940697,0.5737456912833996,0.2682221340485128
/root/New_CheckLiuliang_remote/datasets/toniot/test/normal/test_00015658_orig63718_63719_63720.png,0,0.20799500536986157,0.25142961284760196,0.41157930317355595
/root/New_CheckLiuliang_remote/datasets/toniot/test/normal/test_00015659_orig63721_63722_63723.png,0,0.5721587060722509,0.6193803320593445,0.5107741625852269
/root/New_CheckLiuliang_remote/datasets/toniot/test/normal/test_00015660_orig63724_63725_63726.png,0,0.36717343264453095,0.4326904695144729,0.3732296585260536
/root/New_CheckLiuliang_remote/datasets/toniot/test/normal/test_00015661_orig63727_63728_63729.png,0,0.15023023004546188,0.16346717411039788,0.5142325261915729
/root/New_CheckLiuliang_remote/datasets/toniot/test/normal/test_00015662_orig63730_63731_63732.png,0,0.5797853608287566,0.6416668492648858,0.45452938879765
/root/New_CheckLiuliang_remote/datasets/toniot/test/normal/test_00015663_orig63733_63734_63735.png,0,0.3369008591484692,0.399954260786208,0.37357898284509317
/root/New_CheckLiuliang_remote/datasets/toniot/test/normal/test_00015664_orig63736_63737_63738.png,0,0.19611334790871818,0.23568645362199858,0.4232946155857624
/root/New_CheckLiuliang_remote/datasets/toniot/test/normal/test_00015665_orig63739_63740_63741.png,0,0.34711628256572247,0.4305341922928506,0.2953284680893732
/root/New_CheckLiuliang_remote/datasets/toniot/test/normal/test_00015666_orig63742_63743_63744.png,0,0.038318869686111104,0.041569020355524636,0.5190409058601436
/root/New_CheckLiuliang_remote/datasets/toniot/test/normal/test_00015667_orig63745_63746_63747.png,0,0.06357275575440173,0.06972435366462817,0.5153645272375377
/root/New_CheckLiuliang_remote/datasets/toniot/test/normal/test_00015668_orig63748_63749_63750.png,0,0.14077960151747945,0.1536188102319907,0.5128560862020382
/root/New_CheckLiuliang_remote/datasets/toniot/test/normal/test_00015669_orig63751_63752_63753.png,0,0.42590831697476195,0.49638055340774856,0.3718508932309156
/root/New_CheckLiuliang_remote/datasets/toniot/test/normal/test_00015670_orig63754_63755_63756.png,0,0.38696518849159744,0.4539931868777528,0.3734001809369615
/root/New_CheckLiuliang_remote/datasets/toniot/test/normal/test_00015671_orig63757_63758_63759.png,0,0.10548279090678055,0.11497468532641149,0.5151625779690823
/root/New_CheckLiuliang_remote/datasets/toniot/test/normal/test_00015672_orig63760_63761_63762.png,0,0.09536210662224592,0.10317761575885173,0.5186903484244962
/root/New_CheckLiuliang_remote/datasets/toniot/test/normal/test_00015673_orig63763_63764_63765.png,0,0.05669077166531299,0.06009799423182066,0.5241811700557292
/root/New_CheckLiuliang_remote/datasets/toniot/test/normal/test_00015674_orig63766_63767_63768.png,0,0.11584921051188897,0.12429362370954995,0.5226074314089456
/root/New_CheckLiuliang_remote/datasets/toniot/test/normal/test_00015675_orig63769_63770_63771.png,0,0.06970728097446632,0.07504288215303376,0.5205546798078846
/root/New_CheckLiuliang_remote/datasets/toniot/test/normal/test_00015676_orig63772_63773_63774.png,0,0.40447397981342126,0.4696993453624229,0.38610825791416
/root/New_CheckLiuliang_remote/datasets/toniot/test/normal/test_00015677_orig63775_63776_63777.png,0,0.19440155818945482,0.2113917933668693,0.5130886167623671
/root/New_CheckLiuliang_remote/datasets/toniot/test/normal/test_00015678_orig63778_63779_63780.png,0,0.11611960665965808,0.12600457995696104,0.5169300920828065
/root/New_CheckLiuliang_remote/datasets/toniot/test/normal/test_00015679_orig63781_63782_63783.png,0,0.08390158109840233,0.09140403247720354,0.5163441150707777
/root/New_CheckLiuliang_remote/datasets/toniot/test/normal/test_00015680_orig63784_63785_63786.png,0,0.16459054225350803,0.17753755870423404,0.5199011984695543
/root/New_CheckLiuliang_remote/datasets/toniot/test/normal/test_00015681_orig63787_63788_63789.png,0,0.17823116600210342,0.19248244662544714,0.5189671302550938
/root/New_CheckLiuliang_remote/datasets/toniot/test/normal/test_00015682_orig63790_63791_63792.png,0,0.11013981896724405,0.11864576238517797,0.5205686316415044
/root/New_CheckLiuliang_remote/datasets/toniot/test/normal/test_00015683_orig63793_63794_63795.png,0,0.1071580526879587,0.11560842142111974,0.5198546923574885
/root/New_CheckLiuliang_remote/datasets/toniot/test/normal/test_00015684_orig63796_63797_63798.png,0,0.4100254643773985,0.4856899634440552,0.34609482187560137
/root/New_CheckLiuliang_remote/datasets/toniot/test/normal/test_00015685_orig63799_63800_63801.png,0,0.10633387345329523,0.11414886027877302,0.5221374378218566
/root/New_CheckLiuliang_remote/datasets/toniot/test/normal/test_00015686_orig63802_63803_63804.png,0,0.152026168488572,0.16383928085254956,0.5204917556289835
/root/New_CheckLiuliang_remote/datasets/toniot/test/normal/test_00015687_orig63805_63806_63807.png,0,0.11090502017656066,0.11967364821663645,0.5197581569430489
/root/New_CheckLiuliang_remote/datasets/toniot/test/normal/test_00015688_orig63808_63809_63810.png,0,0.20622692140522408,0.22432224024003772,0.5123813010761303
/root/New_CheckLiuliang_remote/datasets/toniot/test/normal/test_00015689_orig63811_63812_63813.png,0,0.22213369718704734,0.24096247062082127,0.5144420150872874
/root/New_CheckLiuliang_remote/datasets/toniot/test/normal/test_00015690_orig63814_63815_63816.png,0,0.09330179886420452,0.10282938892751516,0.5111951133632283
/root/New_CheckLiuliang_remote/datasets/toniot/test/normal/test_00015691_orig63817_63818_63819.png,0,0.19682629490976417,0.2565784890025794,0.3428021186775381
/root/New_CheckLiuliang_remote/datasets/toniot/test/normal/test_00015692_orig63820_63821_63822.png,0,0.10801949339864816,0.1159856452870175,0.5220620415492652
/root/New_CheckLiuliang_remote/datasets/toniot/test/normal/test_00015693_orig63823_63824_63825.png,0,0.06979096054177124,0.0756716323322971,0.5184006717173714
/root/New_CheckLiuliang_remote/datasets/toniot/test/normal/test_00015694_orig63826_63827_63828.png,0,0.07861276054189367,0.08488114299224991,0.5196197660277502
/root/New_CheckLiuliang_remote/datasets/toniot/test/normal/test_00015695_orig63829_63830_63831.png,0,0.15317038787831355,0.166079400178627,0.5164674267315582
/root/New_CheckLiuliang_remote/datasets/toniot/test/normal/test_00015696_orig63832_63833_63834.png,0,0.1919955683547012,0.20746774670342424,0.5184053927923841
/root/New_CheckLiuliang_remote/datasets/toniot/test/normal/test_00015697_orig63835_63836_63837.png,0,0.08119919366242873,0.08939680788572386,0.5127149471982991
/root/New_CheckLiuliang_remote/datasets/toniot/test/normal/test_00015698_orig63838_63839_63840.png,0,0.24859677030530705,0.27017350592123385,0.5117592465953474
/root/New_CheckLiuliang_remote/datasets/toniot/test/normal/test_00015699_orig63841_63842_63843.png,0,0.11142039944670026,0.12203631609601771,0.5125308252728024
/root/New_CheckLiuliang_remote/datasets/toniot/test/normal/test_00015700_orig63844_63845_63846.png,0,0.2890129953038048,0.36390307432858415,0.3111960716709921
/root/New_CheckLiuliang_remote/datasets/toniot/test/normal/test_00015701_orig63847_63848_63849.png,0,0.09165812548431275,0.09837499831069313,0.5219218890388124
/root/New_CheckLiuliang_remote/datasets/toniot/test/normal/test_00015702_orig63850_63851_63852.png,0,0.07586810361385049,0.08180325866312649,0.5200908870357378
/root/New_CheckLiuliang_remote/datasets/toniot/test/normal/test_00015703_orig63853_63854_63855.png,0,0.15183684004606612,0.16384361072648856,0.5196576755554644
/root/New_CheckLiuliang_remote/datasets/toniot/test/normal/test_00015704_orig63856_63857_63858.png,0,0.15245162737811924,0.16379676936296664,0.522497226016111
/root/New_CheckLiuliang_remote/datasets/toniot/test/normal/test_00015705_orig63859_63860_63861.png,0,0.1473739783811199,0.16036554107876053,0.5143172236865775
/root/New_CheckLiuliang_remote/datasets/toniot/test/normal/test_00015706_orig63862_63863_63864.png,0,0.16628031743672167,0.17963584185673392,0.5187977352650844
/root/New_CheckLiuliang_remote/datasets/toniot/test/normal/test_00015707_orig63865_63866_63867.png,0,0.05728621662939097,0.06081885263851365,0.5238664786974173
/root/New_CheckLiuliang_remote/datasets/toniot/test/normal/test_00015708_orig63868_63869_63870.png,0,0.10336747454154796,0.11152535029664229,0.5198344692451206
/root/New_CheckLiuliang_remote/datasets/toniot/test/normal/test_00015709_orig63871_63872_63873.png,0,0.12191540231960868,0.13260632563092495,0.5155261007450631
/root/New_CheckLiuliang_remote/datasets/toniot/test/normal/test_00015710_orig63874_63875_63876.png,0,0.5101873028002295,0.6198837783109792,0.24141650430044131
/root/New_CheckLiuliang_remote/datasets/toniot/test/normal/test_00015711_orig63877_63878_63879.png,0,0.13278066517163742,0.1447898036454652,0.5136647993053396
/root/New_CheckLiuliang_remote/datasets/toniot/test/normal/test_00015712_orig63880_63881_63882.png,0,0.2200337586746247,0.2674952820775103,0.3992516602858167
/root/New_CheckLiuliang_remote/datasets/toniot/test/normal/test_00015713_orig63883_63884_63885.png,0,0.4654522011689444,0.5520047381941723,0.31994598526474977
/root/New_CheckLiuliang_remote/datasets/toniot/test/normal/test_00015714_orig63886_63887_63888.png,0,0.10298064332165531,0.11066777284011783,0.5215959939353211
/root/New_CheckLiuliang_remote/datasets/toniot/test/normal/test_00015715_orig63889_63890_63891.png,0,0.4503780186072536,0.5220400424117713,0.3747749297951483
/root/New_CheckLiuliang_remote/datasets/toniot/test/normal/test_00015716_orig63892_63893_63894.png,0,0.6161050070655438,0.6117291823925283,0.7309625644823098
/root/New_CheckLiuliang_remote/datasets/toniot/test/normal/test_00015717_orig63895_63896_63897.png,0,0.14367645161365575,0.15581615565188286,0.5165636802907732
/root/New_CheckLiuliang_remote/datasets/toniot/test/normal/test_00015718_orig63898_63899_63900.png,0,0.3422312379468866,0.405522741088365,0.3743002503649497
/root/New_CheckLiuliang_remote/datasets/toniot/test/normal/test_00015719_orig63901_63902_63903.png,0,0.08006585314800319,0.11148034584933691,0.41949157827158345
/root/New_CheckLiuliang_remote/datasets/toniot/test/normal/test_00015720_orig63904_63905_63906.png,0,0.2820372418321496,0.3059889110616339,0.5127594098599862
/root/New_CheckLiuliang_remote/datasets/toniot/test/normal/test_00015721_orig63907_63908_63909.png,0,0.31303388192953496,0.3724295145725844,0.3807161208434546
/root/New_CheckLiuliang_remote/datasets/toniot/test/normal/test_00015722_orig63910_63911_63912.png,0,0.15180596347086614,0.1648615247270572,0.5154528183866565
/root/New_CheckLiuliang_remote/datasets/toniot/test/normal/test_00015723_orig63913_63914_63915.png,0,0.12303472006614138,0.13381685341762856,0.5155127126218927
/root/New_CheckLiuliang_remote/datasets/toniot/test/normal/test_00015724_orig63916_63917_63918.png,0,0.19572385772620549,0.21261347385917334,0.5139062787690508
/root/New_CheckLiuliang_remote/datasets/toniot/test/normal/test_00015725_orig63919_63920_63921.png,0,0.08763305134162508,0.09630440010974263,0.512840161381846
/root/New_CheckLiuliang_remote/datasets/toniot/test/normal/test_00015726_orig63922_63923_63924.png,0,0.1978412742134965,0.212844138052651,0.5221181307389687
/root/New_CheckLiuliang_remote/datasets/toniot/test/normal/test_00015727_orig63925_63926_63927.png,0,0.1189957598558965,0.12748447838599095,0.5234181879626257
/root/New_CheckLiuliang_remote/datasets/toniot/test/normal/test_00015728_orig63928_63929_63930.png,0,0.17208953327763882,0.18672423911978123,0.5155050320670213
/root/New_CheckLiuliang_remote/datasets/toniot/test/normal/test_00015729_orig63931_63932_63933.png,0,0.15123933496216815,0.16440387017253497,0.5148390081711943
/root/New_CheckLiuliang_remote/datasets/toniot/test/normal/test_00015730_orig63934_63935_63936.png,0,0.1414108466556282,0.15156303856907374,0.5238023566338115
/root/New_CheckLiuliang_remote/datasets/toniot/test/normal/test_00015731_orig63937_63938_63939.png,0,0.17418235795284112,0.18828916052797695,0.5182737664024767
/root/New_CheckLiuliang_remote/datasets/toniot/test/normal/test_00015732_orig63940_63941_63942.png,0,0.10071939836597371,0.10881917908476699,0.519235385965146
/root/New_CheckLiuliang_remote/datasets/toniot/test/normal/test_00015733_orig63943_63944_63945.png,0,0.23019888183816722,0.2487353815911342,0.5181434788248864
/root/New_CheckLiuliang_remote/datasets/toniot/test/normal/test_00015734_orig63946_63947_63948.png,0,0.08650988086525745,0.0933435535852734,0.5198382038268471
/root/New_CheckLiuliang_remote/datasets/toniot/test/normal/test_00015735_orig63949_63950_63951.png,0,0.1031293271662324,0.11299645776949299,0.5129226744988596
/root/New_CheckLiuliang_remote/datasets/toniot/test/normal/test_00015736_orig63952_63953_63954.png,0,0.08029447939536767,0.08731098952183627,0.5171552944072948
/root/New_CheckLiuliang_remote/datasets/toniot/test/normal/test_00015737_orig63955_63956_63957.png,0,0.18651429374012704,0.20066223453772494,0.5219812900274055
/root/New_CheckLiuliang_remote/datasets/toniot/test/normal/test_00015738_orig63958_63959_63960.png,0,0.14901836022352843,0.20053929235951756,0.3607160616538574
/root/New_CheckLiuliang_remote/datasets/toniot/test/normal/test_00015739_orig63961_63962_63963.png,0,0.14867785429000055,0.16178364039793378,0.5142697310812255
/root/New_CheckLiuliang_remote/datasets/toniot/test/normal/test_00015740_orig63964_63965_63966.png,0,0.10929468530657861,0.11898664155164837,0.5155592187339585
/root/New_CheckLiuliang_remote/datasets/toniot/test/normal/test_00015741_orig63967_63968_63969.png,0,0.1073012782651232,0.11597829762215132,0.5189930609357608
/root/New_CheckLiuliang_remote/datasets/toniot/test/normal/test_00015742_orig63970_63971_63972.png,0,0.04671942045619241,0.050300539174272046,0.5203547035260018
/root/New_CheckLiuliang_remote/datasets/toniot/test/normal/test_00015743_orig63973_63974_63975.png,0,0.11635764460692136,0.12756097282557996,0.5117314133919141
/root/New_CheckLiuliang_remote/datasets/toniot/test/normal/test_00015744_orig63976_63977_63978.png,0,0.10339481594094979,0.11270491292426696,0.5152341691961412
/root/New_CheckLiuliang_remote/datasets/toniot/test/normal/test_00015745_orig63979_63980_63981.png,0,0.06404237997337443,0.06979743668838645,0.5170981482604988
/root/New_CheckLiuliang_remote/datasets/toniot/test/normal/test_00015746_orig63982_63983_63984.png,0,0.1736300958838756,0.22731418313188703,0.35979122419800386
/root/New_CheckLiuliang_remote/datasets/toniot/test/normal/test_00015747_orig63985_63986_63987.png,0,0.1008450060140832,0.10963319538529909,0.5165211906156585
/root/New_CheckLiuliang_remote/datasets/toniot/test/normal/test_00015748_orig63988_63989_63990.png,0,0.06379195778509698,0.06906962424173083,0.5189290797997672
/root/New_CheckLiuliang_remote/datasets/toniot/test/normal/test_00015749_orig63991_63992_63993.png,0,0.19998916998051094,0.21705789264510555,0.5145291083517015
/root/New_CheckLiuliang_remote/datasets/toniot/test/normal/test_00015750_orig63994_63995_63996.png,0,0.1171695059171616,0.12660131531073604,0.5190724031814972
/root/New_CheckLiuliang_remote/datasets/toniot/test/normal/test_00015751_orig63997_63998_63999.png,0,0.0785639256858685,0.08647847285083755,0.5130197736237485
/root/New_CheckLiuliang_remote/datasets/toniot/test/normal/test_00015752_orig64000_64001_64002.png,0,0.18826283202309615,0.20492230566049668,0.5124841782331243
/root/New_CheckLiuliang_remote/datasets/toniot/test/normal/test_00015753_orig64003_64004_64005.png,0,0.15974129094181916,0.17272247646746317,0.5182419167620923
/root/New_CheckLiuliang_remote/datasets/toniot/test/normal/test_00015754_orig64006_64007_64008.png,0,0.17482152753622338,0.21174749907137325,0.4271977819684952
/root/New_CheckLiuliang_remote/datasets/toniot/test/normal/test_00015755_orig64009_64010_64011.png,0,0.10924881611073539,0.11845970901410213,0.5174690697361264
/root/New_CheckLiuliang_remote/datasets/toniot/test/normal/test_00015756_orig64012_64013_64014.png,0,0.10196549341224176,0.1105213443759989,0.5178023635392646
/root/New_CheckLiuliang_remote/datasets/toniot/test/normal/test_00015757_orig64015_64016_64017.png,0,0.22328032465375577,0.24106218892971945,0.5189896786730651
/root/New_CheckLiuliang_remote/datasets/toniot/test/normal/test_00015758_orig64018_64019_64020.png,0,0.13120866957131366,0.1427415108557156,0.5150764007341483
/root/New_CheckLiuliang_remote/datasets/toniot/test/normal/test_00015759_orig64021_64022_64023.png,0,0.12636572190396594,0.137027520547548,0.5170399451566103
/root/New_CheckLiuliang_remote/datasets/toniot/test/normal/test_00015760_orig64024_64025_64026.png,0,0.16701918285983844,0.18072421471503722,0.5176317002007443
/root/New_CheckLiuliang_remote/datasets/toniot/test/normal/test_00015761_orig64027_64028_64029.png,0,0.08308147016170352,0.09182363662438305,0.5111277499645391
/root/New_CheckLiuliang_remote/datasets/toniot/test/normal/test_00015762_orig64030_64031_64032.png,0,0.08050477976581051,0.08884245281323062,0.511936674459259
/root/New_CheckLiuliang_remote/datasets/toniot/test/normal/test_00015763_orig64033_64034_64035.png,0,0.16226427988748604,0.17703201311978045,0.5118879135053961
/root/New_CheckLiuliang_remote/datasets/toniot/test/normal/test_00015764_orig64036_64037_64038.png,0,0.11248877120444414,0.1225469788042174,0.5150971170931594
/root/New_CheckLiuliang_remote/datasets/toniot/test/normal/test_00015765_orig64039_64040_64041.png,0,0.509287765445701,0.6183281726921673,0.2437583336662748
/root/New_CheckLiuliang_remote/datasets/toniot/test/normal/test_00015766_orig64042_64043_64044.png,0,0.33486576753730296,0.416344408144939,0.29923903317175277
/root/New_CheckLiuliang_remote/datasets/toniot/test/normal/test_00015767_orig64045_64046_64047.png,0,0.3808054314827515,0.4457954234282131,0.37961811858396216
/root/New_CheckLiuliang_remote/datasets/toniot/test/normal/test_00015768_orig64048_64049_64050.png,0,0.7574986040704199,0.8124534784567122,0.5380356226953491
/root/New_CheckLiuliang_remote/datasets/toniot/test/normal/test_00015769_orig64051_64052_64053.png,0,0.10935463534008692,0.11856992398709487,0.517484712701094
/root/New_CheckLiuliang_remote/datasets/toniot/test/normal/test_00015770_orig64054_64055_64056.png,0,0.170621688004201,0.18433769132958489,0.5187189567297973
/root/New_CheckLiuliang_remote/datasets/toniot/test/normal/test_00015771_orig64057_64058_64059.png,0,0.3949497526837304,0.4633900629917933,0.37025798842885654
/root/New_CheckLiuliang_remote/datasets/toniot/test/normal/test_00015772_orig64060_64061_64062.png,0,0.585503635690128,0.6634657964232354,0.3920021677485327
/root/New_CheckLiuliang_remote/datasets/toniot/test/normal/test_00015773_orig64063_64064_64065.png,0,0.19586379212910587,0.21266884376227208,0.5142884744536642
/root/New_CheckLiuliang_remote/datasets/toniot/test/normal/test_00015774_orig64066_64067_64068.png,0,0.08831549440332288,0.09769415843586059,0.5102251790714322
/root/New_CheckLiuliang_remote/datasets/toniot/test/normal/test_00015775_orig64069_64070_64071.png,0,0.11741408692708803,0.12673974006848285,0.5195738236261337
/root/New_CheckLiuliang_remote/datasets/toniot/test/normal/test_00015776_orig64072_64073_64074.png,0,0.23707437028838516,0.2991828740627299,0.3460142817451602
/root/New_CheckLiuliang_remote/datasets/toniot/test/normal/test_00015777_orig64075_64076_64077.png,0,0.07770025692917533,0.08408090356334193,0.5188841943552431
/root/New_CheckLiuliang_remote/datasets/toniot/test/normal/test_00015778_orig64078_64079_64080.png,0,0.0938022231019821,0.10281075734874734,0.513428463699478
/root/New_CheckLiuliang_remote/datasets/toniot/test/normal/test_00015779_orig64081_64082_64083.png,0,0.11774894005519644,0.12808108253146475,0.5156530060599578
/root/New_CheckLiuliang_remote/datasets/toniot/test/normal/test_00015780_orig64084_64085_64086.png,0,0.1380383660597605,0.14924878655282858,0.5185105247911752
/root/New_CheckLiuliang_remote/datasets/toniot/test/normal/test_00015781_orig64087_64088_64089.png,0,0.1608732755919613,0.17413716437080567,0.5174665330391046
/root/New_CheckLiuliang_remote/datasets/toniot/test/normal/test_00015782_orig64090_64091_64092.png,0,0.12732663367404085,0.13795791861122836,0.5174637144868582
/root/New_CheckLiuliang_remote/datasets/toniot/test/normal/test_00015783_orig64093_64094_64095.png,0,0.14610136098972795,0.15787022160688444,0.5188084457636208
/root/New_CheckLiuliang_remote/datasets/toniot/test/normal/test_00015784_orig64096_64097_64098.png,0,0.11872059612594721,0.12945837606897043,0.5143355442761792
/root/New_CheckLiuliang_remote/datasets/toniot/test/normal/test_00015785_orig64099_64100_64101.png,0,0.07611523771105409,0.0829515937150699,0.5165636802907732
/root/New_CheckLiuliang_remote/datasets/toniot/test/normal/test_00015786_orig64102_64103_64104.png,0,0.13048329341046921,0.14230786742030965,0.5136817106188181
/root/New_CheckLiuliang_remote/datasets/toniot/test/normal/test_00015787_orig64105_64106_64107.png,0,0.13104501647000535,0.1415261283618683,0.519231933238644
/root/New_CheckLiuliang_remote/datasets/toniot/test/normal/test_00015788_orig64108_64109_64110.png,0,0.1341768631365546,0.14375863760647717,0.5238126443495109
/root/New_CheckLiuliang_remote/datasets/toniot/test/normal/test_00015789_orig64111_64112_64113.png,0,0.04230306682745161,0.04675437241823066,0.5154872751878689
/root/New_CheckLiuliang_remote/datasets/toniot/test/normal/test_00015790_orig64114_64115_64116.png,0,0.1578707254970122,0.17101598130229226,0.5169983010471697
/root/New_CheckLiuliang_remote/datasets/toniot/test/normal/test_00015791_orig64117_64118_64119.png,0,0.11906522232649355,0.1285378186278787,0.519504487240872
/root/New_CheckLiuliang_remote/datasets/toniot/test/normal/test_00015792_orig64120_64121_64122.png,0,0.13964420307105135,0.15175014160655906,0.5154326657380947
/root/New_CheckLiuliang_remote/datasets/toniot/test/normal/test_00015793_orig64123_64124_64125.png,0,0.12128039790114761,0.13102552801828624,0.5191098899263745
/root/New_CheckLiuliang_remote/datasets/toniot/test/normal/test_00015794_orig64126_64127_64128.png,0,0.11476478380861087,0.12422027826918931,0.5182226096792044
/root/New_CheckLiuliang_remote/datasets/toniot/test/normal/test_00015795_orig64129_64130_64131.png,0,0.328040127854057,0.38734488062603156,0.38579141740976036
/root/New_CheckLiuliang_remote/datasets/toniot/test/normal/test_00015796_orig64132_64133_64134.png,0,0.08474283429241856,0.09232130971076573,0.5163041620926848
/root/New_CheckLiuliang_remote/datasets/toniot/test/normal/test_00015797_orig64135_64136_64137.png,0,0.16262119503319394,0.1753762955671669,0.520050511274808
/root/New_CheckLiuliang_remote/datasets/toniot/test/normal/test_00015798_orig64138_64139_64140.png,0,0.058463720999211134,0.06251039005734983,0.5221800684245836
/root/New_CheckLiuliang_remote/datasets/toniot/test/normal/test_00015799_orig64141_64142_64143.png,0,0.07621712286570319,0.08247937503911648,0.518892086301533
/root/New_CheckLiuliang_remote/datasets/toniot/test/normal/test_00015800_orig64144_64145_64146.png,0,0.25912194720810616,0.2813348712695676,0.5125192692085921
/root/New_CheckLiuliang_remote/datasets/toniot/test/normal/test_00015801_orig64147_64148_64149.png,0,0.1257800356971116,0.13520857986826423,0.5217890647642003
/root/New_CheckLiuliang_remote/datasets/toniot/test/normal/test_00015802_orig64150_64151_64152.png,0,0.15550895811070697,0.1679722111314761,0.5189847462066338
/root/New_CheckLiuliang_remote/datasets/toniot/test/normal/test_00015803_orig64153_64154_64155.png,0,0.04174385044830675,0.04488202996036591,0.5205641924217163
/root/New_CheckLiuliang_remote/datasets/toniot/test/normal/test_00015804_orig64156_64157_64158.png,0,0.19761404526076493,0.21372821958601418,0.5176015416917077
/root/New_CheckLiuliang_remote/datasets/toniot/test/normal/test_00015805_orig64159_64160_64161.png,0,0.1051713204771668,0.113133570444228,0.5211833578864465
/root/New_CheckLiuliang_remote/datasets/toniot/test/normal/test_00015806_orig64162_64163_64164.png,0,0.11460055738581114,0.12392453475832546,0.5186971129498876
/root/New_CheckLiuliang_remote/datasets/toniot/test/normal/test_00015807_orig64165_64166_64167.png,0,0.21495034560665968,0.23124872645942665,0.5223081011603768
/root/New_CheckLiuliang_remote/datasets/toniot/test/normal/test_00015808_orig64168_64169_64170.png,0,0.1691063002501156,0.18135178401958993,0.5241252217936379
/root/New_CheckLiuliang_remote/datasets/toniot/test/normal/test_00015809_orig64171_64172_64173.png,0,0.10381980557909597,0.1112832709809618,0.5227541370533714
/root/New_CheckLiuliang_remote/datasets/toniot/test/normal/test_00015810_orig64174_64175_64176.png,0,0.19202261311827679,0.20655912921774006,0.522156533513326
/root/New_CheckLiuliang_remote/datasets/toniot/test/normal/test_00015811_orig64177_64178_64179.png,0,0.11216882229596539,0.11983739617651137,0.5245551919388278
/root/New_CheckLiuliang_remote/datasets/toniot/test/normal/test_00015812_orig64180_64181_64182.png,0,0.10795342420396209,0.115594906966098,0.5233399731377878
/root/New_CheckLiuliang_remote/datasets/toniot/test/normal/test_00015813_orig64183_64184_64185.png,0,0.09184349283672436,0.09873464026423252,0.5212829937083572
/root/New_CheckLiuliang_remote/datasets/toniot/test/normal/test_00015814_orig64186_64187_64188.png,0,0.14762131237750079,0.16011073455786543,0.5164034455955647
/root/New_CheckLiuliang_remote/datasets/toniot/test/normal/test_00015815_orig64189_64190_64191.png,0,0.08718617067000738,0.09514727410162004,0.5155408276805507
/root/New_CheckLiuliang_remote/datasets/toniot/test/normal/test_00015816_orig64192_64193_64194.png,0,0.17344248576227111,0.18791128062057327,0.516593486480779
/root/New_CheckLiuliang_remote/datasets/toniot/test/normal/test_00015817_orig64195_64196_64197.png,0,0.08991019206473795,0.09752988564278094,0.5177617763869162
/root/New_CheckLiuliang_remote/datasets/toniot/test/normal/test_00015818_orig64198_64199_64200.png,0,0.3339844406345371,0.39652185162729126,0.3747272257983778
/root/New_CheckLiuliang_remote/datasets/toniot/test/normal/test_00015819_orig64201_64202_64203.png,0,0.11194561598044324,0.12118871047038307,0.5181870254570934
/root/New_CheckLiuliang_remote/datasets/toniot/test/normal/test_00015820_orig64204_64205_64206.png,0,0.4623572299842508,0.5688329900705494,0.2392813100461728
/root/New_CheckLiuliang_remote/datasets/toniot/test/normal/test_00015821_orig64207_64208_64209.png,0,0.0879732126110517,0.09601246163961305,0.5154753668046278
/root/New_CheckLiuliang_remote/datasets/toniot/test/normal/test_00015822_orig64210_64211_64212.png,0,0.5514802919116328,0.642900863337501,0.3274856125238987
/root/New_CheckLiuliang_remote/datasets/toniot/test/normal/test_00015823_orig64213_64214_64215.png,0,0.34577665792426016,0.4093338174044925,0.37435084337777275
/root/New_CheckLiuliang_remote/datasets/toniot/test/normal/test_00015824_orig64216_64217_64218.png,0,0.09886668286211601,0.10622164834627025,0.5216329169697491
/root/New_CheckLiuliang_remote/datasets/toniot/test/normal/test_00015825_orig64219_64220_64221.png,0,0.15774473523276578,0.19468149775325466,0.42179271478935937
/root/New_CheckLiuliang_remote/datasets/toniot/test/normal/test_00015826_orig64222_64223_64224.png,0,0.16958337728021136,0.18375368318102456,0.5165757296016266
/root/New_CheckLiuliang_remote/datasets/toniot/test/normal/test_00015827_orig64225_64226_64227.png,0,0.6218229805828864,0.6732796525184318,0.5094279515685349
/root/New_CheckLiuliang_remote/datasets/toniot/test/normal/test_00015828_orig64228_64229_64230.png,0,0.6084992853220835,0.6690573693864005,0.46883882623364687
/root/New_CheckLiuliang_remote/datasets/toniot/test/normal/test_00015829_orig64231_64232_64233.png,0,0.20645647981857662,0.2239856909475063,0.5147178104245987
/root/New_CheckLiuliang_remote/datasets/toniot/test/normal/test_00015830_orig64234_64235_64236.png,0,0.09599435826654895,0.10448838668765825,0.5161747905445746
/root/New_CheckLiuliang_remote/datasets/toniot/test/normal/test_00015831_orig64237_64238_64239.png,0,0.16448433018419129,0.17765446530058707,0.5189753745204145
/root/New_CheckLiuliang_remote/datasets/toniot/test/normal/test_00015832_orig64240_64241_64242.png,0,0.0742296097202243,0.0807357479247111,0.5172924874378888
/root/New_CheckLiuliang_remote/datasets/toniot/test/normal/test_00015833_orig64243_64244_64245.png,0,0.11568325308589072,0.12415506774350195,0.5224457169738078
/root/New_CheckLiuliang_remote/datasets/toniot/test/normal/test_00015834_orig64246_64247_64248.png,0,0.09581418567729327,0.1040842651200182,0.5170140144759434
/root/New_CheckLiuliang_remote/datasets/toniot/test/normal/test_00015835_orig64249_64250_64251.png,0,0.10705054391179068,0.11729116788377673,0.512659914965688
/root/New_CheckLiuliang_remote/datasets/toniot/test/normal/test_00015836_orig64252_64253_64254.png,0,0.06444005504184684,0.0702621764911725,0.5169547544149626
/root/New_CheckLiuliang_remote/datasets/toniot/test/normal/test_00015837_orig64255_64256_64257.png,0,0.16221063428076707,0.17395386637405466,0.5239690739991867
/root/New_CheckLiuliang_remote/datasets/toniot/test/normal/test_00015838_orig64258_64259_64260.png,0,0.10854152646808776,0.11808235393990318,0.5159272511935336
/root/New_CheckLiuliang_remote/datasets/toniot/test/normal/test_00015839_orig64261_64262_64263.png,0,0.13577507461556831,0.14858408529904144,0.5114055182884228
/root/New_CheckLiuliang_remote/datasets/toniot/test/normal/test_00015840_orig64264_64265_64266.png,0,0.13931670066197965,0.15093625651432815,0.5172753647329918
/root/New_CheckLiuliang_remote/datasets/toniot/test/normal/test_00015841_orig64267_64268_64269.png,0,0.14952809261131325,0.1609037575302084,0.5214571802371853
/root/New_CheckLiuliang_remote/datasets/toniot/test/normal/test_00015842_orig64270_64271_64272.png,0,0.11213206473467575,0.1215554376721863,0.5175244542877684
/root/New_CheckLiuliang_remote/datasets/toniot/test/normal/test_00015843_orig64273_64274_64275.png,0,0.1119901431690602,0.12156134204573947,0.5168885889009781
/root/New_CheckLiuliang_remote/datasets/toniot/test/normal/test_00015844_orig64276_64277_64278.png,0,0.11679071781836729,0.12514792095854488,0.5232518933800875
/root/New_CheckLiuliang_remote/datasets/toniot/test/normal/test_00015845_orig64279_64280_64281.png,0,0.1570436507474786,0.16949370259198063,0.519519425567778
/root/New_CheckLiuliang_remote/datasets/toniot/test/normal/test_00015846_orig64282_64283_64284.png,0,0.1490931625363991,0.16128701697796055,0.5180478594399269
/root/New_CheckLiuliang_remote/datasets/toniot/test/normal/test_00015847_orig64285_64286_64287.png,0,0.3201706097633592,0.345573143445181,0.5189293616549918
/root/New_CheckLiuliang_remote/datasets/toniot/test/normal/test_00015848_orig64288_64289_64290.png,0,0.0825632873656369,0.08827943799285938,0.5230691102669077
/root/New_CheckLiuliang_remote/datasets/toniot/test/normal/test_00015849_orig64291_64292_64293.png,0,0.10678778311914622,0.1164160085148939,0.51502700560603
/root/New_CheckLiuliang_remote/datasets/toniot/test/normal/test_00015850_orig64294_64295_64296.png,0,0.19179242554191256,0.20788485789288128,0.5158605924329059
/root/New_CheckLiuliang_remote/datasets/toniot/test/normal/test_00015851_orig64297_64298_64299.png,0,0.10014304549325231,0.10942890406035896,0.5143101068421554
/root/New_CheckLiuliang_remote/datasets/toniot/test/normal/test_00015852_orig64300_64301_64302.png,0,0.18737131601244067,0.20236846728629349,0.5188535425995634
/root/New_CheckLiuliang_remote/datasets/toniot/test/normal/test_00015853_orig64303_64304_64305.png,0,0.059953840874269006,0.06506252272363766,0.5183998966155036
/root/New_CheckLiuliang_remote/datasets/toniot/test/normal/test_00015854_orig64306_64307_64308.png,0,0.106428704552691,0.11569515010820093,0.516361378703287
/root/New_CheckLiuliang_remote/datasets/toniot/test/normal/test_00015855_orig64309_64310_64311.png,0,0.2695764752017341,0.2907077362644918,0.5201285147082273
/root/New_CheckLiuliang_remote/datasets/toniot/test/normal/test_00015856_orig64312_64313_64314.png,0,0.09111664565839436,0.09865368474240334,0.5184712059873378
/root/New_CheckLiuliang_remote/datasets/toniot/test/normal/test_00015857_orig64315_64316_64317.png,0,0.11318456082395757,0.1233226822808044,0.5149959310675133
/root/New_CheckLiuliang_remote/datasets/toniot/test/normal/test_00015858_orig64318_64319_64320.png,0,0.09303989001781626,0.1011853489137068,0.5166414018689679
/root/New_CheckLiuliang_remote/datasets/toniot/test/normal/test_00015859_orig64321_64322_64323.png,0,0.1205807688900657,0.13057968221087038,0.5178750821872219
/root/New_CheckLiuliang_remote/datasets/toniot/test/normal/test_00015860_orig64324_64325_64326.png,0,0.05554998975039583,0.06021923070211268,0.5187749049918886
/root/New_CheckLiuliang_remote/datasets/toniot/test/normal/test_00015861_orig64327_64328_64329.png,0,0.17650678867008593,0.19121208785340463,0.5166096226923896
/root/New_CheckLiuliang_remote/datasets/toniot/test/normal/test_00015862_orig64330_64331_64332.png,0,0.06998532308205571,0.07622729948780216,0.5170164807091591
/root/New_CheckLiuliang_remote/datasets/toniot/test/normal/test_00015863_orig64333_64334_64335.png,0,0.08714415588451091,0.09445173889705515,0.5181417172297323
/root/New_CheckLiuliang_remote/datasets/toniot/test/normal/test_00015864_orig64336_64337_64338.png,0,0.15983954529624347,0.17337707468205932,0.5160473919830368
/root/New_CheckLiuliang_remote/datasets/toniot/test/normal/test_00015865_orig64339_64340_64341.png,0,0.14722774711682685,0.15974335131455628,0.5161751428636054
/root/New_CheckLiuliang_remote/datasets/toniot/test/normal/test_00015866_orig64342_64343_64344.png,0,0.07278920765737885,0.07964357002567353,0.515447322209776
/root/New_CheckLiuliang_remote/datasets/toniot/test/normal/test_00015867_orig64345_64346_64347.png,0,0.14237631559293104,0.15486988138375948,0.5147400065235391
/root/New_CheckLiuliang_remote/datasets/toniot/test/normal/test_00015868_orig64348_64349_64350.png,0,0.0634434088454647,0.0679020015695137,0.5220959346400282
/root/New_CheckLiuliang_remote/datasets/toniot/test/normal/test_00015869_orig64351_64352_64353.png,0,0.10019313333447334,0.1080123792407999,0.5201922844528024
/root/New_CheckLiuliang_remote/datasets/toniot/test/normal/test_00015870_orig64354_64355_64356.png,0,0.11177242238236942,0.12082447622630231,0.5188968073765459
/root/New_CheckLiuliang_remote/datasets/toniot/test/normal/test_00015871_orig64357_64358_64359.png,0,0.12470617707711953,0.1350363033688125,0.5178455578524408
/root/New_CheckLiuliang_remote/datasets/toniot/test/normal/test_00015872_orig64360_64361_64362.png,0,0.12245067280932996,0.13397784600317866,0.5123491695805212
/root/New_CheckLiuliang_remote/datasets/toniot/test/normal/test_00015873_orig64363_64364_64365.png,0,0.4403825003146344,0.5342471379205243,0.28282600449855033
/root/New_CheckLiuliang_remote/datasets/toniot/test/normal/test_00015874_orig64366_64367_64368.png,0,0.24217468661094052,0.2872375391148347,0.4157983235674021
/root/New_CheckLiuliang_remote/datasets/toniot/test/normal/test_00015875_orig64369_64370_64371.png,0,0.5082261804606018,0.5869211040548744,0.36480694361620114
/root/New_CheckLiuliang_remote/datasets/toniot/test/normal/test_00015876_orig64372_64373_64374.png,0,0.1987821065018732,0.239453443948929,0.41973964610117065
/root/New_CheckLiuliang_remote/datasets/toniot/test/normal/test_00015877_orig64375_64376_64377.png,0,0.1754636877353742,0.19150756894766613,0.5109277736826563
/root/New_CheckLiuliang_remote/datasets/toniot/test/normal/test_00015878_orig64378_64379_64380.png,0,0.6162068623707626,0.6112552580086594,0.7332976645546551
/root/New_CheckLiuliang_remote/datasets/toniot/test/normal/test_00015879_orig64381_64382_64383.png,0,0.16347934492697758,0.2011449498777729,0.42067794214400084
/root/New_CheckLiuliang_remote/datasets/toniot/test/normal/test_00015880_orig64384_64385_64386.png,0,0.30359410966777994,0.3286878159577898,0.5149598535987592
/root/New_CheckLiuliang_remote/datasets/toniot/test/normal/test_00015881_orig64387_64388_64389.png,0,0.4543372239832176,0.5233096139340067,0.38677660711559014
/root/New_CheckLiuliang_remote/datasets/toniot/test/normal/test_00015882_orig64390_64391_64392.png,0,0.34616345891687683,0.4097902910843041,0.3741936033943261
/root/New_CheckLiuliang_remote/datasets/toniot/test/normal/test_00015883_orig64393_64394_64395.png,0,0.1085419344774396,0.11933276905016606,0.5109273508998193
/root/New_CheckLiuliang_remote/datasets/toniot/test/normal/test_00015884_orig64396_64397_64398.png,0,0.09581942303833521,0.10566270098323564,0.5107228649343422
/root/New_CheckLiuliang_remote/datasets/toniot/test/normal/test_00015885_orig64399_64400_64401.png,0,0.17275675954539343,0.18850106193438562,0.5112761467403126
/root/New_CheckLiuliang_remote/datasets/toniot/test/normal/test_00015886_orig64402_64403_64404.png,0,0.0787485591684135,0.08537199324697116,0.5182421986173169
/root/New_CheckLiuliang_remote/datasets/toniot/test/normal/test_00015887_orig64405_64406_64407.png,0,0.11613889045752904,0.1271582945492529,0.5123984237810273
/root/New_CheckLiuliang_remote/datasets/toniot/test/normal/test_00015888_orig64408_64409_64410.png,0,0.10426443660126995,0.1125183347199864,0.5197320148709635
/root/New_CheckLiuliang_remote/datasets/toniot/test/normal/test_00015889_orig64411_64412_64413.png,0,0.13458908755108723,0.14529429956350934,0.5194483275873623
/root/New_CheckLiuliang_remote/datasets/toniot/test/normal/test_00015890_orig64414_64415_64416.png,0,0.06973517089178938,0.07628437509881625,0.5157090247858552
/root/New_CheckLiuliang_remote/datasets/toniot/test/normal/test_00015891_orig64417_64418_64419.png,0,0.16101423142197527,0.17443212063186245,0.5168947897159202
/root/New_CheckLiuliang_remote/datasets/toniot/test/normal/test_00015892_orig64420_64421_64422.png,0,0.10190477675481167,0.11050927321229018,0.5175887172789866
/root/New_CheckLiuliang_remote/datasets/toniot/test/normal/test_00015893_orig64423_64424_64425.png,0,0.08858339145329387,0.09605602279560542,0.5179334262187226
/root/New_CheckLiuliang_remote/datasets/toniot/test/normal/test_00015894_orig64426_64427_64428.png,0,0.17445821565214872,0.18770515237941662,0.5217998457265428
/root/New_CheckLiuliang_remote/datasets/toniot/test/normal/test_00015895_orig64429_64430_64431.png,0,0.12490771410125426,0.1355888215250892,0.5165049134764355
/root/New_CheckLiuliang_remote/datasets/toniot/test/normal/test_00015896_orig64432_64433_64434.png,0,0.19138886371820543,0.20679215516063898,0.5184904426064195
/root/New_CheckLiuliang_remote/datasets/toniot/test/normal/test_00015897_orig64435_64436_64437.png,0,0.10020241062056322,0.10827873209219903,0.5191668951455581
/root/New_CheckLiuliang_remote/datasets/toniot/test/normal/test_00015898_orig64438_64439_64440.png,0,0.21402261785074683,0.23230390361753095,0.5140851863728918
/root/New_CheckLiuliang_remote/datasets/toniot/test/normal/test_00015899_orig64441_64442_64443.png,0,0.17111316628493176,0.18489020948586157,0.518629115376943
/root/New_CheckLiuliang_remote/datasets/toniot/test/normal/test_00015900_orig64444_64445_64446.png,0,0.12108098329645246,0.13130631378281535,0.5171264747105752
/root/New_CheckLiuliang_remote/datasets/toniot/test/normal/test_00015901_orig64447_64448_64449.png,0,0.09958402672324106,0.10859363201503543,0.5152395949092154
/root/New_CheckLiuliang_remote/datasets/toniot/test/normal/test_00015902_orig64450_64451_64452.png,0,0.1602344917591636,0.173614955332102,0.5167996635776039
/root/New_CheckLiuliang_remote/datasets/toniot/test/normal/test_00015903_orig64453_64454_64455.png,0,0.08966404190869695,0.09737007393194147,0.5173391344775669
/root/New_CheckLiuliang_remote/datasets/toniot/test/normal/test_00015904_orig64456_64457_64458.png,0,0.08120154202718749,0.08726441057491673,0.5212546672582807
/root/New_CheckLiuliang_remote/datasets/toniot/test/normal/test_00015905_orig64459_64460_64461.png,0,0.13575740839956674,0.14600872876344442,0.5216307325917582
/root/New_CheckLiuliang_remote/datasets/toniot/test/normal/test_00015906_orig64462_64463_64464.png,0,0.23306836184919863,0.25309149719037105,0.5130979179847802
/root/New_CheckLiuliang_remote/datasets/toniot/test/normal/test_00015907_orig64465_64466_64467.png,0,0.04610845163369043,0.05005373635974902,0.5187062027808823
/root/New_CheckLiuliang_remote/datasets/toniot/test/normal/test_00015908_orig64468_64469_64470.png,0,0.20664853904605007,0.2237894033289383,0.5163315020494751
/root/New_CheckLiuliang_remote/datasets/toniot/test/normal/test_00015909_orig64471_64472_64473.png,0,0.0757059693104348,0.08224280647208564,0.5176332504044798
/root/New_CheckLiuliang_remote/datasets/toniot/test/normal/test_00015910_orig64474_64475_64476.png,0,0.14662799033568166,0.1582793290899694,0.5194438883675742
/root/New_CheckLiuliang_remote/datasets/toniot/test/normal/test_00015911_orig64477_64478_64479.png,0,0.15286876615397454,0.16424851954393568,0.522489756852658
/root/New_CheckLiuliang_remote/datasets/toniot/test/normal/test_00015912_orig64480_64481_64482.png,0,0.12688023707179125,0.1365861358223723,0.5210250961778107
/root/New_CheckLiuliang_remote/datasets/toniot/test/normal/test_00015913_orig64483_64484_64485.png,0,0.17275084839657145,0.18705895149609608,0.517019087869987
/root/New_CheckLiuliang_remote/datasets/toniot/test/normal/test_00015914_orig64486_64487_64488.png,0,0.08851154569276586,0.09665735043992175,0.5152181739121428
/root/New_CheckLiuliang_remote/datasets/toniot/test/normal/test_00015915_orig64489_64490_64491.png,0,0.09333769494425984,0.10136431703651881,0.5172102561760997
/root/New_CheckLiuliang_remote/datasets/toniot/test/normal/test_00015916_orig64492_64493_64494.png,0,0.16920163816316103,0.1820179285646901,0.5218719302002447
/root/New_CheckLiuliang_remote/datasets/toniot/test/normal/test_00015917_orig64495_64496_64497.png,0,0.10669571167088893,0.11552038065102672,0.518212321963505
/root/New_CheckLiuliang_remote/datasets/toniot/test/normal/test_00015918_orig64498_64499_64500.png,0,0.10994639089956734,0.11947814784787553,0.5164046434802694
/root/New_CheckLiuliang_remote/datasets/toniot/test/normal/test_00015919_orig64501_64502_64503.png,0,0.13720708736521392,0.14914014607945003,0.5153589605968509
/root/New_CheckLiuliang_remote/datasets/toniot/test/normal/test_00015920_orig64504_64505_64506.png,0,0.10619094590453704,0.11467618644122281,0.5194115454805466
/root/New_CheckLiuliang_remote/datasets/toniot/test/normal/test_00015921_orig64507_64508_64509.png,0,0.1446555846921546,0.15665129648890522,0.5174470850286045
/root/New_CheckLiuliang_remote/datasets/toniot/test/normal/test_00015922_orig64510_64511_64512.png,0,0.12273316582268083,0.13400448128831857,0.5134612998331487
/root/New_CheckLiuliang_remote/datasets/toniot/test/normal/test_00015923_orig64513_64514_64515.png,0,0.1901557518623037,0.20550880676677946,0.5183042067667379
/root/New_CheckLiuliang_remote/datasets/toniot/test/normal/test_00015924_orig64516_64517_64518.png,0,0.1647752932595901,0.20308893206808293,0.41849271858735854
/root/New_CheckLiuliang_remote/datasets/toniot/test/normal/test_00015925_orig64519_64520_64521.png,0,0.11903716489158314,0.12846237385469914,0.5196852269036731
/root/New_CheckLiuliang_remote/datasets/toniot/test/normal/test_00015926_orig64522_64523_64524.png,0,0.17545667832659687,0.18906171500533558,0.5206809509485238
/root/New_CheckLiuliang_remote/datasets/toniot/test/normal/test_00015927_orig64525_64526_64527.png,0,0.48433246609091307,0.5864831307455295,0.2634816462571775
/root/New_CheckLiuliang_remote/datasets/toniot/test/normal/test_00015928_orig64528_64529_64530.png,0,0.26098779249829196,0.3114344491855835,0.4001701912310189
/root/New_CheckLiuliang_remote/datasets/toniot/test/normal/test_00015929_orig64531_64532_64533.png,0,0.028325331222062752,0.0286770175146025,0.5274969149184068
/root/New_CheckLiuliang_remote/datasets/toniot/test/normal/test_00015930_orig64534_64535_64536.png,0,0.44039224992521725,0.5327827220710338,0.28872572759693127
/root/New_CheckLiuliang_remote/datasets/toniot/test/normal/test_00015931_orig64537_64538_64539.png,0,0.13123622680393102,0.14141473251416492,0.5205023956637137
/root/New_CheckLiuliang_remote/datasets/toniot/test/normal/test_00015932_orig64540_64541_64542.png,0,0.3091691029677209,0.37053972141066244,0.371602684473716
/root/New_CheckLiuliang_remote/datasets/toniot/test/normal/test_00015933_orig64543_64544_64545.png,0,0.12162710386282205,0.1317755146678416,0.5176056285924651
/root/New_CheckLiuliang_remote/datasets/toniot/test/normal/test_00015934_orig64546_64547_64548.png,0,0.41207017702020626,0.48146098868866355,0.3718315861480277
/root/New_CheckLiuliang_remote/datasets/toniot/test/normal/test_00015935_orig64549_64550_64551.png,0,0.3871312067369769,0.4546219370570162,0.3716013808933021
/root/New_CheckLiuliang_remote/datasets/toniot/test/normal/test_00015936_orig64552_64553_64554.png,0,0.5755651110897309,0.6253354832250843,0.5016487473684411
/root/New_CheckLiuliang_remote/datasets/toniot/test/normal/test_00015937_orig64555_64556_64557.png,0,0.08411024506935838,0.09262781230232649,0.5123491695805212
/root/New_CheckLiuliang_remote/datasets/toniot/test/normal/test_00015938_orig64558_64559_64560.png,0,0.15670239040197995,0.17044325706763355,0.5142490147222144
/root/New_CheckLiuliang_remote/datasets/toniot/test/normal/test_00015939_orig64561_64562_64563.png,0,0.1145928807897254,0.12367720711059771,0.5196533067994825
/root/New_CheckLiuliang_remote/datasets/toniot/test/normal/test_00015940_orig64564_64565_64566.png,0,0.13907099659171449,0.15029123650571827,0.5187954804232874
/root/New_CheckLiuliang_remote/datasets/toniot/test/normal/test_00015941_orig64567_64568_64569.png,0,0.15337063088732542,0.16589570855697242,0.5180660391019163
/root/New_CheckLiuliang_remote/datasets/toniot/test/normal/test_00015942_orig64570_64571_64572.png,0,0.07363418007301677,0.07992120679097428,0.517981975781167
/root/New_CheckLiuliang_remote/datasets/toniot/test/normal/test_00015943_orig64573_64574_64575.png,0,0.05931249303300968,0.06323662800439128,0.5229367087751325
/root/New_CheckLiuliang_remote/datasets/toniot/test/normal/test_00015944_orig64576_64577_64578.png,0,0.11017872056151172,0.11950766971564143,0.5172888233199685
/root/New_CheckLiuliang_remote/datasets/toniot/test/normal/test_00015945_orig64579_64580_64581.png,0,0.12230578718335962,0.13233131303164783,0.5183102666540678
/root/New_CheckLiuliang_remote/datasets/toniot/test/normal/test_00015946_orig64582_64583_64584.png,0,0.11896373824577702,0.12800301359226154,0.5212059063044179
/root/New_CheckLiuliang_remote/datasets/toniot/test/normal/test_00015947_orig64585_64586_64587.png,0,0.36713848814650185,0.389600876156552,0.5454372818220362
/root/New_CheckLiuliang_remote/datasets/toniot/test/normal/test_00015948_orig64588_64589_64590.png,0,0.361710132935534,0.3985634527936806,0.48616911750354064
/root/New_CheckLiuliang_remote/datasets/toniot/test/normal/test_00015949_orig64591_64592_64593.png,0,0.24638422414392158,0.2853075962127511,0.44167798843872147
/root/New_CheckLiuliang_remote/datasets/toniot/test/normal/test_00015950_orig64594_64595_64596.png,0,0.6376345518470341,0.7276265244928504,0.3602513880841335
/root/New_CheckLiuliang_remote/datasets/toniot/test/normal/test_00015951_orig64597_64598_64599.png,0,0.5320270397371165,0.6622485770131716,0.16617366664686634
/root/New_CheckLiuliang_remote/datasets/toniot/test/normal/test_00015952_orig64600_64601_64602.png,0,0.10534017423920111,0.11359594849759279,0.5200622787304366
/root/New_CheckLiuliang_remote/datasets/toniot/test/normal/test_00015953_orig64603_64604_64605.png,0,0.13512279011057093,0.1460862728694429,0.5185828206562957
/root/New_CheckLiuliang_remote/datasets/toniot/test/normal/test_00015954_orig64606_64607_64608.png,0,0.10575586194845626,0.11467881060724645,0.5175241019687377
/root/New_CheckLiuliang_remote/datasets/toniot/test/normal/test_00015955_orig64609_64610_64611.png,0,0.1533298433911023,0.1661623238249739,0.5168236212716983
/root/New_CheckLiuliang_remote/datasets/toniot/test/normal/test_00015956_orig64612_64613_64614.png,0,0.20743968557804093,0.22487830102044631,0.5153889077144691
/root/New_CheckLiuliang_remote/datasets/toniot/test/normal/test_00015957_orig64615_64616_64617.png,0,0.1571919995264613,0.16936354395720826,0.5206800349190438
/root/New_CheckLiuliang_remote/datasets/toniot/test/normal/test_00015958_orig64618_64619_64620.png,0,0.07464716482778161,0.07965564118938226,0.5234142419894807
/root/New_CheckLiuliang_remote/datasets/toniot/test/normal/test_00015959_orig64621_64622_64623.png,0,0.04322960748631792,0.04552718117727698,0.5243931251846592
/root/New_CheckLiuliang_remote/datasets/toniot/test/normal/test_00015960_orig64624_64625_64626.png,0,0.07246167935476039,0.07737156708240892,0.5231223809043649
/root/New_CheckLiuliang_remote/datasets/toniot/test/normal/test_00015961_orig64627_64628_64629.png,0,0.11989771127740037,0.12827973189945402,0.5241281812734966
/root/New_CheckLiuliang_remote/datasets/toniot/test/normal/test_00015962_orig64630_64631_64632.png,0,0.24550787598481116,0.3056784722210377,0.3564139292006452
/root/New_CheckLiuliang_remote/datasets/toniot/test/normal/test_00015963_orig64633_64634_64635.png,0,0.050498269341912094,0.053819545811968794,0.5225805846987985
/root/New_CheckLiuliang_remote/datasets/toniot/test/normal/test_00015964_orig64636_64637_64638.png,0,0.13780006388934268,0.14871240701759728,0.5196280102930709
/root/New_CheckLiuliang_remote/datasets/toniot/test/normal/test_00015965_orig64639_64640_64641.png,0,0.09436778715730093,0.10129057797125463,0.5219490176041841
/root/New_CheckLiuliang_remote/datasets/toniot/test/normal/test_00015966_orig64642_64643_64644.png,0,0.09420082887729145,0.10210380702197962,0.5179758454300311
/root/New_CheckLiuliang_remote/datasets/toniot/test/normal/test_00015967_orig64645_64646_64647.png,0,0.10502828455101502,0.11434475427243751,0.5157215673433517
/root/New_CheckLiuliang_remote/datasets/toniot/test/normal/test_00015968_orig64648_64649_64650.png,0,0.08270811682848658,0.08978885828965519,0.5176562216052881
/root/New_CheckLiuliang_remote/datasets/toniot/test/normal/test_00015969_orig64651_64652_64653.png,0,0.15390363674760468,0.16666905028413814,0.5172720529341023
/root/New_CheckLiuliang_remote/datasets/toniot/test/normal/test_00015970_orig64654_64655_64656.png,0,0.06640500688143093,0.07185557010072467,0.5190579581012343
/root/New_CheckLiuliang_remote/datasets/toniot/test/normal/test_00015971_orig64657_64658_64659.png,0,0.1512830444801891,0.16320672563255195,0.5198161486555188
/root/New_CheckLiuliang_remote/datasets/toniot/test/normal/test_00015972_orig64660_64661_64662.png,0,0.06898350898086505,0.07598968125436185,0.5136451399034209
/root/New_CheckLiuliang_remote/datasets/toniot/test/normal/test_00015973_orig64663_64664_64665.png,0,0.10713617629502654,0.1168862590663296,0.5146489672859801
/root/New_CheckLiuliang_remote/datasets/toniot/test/normal/test_00015974_orig64666_64667_64668.png,0,0.19320486054122907,0.20820277560664485,0.5206821488332286
/root/New_CheckLiuliang_remote/datasets/toniot/test/normal/test_00015975_orig64669_64670_64671.png,0,0.10173466766294809,0.10849942445478687,0.524894263774071
/root/New_CheckLiuliang_remote/datasets/toniot/test/normal/test_00015976_orig64672_64673_64674.png,0,0.0677151144029686,0.07280315645185988,0.5209194004685702
/root/New_CheckLiuliang_remote/datasets/toniot/test/normal/test_00015977_orig64675_64676_64677.png,0,0.083177374629226,0.09061376487918536,0.5163809676413995
/root/New_CheckLiuliang_remote/datasets/toniot/test/normal/test_00015978_orig64678_64679_64680.png,0,0.08814923356937292,0.09596050315234504,0.5164425530079836
/root/New_CheckLiuliang_remote/datasets/toniot/test/normal/test_00015979_orig64681_64682_64683.png,0,0.11658440595821976,0.12533174378850062,0.5216265752271947
/root/New_CheckLiuliang_remote/datasets/toniot/test/normal/test_00015980_orig64684_64685_64686.png,0,0.02476220062246484,0.026549474910939085,0.5206357836487752
/root/New_CheckLiuliang_remote/datasets/toniot/test/normal/test_00015981_orig64687_64688_64689.png,0,0.18705806971758565,0.24531399392951675,0.34572009535444104
/root/New_CheckLiuliang_remote/datasets/toniot/test/normal/test_00015982_orig64690_64691_64692.png,0,0.44760170024450024,0.5611584853261228,0.2063241547884067
/root/New_CheckLiuliang_remote/datasets/toniot/test/normal/test_00015983_orig64693_64694_64695.png,0,0.1667112676369305,0.18026747861862327,0.5181303020931344
/root/New_CheckLiuliang_remote/datasets/toniot/test/normal/test_00015984_orig64696_64697_64698.png,0,0.06201464345120896,0.06804514982610307,0.5153596652349126
/root/New_CheckLiuliang_remote/datasets/toniot/test/normal/test_00015985_orig64699_64700_64701.png,0,0.4886588309795919,0.5974360061032853,0.23833402986805724
/root/New_CheckLiuliang_remote/datasets/toniot/test/normal/test_00015986_orig64702_64703_64704.png,0,0.44114174761067987,0.5171790372695867,0.3543737906208869
/root/New_CheckLiuliang_remote/datasets/toniot/test/normal/test_00015987_orig64705_64706_64707.png,0,0.14504909192046997,0.15655341509622359,0.5195361959536441
/root/New_CheckLiuliang_remote/datasets/toniot/test/normal/test_00015988_orig64708_64709_64710.png,0,0.2778339011758962,0.3501613665292085,0.31793642797686505
/root/New_CheckLiuliang_remote/datasets/toniot/test/normal/test_00015989_orig64711_64712_64713.png,0,0.14357454488929736,0.1559493320775824,0.5155913502295676
/root/New_CheckLiuliang_remote/datasets/toniot/test/normal/test_00015990_orig64714_64715_64716.png,0,0.5469489687373142,0.6655051670485047,0.2175203251087274
/root/New_CheckLiuliang_remote/datasets/toniot/test/normal/test_00015991_orig64717_64718_64719.png,0,0.09118362921463391,0.10029103313285143,0.5122107786652225
/root/New_CheckLiuliang_remote/datasets/toniot/test/normal/test_00015992_orig64720_64721_64722.png,0,0.6340663254472372,0.6845007176438033,0.5173613305765074
/root/New_CheckLiuliang_remote/datasets/toniot/test/normal/test_00015993_orig64723_64724_64725.png,0,0.42621642065610693,0.4934170827172557,0.38503393149353743
/root/New_CheckLiuliang_remote/datasets/toniot/test/normal/test_00015994_orig64726_64727_64728.png,0,0.38448220251641235,0.45129265762282833,0.3734907269278774
/root/New_CheckLiuliang_remote/datasets/toniot/test/normal/test_00015995_orig64729_64730_64731.png,0,0.13016458134908773,0.14298359017139609,0.5096038996925171
/root/New_CheckLiuliang_remote/datasets/toniot/test/normal/test_00015996_orig64732_64733_64734.png,0,0.0530338523052699,0.05949220550526414,0.5108284197159703
/root/New_CheckLiuliang_remote/datasets/toniot/test/normal/test_00015997_orig64735_64736_64737.png,0,0.06086763948025841,0.06720751603135826,0.5137620393578408
/root/New_CheckLiuliang_remote/datasets/toniot/test/normal/test_00015998_orig64738_64739_64740.png,0,0.07890537618134558,0.08523816077976569,0.5194540351556612
/root/New_CheckLiuliang_remote/datasets/toniot/test/normal/test_00015999_orig64741_64742_64743.png,0,0.03713809873071388,0.04165535541770228,0.5136017341988262
/root/New_CheckLiuliang_remote/datasets/toniot/test/normal/test_00016000_orig64744_64745_64746.png,0,0.08287491437385701,0.08867594947903087,0.522827419411778
/root/New_CheckLiuliang_remote/datasets/toniot/test/normal/test_00016001_orig64747_64748_64749.png,0,0.1014503802077376,0.1108615675009634,0.5142192789960148
/root/New_CheckLiuliang_remote/datasets/toniot/test/normal/test_00016002_orig64750_64751_64752.png,0,0.11746942446151226,0.12791549765537327,0.5151095187230437
/root/New_CheckLiuliang_remote/datasets/toniot/test/normal/test_00016003_orig64753_64754_64755.png,0,0.13119580544053422,0.1426186998858094,0.5155121489114434
/root/New_CheckLiuliang_remote/datasets/toniot/test/normal/test_00016004_orig64756_64757_64758.png,0,0.2999297475717784,0.363861087672206,0.35845875362351315
/root/New_CheckLiuliang_remote/datasets/toniot/test/normal/test_00016005_orig64759_64760_64761.png,0,0.14046060102880673,0.15192989697917816,0.5182355750195379
/root/New_CheckLiuliang_remote/datasets/toniot/test/normal/test_00016006_orig64762_64763_64764.png,0,0.08512774900589648,0.09206125485782334,0.5190048988551956
/root/New_CheckLiuliang_remote/datasets/toniot/test/normal/test_00016007_orig64765_64766_64767.png,0,0.09822361206469962,0.10730477287252628,0.5145262193356489
/root/New_CheckLiuliang_remote/datasets/toniot/test/normal/test_00016008_orig64768_64769_64770.png,0,0.19897668106229707,0.2152339660503769,0.5174569499614668
/root/New_CheckLiuliang_remote/datasets/toniot/test/normal/test_00016009_orig64771_64772_64773.png,0,0.19290711386070264,0.2083064301645785,0.518983055075286
/root/New_CheckLiuliang_remote/datasets/toniot/test/normal/test_00016010_orig64774_64775_64776.png,0,0.23258580327934686,0.2953681239141693,0.3419096593406152
/root/New_CheckLiuliang_remote/datasets/toniot/test/normal/test_00016011_orig64777_64778_64779.png,0,0.1490623798988024,0.162891432084812,0.5114974030916558
/root/New_CheckLiuliang_remote/datasets/toniot/test/normal/test_00016012_orig64780_64781_64782.png,0,0.13550963292406784,0.1485893336310887,0.5102394127602765
/root/New_CheckLiuliang_remote/datasets/toniot/test/normal/test_00016013_orig64783_64784_64785.png,0,0.0912437948760352,0.09898865953532056,0.5176798269803518
/root/New_CheckLiuliang_remote/datasets/toniot/test/normal/test_00016014_orig64786_64787_64788.png,0,0.14092586933599138,0.15188043144963262,0.5204405989057111
/root/New_CheckLiuliang_remote/datasets/toniot/test/normal/test_00016015_orig64789_64790_64791.png,0,0.1702040738581799,0.1838862035652182,0.5187233254857793
/root/New_CheckLiuliang_remote/datasets/toniot/test/normal/test_00016016_orig64792_64793_64794.png,0,0.15193453579716046,0.16487280864095885,0.5159623421690014
/root/New_CheckLiuliang_remote/datasets/toniot/test/normal/test_00016017_orig64795_64796_64797.png,0,0.1216565705862882,0.13274934267921315,0.5138374356304323
/root/New_CheckLiuliang_remote/datasets/toniot/test/normal/test_00016018_orig64798_64799_64800.png,0,0.18527907728705864,0.2016078527643424,0.5128701084994641
/root/New_CheckLiuliang_remote/datasets/toniot/test/normal/test_00016019_orig64801_64802_64803.png,0,0.09848819208239058,0.10723549488950228,0.5159447262174613
/root/New_CheckLiuliang_remote/datasets/toniot/test/normal/test_00016020_orig64804_64805_64806.png,0,0.06425778020138244,0.07056238108427654,0.5149676046174368
/root/New_CheckLiuliang_remote/datasets/toniot/test/normal/test_00016021_orig64807_64808_64809.png,0,0.0577269116421498,0.06168102238557947,0.5223189525865255
/root/New_CheckLiuliang_remote/datasets/toniot/test/normal/test_00016022_orig64810_64811_64812.png,0,0.14102476170197595,0.15216712158771492,0.5197204588067532
/root/New_CheckLiuliang_remote/datasets/toniot/test/normal/test_00016023_orig64813_64814_64815.png,0,0.10546168186237949,0.11413482099054657,0.5184309711540203
/root/New_CheckLiuliang_remote/datasets/toniot/test/normal/test_00016024_orig64816_64817_64818.png,0,0.06852329103413346,0.07328810233302792,0.5224660810137881
/root/New_CheckLiuliang_remote/datasets/toniot/test/normal/test_00016025_orig64819_64820_64821.png,0,0.11008327648481887,0.11859550960582534,0.5205257191835528
/root/New_CheckLiuliang_remote/datasets/toniot/test/normal/test_00016026_orig64822_64823_64824.png,0,0.08287089127579966,0.09101132603176632,0.5134685576051833
/root/New_CheckLiuliang_remote/datasets/toniot/test/normal/test_00016027_orig64825_64826_64827.png,0,0.1375143644628086,0.1490986842562766,0.5168503975180393
/root/New_CheckLiuliang_remote/datasets/toniot/test/normal/test_00016028_orig64828_64829_64830.png,0,0.18969408375845834,0.20506899654121796,0.5180718171340214
/root/New_CheckLiuliang_remote/datasets/toniot/test/normal/test_00016029_orig64831_64832_64833.png,0,0.17621467825023007,0.19085651335720188,0.5167717599103644
/root/New_CheckLiuliang_remote/datasets/toniot/test/normal/test_00016030_orig64834_64835_64836.png,0,0.13068486222193385,0.142168130579551,0.5151102233611052
/root/New_CheckLiuliang_remote/datasets/toniot/test/normal/test_00016031_orig64837_64838_64839.png,0,0.13414313437847822,0.14570891779524395,0.5158660181459803
/root/New_CheckLiuliang_remote/datasets/toniot/test/normal/test_00016032_orig64840_64841_64842.png,0,0.11920661295434502,0.12933084160022168,0.5169423527850784
/root/New_CheckLiuliang_remote/datasets/toniot/test/normal/test_00016033_orig64843_64844_64845.png,0,0.10019460433476239,0.10960118055981072,0.5138434250539559
/root/New_CheckLiuliang_remote/datasets/toniot/test/normal/test_00016034_orig64846_64847_64848.png,0,0.14226808492000192,0.15351725500687596,0.5196836062361314
/root/New_CheckLiuliang_remote/datasets/toniot/test/normal/test_00016035_orig64849_64850_64851.png,0,0.07455390350495349,0.08048172865362307,0.5197075639302259
/root/New_CheckLiuliang_remote/datasets/toniot/test/normal/test_00016036_orig64852_64853_64854.png,0,0.17222435862108124,0.1848185697534163,0.52370934440968
/root/New_CheckLiuliang_remote/datasets/toniot/test/normal/test_00016037_orig64855_64856_64857.png,0,0.16179688115572494,0.1758689827381047,0.5145236826386271
/root/New_CheckLiuliang_remote/datasets/toniot/test/normal/test_00016038_orig64858_64859_64860.png,0,0.37652170002740587,0.4411333300706202,0.3797865270806852
/root/New_CheckLiuliang_remote/datasets/toniot/test/normal/test_00016039_orig64861_64862_64863.png,0,0.4290298787736167,0.5320270934645276,0.2427311123000704
/root/New_CheckLiuliang_remote/datasets/toniot/test/normal/test_00016040_orig64864_64865_64866.png,0,0.10560026238156676,0.11504081431020713,0.5154048325346613
/root/New_CheckLiuliang_remote/datasets/toniot/test/normal/test_00016041_orig64867_64868_64869.png,0,0.27686600662832034,0.32352752468060947,0.4202963101698368
/root/New_CheckLiuliang_remote/datasets/toniot/test/normal/test_00016042_orig64870_64871_64872.png,0,0.6247145139190187,0.7249437083585855,0.31524576753863515
/root/New_CheckLiuliang_remote/datasets/toniot/test/normal/test_00016043_orig64873_64874_64875.png,0,0.08050902105945128,0.08872410292556461,0.5124283708986453
/root/New_CheckLiuliang_remote/datasets/toniot/test/normal/test_00016044_orig64876_64877_64878.png,0,0.15009733821905985,0.1873470849254914,0.4181395892227863
/root/New_CheckLiuliang_remote/datasets/toniot/test/normal/test_00016045_orig64879_64880_64881.png,0,0.44323663661551777,0.5150667148288605,0.3718604058447472
/root/New_CheckLiuliang_remote/datasets/toniot/test/normal/test_00016046_orig64882_64883_64884.png,0,0.3181383215430727,0.3796379674312131,0.37390279926630265
/root/New_CheckLiuliang_remote/datasets/toniot/test/normal/test_00016047_orig64885_64886_64887.png,0,0.3436463020496672,0.40397789455025007,0.38658420569286955
/root/New_CheckLiuliang_remote/datasets/toniot/test/normal/test_00016048_orig64888_64889_64890.png,0,0.5013795496412491,0.5884683123424106,0.3290818291248473
/root/New_CheckLiuliang_remote/datasets/toniot/test/normal/test_00016049_orig64891_64892_64893.png,0,0.11975343503442394,0.1309998111912546,0.5126254581644756
/root/New_CheckLiuliang_remote/datasets/toniot/test/normal/test_00016050_orig64894_64895_64896.png,0,0.05071498651552619,0.05594105283377784,0.5150294718392455
/root/New_CheckLiuliang_remote/datasets/toniot/test/normal/test_00016051_orig64897_64898_64899.png,0,0.08265185927645465,0.08835015926719639,0.5231683233059814
/root/New_CheckLiuliang_remote/datasets/toniot/test/normal/test_00016052_orig64900_64901_64902.png,0,0.10888120725030234,0.1168682835290677,0.5222489115632022
/root/New_CheckLiuliang_remote/datasets/toniot/test/normal/test_00016053_orig64903_64904_64905.png,0,0.1151185793544691,0.12580330642294812,0.5134167667076555
/root/New_CheckLiuliang_remote/datasets/toniot/test/normal/test_00016054_orig64906_64907_64908.png,0,0.20355517421383007,0.21917546341787916,0.521442523765504
/root/New_CheckLiuliang_remote/datasets/toniot/test/normal/test_00016055_orig64909_64910_64911.png,0,0.06622074695852329,0.07140132696203318,0.520080035609589
/root/New_CheckLiuliang_remote/datasets/toniot/test/normal/test_00016056_orig64912_64913_64914.png,0,0.19810049533617574,0.21446167398962063,0.5167662637334839
/root/New_CheckLiuliang_remote/datasets/toniot/test/normal/test_00016057_orig64915_64916_64917.png,0,0.09732748277131172,0.10508682774934858,0.5195321090528868
/root/New_CheckLiuliang_remote/datasets/toniot/test/normal/test_00016058_orig64918_64919_64920.png,0,0.1808023854265574,0.19521748366358244,0.5191191911487877
/root/New_CheckLiuliang_remote/datasets/toniot/test/normal/test_00016059_orig64921_64922_64923.png,0,0.09601941410176397,0.10370599158771097,0.5194124615100267
/root/New_CheckLiuliang_remote/datasets/toniot/test/normal/test_00016060_orig64924_64925_64926.png,0,0.20004925797153536,0.2407558175464599,0.41999662760223716
/root/New_CheckLiuliang_remote/datasets/toniot/test/normal/test_00016061_orig64927_64928_64929.png,0,0.11221609243198166,0.1226221611607946,0.5136200547884279
/root/New_CheckLiuliang_remote/datasets/toniot/test/normal/test_00016062_orig64930_64931_64932.png,0,0.08202437240493918,0.09009247429858995,0.5134920925164408
/root/New_CheckLiuliang_remote/datasets/toniot/test/normal/test_00016063_orig64933_64934_64935.png,0,0.12900279919301805,0.14073520472234421,0.5135855275234094
/root/New_CheckLiuliang_remote/datasets/toniot/test/normal/test_00016064_orig64936_64937_64938.png,0,0.10505973219962954,0.11384813085246427,0.5178437257934806
/root/New_CheckLiuliang_remote/datasets/toniot/test/normal/test_00016065_orig64939_64940_64941.png,0,0.02719212471810684,0.027913647618326598,0.5256617555507687
/root/New_CheckLiuliang_remote/datasets/toniot/test/normal/test_00016066_orig64942_64943_64944.png,0,0.07632283102473267,0.08172295918280321,0.5223737734277182
/root/New_CheckLiuliang_remote/datasets/toniot/test/normal/test_00016067_orig64945_64946_64947.png,0,0.11073979935791112,0.1191417297636453,0.5211730701707472
/root/New_CheckLiuliang_remote/datasets/toniot/test/normal/test_00016068_orig64948_64949_64950.png,0,0.14363680457936293,0.15567615639452184,0.5169526405007778
/root/New_CheckLiuliang_remote/datasets/toniot/test/normal/test_00016069_orig64951_64952_64953.png,0,0.07149438090041745,0.07658576056663093,0.5220926933049449
/root/New_CheckLiuliang_remote/datasets/toniot/test/normal/test_00016070_orig64954_64955_64956.png,0,0.1998163251359796,0.21515327294515008,0.5214019366131557
/root/New_CheckLiuliang_remote/datasets/toniot/test/normal/test_00016071_orig64957_64958_64959.png,0,0.1537433634968205,0.1665190791958873,0.5171805204499001
/root/New_CheckLiuliang_remote/datasets/toniot/test/normal/test_00016072_orig64960_64961_64962.png,0,0.08608706194949378,0.09282396871259334,0.5200925077032794
/root/New_CheckLiuliang_remote/datasets/toniot/test/normal/test_00016073_orig64963_64964_64965.png,0,0.20083358815988553,0.2183105382964885,0.5131613354103245
/root/New_CheckLiuliang_remote/datasets/toniot/test/normal/test_00016074_orig64966_64967_64968.png,0,0.13603658264739846,0.14812315053698966,0.5143773997770384
/root/New_CheckLiuliang_remote/datasets/toniot/test/normal/test_00016075_orig64969_64970_64971.png,0,0.22813569732443428,0.24817695906130433,0.5114766162688386
/root/New_CheckLiuliang_remote/datasets/toniot/test/normal/test_00016076_orig64972_64973_64974.png,0,0.11069858054048949,0.11834542658377276,0.5241804654176675
/root/New_CheckLiuliang_remote/datasets/toniot/test/normal/test_00016077_orig64975_64976_64977.png,0,0.10955162061465701,0.11837468603493631,0.5191154565670612
/root/New_CheckLiuliang_remote/datasets/toniot/test/normal/test_00016078_orig64978_64979_64980.png,0,0.0802384835991433,0.08599903771831913,0.5221615364435634
/root/New_CheckLiuliang_remote/datasets/toniot/test/normal/test_00016079_orig64981_64982_64983.png,0,0.15788814605015117,0.17174379374894788,0.514162203313025
/root/New_CheckLiuliang_remote/datasets/toniot/test/normal/test_00016080_orig64984_64985_64986.png,0,0.11100582260354586,0.12032824643123262,0.5175746245177545
/root/New_CheckLiuliang_remote/datasets/toniot/test/normal/test_00016081_orig64987_64988_64989.png,0,0.07455302367831039,0.08052830760054262,0.5195174525812055
/root/New_CheckLiuliang_remote/datasets/toniot/test/normal/test_00016082_orig64990_64991_64992.png,0,0.13408697798487593,0.14542498303148646,0.5167594992080925
/root/New_CheckLiuliang_remote/datasets/toniot/test/normal/test_00016083_orig64993_64994_64995.png,0,0.13704792776436633,0.14887431806125564,0.5157356601045838
/root/New_CheckLiuliang_remote/datasets/toniot/test/normal/test_00016084_orig64996_64997_64998.png,0,0.19675816658629922,0.21375039378891392,0.5138205947807599
/root/New_CheckLiuliang_remote/datasets/toniot/test/normal/test_00016085_orig64999_65000_65001.png,0,0.08498079993918703,0.09212751504992017,0.518105921616203
/root/New_CheckLiuliang_remote/datasets/toniot/test/normal/test_00016086_orig65002_65003_65004.png,0,0.20030982869138056,0.2172503752229393,0.5151424957843266
/root/New_CheckLiuliang_remote/datasets/toniot/test/normal/test_00016087_orig65005_65006_65007.png,0,0.17304712976268258,0.1872474978248944,0.5175430567325947
/root/New_CheckLiuliang_remote/datasets/toniot/test/normal/test_00016088_orig65008_65009_65010.png,0,0.13902884060424536,0.1499321193853836,0.520050088491971
/root/New_CheckLiuliang_remote/datasets/toniot/test/normal/test_00016089_orig65011_65012_65013.png,0,0.1664074292148274,0.17971666617026194,0.5190227966619604
/root/New_CheckLiuliang_remote/datasets/toniot/test/normal/test_00016090_orig65014_65015_65016.png,0,0.48785665579268445,0.6146186516011546,0.1661428739635743
/root/New_CheckLiuliang_remote/datasets/toniot/test/normal/test_00016091_orig65017_65018_65019.png,0,0.40582902657649095,0.4379832811758468,0.518818169768871
/root/New_CheckLiuliang_remote/datasets/toniot/test/normal/test_00016092_orig65020_65021_65022.png,0,0.2863539727467697,0.30910563304790717,0.5189148461109229
/root/New_CheckLiuliang_remote/datasets/toniot/test/normal/test_00016093_orig65023_65024_65025.png,0,0.6608643826410805,0.7509432892792715,0.36719753393589755
/root/New_CheckLiuliang_remote/datasets/toniot/test/normal/test_00016094_orig65026_65027_65028.png,0,0.4238347557121029,0.4796848219155651,0.42968850135674536
/root/New_CheckLiuliang_remote/datasets/toniot/test/normal/test_00016095_orig65029_65030_65031.png,0,0.4205618237860681,0.48019049870831987,0.4135464060182291
/root/New_CheckLiuliang_remote/datasets/toniot/test/normal/test_00016096_orig65032_65033_65034.png,0,0.08266064251640937,0.09158326301661793,0.5102737990976828
/root/New_CheckLiuliang_remote/datasets/toniot/test/normal/test_00016097_orig65035_65036_65037.png,0,0.1363259627074794,0.1492704359225236,0.5110366402631739
/root/New_CheckLiuliang_remote/datasets/toniot/test/normal/test_00016098_orig65038_65039_65040.png,0,0.060170827296576655,0.06620127956959479,0.5147809459949183
/root/New_CheckLiuliang_remote/datasets/toniot/test/normal/test_00016099_orig65041_65042_65043.png,0,0.44327567206161644,0.5481306818934775,0.23977293602175304
/root/New_CheckLiuliang_remote/datasets/toniot/test/normal/test_00016100_orig65044_65045_65046.png,0,0.5404657569280851,0.6324733460176771,0.3216791130410678
/root/New_CheckLiuliang_remote/datasets/toniot/test/normal/test_00016101_orig65047_65048_65049.png,0,0.26504089360424266,0.312665839092175,0.41272966004102546
/root/New_CheckLiuliang_remote/datasets/toniot/test/normal/test_00016102_orig65050_65051_65052.png,0,0.6437002720928647,0.6910158658389872,0.5328614654090005
/root/New_CheckLiuliang_remote/datasets/toniot/test/normal/test_00016103_orig65053_65054_65055.png,0,0.07561464058630414,0.083911382438215,0.510564955544737
/root/New_CheckLiuliang_remote/datasets/toniot/test/normal/test_00016104_orig65056_65057_65058.png,0,0.5548069977817921,0.615435816900915,0.4516971665728441
/root/New_CheckLiuliang_remote/datasets/toniot/test/normal/test_00016105_orig65059_65060_65061.png,0,0.4582515604845911,0.5307815330614085,0.3737753302409587
/root/New_CheckLiuliang_remote/datasets/toniot/test/normal/test_00016106_orig65062_65063_65064.png,0,0.2153910204992999,0.25822961426465163,0.41628561601890346
/root/New_CheckLiuliang_remote/datasets/toniot/test/normal/test_00016107_orig65065_65066_65067.png,0,0.2156613800504494,0.2351216018854108,0.5098839933220042
/root/New_CheckLiuliang_remote/datasets/toniot/test/normal/test_00016108_orig65068_65069_65070.png,0,0.16446999164315873,0.17982255126931568,0.5102411743554306
/root/New_CheckLiuliang_remote/datasets/toniot/test/normal/test_00016109_orig65071_65072_65073.png,0,0.11926377049175257,0.1303419327691289,0.5131445650244584
/root/New_CheckLiuliang_remote/datasets/toniot/test/normal/test_00016110_orig65074_65075_65076.png,0,0.13906822986272224,0.15087681915389278,0.5164412141956666
/root/New_CheckLiuliang_remote/datasets/toniot/test/normal/test_00016111_orig65077_65078_65079.png,0,0.06970071197628958,0.07600201483467295,0.5166898105038
/root/New_CheckLiuliang_remote/datasets/toniot/test/normal/test_00016112_orig65080_65081_65082.png,0,0.08292590532236176,0.09042390646737525,0.5160555657845514
/root/New_CheckLiuliang_remote/datasets/toniot/test/normal/test_00016113_orig65083_65084_65085.png,0,0.11160299284231959,0.12145585057158928,0.515640393038655
/root/New_CheckLiuliang_remote/datasets/toniot/test/normal/test_00016114_orig65086_65087_65088.png,0,0.054429682054502146,0.06075009948869437,0.5118184361925221
/root/New_CheckLiuliang_remote/datasets/toniot/test/normal/test_00016115_orig65089_65090_65091.png,0,0.12994977909547067,0.14237307794599702,0.5111192943077999
/root/New_CheckLiuliang_remote/datasets/toniot/test/normal/test_00016116_orig65092_65093_65094.png,0,0.12662020651175898,0.13743649682233175,0.5165018835327706
/root/New_CheckLiuliang_remote/datasets/toniot/test/normal/test_00016117_orig65095_65096_65097.png,0,0.07610661122694687,0.0829392601347588,0.5165758000654327
/root/New_CheckLiuliang_remote/datasets/toniot/test/normal/test_00016118_orig65098_65099_65100.png,0,0.16621932148968058,0.18100500047956633,0.5130579650066873
/root/New_CheckLiuliang_remote/datasets/toniot/test/normal/test_00016119_orig65101_65102_65103.png,0,0.12004171008659421,0.1306523716097251,0.5152588315282972
/root/New_CheckLiuliang_remote/datasets/toniot/test/normal/test_00016120_orig65104_65105_65106.png,0,0.12929698997084857,0.14080579478838004,0.5145723026648777
/root/New_CheckLiuliang_remote/datasets/toniot/test/normal/test_00016121_orig65107_65108_65109.png,0,0.07018960495782076,0.07756339361873675,0.5125533736907737
/root/New_CheckLiuliang_remote/datasets/toniot/test/normal/test_00016122_orig65110_65111_65112.png,0,0.2234091066105675,0.241945089588372,0.516013639819886
/root/New_CheckLiuliang_remote/datasets/toniot/test/normal/test_00016123_orig65113_65114_65115.png,0,0.11358278051489318,0.12284560889770725,0.5186221394601331
/root/New_CheckLiuliang_remote/datasets/toniot/test/normal/test_00016124_orig65116_65117_65118.png,0,0.19223857257183188,0.2078624212733792,0.5178750117234158
/root/New_CheckLiuliang_remote/datasets/toniot/test/normal/test_00016125_orig65119_65120_65121.png,0,0.14302916780280775,0.15547120902807582,0.5151510923686782
/root/New_CheckLiuliang_remote/datasets/toniot/test/normal/test_00016126_orig65122_65123_65124.png,0,0.1580241102036314,0.17036256396240673,0.5202736701489175
/root/New_CheckLiuliang_remote/datasets/toniot/test/normal/test_00016127_orig65125_65126_65127.png,0,0.09565652650037228,0.10288292191439734,0.5211392475437903
/root/New_CheckLiuliang_remote/datasets/toniot/test/normal/test_00016128_orig65128_65129_65130.png,0,0.21788286677760246,0.23462445363223283,0.5214560528162868
/root/New_CheckLiuliang_remote/datasets/toniot/test/normal/test_00016129_orig65131_65132_65133.png,0,0.28947367671841095,0.3365620197366151,0.42254766400856053
/root/New_CheckLiuliang_remote/datasets/toniot/test/normal/test_00016130_orig65134_65135_65136.png,0,0.19628952592861512,0.23811210148594714,0.4143520539459626
/root/New_CheckLiuliang_remote/datasets/toniot/test/normal/test_00016131_orig65137_65138_65139.png,0,0.09288910033482525,0.0987753148375989,0.5256310333312828
/root/New_CheckLiuliang_remote/datasets/toniot/test/normal/test_00016132_orig65140_65141_65142.png,0,0.09584540662940873,0.10237881962125674,0.5239704832753099
/root/New_CheckLiuliang_remote/datasets/toniot/test/normal/test_00016133_orig65143_65144_65145.png,0,0.12212993985880367,0.1322485205936021,0.5178828332058996
/root/New_CheckLiuliang_remote/datasets/toniot/test/normal/test_00016134_orig65146_65147_65148.png,0,0.08532154523833095,0.09331862400804884,0.5148114568229857
/root/New_CheckLiuliang_remote/datasets/toniot/test/normal/test_00016135_orig65149_65150_65151.png,0,0.07177552658098636,0.07764080651643404,0.5190853685218307
/root/New_CheckLiuliang_remote/datasets/toniot/test/normal/test_00016136_orig65152_65153_65154.png,0,0.1954638424347654,0.21196635451774454,0.515373053358083
/root/New_CheckLiuliang_remote/datasets/toniot/test/normal/test_00016137_orig65155_65156_65157.png,0,0.14631705783709,0.15784726015417763,0.5198308051272003
/root/New_CheckLiuliang_remote/datasets/toniot/test/normal/test_00016138_orig65158_65159_65160.png,0,0.08621644476878694,0.09331809917484411,0.5186741417490793
/root/New_CheckLiuliang_remote/datasets/toniot/test/normal/test_00016139_orig65161_65162_65163.png,0,0.0459124199462377,0.049258876471189476,0.5210399640409105
/root/New_CheckLiuliang_remote/datasets/toniot/test/normal/test_00016140_orig65164_65165_65166.png,0,0.06126184187986149,0.06602651011242058,0.5201866473483095
/root/New_CheckLiuliang_remote/datasets/toniot/test/normal/test_00016141_orig65167_65168_65169.png,0,0.12203503347354172,0.131505225567407,0.5204465883292348
/root/New_CheckLiuliang_remote/datasets/toniot/test/normal/test_00016142_orig65170_65171_65172.png,0,0.10398256289495257,0.11270622500727878,0.5177644540115502
/root/New_CheckLiuliang_remote/datasets/toniot/test/normal/test_00016143_orig65173_65174_65175.png,0,0.15997880690478378,0.17320086193357212,0.5173530158473805
/root/New_CheckLiuliang_remote/datasets/toniot/test/normal/test_00016144_orig65176_65177_65178.png,0,0.028649733551266036,0.031931508217116676,0.5158784197758645
/root/New_CheckLiuliang_remote/datasets/toniot/test/normal/test_00016145_orig65179_65180_65181.png,0,0.11518357168924177,0.12374766596833235,0.5219197046608214
